time,open,high,low,close,volume,open_interest
2026-04-20T09:15:00+05:30,797.1,809.95,790.0,791.95,5005634,0
2026-04-20T09:20:00+05:30,791.95,793.9,791.0,793.55,1500298,0
2026-04-20T09:25:00+05:30,793.55,795.15,793.25,793.7,1264705,0
2026-04-20T09:30:00+05:30,793.6,793.75,791.0,791.45,1460248,0
2026-04-20T09:35:00+05:30,791.2,791.8,790.0,790.85,1055227,0
2026-04-20T09:40:00+05:30,790.85,792.5,790.6,791.4,1006836,0
2026-04-20T09:45:00+05:30,791.65,792.45,791.3,792.35,801314,0
2026-04-20T09:50:00+05:30,792.35,794.2,792.0,794.2,546774,0
2026-04-20T09:55:00+05:30,794.1,795.3,793.95,794.75,661211,0
2026-04-20T10:00:00+05:30,795.05,795.6,793.55,794.9,865578,0
2026-04-20T10:05:00+05:30,794.95,796.2,794.5,796.0,564123,0
2026-04-20T10:10:00+05:30,795.9,796.9,795.1,796.85,608092,0
2026-04-20T10:15:00+05:30,796.8,797.0,795.7,796.2,475019,0
2026-04-20T10:20:00+05:30,796.15,797.8,794.85,797.7,776352,0
2026-04-20T10:25:00+05:30,797.7,799.45,797.15,798.7,755746,0
2026-04-20T10:30:00+05:30,799.0,800.0,798.55,798.9,1157979,0
2026-04-20T10:35:00+05:30,798.8,801.0,798.8,800.75,616094,0
2026-04-20T10:40:00+05:30,800.75,802.3,800.4,801.4,609987,0
2026-04-20T10:45:00+05:30,801.4,801.6,799.6,800.45,392254,0
2026-04-20T10:50:00+05:30,800.45,800.45,798.75,800.0,1087350,0
2026-04-20T10:55:00+05:30,800.05,800.1,799.2,799.9,364551,0
2026-04-20T11:00:00+05:30,799.9,800.0,798.2,799.4,469405,0
2026-04-20T11:05:00+05:30,799.4,799.4,798.15,798.45,333360,0
2026-04-20T11:10:00+05:30,798.35,800.0,798.1,799.8,533388,0
2026-04-20T11:15:00+05:30,799.75,800.4,799.45,800.25,806001,0
2026-04-20T11:20:00+05:30,800.25,801.0,800.0,800.9,260739,0
2026-04-20T11:25:00+05:30,800.9,802.0,800.8,801.65,368225,0
2026-04-20T11:30:00+05:30,801.75,802.0,800.9,801.85,342134,0
2026-04-20T11:35:00+05:30,801.85,802.0,800.8,802.0,405465,0
2026-04-20T11:40:00+05:30,801.95,802.4,801.4,801.9,624194,0
2026-04-20T11:45:00+05:30,801.95,802.5,801.5,801.5,706540,0
2026-04-20T11:50:00+05:30,801.5,802.15,800.55,800.95,424091,0
2026-04-20T11:55:00+05:30,800.9,801.05,800.25,800.65,238653,0
2026-04-20T12:00:00+05:30,800.6,801.0,800.25,800.65,215487,0
2026-04-20T12:05:00+05:30,800.65,801.95,800.25,800.95,345587,0
2026-04-20T12:10:00+05:30,800.9,801.5,798.55,799.4,1053606,0
2026-04-20T12:15:00+05:30,799.3,799.9,798.6,799.2,403622,0
2026-04-20T12:20:00+05:30,799.2,800.45,799.0,800.35,171435,0
2026-04-20T12:25:00+05:30,800.35,801.15,800.1,800.7,230475,0
2026-04-20T12:30:00+05:30,800.65,801.5,800.45,801.05,154723,0
2026-04-20T12:35:00+05:30,801.1,801.95,800.65,801.95,247438,0
2026-04-20T12:40:00+05:30,801.75,802.0,801.3,801.7,171202,0
2026-04-20T12:45:00+05:30,801.65,802.2,801.45,801.95,281198,0
2026-04-20T12:50:00+05:30,801.95,802.45,801.9,802.05,203189,0
2026-04-20T12:55:00+05:30,802.05,802.3,801.1,801.3,369155,0
2026-04-20T13:00:00+05:30,801.35,801.5,799.8,800.1,421156,0
2026-04-20T13:05:00+05:30,800.1,800.15,798.8,799.05,402533,0
2026-04-20T13:10:00+05:30,798.8,799.0,797.0,798.5,422943,0
2026-04-20T13:15:00+05:30,798.45,798.65,797.55,798.35,275570,0
2026-04-20T13:20:00+05:30,798.25,798.45,796.0,796.5,533950,0
2026-04-20T13:25:00+05:30,796.45,796.6,794.3,796.5,837322,0
2026-04-20T13:30:00+05:30,796.45,798.0,796.0,797.7,474187,0
2026-04-20T13:35:00+05:30,797.7,797.75,796.0,796.4,456310,0
2026-04-20T13:40:00+05:30,796.55,799.35,796.25,798.55,657581,0
2026-04-20T13:45:00+05:30,798.6,799.55,798.0,798.25,565367,0
2026-04-20T13:50:00+05:30,798.2,798.45,797.1,798.1,915653,0
2026-04-20T13:55:00+05:30,798.1,798.55,797.6,798.3,371505,0
2026-04-20T14:00:00+05:30,798.35,798.45,797.35,797.55,310028,0
2026-04-20T14:05:00+05:30,797.55,797.95,797.1,797.3,327759,0
2026-04-20T14:10:00+05:30,797.35,798.3,797.3,798.15,293272,0
2026-04-20T14:15:00+05:30,798.1,798.5,798.0,798.25,327754,0
2026-04-20T14:20:00+05:30,798.1,799.35,797.45,799.2,368534,0
2026-04-20T14:25:00+05:30,799.15,799.75,798.0,798.4,702165,0
2026-04-20T14:30:00+05:30,798.25,798.85,796.2,798.8,1808130,0
2026-04-20T14:35:00+05:30,798.75,799.65,797.0,797.75,997538,0
2026-04-20T14:40:00+05:30,797.75,798.45,797.15,797.7,898055,0
2026-04-20T14:45:00+05:30,797.7,798.3,796.0,798.25,689013,0
2026-04-20T14:50:00+05:30,798.25,798.25,796.8,797.85,517990,0
2026-04-20T14:55:00+05:30,797.8,798.1,796.9,797.9,506250,0
2026-04-20T15:00:00+05:30,797.85,798.3,796.45,796.55,929056,0
2026-04-20T15:05:00+05:30,796.5,796.55,794.5,795.0,1290110,0
2026-04-20T15:10:00+05:30,794.65,795.85,794.0,795.3,893835,0
2026-04-20T15:15:00+05:30,795.3,795.3,794.65,795.0,952452,0
2026-04-20T15:20:00+05:30,795.0,795.35,794.5,795.15,1213310,0
2026-04-20T15:25:00+05:30,795.15,795.55,794.5,795.2,792445,0
2026-04-21T09:15:00+05:30,795.2,800.55,795.2,800.0,2444980,0
2026-04-21T09:20:00+05:30,800.0,802.5,799.95,801.65,942095,0
2026-04-21T09:25:00+05:30,801.55,802.3,800.9,801.35,480574,0
2026-04-21T09:30:00+05:30,801.6,802.0,801.0,801.3,370223,0
2026-04-21T09:35:00+05:30,801.3,803.5,801.2,803.0,539833,0
2026-04-21T09:40:00+05:30,802.95,803.0,801.25,802.0,304052,0
2026-04-21T09:45:00+05:30,802.15,803.3,801.9,801.9,538750,0
2026-04-21T09:50:00+05:30,802.0,803.0,801.9,803.0,298006,0
2026-04-21T09:55:00+05:30,803.0,803.0,802.25,802.45,400978,0
2026-04-21T10:00:00+05:30,802.5,802.65,801.9,802.65,201548,0
2026-04-21T10:05:00+05:30,802.55,803.0,802.55,803.0,275107,0
2026-04-21T10:10:00+05:30,803.0,803.0,802.3,802.4,192525,0
2026-04-21T10:15:00+05:30,802.4,802.95,802.35,802.75,166071,0
2026-04-21T10:20:00+05:30,802.7,803.0,802.5,802.8,141721,0
2026-04-21T10:25:00+05:30,802.8,802.9,802.25,802.45,165659,0
2026-04-21T10:30:00+05:30,802.55,803.6,802.4,803.6,599997,0
2026-04-21T10:35:00+05:30,803.55,804.5,803.55,803.8,340409,0
2026-04-21T10:40:00+05:30,803.8,804.6,803.6,804.5,198456,0
2026-04-21T10:45:00+05:30,804.5,804.65,803.2,803.85,243528,0
2026-04-21T10:50:00+05:30,803.85,804.95,803.8,804.9,289290,0
2026-04-21T10:55:00+05:30,804.9,805.85,804.8,805.3,421058,0
2026-04-21T11:00:00+05:30,805.35,805.9,805.0,805.45,310113,0
2026-04-21T11:05:00+05:30,805.45,806.5,805.15,806.15,438726,0
2026-04-21T11:10:00+05:30,806.15,806.8,805.85,806.75,182372,0
2026-04-21T11:15:00+05:30,806.55,807.4,806.45,807.1,270844,0
2026-04-21T11:20:00+05:30,807.2,807.2,806.1,807.0,309477,0
2026-04-21T11:25:00+05:30,806.95,807.5,806.75,807.3,260603,0
2026-04-21T11:30:00+05:30,807.05,807.35,806.05,806.15,276316,0
2026-04-21T11:35:00+05:30,806.15,806.95,805.95,806.45,207905,0
2026-04-21T11:40:00+05:30,806.45,806.5,806.0,806.35,282972,0
2026-04-21T11:45:00+05:30,806.35,807.8,806.35,807.25,428670,0
2026-04-21T11:50:00+05:30,807.25,807.5,807.15,807.45,163008,0
2026-04-21T11:55:00+05:30,807.45,807.9,807.35,807.7,179412,0
2026-04-21T12:00:00+05:30,807.65,808.2,807.4,807.9,309706,0
2026-04-21T12:05:00+05:30,807.9,809.0,807.9,808.8,278107,0
2026-04-21T12:10:00+05:30,808.85,811.55,808.75,810.6,1043048,0
2026-04-21T12:15:00+05:30,810.55,810.65,809.4,809.7,296559,0
2026-04-21T12:20:00+05:30,809.7,810.5,809.5,809.95,588196,0
2026-04-21T12:25:00+05:30,810.0,810.15,805.8,806.3,812809,0
2026-04-21T12:30:00+05:30,806.4,809.9,806.3,808.6,801721,0
2026-04-21T12:35:00+05:30,808.55,809.9,808.35,809.0,504326,0
2026-04-21T12:40:00+05:30,809.1,809.4,808.2,809.4,567553,0
2026-04-21T12:45:00+05:30,809.3,809.7,808.2,809.35,330937,0
2026-04-21T12:50:00+05:30,809.3,809.65,808.35,809.3,484232,0
2026-04-21T12:55:00+05:30,809.4,809.75,808.45,808.75,263230,0
2026-04-21T13:00:00+05:30,808.75,809.3,808.4,808.6,293132,0
2026-04-21T13:05:00+05:30,808.6,809.35,808.25,809.2,384815,0
2026-04-21T13:10:00+05:30,809.1,810.5,808.5,810.25,803626,0
2026-04-21T13:15:00+05:30,810.2,812.0,810.1,811.5,1067521,0
2026-04-21T13:20:00+05:30,811.5,812.0,810.55,810.8,605326,0
2026-04-21T13:25:00+05:30,810.8,812.0,810.65,811.85,716345,0
2026-04-21T13:30:00+05:30,811.7,814.9,811.65,813.45,1578433,0
2026-04-21T13:35:00+05:30,813.4,813.5,812.15,813.0,513558,0
2026-04-21T13:40:00+05:30,812.95,813.1,811.35,811.6,394086,0
2026-04-21T13:45:00+05:30,811.65,812.4,811.15,811.75,496997,0
2026-04-21T13:50:00+05:30,811.65,812.95,811.5,812.55,428184,0
2026-04-21T13:55:00+05:30,812.6,813.65,812.1,812.8,607580,0
2026-04-21T14:00:00+05:30,812.8,812.85,811.0,811.9,1299585,0
2026-04-21T14:05:00+05:30,811.85,811.95,811.35,811.55,304758,0
2026-04-21T14:10:00+05:30,811.55,811.8,810.65,811.35,576995,0
2026-04-21T14:15:00+05:30,811.4,813.45,810.8,812.0,1423223,0
2026-04-21T14:20:00+05:30,811.85,812.55,811.35,811.7,458611,0
2026-04-21T14:25:00+05:30,811.65,812.0,810.45,811.65,842652,0
2026-04-21T14:30:00+05:30,811.75,811.85,810.9,811.0,490642,0
2026-04-21T14:35:00+05:30,811.0,811.05,810.15,810.75,564744,0
2026-04-21T14:40:00+05:30,810.8,810.8,809.2,809.65,559993,0
2026-04-21T14:45:00+05:30,809.7,810.1,809.0,809.95,561106,0
2026-04-21T14:50:00+05:30,809.95,810.7,809.8,810.35,423888,0
2026-04-21T14:55:00+05:30,810.35,811.4,810.2,810.95,482523,0
2026-04-21T15:00:00+05:30,811.0,813.6,808.3,809.8,5133963,0
2026-04-21T15:05:00+05:30,809.8,814.9,809.45,812.1,4312169,0
2026-04-21T15:10:00+05:30,812.1,812.7,811.1,811.85,1331532,0
2026-04-21T15:15:00+05:30,811.8,813.7,811.05,811.5,1137136,0
2026-04-21T15:20:00+05:30,811.5,812.5,811.0,811.5,1055939,0
2026-04-21T15:25:00+05:30,811.6,813.5,810.55,812.0,749875,0
2026-04-22T09:15:00+05:30,810.0,813.05,807.85,809.75,1257495,0
2026-04-22T09:20:00+05:30,809.5,813.0,809.0,811.1,578128,0
2026-04-22T09:25:00+05:30,811.2,811.5,809.0,809.2,482089,0
2026-04-22T09:30:00+05:30,809.05,809.45,807.55,808.15,505313,0
2026-04-22T09:35:00+05:30,808.4,809.3,808.0,808.55,313412,0
2026-04-22T09:40:00+05:30,808.5,808.55,806.65,806.8,423053,0
2026-04-22T09:45:00+05:30,806.8,807.4,806.3,806.55,300921,0
2026-04-22T09:50:00+05:30,806.6,807.6,806.3,806.45,394648,0
2026-04-22T09:55:00+05:30,806.55,806.55,804.35,804.7,561064,0
2026-04-22T10:00:00+05:30,804.8,805.4,803.5,804.95,476241,0
2026-04-22T10:05:00+05:30,804.95,805.6,804.05,804.95,301339,0
2026-04-22T10:10:00+05:30,804.8,805.25,803.1,803.6,302675,0
2026-04-22T10:15:00+05:30,803.6,804.7,803.4,804.15,305525,0
2026-04-22T10:20:00+05:30,804.15,804.15,802.5,802.95,294139,0
2026-04-22T10:25:00+05:30,802.85,803.0,801.5,802.0,386837,0
2026-04-22T10:30:00+05:30,802.0,803.05,801.8,801.8,401367,0
2026-04-22T10:35:00+05:30,801.8,804.2,801.8,804.0,642554,0
2026-04-22T10:40:00+05:30,804.0,805.95,803.8,805.8,764646,0
2026-04-22T10:45:00+05:30,805.85,807.45,805.15,805.9,634696,0
2026-04-22T10:50:00+05:30,805.9,807.0,805.7,806.6,186168,0
2026-04-22T10:55:00+05:30,806.75,806.95,806.5,806.6,121694,0
2026-04-22T11:00:00+05:30,806.6,806.6,805.25,805.85,182743,0
2026-04-22T11:05:00+05:30,805.85,805.85,803.8,804.0,301082,0
2026-04-22T11:10:00+05:30,804.0,804.45,803.1,804.1,148118,0
2026-04-22T11:15:00+05:30,804.1,804.7,803.8,804.5,162756,0
2026-04-22T11:20:00+05:30,804.5,805.15,804.3,805.0,118951,0
2026-04-22T11:25:00+05:30,805.0,805.0,803.8,803.9,198178,0
2026-04-22T11:30:00+05:30,803.9,805.0,803.8,804.4,441182,0
2026-04-22T11:35:00+05:30,804.4,804.85,803.6,804.0,239616,0
2026-04-22T11:40:00+05:30,804.0,804.35,803.8,804.15,99512,0
2026-04-22T11:45:00+05:30,804.15,804.35,803.35,804.25,150360,0
2026-04-22T11:50:00+05:30,804.3,804.45,803.5,804.0,213583,0
2026-04-22T11:55:00+05:30,803.9,804.55,803.85,804.55,119302,0
2026-04-22T12:00:00+05:30,804.55,804.9,804.05,804.85,126818,0
2026-04-22T12:05:00+05:30,804.85,804.9,803.7,803.95,155587,0
2026-04-22T12:10:00+05:30,803.95,804.5,803.6,804.3,255710,0
2026-04-22T12:15:00+05:30,804.3,804.55,803.4,803.6,181600,0
2026-04-22T12:20:00+05:30,803.75,804.0,802.55,803.1,289864,0
2026-04-22T12:25:00+05:30,803.15,804.35,802.8,803.4,246642,0
2026-04-22T12:30:00+05:30,803.35,804.3,803.35,803.95,138687,0
2026-04-22T12:35:00+05:30,804.0,804.25,802.65,803.65,219226,0
2026-04-22T12:40:00+05:30,803.65,803.95,803.3,803.85,94026,0
2026-04-22T12:45:00+05:30,803.85,803.95,802.9,803.2,127198,0
2026-04-22T12:50:00+05:30,803.2,804.1,803.0,803.8,135862,0
2026-04-22T12:55:00+05:30,803.8,804.25,803.75,803.85,143976,0
2026-04-22T13:00:00+05:30,804.0,804.35,803.5,804.0,92063,0
2026-04-22T13:05:00+05:30,804.1,804.5,804.0,804.5,150023,0
2026-04-22T13:10:00+05:30,804.5,804.5,803.55,803.8,226217,0
2026-04-22T13:15:00+05:30,803.75,804.0,803.25,803.25,164041,0
2026-04-22T13:20:00+05:30,803.3,803.55,801.5,801.9,382027,0
2026-04-22T13:25:00+05:30,801.9,802.7,801.4,802.65,202751,0
2026-04-22T13:30:00+05:30,802.65,803.4,801.85,802.7,204207,0
2026-04-22T13:35:00+05:30,802.7,803.4,802.15,802.65,153254,0
2026-04-22T13:40:00+05:30,802.45,803.15,802.1,802.45,127872,0
2026-04-22T13:45:00+05:30,802.55,802.9,802.35,802.45,246266,0
2026-04-22T13:50:00+05:30,802.7,802.85,801.6,802.0,269428,0
2026-04-22T13:55:00+05:30,802.0,802.5,801.85,802.2,255141,0
2026-04-22T14:00:00+05:30,802.2,803.5,801.85,801.95,239781,0
2026-04-22T14:05:00+05:30,802.0,802.3,801.9,801.95,151157,0
2026-04-22T14:10:00+05:30,802.0,802.05,800.95,801.55,389023,0
2026-04-22T14:15:00+05:30,801.55,801.8,800.75,801.15,277208,0
2026-04-22T14:20:00+05:30,801.2,801.85,800.95,801.45,208957,0
2026-04-22T14:25:00+05:30,801.45,801.8,801.25,801.5,143592,0
2026-04-22T14:30:00+05:30,801.5,801.85,801.25,801.45,224492,0
2026-04-22T14:35:00+05:30,801.4,802.9,801.4,801.85,327196,0
2026-04-22T14:40:00+05:30,802.0,802.1,801.5,802.05,193923,0
2026-04-22T14:45:00+05:30,802.05,802.4,802.0,802.05,214107,0
2026-04-22T14:50:00+05:30,802.05,802.15,801.55,801.8,238222,0
2026-04-22T14:55:00+05:30,801.85,802.2,801.5,801.75,259359,0
2026-04-22T15:00:00+05:30,801.75,802.0,800.8,801.0,678780,0
2026-04-22T15:05:00+05:30,801.0,801.05,800.05,800.3,618810,0
2026-04-22T15:10:00+05:30,800.2,800.3,800.0,800.05,578036,0
2026-04-22T15:15:00+05:30,800.0,800.2,799.2,799.2,783115,0
2026-04-22T15:20:00+05:30,799.35,799.35,798.5,798.7,664628,0
2026-04-22T15:25:00+05:30,798.6,799.45,798.0,799.4,533807,0
2026-04-23T09:15:00+05:30,792.0,794.35,790.0,791.45,2247160,0
2026-04-23T09:20:00+05:30,791.45,792.5,791.05,792.3,760497,0
2026-04-23T09:25:00+05:30,792.3,794.5,792.0,794.5,857130,0
2026-04-23T09:30:00+05:30,794.5,794.7,793.0,793.35,519289,0
2026-04-23T09:35:00+05:30,793.5,794.05,792.75,793.95,438304,0
2026-04-23T09:40:00+05:30,793.95,794.0,793.0,794.0,309118,0
2026-04-23T09:45:00+05:30,794.0,795.7,793.4,795.25,411327,0
2026-04-23T09:50:00+05:30,795.35,796.55,795.15,795.7,485851,0
2026-04-23T09:55:00+05:30,795.75,796.5,795.5,796.0,676609,0
2026-04-23T10:00:00+05:30,796.15,796.6,795.75,796.6,247506,0
2026-04-23T10:05:00+05:30,796.6,796.65,795.05,795.25,353612,0
2026-04-23T10:10:00+05:30,795.25,795.6,794.6,794.6,256188,0
2026-04-23T10:15:00+05:30,794.8,795.25,794.0,795.25,297293,0
2026-04-23T10:20:00+05:30,795.25,795.65,794.5,794.55,384775,0
2026-04-23T10:25:00+05:30,794.55,795.4,794.0,794.0,156209,0
2026-04-23T10:30:00+05:30,794.2,794.5,793.5,793.6,175664,0
2026-04-23T10:35:00+05:30,793.7,793.85,792.0,792.5,608040,0
2026-04-23T10:40:00+05:30,792.5,792.9,792.2,792.75,293061,0
2026-04-23T10:45:00+05:30,792.75,792.75,791.0,791.7,505935,0
2026-04-23T10:50:00+05:30,791.75,791.8,790.1,791.5,361964,0
2026-04-23T10:55:00+05:30,791.5,791.85,790.5,791.65,257528,0
2026-04-23T11:00:00+05:30,791.65,792.2,791.05,791.8,350706,0
2026-04-23T11:05:00+05:30,791.8,792.05,791.2,791.5,291159,0
2026-04-23T11:10:00+05:30,791.55,791.7,790.75,791.0,434869,0
2026-04-23T11:15:00+05:30,791.0,792.0,790.7,790.7,506382,0
2026-04-23T11:20:00+05:30,790.75,791.0,790.35,790.45,346338,0
2026-04-23T11:25:00+05:30,790.5,790.6,789.6,789.9,682584,0
2026-04-23T11:30:00+05:30,789.9,790.0,788.6,789.05,324073,0
2026-04-23T11:35:00+05:30,789.2,789.25,788.0,788.2,333475,0
2026-04-23T11:40:00+05:30,788.25,788.25,786.5,786.95,718003,0
2026-04-23T11:45:00+05:30,786.85,787.4,786.55,787.35,264049,0
2026-04-23T11:50:00+05:30,787.35,788.5,786.8,788.1,339936,0
2026-04-23T11:55:00+05:30,788.1,788.5,787.55,788.3,389639,0
2026-04-23T12:00:00+05:30,788.3,788.4,787.25,787.55,324562,0
2026-04-23T12:05:00+05:30,787.55,787.6,786.8,787.2,602581,0
2026-04-23T12:10:00+05:30,787.25,787.45,786.2,786.45,351196,0
2026-04-23T12:15:00+05:30,786.45,786.6,785.7,785.9,397840,0
2026-04-23T12:20:00+05:30,786.05,786.55,785.55,786.0,499699,0
2026-04-23T12:25:00+05:30,786.05,786.15,783.6,783.8,1158858,0
2026-04-23T12:30:00+05:30,783.6,783.95,782.8,783.3,582256,0
2026-04-23T12:35:00+05:30,783.3,785.4,783.0,785.0,625829,0
2026-04-23T12:40:00+05:30,785.0,785.6,784.6,785.55,262528,0
2026-04-23T12:45:00+05:30,785.55,786.25,785.15,786.15,370037,0
2026-04-23T12:50:00+05:30,786.15,786.8,785.95,786.6,303522,0
2026-04-23T12:55:00+05:30,786.6,786.7,785.7,786.6,318567,0
2026-04-23T13:00:00+05:30,786.6,786.65,785.55,786.0,322079,0
2026-04-23T13:05:00+05:30,786.0,786.0,785.2,785.5,198276,0
2026-04-23T13:10:00+05:30,785.5,785.9,785.0,785.35,304538,0
2026-04-23T13:15:00+05:30,785.4,786.4,785.15,786.25,284950,0
2026-04-23T13:20:00+05:30,786.3,787.0,786.05,786.9,581416,0
2026-04-23T13:25:00+05:30,786.9,787.35,786.0,786.8,578505,0
2026-04-23T13:30:00+05:30,786.8,787.0,785.6,785.75,279388,0
2026-04-23T13:35:00+05:30,785.8,786.0,784.0,784.55,379995,0
2026-04-23T13:40:00+05:30,784.3,784.95,783.35,783.85,398624,0
2026-04-23T13:45:00+05:30,783.85,784.4,783.55,784.1,233616,0
2026-04-23T13:50:00+05:30,784.25,785.0,783.85,784.4,257554,0
2026-04-23T13:55:00+05:30,784.4,785.9,784.0,784.85,234854,0
2026-04-23T14:00:00+05:30,784.85,784.9,784.1,784.45,190600,0
2026-04-23T14:05:00+05:30,784.65,784.95,784.05,784.2,208670,0
2026-04-23T14:10:00+05:30,784.1,784.6,783.85,784.35,264002,0
2026-04-23T14:15:00+05:30,784.35,785.3,784.05,784.8,314139,0
2026-04-23T14:20:00+05:30,784.75,786.7,784.15,785.15,522380,0
2026-04-23T14:25:00+05:30,785.4,785.9,784.7,785.3,369468,0
2026-04-23T14:30:00+05:30,785.4,785.95,785.0,785.35,276920,0
2026-04-23T14:35:00+05:30,785.35,786.8,784.95,786.5,402666,0
2026-04-23T14:40:00+05:30,786.5,786.85,785.0,785.1,430211,0
2026-04-23T14:45:00+05:30,785.1,785.95,784.75,785.65,421582,0
2026-04-23T14:50:00+05:30,785.65,785.85,784.2,784.6,542425,0
2026-04-23T14:55:00+05:30,784.5,785.55,784.4,784.95,300988,0
2026-04-23T15:00:00+05:30,785.0,786.85,784.2,785.45,1956254,0
2026-04-23T15:05:00+05:30,785.4,785.75,784.1,784.65,1197712,0
2026-04-23T15:10:00+05:30,784.8,784.8,783.9,784.05,1123416,0
2026-04-23T15:15:00+05:30,783.95,784.75,783.0,783.6,1073499,0
2026-04-23T15:20:00+05:30,783.55,784.25,783.15,783.55,978251,0
2026-04-23T15:25:00+05:30,783.55,783.95,782.5,783.9,1027927,0
2026-04-24T09:15:00+05:30,777.3,784.05,777.3,783.85,1335981,0
2026-04-24T09:20:00+05:30,783.85,784.0,782.0,782.2,319945,0
2026-04-24T09:25:00+05:30,782.2,782.3,780.1,780.15,392960,0
2026-04-24T09:30:00+05:30,780.3,780.3,778.25,779.35,423549,0
2026-04-24T09:35:00+05:30,779.3,780.0,777.55,777.9,421625,0
2026-04-24T09:40:00+05:30,777.9,778.5,777.0,777.7,373878,0
2026-04-24T09:45:00+05:30,777.6,779.7,777.6,779.6,430175,0
2026-04-24T09:50:00+05:30,779.6,779.85,778.5,778.55,320934,0
2026-04-24T09:55:00+05:30,778.5,779.0,777.55,777.65,358294,0
2026-04-24T10:00:00+05:30,777.6,779.9,777.6,779.6,697852,0
2026-04-24T10:05:00+05:30,779.6,780.7,779.0,780.0,985402,0
2026-04-24T10:10:00+05:30,779.95,781.25,779.95,780.8,385192,0
2026-04-24T10:15:00+05:30,780.8,780.85,780.0,780.4,187789,0
2026-04-24T10:20:00+05:30,780.45,780.55,779.75,780.0,233699,0
2026-04-24T10:25:00+05:30,779.95,781.3,779.5,781.0,233942,0
2026-04-24T10:30:00+05:30,781.0,783.4,780.8,782.9,646588,0
2026-04-24T10:35:00+05:30,783.05,783.2,782.1,782.55,257859,0
2026-04-24T10:40:00+05:30,782.55,783.25,781.7,782.7,340760,0
2026-04-24T10:45:00+05:30,782.55,784.0,782.4,784.0,352072,0
2026-04-24T10:50:00+05:30,783.9,786.4,783.5,785.9,1159965,0
2026-04-24T10:55:00+05:30,785.95,786.05,785.15,785.6,233159,0
2026-04-24T11:00:00+05:30,785.6,786.0,785.4,785.6,280164,0
2026-04-24T11:05:00+05:30,785.75,787.0,785.0,785.25,548992,0
2026-04-24T11:10:00+05:30,785.05,785.5,784.0,784.55,333330,0
2026-04-24T11:15:00+05:30,784.5,785.65,784.0,785.1,262718,0
2026-04-24T11:20:00+05:30,785.1,785.8,784.0,784.05,197111,0
2026-04-24T11:25:00+05:30,784.05,785.15,784.05,784.95,212706,0
2026-04-24T11:30:00+05:30,784.95,785.75,784.55,784.7,115078,0
2026-04-24T11:35:00+05:30,784.7,785.2,784.15,784.9,110551,0
2026-04-24T11:40:00+05:30,784.9,785.05,784.5,784.75,77580,0
2026-04-24T11:45:00+05:30,784.75,785.35,784.2,784.5,131100,0
2026-04-24T11:50:00+05:30,784.5,785.6,784.3,785.6,166459,0
2026-04-24T11:55:00+05:30,785.55,786.3,785.25,786.1,247596,0
2026-04-24T12:00:00+05:30,786.1,787.45,785.9,786.25,333400,0
2026-04-24T12:05:00+05:30,786.25,787.0,786.25,786.65,252371,0
2026-04-24T12:10:00+05:30,786.65,787.6,786.5,786.8,434941,0
2026-04-24T12:15:00+05:30,786.9,787.5,786.8,787.3,104988,0
2026-04-24T12:20:00+05:30,787.3,787.55,786.05,786.05,150971,0
2026-04-24T12:25:00+05:30,786.05,786.3,785.05,785.3,194125,0
2026-04-24T12:30:00+05:30,785.3,786.8,785.15,786.65,207931,0
2026-04-24T12:35:00+05:30,786.8,787.15,785.4,786.1,417727,0
2026-04-24T12:40:00+05:30,786.1,786.4,785.2,785.3,119242,0
2026-04-24T12:45:00+05:30,785.3,786.0,785.2,785.75,101967,0
2026-04-24T12:50:00+05:30,785.7,786.4,785.65,786.15,153563,0
2026-04-24T12:55:00+05:30,786.15,786.5,785.45,785.7,165327,0
2026-04-24T13:00:00+05:30,785.7,786.1,784.85,784.9,123287,0
2026-04-24T13:05:00+05:30,784.85,785.6,784.6,784.9,716488,0
2026-04-24T13:10:00+05:30,784.9,785.15,784.15,784.55,358863,0
2026-04-24T13:15:00+05:30,784.55,784.6,783.45,784.05,256843,0
2026-04-24T13:20:00+05:30,784.0,785.05,783.65,783.95,320726,0
2026-04-24T13:25:00+05:30,783.95,784.7,783.9,784.5,127536,0
2026-04-24T13:30:00+05:30,784.45,784.85,784.0,784.0,122622,0
2026-04-24T13:35:00+05:30,784.0,784.95,783.0,783.05,153765,0
2026-04-24T13:40:00+05:30,783.1,783.6,782.7,782.7,151257,0
2026-04-24T13:45:00+05:30,782.7,784.0,782.7,783.75,168773,0
2026-04-24T13:50:00+05:30,783.75,783.9,783.05,783.3,185764,0
2026-04-24T13:55:00+05:30,783.3,784.2,782.6,784.2,335534,0
2026-04-24T14:00:00+05:30,784.0,784.2,782.55,783.05,326342,0
2026-04-24T14:05:00+05:30,782.85,783.05,781.2,782.5,550780,0
2026-04-24T14:10:00+05:30,782.35,782.65,781.6,781.9,346081,0
2026-04-24T14:15:00+05:30,781.8,782.6,781.55,782.05,370472,0
2026-04-24T14:20:00+05:30,782.05,782.45,781.65,782.0,552114,0
2026-04-24T14:25:00+05:30,782.0,783.8,781.8,783.5,199022,0
2026-04-24T14:30:00+05:30,783.5,784.25,783.05,784.1,246883,0
2026-04-24T14:35:00+05:30,784.0,785.55,784.0,785.15,345446,0
2026-04-24T14:40:00+05:30,785.05,785.3,784.4,784.65,182149,0
2026-04-24T14:45:00+05:30,784.6,785.2,784.0,784.25,144750,0
2026-04-24T14:50:00+05:30,784.2,785.3,783.8,785.15,584198,0
2026-04-24T14:55:00+05:30,785.1,785.6,785.0,785.4,291136,0
2026-04-24T15:00:00+05:30,785.4,785.45,783.55,783.6,1032691,0
2026-04-24T15:05:00+05:30,783.65,784.65,783.1,784.5,570138,0
2026-04-24T15:10:00+05:30,784.5,784.8,784.0,784.65,458362,0
2026-04-24T15:15:00+05:30,784.65,786.25,784.65,784.95,657221,0
2026-04-24T15:20:00+05:30,784.95,785.15,784.8,784.95,474500,0
2026-04-24T15:25:00+05:30,785.0,785.9,784.4,785.15,390030,0
2026-04-27T09:15:00+05:30,787.5,793.0,786.95,788.8,1199835,0
2026-04-27T09:20:00+05:30,788.8,790.0,788.35,789.15,327483,0
2026-04-27T09:25:00+05:30,789.1,789.9,788.1,789.4,371505,0
2026-04-27T09:30:00+05:30,789.4,789.55,787.25,787.5,265949,0
2026-04-27T09:35:00+05:30,787.5,787.5,786.5,786.95,262761,0
2026-04-27T09:40:00+05:30,786.9,788.05,786.8,788.05,231273,0
2026-04-27T09:45:00+05:30,787.95,788.75,787.75,788.5,198953,0
2026-04-27T09:50:00+05:30,788.3,789.4,788.15,789.35,223977,0
2026-04-27T09:55:00+05:30,789.2,789.9,789.05,789.7,287819,0
2026-04-27T10:00:00+05:30,789.55,790.05,789.2,789.9,243850,0
2026-04-27T10:05:00+05:30,789.9,792.25,789.3,791.6,478092,0
2026-04-27T10:10:00+05:30,791.45,792.4,790.4,790.5,323383,0
2026-04-27T10:15:00+05:30,790.65,792.25,790.6,791.85,122619,0
2026-04-27T10:20:00+05:30,791.6,791.95,790.2,790.6,107820,0
2026-04-27T10:25:00+05:30,790.5,791.0,788.7,788.95,190080,0
2026-04-27T10:30:00+05:30,788.95,789.0,787.0,787.8,193218,0
2026-04-27T10:35:00+05:30,787.65,788.45,787.5,787.6,179543,0
2026-04-27T10:40:00+05:30,787.5,789.75,787.0,789.45,186876,0
2026-04-27T10:45:00+05:30,789.35,790.35,788.05,790.2,170313,0
2026-04-27T10:50:00+05:30,790.2,790.95,790.0,790.5,131785,0
2026-04-27T10:55:00+05:30,790.45,790.75,790.25,790.45,51541,0
2026-04-27T11:00:00+05:30,790.4,790.5,789.4,790.1,93791,0
2026-04-27T11:05:00+05:30,790.05,790.25,788.4,788.6,111233,0
2026-04-27T11:10:00+05:30,788.5,789.15,788.2,788.7,135344,0
2026-04-27T11:15:00+05:30,788.7,789.15,788.4,788.7,82083,0
2026-04-27T11:20:00+05:30,788.6,788.75,787.4,787.5,140769,0
2026-04-27T11:25:00+05:30,787.4,787.5,785.2,785.7,237719,0
2026-04-27T11:30:00+05:30,785.55,787.55,785.5,786.9,379712,0
2026-04-27T11:35:00+05:30,786.95,787.0,785.3,786.15,260971,0
2026-04-27T11:40:00+05:30,785.85,786.4,785.0,785.95,378258,0
2026-04-27T11:45:00+05:30,785.95,788.05,785.4,787.45,283152,0
2026-04-27T11:50:00+05:30,787.45,787.85,786.5,787.5,153403,0
2026-04-27T11:55:00+05:30,787.5,787.95,787.35,787.95,116464,0
2026-04-27T12:00:00+05:30,787.7,788.75,787.25,788.25,209166,0
2026-04-27T12:05:00+05:30,788.25,788.5,787.4,787.9,190788,0
2026-04-27T12:10:00+05:30,787.9,788.0,786.15,787.15,236062,0
2026-04-27T12:15:00+05:30,787.15,787.3,786.65,787.25,102974,0
2026-04-27T12:20:00+05:30,787.25,787.45,786.55,787.35,165479,0
2026-04-27T12:25:00+05:30,787.35,787.9,787.0,787.4,110353,0
2026-04-27T12:30:00+05:30,787.35,788.15,787.15,787.6,141409,0
2026-04-27T12:35:00+05:30,787.6,788.1,787.3,787.75,104516,0
2026-04-27T12:40:00+05:30,787.75,787.95,786.65,786.8,221625,0
2026-04-27T12:45:00+05:30,786.8,786.95,786.0,786.35,131444,0
2026-04-27T12:50:00+05:30,786.4,787.05,786.05,786.75,239601,0
2026-04-27T12:55:00+05:30,786.75,787.35,786.05,787.25,136799,0
2026-04-27T13:00:00+05:30,787.2,788.9,787.2,788.5,159681,0
2026-04-27T13:05:00+05:30,788.45,789.1,788.05,789.0,150594,0
2026-04-27T13:10:00+05:30,788.85,789.6,788.85,789.55,106779,0
2026-04-27T13:15:00+05:30,789.5,790.4,789.5,789.9,297965,0
2026-04-27T13:20:00+05:30,789.6,790.25,789.2,790.1,141628,0
2026-04-27T13:25:00+05:30,790.05,790.75,789.7,790.0,149306,0
2026-04-27T13:30:00+05:30,789.75,790.15,789.5,790.0,214904,0
2026-04-27T13:35:00+05:30,789.9,790.45,789.75,790.05,125210,0
2026-04-27T13:40:00+05:30,790.05,791.45,789.75,790.65,182116,0
2026-04-27T13:45:00+05:30,790.55,792.0,790.5,791.3,154478,0
2026-04-27T13:50:00+05:30,791.3,791.75,790.75,791.35,173807,0
2026-04-27T13:55:00+05:30,791.4,791.7,790.8,791.45,315578,0
2026-04-27T14:00:00+05:30,791.45,791.7,790.65,790.95,101236,0
2026-04-27T14:05:00+05:30,790.8,791.35,790.2,790.9,185479,0
2026-04-27T14:10:00+05:30,790.9,791.5,790.85,791.5,85493,0
2026-04-27T14:15:00+05:30,791.45,792.7,791.25,792.4,273733,0
2026-04-27T14:20:00+05:30,792.35,792.6,791.75,792.15,170468,0
2026-04-27T14:25:00+05:30,792.15,792.2,791.3,791.35,110158,0
2026-04-27T14:30:00+05:30,791.3,791.35,789.65,790.2,292360,0
2026-04-27T14:35:00+05:30,790.0,791.15,789.35,790.25,330610,0
2026-04-27T14:40:00+05:30,790.1,790.9,790.0,790.65,227927,0
2026-04-27T14:45:00+05:30,790.45,790.75,789.25,789.5,218754,0
2026-04-27T14:50:00+05:30,789.35,790.45,789.2,789.9,270021,0
2026-04-27T14:55:00+05:30,789.75,790.2,789.55,790.05,229599,0
2026-04-27T15:00:00+05:30,790.0,790.05,789.4,789.45,518562,0
2026-04-27T15:05:00+05:30,789.55,789.95,789.25,789.8,435209,0
2026-04-27T15:10:00+05:30,789.75,790.25,789.5,789.95,428721,0
2026-04-27T15:15:00+05:30,790.0,790.2,789.3,789.55,506609,0
2026-04-27T15:20:00+05:30,789.4,790.25,789.4,790.05,575436,0
2026-04-27T15:25:00+05:30,790.0,790.3,789.6,790.0,347894,0
2026-04-28T09:15:00+05:30,785.0,788.8,783.3,786.7,890425,0
2026-04-28T09:20:00+05:30,786.7,789.0,786.6,788.7,393909,0
2026-04-28T09:25:00+05:30,788.6,790.0,788.45,790.0,378161,0
2026-04-28T09:30:00+05:30,790.0,790.0,788.8,789.7,246733,0
2026-04-28T09:35:00+05:30,789.7,789.7,788.55,788.65,224206,0
2026-04-28T09:40:00+05:30,788.9,791.8,788.55,791.3,531714,0
2026-04-28T09:45:00+05:30,791.4,792.85,791.05,791.3,609167,0
2026-04-28T09:50:00+05:30,791.55,791.7,790.6,791.2,395930,0
2026-04-28T09:55:00+05:30,791.25,792.4,791.0,792.3,275405,0
2026-04-28T10:00:00+05:30,792.4,793.8,792.3,793.2,404709,0
2026-04-28T10:05:00+05:30,793.3,794.5,793.15,794.4,388384,0
2026-04-28T10:10:00+05:30,794.35,794.45,793.0,793.25,336735,0
2026-04-28T10:15:00+05:30,793.3,793.9,793.25,793.5,216857,0
2026-04-28T10:20:00+05:30,793.5,793.9,793.4,793.5,225008,0
2026-04-28T10:25:00+05:30,793.5,793.6,792.5,792.55,321503,0
2026-04-28T10:30:00+05:30,792.65,792.75,791.6,791.7,301094,0
2026-04-28T10:35:00+05:30,791.75,791.85,790.8,791.1,449655,0
2026-04-28T10:40:00+05:30,791.15,791.2,790.8,790.95,374330,0
2026-04-28T10:45:00+05:30,790.95,792.1,790.85,791.05,358268,0
2026-04-28T10:50:00+05:30,791.05,791.2,790.7,790.85,280328,0
2026-04-28T10:55:00+05:30,791.05,791.2,790.2,790.65,273388,0
2026-04-28T11:00:00+05:30,790.65,790.9,790.25,790.5,183488,0
2026-04-28T11:05:00+05:30,790.5,790.55,789.35,789.4,362438,0
2026-04-28T11:10:00+05:30,789.45,790.0,789.25,790.0,297764,0
2026-04-28T11:15:00+05:30,790.0,790.0,789.5,789.65,173216,0
2026-04-28T11:20:00+05:30,789.7,790.0,788.2,788.5,452245,0
2026-04-28T11:25:00+05:30,788.6,788.6,787.0,787.25,544113,0
2026-04-28T11:30:00+05:30,787.3,788.05,787.05,787.5,487419,0
2026-04-28T11:35:00+05:30,787.5,788.85,787.15,788.65,265955,0
2026-04-28T11:40:00+05:30,788.65,788.8,787.5,788.2,308785,0
2026-04-28T11:45:00+05:30,788.3,788.65,787.0,787.8,272964,0
2026-04-28T11:50:00+05:30,787.85,787.9,787.1,787.5,245134,0
2026-04-28T11:55:00+05:30,787.55,788.2,787.0,787.3,430106,0
2026-04-28T12:00:00+05:30,787.45,787.45,785.8,786.35,505459,0
2026-04-28T12:05:00+05:30,786.45,786.45,785.5,785.75,250870,0
2026-04-28T12:10:00+05:30,785.9,787.0,785.75,787.0,190676,0
2026-04-28T12:15:00+05:30,787.0,788.25,786.85,787.0,314577,0
2026-04-28T12:20:00+05:30,787.05,787.3,785.3,786.0,299139,0
2026-04-28T12:25:00+05:30,785.95,786.35,785.4,785.4,223132,0
2026-04-28T12:30:00+05:30,785.45,785.6,785.2,785.45,362030,0
2026-04-28T12:35:00+05:30,785.45,786.55,785.4,786.25,294559,0
2026-04-28T12:40:00+05:30,786.25,786.8,786.1,786.8,258750,0
2026-04-28T12:45:00+05:30,786.8,787.0,786.25,786.9,301341,0
2026-04-28T12:50:00+05:30,786.9,787.15,786.3,786.3,231636,0
2026-04-28T12:55:00+05:30,786.35,786.5,785.35,785.55,270151,0
2026-04-28T13:00:00+05:30,785.55,787.35,785.45,786.7,269844,0
2026-04-28T13:05:00+05:30,786.7,787.25,786.25,787.15,243745,0
2026-04-28T13:10:00+05:30,787.15,787.3,786.6,786.6,195384,0
2026-04-28T13:15:00+05:30,786.65,787.2,786.5,787.0,203945,0
2026-04-28T13:20:00+05:30,787.05,787.2,786.5,787.15,249077,0
2026-04-28T13:25:00+05:30,787.15,787.25,786.5,786.65,196268,0
2026-04-28T13:30:00+05:30,786.7,786.7,785.45,785.65,435394,0
2026-04-28T13:35:00+05:30,785.65,786.4,784.25,785.8,1257301,0
2026-04-28T13:40:00+05:30,785.85,787.15,785.6,786.5,768754,0
2026-04-28T13:45:00+05:30,786.55,786.55,784.6,784.8,708423,0
2026-04-28T13:50:00+05:30,784.85,785.95,784.35,785.65,435404,0
2026-04-28T13:55:00+05:30,785.65,786.2,784.5,785.2,453284,0
2026-04-28T14:00:00+05:30,785.2,785.4,784.7,784.8,280800,0
2026-04-28T14:05:00+05:30,784.8,785.15,784.55,785.0,464670,0
2026-04-28T14:10:00+05:30,785.0,785.05,783.5,783.75,619651,0
2026-04-28T14:15:00+05:30,783.75,785.45,783.5,784.85,838359,0
2026-04-28T14:20:00+05:30,784.9,785.5,784.25,784.95,273939,0
2026-04-28T14:25:00+05:30,784.95,785.7,784.6,784.9,327252,0
2026-04-28T14:30:00+05:30,785.05,786.4,784.9,785.05,497390,0
2026-04-28T14:35:00+05:30,785.15,786.4,784.9,785.65,349472,0
2026-04-28T14:40:00+05:30,785.8,786.3,785.4,786.05,355598,0
2026-04-28T14:45:00+05:30,786.1,786.35,785.7,786.0,372101,0
2026-04-28T14:50:00+05:30,786.0,786.3,785.1,785.7,337496,0
2026-04-28T14:55:00+05:30,785.65,785.95,785.0,785.25,348653,0
2026-04-28T15:00:00+05:30,785.25,785.85,782.8,785.1,2442150,0
2026-04-28T15:05:00+05:30,785.1,786.7,782.35,783.15,2257584,0
2026-04-28T15:10:00+05:30,783.15,783.45,781.5,781.75,976176,0
2026-04-28T15:15:00+05:30,781.75,781.75,778.3,778.95,1382089,0
2026-04-28T15:20:00+05:30,778.95,781.25,778.3,780.85,1176572,0
2026-04-28T15:25:00+05:30,781.05,782.9,780.0,782.35,807890,0
2026-04-29T09:15:00+05:30,785.5,786.0,780.9,781.8,1228404,0
2026-04-29T09:20:00+05:30,782.0,783.6,781.1,782.0,379816,0
2026-04-29T09:25:00+05:30,782.15,783.0,781.85,782.9,214882,0
2026-04-29T09:30:00+05:30,783.0,783.7,780.55,781.15,344474,0
2026-04-29T09:35:00+05:30,781.15,781.8,780.25,781.75,327948,0
2026-04-29T09:40:00+05:30,781.75,784.0,781.0,783.9,327583,0
2026-04-29T09:45:00+05:30,783.9,785.8,783.75,785.45,400949,0
2026-04-29T09:50:00+05:30,785.45,785.55,784.9,785.1,179675,0
2026-04-29T09:55:00+05:30,785.1,785.3,784.55,785.2,225784,0
2026-04-29T10:00:00+05:30,785.25,787.3,784.8,786.0,411857,0
2026-04-29T10:05:00+05:30,786.0,786.75,785.7,785.85,179376,0
2026-04-29T10:10:00+05:30,785.85,787.55,785.7,786.55,244177,0
2026-04-29T10:15:00+05:30,786.65,787.0,785.25,785.35,246631,0
2026-04-29T10:20:00+05:30,785.5,785.85,784.75,785.0,276416,0
2026-04-29T10:25:00+05:30,784.9,786.6,784.75,786.25,281859,0
2026-04-29T10:30:00+05:30,786.15,786.4,785.0,786.4,365454,0
2026-04-29T10:35:00+05:30,786.4,786.55,785.0,785.05,512369,0
2026-04-29T10:40:00+05:30,785.1,785.55,784.9,785.25,182074,0
2026-04-29T10:45:00+05:30,785.15,785.55,785.0,785.55,168773,0
2026-04-29T10:50:00+05:30,785.55,787.0,785.3,786.9,199581,0
2026-04-29T10:55:00+05:30,786.95,787.1,786.6,786.7,287958,0
2026-04-29T11:00:00+05:30,786.8,787.5,786.05,786.2,366660,0
2026-04-29T11:05:00+05:30,786.15,788.25,786.0,788.05,347273,0
2026-04-29T11:10:00+05:30,788.15,788.35,787.15,787.45,216567,0
2026-04-29T11:15:00+05:30,787.45,790.0,787.45,787.85,744233,0
2026-04-29T11:20:00+05:30,787.9,789.25,787.85,789.2,226432,0
2026-04-29T11:25:00+05:30,789.2,789.2,786.6,786.8,283455,0
2026-04-29T11:30:00+05:30,786.95,787.95,786.75,787.25,138747,0
2026-04-29T11:35:00+05:30,787.2,787.3,786.05,786.05,170633,0
2026-04-29T11:40:00+05:30,786.15,786.75,785.1,785.2,187644,0
2026-04-29T11:45:00+05:30,785.25,785.7,784.7,785.1,187194,0
2026-04-29T11:50:00+05:30,785.2,785.35,785.0,785.05,109280,0
2026-04-29T11:55:00+05:30,785.05,785.25,784.5,785.05,296557,0
2026-04-29T12:00:00+05:30,785.05,785.2,784.75,785.05,111090,0
2026-04-29T12:05:00+05:30,785.05,785.15,784.5,785.0,304896,0
2026-04-29T12:10:00+05:30,785.0,786.65,784.8,785.0,559140,0
2026-04-29T12:15:00+05:30,785.0,785.0,784.65,785.0,149085,0
2026-04-29T12:20:00+05:30,785.0,786.05,784.65,786.05,225853,0
2026-04-29T12:25:00+05:30,786.05,786.2,785.75,786.05,138800,0
2026-04-29T12:30:00+05:30,786.05,786.8,785.8,786.75,164152,0
2026-04-29T12:35:00+05:30,786.75,787.2,786.7,787.1,125254,0
2026-04-29T12:40:00+05:30,787.1,787.2,786.3,786.5,170634,0
2026-04-29T12:45:00+05:30,786.5,786.6,785.35,785.55,159616,0
2026-04-29T12:50:00+05:30,785.55,786.1,785.45,785.5,130636,0
2026-04-29T12:55:00+05:30,785.6,785.85,785.0,785.5,158711,0
2026-04-29T13:00:00+05:30,785.65,786.4,785.35,786.3,144457,0
2026-04-29T13:05:00+05:30,786.3,786.85,785.7,786.0,351578,0
2026-04-29T13:10:00+05:30,786.0,787.05,785.65,786.35,452276,0
2026-04-29T13:15:00+05:30,786.35,787.15,786.15,786.5,180071,0
2026-04-29T13:20:00+05:30,786.55,787.0,785.5,785.7,251699,0
2026-04-29T13:25:00+05:30,785.7,786.0,785.0,785.0,180139,0
2026-04-29T13:30:00+05:30,785.05,786.05,785.0,786.05,218921,0
2026-04-29T13:35:00+05:30,786.05,786.15,785.05,785.45,280944,0
2026-04-29T13:40:00+05:30,785.5,786.3,785.1,786.0,498374,0
2026-04-29T13:45:00+05:30,786.05,786.9,785.9,786.7,660902,0
2026-04-29T13:50:00+05:30,786.65,787.5,786.5,787.35,461225,0
2026-04-29T13:55:00+05:30,787.35,787.65,786.75,786.95,235204,0
2026-04-29T14:00:00+05:30,787.0,787.0,783.95,784.2,440640,0
2026-04-29T14:05:00+05:30,784.25,784.85,783.5,783.7,254103,0
2026-04-29T14:10:00+05:30,783.7,785.0,783.1,783.95,386534,0
2026-04-29T14:15:00+05:30,783.95,784.0,783.05,783.35,239006,0
2026-04-29T14:20:00+05:30,783.35,784.5,782.7,783.95,297842,0
2026-04-29T14:25:00+05:30,784.05,784.05,782.0,782.0,361965,0
2026-04-29T14:30:00+05:30,782.15,782.8,781.5,782.5,458475,0
2026-04-29T14:35:00+05:30,782.45,782.7,781.9,782.5,183200,0
2026-04-29T14:40:00+05:30,782.5,783.4,782.15,783.4,299670,0
2026-04-29T14:45:00+05:30,783.4,783.55,781.1,781.45,409642,0
2026-04-29T14:50:00+05:30,781.45,781.8,781.0,781.15,280353,0
2026-04-29T14:55:00+05:30,781.2,781.3,780.55,780.6,241706,0
2026-04-29T15:00:00+05:30,780.6,781.2,780.0,780.35,831116,0
2026-04-29T15:05:00+05:30,780.35,781.05,779.0,779.25,1150628,0
2026-04-29T15:10:00+05:30,779.25,779.25,778.05,778.15,842331,0
2026-04-29T15:15:00+05:30,778.1,778.9,777.35,778.1,835659,0
2026-04-29T15:20:00+05:30,778.1,778.55,777.4,777.75,846564,0
2026-04-29T15:25:00+05:30,777.85,778.75,777.45,778.3,602491,0
2026-04-30T09:15:00+05:30,770.0,772.25,767.55,767.95,1860916,0
2026-04-30T09:20:00+05:30,767.9,768.35,765.4,766.35,815257,0
2026-04-30T09:25:00+05:30,766.25,766.45,762.95,763.5,1041404,0
2026-04-30T09:30:00+05:30,763.45,765.4,763.3,764.8,560985,0
2026-04-30T09:35:00+05:30,764.6,765.5,764.3,765.05,401882,0
2026-04-30T09:40:00+05:30,765.05,767.7,764.35,767.3,597449,0
2026-04-30T09:45:00+05:30,767.3,769.0,767.25,768.7,922789,0
2026-04-30T09:50:00+05:30,768.55,769.6,768.0,768.45,615996,0
2026-04-30T09:55:00+05:30,768.45,768.9,766.25,767.0,420972,0
2026-04-30T10:00:00+05:30,766.95,767.55,766.15,767.0,650497,0
2026-04-30T10:05:00+05:30,766.95,767.65,764.8,765.0,692917,0
2026-04-30T10:10:00+05:30,765.25,766.4,764.8,765.0,1007304,0
2026-04-30T10:15:00+05:30,765.0,765.5,763.8,764.8,466718,0
2026-04-30T10:20:00+05:30,764.8,765.0,762.5,763.15,646782,0
2026-04-30T10:25:00+05:30,763.15,764.2,763.0,763.55,321881,0
2026-04-30T10:30:00+05:30,763.55,764.05,762.25,763.15,651732,0
2026-04-30T10:35:00+05:30,763.2,765.2,762.35,765.0,584998,0
2026-04-30T10:40:00+05:30,765.0,767.75,764.8,767.6,623111,0
2026-04-30T10:45:00+05:30,767.4,767.5,765.0,766.05,325940,0
2026-04-30T10:50:00+05:30,766.05,767.05,765.4,766.0,296156,0
2026-04-30T10:55:00+05:30,765.9,766.65,765.25,765.95,317195,0
2026-04-30T11:00:00+05:30,765.95,766.9,765.55,766.1,349893,0
2026-04-30T11:05:00+05:30,766.05,767.65,765.95,767.15,679420,0
2026-04-30T11:10:00+05:30,767.2,767.5,765.6,765.65,426312,0
2026-04-30T11:15:00+05:30,765.9,766.55,765.15,765.6,362611,0
2026-04-30T11:20:00+05:30,765.5,765.85,765.0,765.2,252133,0
2026-04-30T11:25:00+05:30,765.25,766.05,765.0,765.2,231257,0
2026-04-30T11:30:00+05:30,765.15,765.85,765.05,765.8,155057,0
2026-04-30T11:35:00+05:30,765.8,766.85,765.15,766.25,384907,0
2026-04-30T11:40:00+05:30,766.25,767.45,765.5,766.9,277487,0
2026-04-30T11:45:00+05:30,767.15,768.0,766.85,768.0,427959,0
2026-04-30T11:50:00+05:30,768.0,768.4,767.55,768.4,397300,0
2026-04-30T11:55:00+05:30,768.4,769.0,767.0,767.15,460690,0
2026-04-30T12:00:00+05:30,767.0,767.45,765.55,767.0,594861,0
2026-04-30T12:05:00+05:30,766.95,771.0,766.55,770.0,1136753,0
2026-04-30T12:10:00+05:30,770.1,770.5,768.2,770.4,560649,0
2026-04-30T12:15:00+05:30,770.45,771.15,769.7,770.1,271193,0
2026-04-30T12:20:00+05:30,770.1,772.35,769.4,771.5,614092,0
2026-04-30T12:25:00+05:30,771.4,772.4,769.85,770.95,593753,0
2026-04-30T12:30:00+05:30,770.95,771.4,770.0,770.6,399376,0
2026-04-30T12:35:00+05:30,770.55,771.5,770.0,770.45,398441,0
2026-04-30T12:40:00+05:30,770.25,770.9,770.0,770.5,216930,0
2026-04-30T12:45:00+05:30,770.5,771.3,770.15,770.85,279036,0
2026-04-30T12:50:00+05:30,770.85,771.5,770.45,771.5,208852,0
2026-04-30T12:55:00+05:30,771.4,773.55,771.3,772.95,473307,0
2026-04-30T13:00:00+05:30,772.7,773.5,772.35,772.7,201141,0
2026-04-30T13:05:00+05:30,772.7,773.6,771.15,773.35,592224,0
2026-04-30T13:10:00+05:30,773.35,774.6,772.7,773.9,419145,0
2026-04-30T13:15:00+05:30,773.7,774.45,773.45,774.0,387156,0
2026-04-30T13:20:00+05:30,774.0,776.6,773.45,775.15,1044708,0
2026-04-30T13:25:00+05:30,775.0,775.7,774.15,775.05,481373,0
2026-04-30T13:30:00+05:30,775.1,775.3,774.0,774.3,217765,0
2026-04-30T13:35:00+05:30,774.4,775.85,774.2,774.9,538291,0
2026-04-30T13:40:00+05:30,774.75,777.55,774.4,777.35,872442,0
2026-04-30T13:45:00+05:30,777.45,778.8,776.25,777.25,777891,0
2026-04-30T13:50:00+05:30,777.25,777.3,775.0,776.4,503142,0
2026-04-30T13:55:00+05:30,776.4,778.0,776.25,776.75,565414,0
2026-04-30T14:00:00+05:30,776.7,777.2,775.95,776.25,244281,0
2026-04-30T14:05:00+05:30,776.25,776.9,775.2,776.75,289322,0
2026-04-30T14:10:00+05:30,776.75,776.95,775.85,776.45,400229,0
2026-04-30T14:15:00+05:30,776.4,776.65,774.15,774.45,356144,0
2026-04-30T14:20:00+05:30,774.45,775.95,774.3,775.55,698855,0
2026-04-30T14:25:00+05:30,775.55,775.95,774.2,774.9,429960,0
2026-04-30T14:30:00+05:30,774.75,775.9,774.5,775.35,339590,0
2026-04-30T14:35:00+05:30,775.4,776.4,774.9,776.25,418466,0
2026-04-30T14:40:00+05:30,776.4,777.5,775.6,776.35,572712,0
2026-04-30T14:45:00+05:30,776.55,776.75,774.6,774.7,434448,0
2026-04-30T14:50:00+05:30,774.7,774.7,772.9,773.4,826484,0
2026-04-30T14:55:00+05:30,773.4,774.3,772.9,774.2,333067,0
2026-04-30T15:00:00+05:30,774.1,774.9,771.3,772.75,2842229,0
2026-04-30T15:05:00+05:30,772.75,773.0,769.6,770.15,3160411,0
2026-04-30T15:10:00+05:30,770.15,771.9,769.5,771.85,1339764,0
2026-04-30T15:15:00+05:30,771.6,772.5,770.35,772.15,1442518,0
2026-04-30T15:20:00+05:30,772.15,772.45,771.05,771.85,1377504,0
2026-04-30T15:25:00+05:30,771.9,775.0,771.85,774.75,872039,0
2026-05-04T09:15:00+05:30,772.6,784.4,772.6,779.0,1408577,0
2026-05-04T09:20:00+05:30,779.05,780.45,778.8,779.8,347275,0
2026-05-04T09:25:00+05:30,779.6,783.0,779.6,782.9,409257,0
2026-05-04T09:30:00+05:30,782.9,783.8,781.55,783.4,715013,0
2026-05-04T09:35:00+05:30,783.25,784.4,782.05,783.65,527457,0
2026-05-04T09:40:00+05:30,783.65,786.6,783.2,785.85,662473,0
2026-05-04T09:45:00+05:30,785.85,786.0,784.15,784.35,261950,0
2026-05-04T09:50:00+05:30,784.15,784.5,782.6,782.95,281630,0
2026-05-04T09:55:00+05:30,783.15,784.0,782.8,783.75,203319,0
2026-05-04T10:00:00+05:30,783.75,784.45,782.2,782.7,301519,0
2026-05-04T10:05:00+05:30,782.9,783.6,781.9,782.7,219673,0
2026-05-04T10:10:00+05:30,782.7,783.15,779.3,779.5,373667,0
2026-05-04T10:15:00+05:30,779.5,780.0,778.6,779.0,255731,0
2026-05-04T10:20:00+05:30,778.8,779.8,778.2,779.1,295518,0
2026-05-04T10:25:00+05:30,779.1,782.0,779.0,782.0,252236,0
2026-05-04T10:30:00+05:30,782.0,783.0,780.0,781.6,384999,0
2026-05-04T10:35:00+05:30,781.6,783.5,781.45,783.45,341987,0
2026-05-04T10:40:00+05:30,783.45,784.3,783.0,783.05,325624,0
2026-05-04T10:45:00+05:30,783.05,784.4,783.05,783.65,227222,0
2026-05-04T10:50:00+05:30,783.65,784.25,782.65,782.8,169819,0
2026-05-04T10:55:00+05:30,782.85,782.9,781.7,781.9,203219,0
2026-05-04T11:00:00+05:30,782.0,784.5,781.65,784.35,376101,0
2026-05-04T11:05:00+05:30,784.25,785.45,784.0,784.75,362596,0
2026-05-04T11:10:00+05:30,784.65,785.25,784.25,785.25,198133,0
2026-05-04T11:15:00+05:30,785.2,785.5,785.05,785.15,145670,0
2026-05-04T11:20:00+05:30,785.15,785.4,783.45,783.9,693522,0
2026-05-04T11:25:00+05:30,783.9,784.55,782.7,784.35,329941,0
2026-05-04T11:30:00+05:30,784.4,784.7,783.8,784.3,197743,0
2026-05-04T11:35:00+05:30,784.3,785.1,783.95,784.8,241290,0
2026-05-04T11:40:00+05:30,784.7,784.95,784.0,784.0,213555,0
2026-05-04T11:45:00+05:30,784.05,784.9,784.0,784.65,159691,0
2026-05-04T11:50:00+05:30,784.7,784.7,782.7,782.7,137881,0
2026-05-04T11:55:00+05:30,782.7,783.55,781.75,783.45,205297,0
2026-05-04T12:00:00+05:30,783.3,784.2,783.05,783.8,465650,0
2026-05-04T12:05:00+05:30,783.8,784.3,783.15,783.5,338759,0
2026-05-04T12:10:00+05:30,783.5,783.65,778.85,779.0,517129,0
2026-05-04T12:15:00+05:30,778.9,780.05,778.05,779.65,355467,0
2026-05-04T12:20:00+05:30,779.9,780.5,779.4,779.85,412512,0
2026-05-04T12:25:00+05:30,779.85,780.4,779.3,779.9,355530,0
2026-05-04T12:30:00+05:30,779.9,780.1,778.5,778.7,343312,0
2026-05-04T12:35:00+05:30,778.5,779.35,778.4,779.05,304879,0
2026-05-04T12:40:00+05:30,779.05,779.35,778.0,778.1,385639,0
2026-05-04T12:45:00+05:30,778.3,779.15,777.0,777.7,521071,0
2026-05-04T12:50:00+05:30,777.7,778.25,777.25,777.6,253298,0
2026-05-04T12:55:00+05:30,777.6,777.95,776.5,776.75,354324,0
2026-05-04T13:00:00+05:30,776.8,777.2,776.05,776.75,228209,0
2026-05-04T13:05:00+05:30,776.75,777.2,776.1,776.85,322461,0
2026-05-04T13:10:00+05:30,776.75,777.0,776.05,776.15,183410,0
2026-05-04T13:15:00+05:30,776.15,776.45,774.7,776.25,350997,0
2026-05-04T13:20:00+05:30,776.25,776.3,774.35,775.05,262897,0
2026-05-04T13:25:00+05:30,775.05,776.2,773.5,773.65,216312,0
2026-05-04T13:30:00+05:30,773.65,774.1,772.6,773.5,299185,0
2026-05-04T13:35:00+05:30,773.45,773.9,773.1,773.9,271199,0
2026-05-04T13:40:00+05:30,773.9,776.35,773.8,775.75,250189,0
2026-05-04T13:45:00+05:30,775.75,776.9,775.35,776.5,163334,0
2026-05-04T13:50:00+05:30,776.5,776.7,774.75,775.0,364817,0
2026-05-04T13:55:00+05:30,775.0,775.4,773.5,774.9,193301,0
2026-05-04T14:00:00+05:30,774.9,775.2,774.0,775.15,208523,0
2026-05-04T14:05:00+05:30,775.1,775.35,774.55,775.1,158694,0
2026-05-04T14:10:00+05:30,775.2,776.75,775.1,776.45,244084,0
2026-05-04T14:15:00+05:30,776.6,777.8,776.25,777.5,286658,0
2026-05-04T14:20:00+05:30,777.5,777.8,776.9,777.1,170691,0
2026-05-04T14:25:00+05:30,777.1,777.7,776.8,777.1,185148,0
2026-05-04T14:30:00+05:30,777.2,777.45,775.7,776.45,462233,0
2026-05-04T14:35:00+05:30,776.8,776.9,775.05,776.2,522836,0
2026-05-04T14:40:00+05:30,776.35,776.45,774.3,774.65,304315,0
2026-05-04T14:45:00+05:30,774.65,774.9,774.0,774.5,197596,0
2026-05-04T14:50:00+05:30,774.55,775.0,774.0,774.85,480808,0
2026-05-04T14:55:00+05:30,774.9,775.45,773.7,774.0,261376,0
2026-05-04T15:00:00+05:30,774.0,775.45,773.1,775.0,552860,0
2026-05-04T15:05:00+05:30,775.05,775.9,775.0,775.55,306067,0
2026-05-04T15:10:00+05:30,775.55,779.25,775.35,778.9,1169410,0
2026-05-04T15:15:00+05:30,779.15,781.2,779.0,781.05,1066148,0
2026-05-04T15:20:00+05:30,781.1,782.4,780.35,780.7,1980942,0
2026-05-04T15:25:00+05:30,780.7,781.0,779.0,779.5,467116,0
2026-05-05T09:15:00+05:30,774.4,775.25,769.3,772.95,1660593,0
2026-05-05T09:20:00+05:30,773.1,774.0,772.5,773.45,678472,0
2026-05-05T09:25:00+05:30,773.45,773.5,771.3,771.8,488263,0
2026-05-05T09:30:00+05:30,771.75,773.2,771.15,772.6,263576,0
2026-05-05T09:35:00+05:30,772.6,773.0,771.1,771.4,286284,0
2026-05-05T09:40:00+05:30,771.5,771.5,770.55,770.8,475812,0
2026-05-05T09:45:00+05:30,770.9,771.75,770.5,771.7,301910,0
2026-05-05T09:50:00+05:30,771.5,772.5,771.15,772.0,365400,0
2026-05-05T09:55:00+05:30,772.15,773.7,771.8,772.85,429454,0
2026-05-05T10:00:00+05:30,772.65,773.25,771.6,772.2,386205,0
2026-05-05T10:05:00+05:30,772.35,772.45,771.05,771.5,400320,0
2026-05-05T10:10:00+05:30,771.4,772.2,771.3,771.95,314477,0
2026-05-05T10:15:00+05:30,771.95,771.95,770.75,771.3,378247,0
2026-05-05T10:20:00+05:30,771.3,771.9,770.8,771.55,241611,0
2026-05-05T10:25:00+05:30,771.55,771.65,770.15,770.4,295492,0
2026-05-05T10:30:00+05:30,770.4,771.15,770.1,770.3,258707,0
2026-05-05T10:35:00+05:30,770.3,770.7,769.5,770.55,571441,0
2026-05-05T10:40:00+05:30,770.5,770.85,770.0,770.45,337828,0
2026-05-05T10:45:00+05:30,770.3,771.35,769.0,769.0,467336,0
2026-05-05T10:50:00+05:30,769.0,769.3,767.0,767.15,461317,0
2026-05-05T10:55:00+05:30,767.35,767.4,766.5,766.95,244971,0
2026-05-05T11:00:00+05:30,766.9,768.75,766.1,768.65,398347,0
2026-05-05T11:05:00+05:30,768.45,768.7,766.5,766.8,250213,0
2026-05-05T11:10:00+05:30,766.7,767.55,766.5,766.9,198654,0
2026-05-05T11:15:00+05:30,766.9,767.95,766.6,766.85,230951,0
2026-05-05T11:20:00+05:30,766.85,766.85,766.0,766.25,255751,0
2026-05-05T11:25:00+05:30,766.05,766.45,765.6,766.4,233716,0
2026-05-05T11:30:00+05:30,766.4,767.45,766.1,766.8,254723,0
2026-05-05T11:35:00+05:30,766.8,767.4,765.0,765.45,580910,0
2026-05-05T11:40:00+05:30,765.45,766.3,764.6,765.95,318240,0
2026-05-05T11:45:00+05:30,765.9,765.95,764.5,765.1,232149,0
2026-05-05T11:50:00+05:30,765.1,765.7,764.85,765.1,322731,0
2026-05-05T11:55:00+05:30,765.1,765.8,764.9,765.5,229993,0
2026-05-05T12:00:00+05:30,765.6,766.25,763.7,764.4,667184,0
2026-05-05T12:05:00+05:30,764.4,766.5,764.3,765.35,513020,0
2026-05-05T12:10:00+05:30,765.35,766.0,765.0,765.75,203904,0
2026-05-05T12:15:00+05:30,765.8,766.15,765.4,765.95,205476,0
2026-05-05T12:20:00+05:30,766.0,767.0,765.3,766.85,287908,0
2026-05-05T12:25:00+05:30,766.85,766.9,765.7,765.95,209730,0
2026-05-05T12:30:00+05:30,765.9,766.85,765.65,766.65,376306,0
2026-05-05T12:35:00+05:30,766.85,767.1,765.35,765.5,376545,0
2026-05-05T12:40:00+05:30,765.6,766.05,764.5,764.8,458665,0
2026-05-05T12:45:00+05:30,764.7,767.4,764.65,767.1,727817,0
2026-05-05T12:50:00+05:30,767.0,768.8,766.95,768.6,410776,0
2026-05-05T12:55:00+05:30,768.65,770.8,768.4,770.3,726516,0
2026-05-05T13:00:00+05:30,770.5,771.35,770.05,770.2,483321,0
2026-05-05T13:05:00+05:30,770.15,772.7,770.0,772.25,833765,0
2026-05-05T13:10:00+05:30,772.25,774.0,772.1,774.0,1210802,0
2026-05-05T13:15:00+05:30,773.75,774.5,770.6,770.75,922891,0
2026-05-05T13:20:00+05:30,770.75,773.0,770.35,771.55,622804,0
2026-05-05T13:25:00+05:30,771.3,772.95,770.85,772.3,462136,0
2026-05-05T13:30:00+05:30,772.6,772.65,771.35,772.45,563846,0
2026-05-05T13:35:00+05:30,772.55,773.5,772.1,773.2,597168,0
2026-05-05T13:40:00+05:30,773.2,775.0,772.6,774.7,969065,0
2026-05-05T13:45:00+05:30,774.9,775.6,774.45,775.15,627075,0
2026-05-05T13:50:00+05:30,775.15,775.45,772.4,773.5,901041,0
2026-05-05T13:55:00+05:30,773.55,775.3,773.45,774.1,904696,0
2026-05-05T14:00:00+05:30,774.2,775.35,773.05,773.8,786362,0
2026-05-05T14:05:00+05:30,774.0,774.2,773.05,773.65,237020,0
2026-05-05T14:10:00+05:30,773.65,773.95,772.0,772.85,293203,0
2026-05-05T14:15:00+05:30,772.95,774.0,772.6,773.55,373331,0
2026-05-05T14:20:00+05:30,773.65,774.55,772.85,773.85,327261,0
2026-05-05T14:25:00+05:30,773.6,776.75,773.6,776.2,880025,0
2026-05-05T14:30:00+05:30,776.2,776.9,774.6,775.6,786016,0
2026-05-05T14:35:00+05:30,775.6,776.6,773.8,774.95,1088968,0
2026-05-05T14:40:00+05:30,774.95,775.65,774.3,775.1,309763,0
2026-05-05T14:45:00+05:30,775.15,775.7,774.15,774.15,433175,0
2026-05-05T14:50:00+05:30,774.25,775.1,773.0,773.6,816287,0
2026-05-05T14:55:00+05:30,773.6,774.05,773.0,773.0,320005,0
2026-05-05T15:00:00+05:30,773.0,773.6,770.8,771.9,1114881,0
2026-05-05T15:05:00+05:30,771.75,772.95,770.6,772.55,1654723,0
2026-05-05T15:10:00+05:30,772.4,773.45,771.75,772.9,897690,0
2026-05-05T15:15:00+05:30,772.9,773.5,772.75,773.25,367888,0
2026-05-05T15:20:00+05:30,773.2,773.8,772.15,773.4,608753,0
2026-05-05T15:25:00+05:30,773.4,773.8,772.25,773.2,346184,0
2026-05-06T09:15:00+05:30,775.15,779.9,775.15,776.2,1734162,0
2026-05-06T09:20:00+05:30,776.3,777.0,775.25,776.3,577766,0
2026-05-06T09:25:00+05:30,776.3,777.65,776.0,777.65,391500,0
2026-05-06T09:30:00+05:30,777.65,778.45,777.4,777.85,519331,0
2026-05-06T09:35:00+05:30,777.85,778.0,776.7,776.85,222885,0
2026-05-06T09:40:00+05:30,776.85,777.1,775.75,775.8,288422,0
2026-05-06T09:45:00+05:30,775.8,776.5,775.15,775.4,480852,0
2026-05-06T09:50:00+05:30,775.4,777.3,774.5,777.3,503580,0
2026-05-06T09:55:00+05:30,777.3,777.7,776.8,776.95,254146,0
2026-05-06T10:00:00+05:30,776.95,776.95,774.85,775.1,215207,0
2026-05-06T10:05:00+05:30,775.1,775.45,774.25,775.35,252140,0
2026-05-06T10:10:00+05:30,775.35,777.2,775.2,777.0,218118,0
2026-05-06T10:15:00+05:30,777.0,777.55,776.35,777.15,207699,0
2026-05-06T10:20:00+05:30,777.25,778.4,777.0,778.05,326579,0
2026-05-06T10:25:00+05:30,778.05,778.65,777.95,778.15,283598,0
2026-05-06T10:30:00+05:30,778.15,779.0,778.0,778.35,242195,0
2026-05-06T10:35:00+05:30,778.35,778.5,778.0,778.3,178570,0
2026-05-06T10:40:00+05:30,778.3,779.35,778.0,778.5,352577,0
2026-05-06T10:45:00+05:30,778.65,778.7,778.0,778.0,151132,0
2026-05-06T10:50:00+05:30,778.05,778.4,777.5,777.65,586795,0
2026-05-06T10:55:00+05:30,777.65,778.25,777.25,777.6,194550,0
2026-05-06T11:00:00+05:30,777.6,778.05,777.4,778.0,272233,0
2026-05-06T11:05:00+05:30,778.05,778.5,777.95,778.5,222519,0
2026-05-06T11:10:00+05:30,778.5,778.55,778.0,778.05,100264,0
2026-05-06T11:15:00+05:30,778.05,778.95,778.0,778.35,190494,0
2026-05-06T11:20:00+05:30,778.35,778.75,778.1,778.5,94331,0
2026-05-06T11:25:00+05:30,778.55,779.0,778.35,779.0,110300,0
2026-05-06T11:30:00+05:30,779.0,779.4,778.4,778.4,231483,0
2026-05-06T11:35:00+05:30,778.55,778.55,776.05,776.4,302216,0
2026-05-06T11:40:00+05:30,776.4,777.25,776.3,776.85,197675,0
2026-05-06T11:45:00+05:30,776.9,777.2,776.6,777.0,71699,0
2026-05-06T11:50:00+05:30,777.0,777.05,775.8,776.9,229085,0
2026-05-06T11:55:00+05:30,776.9,777.8,776.0,776.0,200878,0
2026-05-06T12:00:00+05:30,776.1,776.2,775.4,776.0,112749,0
2026-05-06T12:05:00+05:30,776.0,776.45,775.35,775.9,171144,0
2026-05-06T12:10:00+05:30,775.85,776.45,775.5,776.0,201119,0
2026-05-06T12:15:00+05:30,776.0,776.0,775.35,775.6,111258,0
2026-05-06T12:20:00+05:30,775.6,775.6,773.5,774.7,315753,0
2026-05-06T12:25:00+05:30,774.75,775.35,774.2,775.0,216879,0
2026-05-06T12:30:00+05:30,775.15,775.95,774.75,775.9,141179,0
2026-05-06T12:35:00+05:30,775.9,776.15,775.4,775.6,185415,0
2026-05-06T12:40:00+05:30,775.75,776.4,775.05,775.45,183720,0
2026-05-06T12:45:00+05:30,775.45,775.95,774.85,775.5,206042,0
2026-05-06T12:50:00+05:30,775.5,775.55,774.9,775.25,141182,0
2026-05-06T12:55:00+05:30,775.25,776.2,775.05,776.2,149480,0
2026-05-06T13:00:00+05:30,776.2,776.4,775.15,775.4,332632,0
2026-05-06T13:05:00+05:30,775.5,776.55,775.15,776.4,115551,0
2026-05-06T13:10:00+05:30,776.4,776.6,776.1,776.55,68309,0
2026-05-06T13:15:00+05:30,776.55,777.65,776.4,777.2,195839,0
2026-05-06T13:20:00+05:30,777.45,778.45,776.95,777.9,232622,0
2026-05-06T13:25:00+05:30,777.9,778.0,777.05,777.35,297503,0
2026-05-06T13:30:00+05:30,777.55,778.3,777.0,777.85,570517,0
2026-05-06T13:35:00+05:30,778.05,778.9,777.5,778.45,285916,0
2026-05-06T13:40:00+05:30,778.45,778.9,778.3,778.8,127006,0
2026-05-06T13:45:00+05:30,778.8,779.7,778.25,779.15,326128,0
2026-05-06T13:50:00+05:30,779.15,780.55,778.9,779.6,843959,0
2026-05-06T13:55:00+05:30,779.7,780.25,779.5,780.0,210582,0
2026-05-06T14:00:00+05:30,779.95,781.0,779.5,780.7,239238,0
2026-05-06T14:05:00+05:30,780.7,781.0,780.3,780.75,159976,0
2026-05-06T14:10:00+05:30,780.75,781.9,780.3,781.9,284141,0
2026-05-06T14:15:00+05:30,781.9,783.85,781.85,782.9,598749,0
2026-05-06T14:20:00+05:30,782.9,787.8,782.6,787.25,1528224,0
2026-05-06T14:25:00+05:30,787.3,793.65,787.25,792.0,1539189,0
2026-05-06T14:30:00+05:30,792.0,793.2,790.25,792.35,943017,0
2026-05-06T14:35:00+05:30,792.4,792.75,788.85,791.35,1156688,0
2026-05-06T14:40:00+05:30,791.25,795.85,791.0,795.0,1376753,0
2026-05-06T14:45:00+05:30,795.0,796.85,794.0,795.8,1090921,0
2026-05-06T14:50:00+05:30,795.85,797.25,795.4,796.35,1085811,0
2026-05-06T14:55:00+05:30,796.25,798.3,795.7,798.0,1092243,0
2026-05-06T15:00:00+05:30,798.15,798.95,796.2,797.5,1695227,0
2026-05-06T15:05:00+05:30,797.5,797.85,795.25,795.5,1564832,0
2026-05-06T15:10:00+05:30,795.55,796.6,795.5,796.0,866442,0
2026-05-06T15:15:00+05:30,796.0,796.45,795.65,795.75,996350,0
2026-05-06T15:20:00+05:30,795.7,796.2,795.2,795.45,882357,0
2026-05-06T15:25:00+05:30,795.45,796.7,795.0,796.0,1005551,0
2026-05-07T09:15:00+05:30,794.0,796.55,791.85,792.35,1644690,0
2026-05-07T09:20:00+05:30,792.3,794.75,792.0,794.7,543436,0
2026-05-07T09:25:00+05:30,794.7,794.7,793.0,793.8,434548,0
2026-05-07T09:30:00+05:30,793.8,795.15,793.55,794.15,432530,0
2026-05-07T09:35:00+05:30,794.15,795.9,793.1,793.75,451304,0
2026-05-07T09:40:00+05:30,793.6,795.4,793.6,795.0,308117,0
2026-05-07T09:45:00+05:30,795.1,795.5,793.4,793.4,321505,0
2026-05-07T09:50:00+05:30,793.45,793.8,792.05,792.95,587246,0
2026-05-07T09:55:00+05:30,792.8,794.95,792.5,793.7,1205712,0
2026-05-07T10:00:00+05:30,793.7,797.95,793.45,795.55,1584475,0
2026-05-07T10:05:00+05:30,795.55,795.55,792.2,792.35,463303,0
2026-05-07T10:10:00+05:30,792.2,792.55,790.3,790.35,494426,0
2026-05-07T10:15:00+05:30,790.4,792.5,790.3,792.05,442467,0
2026-05-07T10:20:00+05:30,792.0,793.7,792.0,792.7,848367,0
2026-05-07T10:25:00+05:30,792.55,795.05,792.1,793.6,836827,0
2026-05-07T10:30:00+05:30,793.5,793.7,792.65,793.0,429686,0
2026-05-07T10:35:00+05:30,793.0,793.05,792.0,792.05,303971,0
2026-05-07T10:40:00+05:30,792.05,792.75,791.85,792.2,205317,0
2026-05-07T10:45:00+05:30,792.25,792.9,791.15,791.55,266681,0
2026-05-07T10:50:00+05:30,791.45,791.55,790.0,791.45,462701,0
2026-05-07T10:55:00+05:30,791.45,791.5,790.6,790.95,176680,0
2026-05-07T11:00:00+05:30,791.0,791.45,790.75,790.8,206125,0
2026-05-07T11:05:00+05:30,790.8,791.0,790.0,790.4,224169,0
2026-05-07T11:10:00+05:30,790.3,790.85,790.05,790.75,176586,0
2026-05-07T11:15:00+05:30,790.75,791.35,789.6,789.85,288223,0
2026-05-07T11:20:00+05:30,789.8,790.0,788.75,789.65,429377,0
2026-05-07T11:25:00+05:30,789.65,790.15,788.55,789.65,198321,0
2026-05-07T11:30:00+05:30,789.6,791.5,789.25,790.55,287834,0
2026-05-07T11:35:00+05:30,790.55,791.25,790.2,791.25,150437,0
2026-05-07T11:40:00+05:30,791.15,791.35,790.25,790.3,155641,0
2026-05-07T11:45:00+05:30,790.3,790.7,789.65,790.55,323574,0
2026-05-07T11:50:00+05:30,790.6,792.35,790.55,791.9,302812,0
2026-05-07T11:55:00+05:30,791.95,792.35,791.7,791.75,158057,0
2026-05-07T12:00:00+05:30,791.8,793.55,791.75,792.95,647375,0
2026-05-07T12:05:00+05:30,792.95,793.8,792.7,793.35,248937,0
2026-05-07T12:10:00+05:30,793.35,793.85,792.5,793.35,212526,0
2026-05-07T12:15:00+05:30,793.25,795.2,793.2,794.2,438730,0
2026-05-07T12:20:00+05:30,794.2,794.9,794.0,794.25,306581,0
2026-05-07T12:25:00+05:30,794.3,794.7,793.0,793.15,281392,0
2026-05-07T12:30:00+05:30,793.05,794.65,792.8,793.5,390129,0
2026-05-07T12:35:00+05:30,793.5,798.65,793.1,798.35,951444,0
2026-05-07T12:40:00+05:30,798.55,801.0,798.3,800.6,902889,0
2026-05-07T12:45:00+05:30,800.6,801.55,798.25,798.8,635264,0
2026-05-07T12:50:00+05:30,798.85,799.0,796.2,797.7,405286,0
2026-05-07T12:55:00+05:30,797.65,797.95,795.55,796.0,541725,0
2026-05-07T13:00:00+05:30,796.0,796.9,795.05,796.5,207670,0
2026-05-07T13:05:00+05:30,796.5,797.4,795.55,795.6,155604,0
2026-05-07T13:10:00+05:30,795.6,796.0,794.75,795.4,251633,0
2026-05-07T13:15:00+05:30,795.65,796.55,793.5,794.65,348195,0
2026-05-07T13:20:00+05:30,794.65,795.7,794.25,794.9,428397,0
2026-05-07T13:25:00+05:30,794.9,796.05,794.15,795.55,220318,0
2026-05-07T13:30:00+05:30,795.55,795.8,794.6,795.5,175449,0
2026-05-07T13:35:00+05:30,795.25,796.2,794.75,794.9,290095,0
2026-05-07T13:40:00+05:30,794.9,796.6,794.65,795.05,311199,0
2026-05-07T13:45:00+05:30,795.2,796.15,794.55,795.4,240979,0
2026-05-07T13:50:00+05:30,795.4,796.1,794.9,795.55,195310,0
2026-05-07T13:55:00+05:30,795.6,797.2,795.6,796.45,669757,0
2026-05-07T14:00:00+05:30,796.45,797.2,795.75,796.9,374259,0
2026-05-07T14:05:00+05:30,796.9,797.6,795.8,797.25,464807,0
2026-05-07T14:10:00+05:30,797.25,797.6,796.6,796.6,254721,0
2026-05-07T14:15:00+05:30,796.6,796.85,795.75,796.0,362626,0
2026-05-07T14:20:00+05:30,796.0,797.35,795.6,797.05,506196,0
2026-05-07T14:25:00+05:30,797.05,797.9,796.2,797.5,1328739,0
2026-05-07T14:30:00+05:30,797.5,798.55,796.6,797.5,1139038,0
2026-05-07T14:35:00+05:30,797.5,798.45,797.25,797.6,521632,0
2026-05-07T14:40:00+05:30,797.6,798.45,796.55,796.9,1070076,0
2026-05-07T14:45:00+05:30,796.85,797.5,795.5,795.55,637914,0
2026-05-07T14:50:00+05:30,795.55,797.15,795.55,796.95,361999,0
2026-05-07T14:55:00+05:30,797.0,797.4,796.4,796.85,343276,0
2026-05-07T15:00:00+05:30,796.75,799.25,792.8,796.6,5841523,0
2026-05-07T15:05:00+05:30,796.6,798.5,794.75,797.25,3291241,0
2026-05-07T15:10:00+05:30,797.2,797.25,795.1,795.3,1413849,0
2026-05-07T15:15:00+05:30,795.3,796.3,795.2,796.15,962274,0
2026-05-07T15:20:00+05:30,796.15,796.2,795.35,795.4,956894,0
2026-05-07T15:25:00+05:30,795.35,796.5,795.0,795.55,671083,0
2026-05-08T09:15:00+05:30,784.0,787.95,784.0,786.0,1742035,0
2026-05-08T09:20:00+05:30,786.15,788.75,785.1,787.75,646777,0
2026-05-08T09:25:00+05:30,787.65,788.7,786.75,787.15,450849,0
2026-05-08T09:30:00+05:30,787.0,787.2,784.0,785.2,610568,0
2026-05-08T09:35:00+05:30,785.1,785.55,784.75,785.45,326571,0
2026-05-08T09:40:00+05:30,785.5,785.5,784.75,785.05,275665,0
2026-05-08T09:45:00+05:30,785.0,785.35,784.1,785.0,439311,0
2026-05-08T09:50:00+05:30,784.95,785.2,784.4,784.85,238131,0
2026-05-08T09:55:00+05:30,784.8,785.5,784.8,785.2,279741,0
2026-05-08T10:00:00+05:30,785.2,785.25,784.55,784.85,172844,0
2026-05-08T10:05:00+05:30,784.85,785.1,784.5,784.9,180134,0
2026-05-08T10:10:00+05:30,784.9,784.95,783.05,783.8,424306,0
2026-05-08T10:15:00+05:30,783.95,784.8,783.2,783.75,253639,0
2026-05-08T10:20:00+05:30,784.0,784.0,783.2,783.9,225309,0
2026-05-08T10:25:00+05:30,783.9,784.85,783.75,784.5,379159,0
2026-05-08T10:30:00+05:30,784.55,785.0,784.0,784.4,300278,0
2026-05-08T10:35:00+05:30,784.4,784.65,783.6,783.8,251132,0
2026-05-08T10:40:00+05:30,783.8,784.0,783.2,783.45,194776,0
2026-05-08T10:45:00+05:30,783.45,783.8,783.1,783.25,159346,0
2026-05-08T10:50:00+05:30,783.25,783.4,782.5,782.55,379320,0
2026-05-08T10:55:00+05:30,782.6,782.75,781.95,782.0,366749,0
2026-05-08T11:00:00+05:30,782.0,783.5,781.55,783.35,248683,0
2026-05-08T11:05:00+05:30,783.35,784.1,782.75,782.95,871436,0
2026-05-08T11:10:00+05:30,782.95,783.35,782.3,783.35,147942,0
2026-05-08T11:15:00+05:30,783.25,783.45,782.55,782.6,149889,0
2026-05-08T11:20:00+05:30,782.6,782.85,781.8,782.05,216041,0
2026-05-08T11:25:00+05:30,782.05,782.2,781.5,781.8,172404,0
2026-05-08T11:30:00+05:30,781.8,782.05,780.65,781.9,376353,0
2026-05-08T11:35:00+05:30,781.8,782.0,781.25,781.6,170503,0
2026-05-08T11:40:00+05:30,781.5,782.0,781.4,781.55,225147,0
2026-05-08T11:45:00+05:30,781.55,782.0,781.2,781.9,170954,0
2026-05-08T11:50:00+05:30,781.9,782.5,781.6,782.45,307353,0
2026-05-08T11:55:00+05:30,782.3,782.7,782.0,782.7,160808,0
2026-05-08T12:00:00+05:30,782.4,782.7,781.35,781.55,222381,0
2026-05-08T12:05:00+05:30,781.5,782.0,780.75,780.9,403334,0
2026-05-08T12:10:00+05:30,780.9,781.0,780.0,780.5,559517,0
2026-05-08T12:15:00+05:30,780.5,780.6,779.75,780.5,460181,0
2026-05-08T12:20:00+05:30,780.5,780.7,779.6,780.0,322084,0
2026-05-08T12:25:00+05:30,780.0,780.3,779.6,780.15,194200,0
2026-05-08T12:30:00+05:30,780.1,780.55,779.5,780.45,262863,0
2026-05-08T12:35:00+05:30,780.4,780.7,780.0,780.15,232455,0
2026-05-08T12:40:00+05:30,780.05,780.35,779.6,779.8,256692,0
2026-05-08T12:45:00+05:30,779.9,780.0,779.2,779.7,223385,0
2026-05-08T12:50:00+05:30,779.7,779.8,779.1,779.8,217484,0
2026-05-08T12:55:00+05:30,779.8,779.9,779.15,779.45,186837,0
2026-05-08T13:00:00+05:30,779.45,779.5,778.6,779.0,275201,0
2026-05-08T13:05:00+05:30,779.0,779.95,778.7,779.75,300954,0
2026-05-08T13:10:00+05:30,779.75,779.75,778.6,779.1,236328,0
2026-05-08T13:15:00+05:30,779.15,779.35,778.7,779.2,179592,0
2026-05-08T13:20:00+05:30,779.2,779.6,778.6,778.9,254646,0
2026-05-08T13:25:00+05:30,778.9,780.0,778.6,780.0,490035,0
2026-05-08T13:30:00+05:30,780.0,781.0,779.6,780.0,585172,0
2026-05-08T13:35:00+05:30,779.9,780.1,779.2,779.65,224907,0
2026-05-08T13:40:00+05:30,779.65,779.95,779.2,779.5,261492,0
2026-05-08T13:45:00+05:30,779.6,779.9,779.25,779.3,275322,0
2026-05-08T13:50:00+05:30,779.5,779.7,778.5,779.0,444244,0
2026-05-08T13:55:00+05:30,779.0,779.75,778.7,778.9,660649,0
2026-05-08T14:00:00+05:30,779.1,779.55,778.4,778.5,468073,0
2026-05-08T14:05:00+05:30,778.6,779.35,778.45,778.9,603833,0
2026-05-08T14:10:00+05:30,778.9,779.05,778.0,778.15,429776,0
2026-05-08T14:15:00+05:30,778.15,778.45,777.2,777.9,637736,0
2026-05-08T14:20:00+05:30,777.9,779.5,777.7,779.3,632631,0
2026-05-08T14:25:00+05:30,779.25,779.85,778.65,779.05,387672,0
2026-05-08T14:30:00+05:30,779.0,779.7,778.7,779.35,623399,0
2026-05-08T14:35:00+05:30,779.3,780.05,779.15,780.0,1327562,0
2026-05-08T14:40:00+05:30,780.0,780.4,779.8,780.0,745063,0
2026-05-08T14:45:00+05:30,780.0,780.0,778.9,779.55,713809,0
2026-05-08T14:50:00+05:30,779.5,780.5,779.2,780.05,713936,0
2026-05-08T14:55:00+05:30,780.0,781.0,779.8,780.4,891395,0
2026-05-08T15:00:00+05:30,780.6,780.6,779.8,780.0,1260271,0
2026-05-08T15:05:00+05:30,780.0,780.7,779.95,780.3,1242822,0
2026-05-08T15:10:00+05:30,780.25,781.7,780.2,781.5,1458773,0
2026-05-08T15:15:00+05:30,781.45,782.0,780.45,781.7,1406716,0
2026-05-08T15:20:00+05:30,781.85,781.85,780.6,781.45,1219206,0
2026-05-08T15:25:00+05:30,781.45,781.5,779.95,781.0,997791,0
2026-05-11T09:15:00+05:30,771.95,774.4,769.2,771.6,2150765,0
2026-05-11T09:20:00+05:30,771.65,772.05,770.1,771.45,614697,0
2026-05-11T09:25:00+05:30,771.45,774.85,771.2,773.0,568759,0
2026-05-11T09:30:00+05:30,773.1,773.15,771.15,772.0,368805,0
2026-05-11T09:35:00+05:30,771.95,772.35,770.75,771.45,446690,0
2026-05-11T09:40:00+05:30,771.45,771.7,769.85,770.25,565006,0
2026-05-11T09:45:00+05:30,770.3,771.8,769.75,770.45,480945,0
2026-05-11T09:50:00+05:30,770.45,770.85,769.7,770.8,411894,0
2026-05-11T09:55:00+05:30,770.8,771.4,769.8,770.1,392951,0
2026-05-11T10:00:00+05:30,770.1,770.85,769.8,770.75,304126,0
2026-05-11T10:05:00+05:30,770.8,771.0,770.25,770.65,252483,0
2026-05-11T10:10:00+05:30,770.65,770.75,768.6,769.1,519600,0
2026-05-11T10:15:00+05:30,769.0,769.1,767.05,767.35,438991,0
2026-05-11T10:20:00+05:30,767.35,769.1,767.15,768.85,227719,0
2026-05-11T10:25:00+05:30,768.85,769.25,768.1,768.6,239041,0
2026-05-11T10:30:00+05:30,768.35,769.3,768.35,769.25,130084,0
2026-05-11T10:35:00+05:30,769.3,769.4,768.65,769.25,191041,0
2026-05-11T10:40:00+05:30,769.2,769.5,768.25,768.8,149090,0
2026-05-11T10:45:00+05:30,768.85,769.6,768.75,769.45,177505,0
2026-05-11T10:50:00+05:30,769.35,770.8,769.35,770.8,274464,0
2026-05-11T10:55:00+05:30,770.8,770.8,769.8,770.0,143749,0
2026-05-11T11:00:00+05:30,770.0,770.15,769.1,769.65,222789,0
2026-05-11T11:05:00+05:30,769.7,770.25,769.25,769.5,156726,0
2026-05-11T11:10:00+05:30,769.55,770.05,769.5,770.0,142475,0
2026-05-11T11:15:00+05:30,770.0,770.9,769.8,770.25,934603,0
2026-05-11T11:20:00+05:30,770.25,771.9,769.5,770.25,984883,0
2026-05-11T11:25:00+05:30,770.3,770.3,769.5,769.95,328783,0
2026-05-11T11:30:00+05:30,769.95,770.8,769.5,770.45,232164,0
2026-05-11T11:35:00+05:30,770.4,771.0,770.0,770.6,178681,0
2026-05-11T11:40:00+05:30,770.6,771.3,770.0,770.8,277673,0
2026-05-11T11:45:00+05:30,770.8,771.0,769.5,769.65,226888,0
2026-05-11T11:50:00+05:30,769.65,769.9,769.0,769.65,318503,0
2026-05-11T11:55:00+05:30,769.65,770.0,769.0,769.0,205204,0
2026-05-11T12:00:00+05:30,769.05,769.35,768.7,768.9,236443,0
2026-05-11T12:05:00+05:30,768.9,770.15,768.7,769.9,316104,0
2026-05-11T12:10:00+05:30,769.9,770.35,769.65,770.05,424104,0
2026-05-11T12:15:00+05:30,770.0,770.7,769.7,770.5,1651314,0
2026-05-11T12:20:00+05:30,770.5,770.95,769.8,770.95,357760,0
2026-05-11T12:25:00+05:30,770.85,771.3,769.8,770.65,1642204,0
2026-05-11T12:30:00+05:30,770.6,771.15,769.75,770.5,323555,0
2026-05-11T12:35:00+05:30,770.35,770.8,769.35,769.45,357138,0
2026-05-11T12:40:00+05:30,769.45,771.15,769.35,771.05,437410,0
2026-05-11T12:45:00+05:30,771.05,771.35,770.5,770.95,210010,0
2026-05-11T12:50:00+05:30,770.95,771.6,770.0,771.0,533245,0
2026-05-11T12:55:00+05:30,771.0,771.95,770.9,771.55,670285,0
2026-05-11T13:00:00+05:30,771.55,771.6,769.85,770.2,644237,0
2026-05-11T13:05:00+05:30,770.2,771.15,769.85,771.05,461571,0
2026-05-11T13:10:00+05:30,771.1,771.7,770.5,771.25,568195,0
2026-05-11T13:15:00+05:30,771.4,771.4,770.5,770.7,242872,0
2026-05-11T13:20:00+05:30,770.75,771.2,770.05,770.45,260945,0
2026-05-11T13:25:00+05:30,770.4,770.8,770.0,770.5,157917,0
2026-05-11T13:30:00+05:30,770.5,770.9,770.0,770.8,263885,0
2026-05-11T13:35:00+05:30,770.8,771.8,770.55,770.95,301279,0
2026-05-11T13:40:00+05:30,770.95,771.55,770.75,771.0,300399,0
2026-05-11T13:45:00+05:30,771.25,771.6,771.0,771.5,324186,0
2026-05-11T13:50:00+05:30,771.5,772.9,771.0,772.65,2288196,0
2026-05-11T13:55:00+05:30,772.65,772.9,770.95,771.45,241183,0
2026-05-11T14:00:00+05:30,771.4,771.5,770.5,771.0,803366,0
2026-05-11T14:05:00+05:30,770.9,771.8,770.7,771.3,297516,0
2026-05-11T14:10:00+05:30,771.3,771.7,770.65,771.2,271880,0
2026-05-11T14:15:00+05:30,771.05,771.55,770.65,771.0,669020,0
2026-05-11T14:20:00+05:30,771.0,771.65,770.85,771.5,625190,0
2026-05-11T14:25:00+05:30,771.3,771.5,770.0,771.2,571867,0
2026-05-11T14:30:00+05:30,771.2,771.35,770.5,771.25,541162,0
2026-05-11T14:35:00+05:30,771.25,771.4,769.3,770.15,617927,0
2026-05-11T14:40:00+05:30,770.1,770.15,768.45,769.45,382438,0
2026-05-11T14:45:00+05:30,769.3,770.0,768.15,768.55,454446,0
2026-05-11T14:50:00+05:30,768.55,769.8,768.0,768.05,604528,0
2026-05-11T14:55:00+05:30,768.05,768.35,767.6,767.7,436162,0
2026-05-11T15:00:00+05:30,767.9,767.9,764.6,764.85,1101266,0
2026-05-11T15:05:00+05:30,764.85,764.85,762.8,763.6,1317819,0
2026-05-11T15:10:00+05:30,763.6,764.0,762.1,763.3,1558720,0
2026-05-11T15:15:00+05:30,763.25,764.0,762.15,762.7,1131019,0
2026-05-11T15:20:00+05:30,762.85,765.65,761.9,764.55,1826216,0
2026-05-11T15:25:00+05:30,764.8,766.35,762.45,766.25,872414,0
2026-05-12T09:15:00+05:30,756.6,759.7,756.6,759.35,1539468,0
2026-05-12T09:20:00+05:30,759.7,759.7,756.6,756.9,762965,0
2026-05-12T09:25:00+05:30,756.75,756.9,754.4,756.3,703780,0
2026-05-12T09:30:00+05:30,756.4,756.6,755.6,756.35,331941,0
2026-05-12T09:35:00+05:30,756.35,757.0,756.0,756.1,364212,0
2026-05-12T09:40:00+05:30,756.15,756.65,755.2,755.75,333275,0
2026-05-12T09:45:00+05:30,755.75,755.95,755.0,755.95,439087,0
2026-05-12T09:50:00+05:30,755.95,756.65,754.85,755.95,1159642,0
2026-05-12T09:55:00+05:30,755.95,756.7,755.0,755.3,847898,0
2026-05-12T10:00:00+05:30,755.3,757.45,754.95,757.45,303877,0
2026-05-12T10:05:00+05:30,757.45,757.5,755.7,757.4,291543,0
2026-05-12T10:10:00+05:30,757.4,758.9,757.1,758.1,403451,0
2026-05-12T10:15:00+05:30,758.1,758.8,757.6,758.75,249567,0
2026-05-12T10:20:00+05:30,758.8,759.05,756.5,756.75,320327,0
2026-05-12T10:25:00+05:30,756.75,757.0,755.7,756.0,227280,0
2026-05-12T10:30:00+05:30,756.0,756.7,755.85,756.7,208237,0
2026-05-12T10:35:00+05:30,756.7,756.95,756.0,756.45,140132,0
2026-05-12T10:40:00+05:30,756.6,756.6,755.2,755.65,465757,0
2026-05-12T10:45:00+05:30,755.65,755.95,754.9,754.95,352341,0
2026-05-12T10:50:00+05:30,755.0,755.45,754.9,754.95,263749,0
2026-05-12T10:55:00+05:30,755.0,756.05,754.95,755.25,326175,0
2026-05-12T11:00:00+05:30,755.3,755.6,754.8,755.05,283615,0
2026-05-12T11:05:00+05:30,755.05,755.2,754.25,755.2,377212,0
2026-05-12T11:10:00+05:30,755.2,756.2,755.0,756.2,289313,0
2026-05-12T11:15:00+05:30,756.2,757.6,755.8,757.15,288538,0
2026-05-12T11:20:00+05:30,757.15,757.35,756.05,756.65,211746,0
2026-05-12T11:25:00+05:30,756.65,757.35,756.5,757.15,161597,0
2026-05-12T11:30:00+05:30,757.15,757.85,756.85,757.65,181299,0
2026-05-12T11:35:00+05:30,757.7,758.0,757.1,758.0,170232,0
2026-05-12T11:40:00+05:30,758.0,758.5,756.65,757.5,504553,0
2026-05-12T11:45:00+05:30,757.5,757.95,757.05,757.2,163268,0
2026-05-12T11:50:00+05:30,757.2,757.2,756.0,756.5,262114,0
2026-05-12T11:55:00+05:30,756.5,757.5,756.25,757.25,148589,0
2026-05-12T12:00:00+05:30,757.3,757.5,756.25,756.35,243207,0
2026-05-12T12:05:00+05:30,756.35,756.85,755.5,756.2,296795,0
2026-05-12T12:10:00+05:30,756.2,756.65,755.55,755.9,333436,0
2026-05-12T12:15:00+05:30,755.9,757.0,755.5,756.95,326601,0
2026-05-12T12:20:00+05:30,756.95,757.15,755.5,755.85,327922,0
2026-05-12T12:25:00+05:30,755.9,756.0,755.0,755.75,358862,0
2026-05-12T12:30:00+05:30,755.75,755.85,754.8,755.15,331435,0
2026-05-12T12:35:00+05:30,755.2,755.65,754.7,755.0,237437,0
2026-05-12T12:40:00+05:30,755.0,755.3,753.45,753.5,329412,0
2026-05-12T12:45:00+05:30,753.75,754.25,752.45,753.3,329062,0
2026-05-12T12:50:00+05:30,753.35,753.9,752.25,752.4,288431,0
2026-05-12T12:55:00+05:30,752.5,753.55,752.25,753.25,303608,0
2026-05-12T13:00:00+05:30,753.25,753.55,752.65,753.35,270874,0
2026-05-12T13:05:00+05:30,753.35,754.15,753.0,753.3,735926,0
2026-05-12T13:10:00+05:30,753.3,755.0,753.2,755.0,623781,0
2026-05-12T13:15:00+05:30,755.0,757.15,754.8,755.45,1209940,0
2026-05-12T13:20:00+05:30,755.6,756.35,755.25,755.35,383936,0
2026-05-12T13:25:00+05:30,755.4,755.8,754.45,755.0,468582,0
2026-05-12T13:30:00+05:30,755.0,755.95,754.8,755.05,362264,0
2026-05-12T13:35:00+05:30,755.05,755.35,754.1,754.65,407558,0
2026-05-12T13:40:00+05:30,754.65,754.95,753.6,754.25,318087,0
2026-05-12T13:45:00+05:30,754.25,754.8,752.9,754.7,431337,0
2026-05-12T13:50:00+05:30,754.55,755.75,753.5,753.55,436557,0
2026-05-12T13:55:00+05:30,753.55,754.05,753.3,753.55,229292,0
2026-05-12T14:00:00+05:30,753.6,755.0,753.1,753.75,539569,0
2026-05-12T14:05:00+05:30,753.8,753.95,752.35,752.75,430580,0
2026-05-12T14:10:00+05:30,752.8,753.2,752.05,752.9,245001,0
2026-05-12T14:15:00+05:30,752.95,753.85,752.35,752.45,474671,0
2026-05-12T14:20:00+05:30,752.45,753.4,752.05,752.65,955144,0
2026-05-12T14:25:00+05:30,752.65,752.85,751.1,751.75,669214,0
2026-05-12T14:30:00+05:30,751.75,752.55,751.2,751.45,630153,0
2026-05-12T14:35:00+05:30,751.45,753.0,751.1,752.75,363509,0
2026-05-12T14:40:00+05:30,752.75,752.95,751.75,752.35,467391,0
2026-05-12T14:45:00+05:30,752.35,753.25,752.0,752.4,926964,0
2026-05-12T14:50:00+05:30,752.35,753.25,751.9,752.2,1249714,0
2026-05-12T14:55:00+05:30,752.4,752.55,751.4,751.5,484452,0
2026-05-12T15:00:00+05:30,751.4,751.8,747.8,751.6,3714084,0
2026-05-12T15:05:00+05:30,751.6,751.95,748.6,749.2,2419984,0
2026-05-12T15:10:00+05:30,749.2,750.4,748.0,748.9,2210732,0
2026-05-12T15:15:00+05:30,748.85,750.2,748.8,749.95,1629216,0
2026-05-12T15:20:00+05:30,749.95,751.5,749.6,751.3,1118524,0
2026-05-12T15:25:00+05:30,751.3,755.55,751.1,755.0,1847478,0
2026-05-13T09:15:00+05:30,752.0,758.45,751.0,753.6,1653441,0
2026-05-13T09:20:00+05:30,753.6,754.15,751.6,753.5,531529,0
2026-05-13T09:25:00+05:30,753.45,753.5,750.15,750.4,557303,0
2026-05-13T09:30:00+05:30,750.4,750.95,749.0,749.95,565640,0
2026-05-13T09:35:00+05:30,749.95,749.95,747.35,748.6,570124,0
2026-05-13T09:40:00+05:30,748.6,750.55,748.25,750.35,365110,0
2026-05-13T09:45:00+05:30,750.35,750.7,748.5,749.45,362717,0
2026-05-13T09:50:00+05:30,749.25,751.45,749.15,751.1,321756,0
2026-05-13T09:55:00+05:30,751.25,751.5,749.75,750.9,379043,0
2026-05-13T10:00:00+05:30,750.85,751.85,750.5,751.75,344354,0
2026-05-13T10:05:00+05:30,751.75,752.85,751.4,752.0,268515,0
2026-05-13T10:10:00+05:30,752.0,752.0,750.7,751.5,213612,0
2026-05-13T10:15:00+05:30,751.45,752.65,750.9,752.05,302131,0
2026-05-13T10:20:00+05:30,752.05,753.35,751.8,752.95,470884,0
2026-05-13T10:25:00+05:30,752.95,753.8,751.7,752.0,629937,0
2026-05-13T10:30:00+05:30,752.0,753.95,751.2,753.6,656731,0
2026-05-13T10:35:00+05:30,753.6,754.0,750.5,750.85,278619,0
2026-05-13T10:40:00+05:30,750.85,753.3,750.75,752.65,258151,0
2026-05-13T10:45:00+05:30,752.6,753.5,751.5,751.6,181909,0
2026-05-13T10:50:00+05:30,751.65,752.9,751.55,752.45,186685,0
2026-05-13T10:55:00+05:30,752.3,752.6,750.1,750.5,183614,0
2026-05-13T11:00:00+05:30,750.5,751.75,750.1,751.25,195165,0
2026-05-13T11:05:00+05:30,751.0,751.95,750.25,751.2,268180,0
2026-05-13T11:10:00+05:30,751.2,751.95,750.7,751.85,132796,0
2026-05-13T11:15:00+05:30,751.95,752.5,751.4,751.65,143990,0
2026-05-13T11:20:00+05:30,751.4,752.25,751.0,751.75,97221,0
2026-05-13T11:25:00+05:30,751.85,751.85,750.5,750.85,123971,0
2026-05-13T11:30:00+05:30,750.65,751.6,750.5,751.25,158510,0
2026-05-13T11:35:00+05:30,751.45,753.95,751.1,753.8,286826,0
2026-05-13T11:40:00+05:30,753.95,756.3,753.95,755.85,349569,0
2026-05-13T11:45:00+05:30,755.95,756.75,754.4,754.8,456103,0
2026-05-13T11:50:00+05:30,754.8,755.8,754.25,754.25,303019,0
2026-05-13T11:55:00+05:30,754.4,755.15,754.05,754.05,217933,0
2026-05-13T12:00:00+05:30,754.05,755.6,754.05,755.6,179542,0
2026-05-13T12:05:00+05:30,755.6,755.95,755.0,755.3,155806,0
2026-05-13T12:10:00+05:30,755.3,755.95,754.65,755.95,121033,0
2026-05-13T12:15:00+05:30,755.9,756.75,755.1,756.0,183450,0
2026-05-13T12:20:00+05:30,755.95,756.6,755.3,756.25,164522,0
2026-05-13T12:25:00+05:30,756.3,756.65,755.75,756.3,288541,0
2026-05-13T12:30:00+05:30,756.35,756.6,755.0,755.2,389451,0
2026-05-13T12:35:00+05:30,755.2,755.7,754.2,754.7,584446,0
2026-05-13T12:40:00+05:30,754.7,754.75,752.9,754.35,543295,0
2026-05-13T12:45:00+05:30,754.35,755.0,754.1,754.75,144362,0
2026-05-13T12:50:00+05:30,754.8,757.5,754.75,757.35,252203,0
2026-05-13T12:55:00+05:30,757.35,759.9,757.0,759.8,395196,0
2026-05-13T13:00:00+05:30,759.8,759.95,758.15,759.05,865687,0
2026-05-13T13:05:00+05:30,759.05,759.35,757.25,757.3,621768,0
2026-05-13T13:10:00+05:30,757.35,757.4,755.65,756.0,212366,0
2026-05-13T13:15:00+05:30,756.0,756.1,753.75,754.5,244970,0
2026-05-13T13:20:00+05:30,754.45,755.75,754.4,755.4,238096,0
2026-05-13T13:25:00+05:30,755.35,755.6,754.5,754.75,141905,0
2026-05-13T13:30:00+05:30,754.75,756.1,754.5,755.25,264381,0
2026-05-13T13:35:00+05:30,755.35,755.6,754.5,755.4,123970,0
2026-05-13T13:40:00+05:30,755.4,755.4,755.0,755.2,131537,0
2026-05-13T13:45:00+05:30,755.2,755.55,754.7,754.75,434272,0
2026-05-13T13:50:00+05:30,754.75,755.75,754.7,755.05,124437,0
2026-05-13T13:55:00+05:30,755.05,755.1,754.0,754.25,632959,0
2026-05-13T14:00:00+05:30,754.25,755.0,754.0,754.35,167842,0
2026-05-13T14:05:00+05:30,754.3,754.8,753.95,754.7,295822,0
2026-05-13T14:10:00+05:30,754.7,755.45,754.0,754.6,179985,0
2026-05-13T14:15:00+05:30,754.7,754.85,753.5,753.6,199920,0
2026-05-13T14:20:00+05:30,753.6,755.45,753.25,755.15,595117,0
2026-05-13T14:25:00+05:30,755.15,755.4,753.65,753.95,403973,0
2026-05-13T14:30:00+05:30,754.05,754.45,753.7,754.15,198890,0
2026-05-13T14:35:00+05:30,754.25,754.75,753.7,753.8,243130,0
2026-05-13T14:40:00+05:30,753.7,754.0,752.0,752.65,462942,0
2026-05-13T14:45:00+05:30,752.6,753.6,751.85,753.4,451919,0
2026-05-13T14:50:00+05:30,753.25,753.85,753.0,753.45,190369,0
2026-05-13T14:55:00+05:30,753.3,753.5,752.5,752.85,208835,0
2026-05-13T15:00:00+05:30,752.8,752.9,750.4,750.6,805739,0
2026-05-13T15:05:00+05:30,750.5,750.6,748.6,749.3,879822,0
2026-05-13T15:10:00+05:30,749.25,750.15,748.3,750.1,839318,0
2026-05-13T15:15:00+05:30,750.1,750.35,749.0,749.65,722674,0
2026-05-13T15:20:00+05:30,749.7,749.7,748.35,748.8,735228,0
2026-05-13T15:25:00+05:30,748.7,749.5,748.05,749.15,570253,0
2026-05-14T09:15:00+05:30,751.0,753.9,750.6,751.4,1167872,0
2026-05-14T09:20:00+05:30,751.55,753.95,751.2,753.8,517207,0
2026-05-14T09:25:00+05:30,753.8,754.6,753.4,754.0,434899,0
2026-05-14T09:30:00+05:30,754.1,754.15,752.95,753.65,559534,0
2026-05-14T09:35:00+05:30,753.55,754.9,752.35,752.75,711996,0
2026-05-14T09:40:00+05:30,752.75,753.0,752.2,752.3,283693,0
2026-05-14T09:45:00+05:30,752.3,752.85,750.15,751.25,578223,0
2026-05-14T09:50:00+05:30,751.25,753.95,751.0,753.05,733768,0
2026-05-14T09:55:00+05:30,753.15,753.85,751.8,753.35,596348,0
2026-05-14T10:00:00+05:30,753.55,753.85,752.75,753.4,262851,0
2026-05-14T10:05:00+05:30,753.4,754.25,752.75,753.75,521358,0
2026-05-14T10:10:00+05:30,753.6,753.7,752.6,753.1,172854,0
2026-05-14T10:15:00+05:30,753.1,753.15,752.2,752.95,190038,0
2026-05-14T10:20:00+05:30,752.95,753.0,750.35,750.8,268995,0
2026-05-14T10:25:00+05:30,750.8,751.4,750.55,751.0,222709,0
2026-05-14T10:30:00+05:30,751.0,751.2,750.1,750.9,236337,0
2026-05-14T10:35:00+05:30,750.9,752.55,750.85,752.0,173856,0
2026-05-14T10:40:00+05:30,752.0,752.05,749.0,749.15,390332,0
2026-05-14T10:45:00+05:30,749.15,749.15,747.35,747.55,405371,0
2026-05-14T10:50:00+05:30,747.55,750.95,747.0,750.1,771086,0
2026-05-14T10:55:00+05:30,750.05,750.4,748.1,748.35,207746,0
2026-05-14T11:00:00+05:30,748.35,750.8,748.15,750.4,227721,0
2026-05-14T11:05:00+05:30,750.4,751.15,750.0,750.9,168959,0
2026-05-14T11:10:00+05:30,750.8,752.35,750.55,752.05,128768,0
2026-05-14T11:15:00+05:30,752.05,754.35,752.0,754.25,344437,0
2026-05-14T11:20:00+05:30,754.35,758.7,754.15,757.25,796150,0
2026-05-14T11:25:00+05:30,757.55,764.4,756.3,761.95,1384429,0
2026-05-14T11:30:00+05:30,761.95,767.85,761.7,766.25,1105015,0
2026-05-14T11:35:00+05:30,766.25,767.9,765.5,767.05,599898,0
2026-05-14T11:40:00+05:30,767.0,775.45,766.8,771.7,2214287,0
2026-05-14T11:45:00+05:30,771.5,773.1,766.8,769.8,2006128,0
2026-05-14T11:50:00+05:30,769.65,771.35,769.0,771.15,519447,0
2026-05-14T11:55:00+05:30,771.15,775.0,770.25,771.85,1362519,0
2026-05-14T12:00:00+05:30,771.85,771.95,769.35,770.0,861155,0
2026-05-14T12:05:00+05:30,770.0,770.5,768.45,769.0,380290,0
2026-05-14T12:10:00+05:30,769.0,769.9,767.75,769.7,326840,0
2026-05-14T12:15:00+05:30,769.7,771.1,769.45,769.9,356048,0
2026-05-14T12:20:00+05:30,769.85,771.45,769.35,770.8,379623,0
2026-05-14T12:25:00+05:30,770.8,771.0,769.35,769.6,297559,0
2026-05-14T12:30:00+05:30,769.65,769.9,768.5,768.6,331505,0
2026-05-14T12:35:00+05:30,768.6,769.75,768.55,769.3,301178,0
2026-05-14T12:40:00+05:30,769.6,769.85,768.2,769.85,297599,0
2026-05-14T12:45:00+05:30,769.75,771.5,769.35,771.4,707392,0
2026-05-14T12:50:00+05:30,771.4,771.45,770.1,770.45,535526,0
2026-05-14T12:55:00+05:30,770.5,771.75,770.2,771.0,465664,0
2026-05-14T13:00:00+05:30,771.0,773.45,770.95,773.0,461479,0
2026-05-14T13:05:00+05:30,773.0,773.3,770.6,770.85,208765,0
2026-05-14T13:10:00+05:30,770.85,772.0,770.0,771.8,211772,0
2026-05-14T13:15:00+05:30,771.8,773.0,771.1,772.35,291870,0
2026-05-14T13:20:00+05:30,772.3,774.2,771.65,773.85,2007543,0
2026-05-14T13:25:00+05:30,773.7,776.4,773.55,774.8,3032118,0
2026-05-14T13:30:00+05:30,774.95,775.8,774.0,775.4,325229,0
2026-05-14T13:35:00+05:30,775.65,777.0,774.4,774.65,557928,0
2026-05-14T13:40:00+05:30,774.6,776.2,774.15,775.9,1065691,0
2026-05-14T13:45:00+05:30,776.0,776.5,774.0,776.2,1096270,0
2026-05-14T13:50:00+05:30,776.25,777.9,776.2,777.2,585462,0
2026-05-14T13:55:00+05:30,777.25,777.75,776.3,777.7,1875667,0
2026-05-14T14:00:00+05:30,777.7,778.3,776.3,776.7,359185,0
2026-05-14T14:05:00+05:30,776.75,777.5,776.3,777.15,379534,0
2026-05-14T14:10:00+05:30,777.15,777.4,775.2,775.8,517480,0
2026-05-14T14:15:00+05:30,775.8,776.45,774.5,774.65,366904,0
2026-05-14T14:20:00+05:30,774.75,776.0,774.4,775.85,364410,0
2026-05-14T14:25:00+05:30,775.9,776.45,775.35,776.05,371390,0
2026-05-14T14:30:00+05:30,776.05,776.3,775.25,775.35,446152,0
2026-05-14T14:35:00+05:30,775.4,775.45,773.6,773.9,635731,0
2026-05-14T14:40:00+05:30,774.1,774.35,773.0,773.85,597746,0
2026-05-14T14:45:00+05:30,773.75,773.9,771.5,771.65,644531,0
2026-05-14T14:50:00+05:30,771.65,772.8,771.5,771.8,511727,0
2026-05-14T14:55:00+05:30,771.8,772.3,771.0,772.15,487420,0
2026-05-14T15:00:00+05:30,772.1,772.15,769.4,770.5,1511255,0
2026-05-14T15:05:00+05:30,770.55,771.0,768.6,768.7,1766962,0
2026-05-14T15:10:00+05:30,768.7,769.35,767.35,769.1,1638921,0
2026-05-14T15:15:00+05:30,769.0,770.0,768.1,769.95,917233,0
2026-05-14T15:20:00+05:30,769.95,770.0,769.0,769.5,973813,0
2026-05-14T15:25:00+05:30,769.45,771.4,769.0,770.1,734280,0
2026-05-15T09:15:00+05:30,773.0,775.1,767.75,773.9,1434501,0
2026-05-15T09:20:00+05:30,773.8,779.5,772.7,779.2,594933,0
2026-05-15T09:25:00+05:30,779.45,781.9,778.95,781.55,664322,0
2026-05-15T09:30:00+05:30,781.35,781.7,778.25,779.0,440979,0
2026-05-15T09:35:00+05:30,779.0,781.2,778.35,779.5,591059,0
2026-05-15T09:40:00+05:30,779.5,780.5,779.0,780.0,248940,0
2026-05-15T09:45:00+05:30,780.05,780.4,776.5,776.85,549223,0
2026-05-15T09:50:00+05:30,776.75,778.15,776.6,777.8,292416,0
2026-05-15T09:55:00+05:30,777.8,778.8,776.5,776.55,243753,0
2026-05-15T10:00:00+05:30,776.5,778.4,775.6,778.15,346059,0
2026-05-15T10:05:00+05:30,778.0,778.2,776.5,777.1,348969,0
2026-05-15T10:10:00+05:30,777.05,778.0,777.0,778.0,175181,0
2026-05-15T10:15:00+05:30,778.0,778.8,777.35,777.85,287231,0
2026-05-15T10:20:00+05:30,777.8,780.4,777.6,780.2,976903,0
2026-05-15T10:25:00+05:30,780.2,780.8,779.05,779.45,213929,0
2026-05-15T10:30:00+05:30,779.4,779.5,778.4,779.15,159850,0
2026-05-15T10:35:00+05:30,779.15,779.9,779.0,779.7,160993,0
2026-05-15T10:40:00+05:30,779.75,780.2,779.3,779.9,154842,0
2026-05-15T10:45:00+05:30,780.0,780.45,779.2,780.0,174133,0
2026-05-15T10:50:00+05:30,780.0,780.45,779.2,779.85,152869,0
2026-05-15T10:55:00+05:30,779.9,780.3,779.4,780.3,161344,0
2026-05-15T11:00:00+05:30,780.3,780.3,777.2,778.4,318455,0
2026-05-15T11:05:00+05:30,778.4,778.4,776.6,777.05,271605,0
2026-05-15T11:10:00+05:30,777.05,777.3,776.1,776.6,315533,0
2026-05-15T11:15:00+05:30,776.65,776.8,774.5,775.75,382683,0
2026-05-15T11:20:00+05:30,775.8,776.4,775.1,775.25,224310,0
2026-05-15T11:25:00+05:30,775.25,775.7,774.2,775.1,228215,0
2026-05-15T11:30:00+05:30,775.05,775.7,773.25,775.45,280162,0
2026-05-15T11:35:00+05:30,775.45,776.7,775.0,776.55,198347,0
2026-05-15T11:40:00+05:30,776.5,776.75,775.3,775.75,195553,0
2026-05-15T11:45:00+05:30,775.75,775.95,775.0,775.25,146135,0
2026-05-15T11:50:00+05:30,775.25,775.8,774.45,774.8,192988,0
2026-05-15T11:55:00+05:30,774.8,774.85,774.0,774.4,149245,0
2026-05-15T12:00:00+05:30,774.4,776.45,773.7,776.25,184698,0
2026-05-15T12:05:00+05:30,776.4,776.5,775.7,776.15,141165,0
2026-05-15T12:10:00+05:30,776.15,777.35,775.9,776.65,157439,0
2026-05-15T12:15:00+05:30,776.65,776.7,775.05,775.8,214842,0
2026-05-15T12:20:00+05:30,775.75,776.3,774.6,774.8,188224,0
2026-05-15T12:25:00+05:30,774.8,775.85,774.3,774.7,150726,0
2026-05-15T12:30:00+05:30,774.7,775.35,774.3,775.35,131775,0
2026-05-15T12:35:00+05:30,775.35,775.85,775.05,775.5,144755,0
2026-05-15T12:40:00+05:30,775.5,776.7,775.25,776.25,137888,0
2026-05-15T12:45:00+05:30,776.5,776.9,775.65,776.9,254246,0
2026-05-15T12:50:00+05:30,776.9,777.2,775.55,776.0,223214,0
2026-05-15T12:55:00+05:30,776.05,776.5,775.55,776.5,109958,0
2026-05-15T13:00:00+05:30,776.45,776.65,775.7,776.05,174472,0
2026-05-15T13:05:00+05:30,776.05,776.35,774.95,775.7,219389,0
2026-05-15T13:10:00+05:30,775.7,776.25,775.15,775.9,100801,0
2026-05-15T13:15:00+05:30,775.95,776.2,775.0,776.15,127272,0
2026-05-15T13:20:00+05:30,776.2,776.65,775.75,776.45,128147,0
2026-05-15T13:25:00+05:30,776.35,777.25,776.0,776.6,149794,0
2026-05-15T13:30:00+05:30,776.9,777.0,775.8,776.1,171313,0
2026-05-15T13:35:00+05:30,776.1,776.5,773.7,775.0,391329,0
2026-05-15T13:40:00+05:30,775.0,775.0,771.5,773.8,1238043,0
2026-05-15T13:45:00+05:30,773.8,774.35,771.5,772.6,392201,0
2026-05-15T13:50:00+05:30,772.4,773.45,771.9,773.25,227500,0
2026-05-15T13:55:00+05:30,773.3,773.65,772.55,773.1,175346,0
2026-05-15T14:00:00+05:30,773.0,773.2,772.2,772.45,160341,0
2026-05-15T14:05:00+05:30,772.55,773.2,772.25,772.9,152248,0
2026-05-15T14:10:00+05:30,772.85,773.4,772.05,773.1,173234,0
2026-05-15T14:15:00+05:30,773.1,773.4,772.55,773.2,193994,0
2026-05-15T14:20:00+05:30,773.3,773.45,772.25,772.4,216434,0
2026-05-15T14:25:00+05:30,772.5,772.55,771.2,771.7,296674,0
2026-05-15T14:30:00+05:30,771.75,771.85,769.5,769.75,542786,0
2026-05-15T14:35:00+05:30,769.8,771.3,769.55,770.65,386201,0
2026-05-15T14:40:00+05:30,770.45,771.3,770.3,771.0,308738,0
2026-05-15T14:45:00+05:30,771.0,771.0,767.5,767.55,628879,0
2026-05-15T14:50:00+05:30,767.5,768.0,767.05,767.9,421697,0
2026-05-15T14:55:00+05:30,767.9,768.25,766.3,768.15,335613,0
2026-05-15T15:00:00+05:30,768.1,768.85,767.5,768.85,592410,0
2026-05-15T15:05:00+05:30,768.85,768.9,766.85,767.3,585760,0
2026-05-15T15:10:00+05:30,767.2,767.5,766.95,767.05,604595,0
2026-05-15T15:15:00+05:30,767.1,767.65,766.3,767.3,473385,0
2026-05-15T15:20:00+05:30,767.25,767.3,766.0,767.05,580438,0
2026-05-15T15:25:00+05:30,767.05,772.0,765.4,770.0,725261,0
2026-05-18T09:15:00+05:30,759.0,759.0,752.05,753.65,1155426,0
2026-05-18T09:20:00+05:30,753.65,753.9,752.5,753.45,374648,0
2026-05-18T09:25:00+05:30,753.45,753.7,751.35,752.45,421103,0
2026-05-18T09:30:00+05:30,752.3,755.0,752.05,754.0,401100,0
2026-05-18T09:35:00+05:30,754.2,754.7,753.15,754.05,219583,0
2026-05-18T09:40:00+05:30,754.0,754.8,752.4,754.55,264242,0
2026-05-18T09:45:00+05:30,754.4,754.65,753.1,753.2,355916,0
2026-05-18T09:50:00+05:30,753.2,754.65,752.6,754.5,193198,0
2026-05-18T09:55:00+05:30,754.5,755.9,754.0,755.6,537953,0
2026-05-18T10:00:00+05:30,755.8,757.2,755.65,757.0,257196,0
2026-05-18T10:05:00+05:30,756.95,757.1,755.65,756.6,314100,0
2026-05-18T10:10:00+05:30,756.6,756.9,755.55,756.85,345752,0
2026-05-18T10:15:00+05:30,756.9,758.3,756.5,757.95,262612,0
2026-05-18T10:20:00+05:30,757.95,758.75,757.8,758.35,308753,0
2026-05-18T10:25:00+05:30,758.35,758.6,757.75,758.45,247009,0
2026-05-18T10:30:00+05:30,758.5,760.35,757.85,759.95,296445,0
2026-05-18T10:35:00+05:30,759.95,761.7,759.95,760.85,421652,0
2026-05-18T10:40:00+05:30,760.85,760.85,758.5,760.0,260757,0
2026-05-18T10:45:00+05:30,760.0,760.85,759.45,760.25,192519,0
2026-05-18T10:50:00+05:30,760.3,761.45,759.85,761.4,287294,0
2026-05-18T10:55:00+05:30,761.4,761.7,760.8,761.35,189800,0
2026-05-18T11:00:00+05:30,761.45,762.15,761.05,762.1,232499,0
2026-05-18T11:05:00+05:30,762.1,763.35,762.0,763.15,292881,0
2026-05-18T11:10:00+05:30,763.15,763.5,762.15,763.1,200283,0
2026-05-18T11:15:00+05:30,763.1,764.9,763.1,764.9,271094,0
2026-05-18T11:20:00+05:30,764.9,765.7,764.3,765.55,387828,0
2026-05-18T11:25:00+05:30,765.6,765.75,764.3,764.7,468309,0
2026-05-18T11:30:00+05:30,764.7,766.8,764.45,766.7,278293,0
2026-05-18T11:35:00+05:30,766.7,769.9,766.25,768.7,824393,0
2026-05-18T11:40:00+05:30,768.85,768.95,766.8,767.2,292569,0
2026-05-18T11:45:00+05:30,767.2,767.4,766.1,766.75,364656,0
2026-05-18T11:50:00+05:30,766.8,766.9,765.6,765.95,319378,0
2026-05-18T11:55:00+05:30,765.95,766.4,764.3,764.5,306015,0
2026-05-18T12:00:00+05:30,764.5,765.95,764.0,765.5,247569,0
2026-05-18T12:05:00+05:30,765.5,766.2,765.2,765.9,225664,0
2026-05-18T12:10:00+05:30,765.9,767.6,765.85,767.5,461181,0
2026-05-18T12:15:00+05:30,767.5,768.8,767.5,768.05,264355,0
2026-05-18T12:20:00+05:30,768.1,768.6,767.75,768.45,214852,0
2026-05-18T12:25:00+05:30,768.45,770.0,768.45,769.5,222127,0
2026-05-18T12:30:00+05:30,769.5,772.5,769.3,771.95,671156,0
2026-05-18T12:35:00+05:30,771.95,773.0,771.75,771.8,336098,0
2026-05-18T12:40:00+05:30,771.8,772.8,770.75,771.5,264744,0
2026-05-18T12:45:00+05:30,771.35,771.55,769.8,770.1,384293,0
2026-05-18T12:50:00+05:30,770.1,771.5,770.0,771.1,356326,0
2026-05-18T12:55:00+05:30,771.1,772.9,771.05,772.7,290444,0
2026-05-18T13:00:00+05:30,772.75,773.85,772.45,773.35,289456,0
2026-05-18T13:05:00+05:30,773.35,773.35,771.5,772.2,258951,0
2026-05-18T13:10:00+05:30,772.2,772.3,771.35,772.1,222884,0
2026-05-18T13:15:00+05:30,772.1,773.2,772.0,772.8,229636,0
2026-05-18T13:20:00+05:30,772.8,773.3,771.55,773.25,434343,0
2026-05-18T13:25:00+05:30,773.3,773.7,772.4,772.85,204688,0
2026-05-18T13:30:00+05:30,772.85,773.5,772.4,773.2,255283,0
2026-05-18T13:35:00+05:30,773.3,773.5,771.15,772.0,411546,0
2026-05-18T13:40:00+05:30,772.0,772.8,771.55,772.15,276131,0
2026-05-18T13:45:00+05:30,772.15,772.25,771.0,772.05,241559,0
2026-05-18T13:50:00+05:30,772.05,773.5,771.9,773.35,230888,0
2026-05-18T13:55:00+05:30,773.35,774.1,773.0,773.3,443211,0
2026-05-18T14:00:00+05:30,773.1,773.25,771.7,772.0,320504,0
2026-05-18T14:05:00+05:30,772.0,772.25,770.05,770.15,304152,0
2026-05-18T14:10:00+05:30,770.05,770.85,769.1,769.75,809445,0
2026-05-18T14:15:00+05:30,769.75,769.75,768.5,769.05,291732,0
2026-05-18T14:20:00+05:30,769.3,769.4,768.5,768.5,317727,0
2026-05-18T14:25:00+05:30,768.55,770.15,768.1,769.3,652931,0
2026-05-18T14:30:00+05:30,769.4,769.85,767.8,767.9,660501,0
2026-05-18T14:35:00+05:30,767.9,768.35,766.5,766.6,351331,0
2026-05-18T14:40:00+05:30,766.5,767.4,766.0,766.8,303842,0
2026-05-18T14:45:00+05:30,766.8,767.7,766.8,766.85,265347,0
2026-05-18T14:50:00+05:30,766.9,767.5,766.75,767.45,220446,0
2026-05-18T14:55:00+05:30,767.45,768.3,767.25,767.65,430565,0
2026-05-18T15:00:00+05:30,767.7,771.5,767.3,768.4,1556074,0
2026-05-18T15:05:00+05:30,768.4,769.3,767.75,768.55,941167,0
2026-05-18T15:10:00+05:30,768.55,768.8,767.75,767.75,801225,0
2026-05-18T15:15:00+05:30,767.75,767.9,767.0,767.6,830034,0
2026-05-18T15:20:00+05:30,767.6,768.6,767.45,768.25,857272,0
2026-05-18T15:25:00+05:30,768.0,768.95,767.1,768.8,558548,0
2026-05-19T09:15:00+05:30,766.7,769.9,763.5,768.5,2125737,0
2026-05-19T09:20:00+05:30,768.5,769.45,766.85,767.6,635451,0
2026-05-19T09:25:00+05:30,767.6,768.1,766.7,767.95,514219,0
2026-05-19T09:30:00+05:30,767.95,768.9,766.2,766.2,573813,0
2026-05-19T09:35:00+05:30,766.4,767.45,764.55,767.1,622617,0
2026-05-19T09:40:00+05:30,767.1,769.35,766.75,769.0,436250,0
2026-05-19T09:45:00+05:30,769.1,769.2,766.2,766.6,390023,0
2026-05-19T09:50:00+05:30,766.7,767.2,764.6,764.6,450030,0
2026-05-19T09:55:00+05:30,764.8,765.8,763.65,765.55,462184,0
2026-05-19T10:00:00+05:30,765.55,766.65,764.75,765.0,425596,0
2026-05-19T10:05:00+05:30,765.1,766.6,764.75,765.6,538984,0
2026-05-19T10:10:00+05:30,765.75,767.6,765.6,766.75,298706,0
2026-05-19T10:15:00+05:30,766.75,767.5,766.0,766.25,320474,0
2026-05-19T10:20:00+05:30,766.25,767.5,765.95,767.0,285597,0
2026-05-19T10:25:00+05:30,767.1,768.2,766.85,768.05,369216,0
2026-05-19T10:30:00+05:30,768.15,769.3,768.05,768.25,442493,0
2026-05-19T10:35:00+05:30,768.3,768.45,767.5,767.85,321085,0
2026-05-19T10:40:00+05:30,767.85,768.25,766.75,767.6,423462,0
2026-05-19T10:45:00+05:30,767.8,768.5,767.05,768.2,301562,0
2026-05-19T10:50:00+05:30,768.35,769.0,767.35,767.8,424954,0
2026-05-19T10:55:00+05:30,767.85,769.0,767.75,768.5,238396,0
2026-05-19T11:00:00+05:30,768.5,768.9,767.55,768.3,278137,0
2026-05-19T11:05:00+05:30,768.35,768.55,767.6,768.0,213879,0
2026-05-19T11:10:00+05:30,768.0,768.65,766.85,766.9,315053,0
2026-05-19T11:15:00+05:30,766.95,766.95,765.5,766.15,274963,0
2026-05-19T11:20:00+05:30,766.3,766.85,765.9,766.3,225800,0
2026-05-19T11:25:00+05:30,766.3,766.8,765.95,766.8,248152,0
2026-05-19T11:30:00+05:30,766.8,766.8,765.5,766.1,377711,0
2026-05-19T11:35:00+05:30,766.15,766.55,765.25,766.25,467429,0
2026-05-19T11:40:00+05:30,766.25,768.0,766.15,767.55,340605,0
2026-05-19T11:45:00+05:30,767.7,768.5,767.15,768.2,225299,0
2026-05-19T11:50:00+05:30,768.2,768.55,767.7,768.55,220661,0
2026-05-19T11:55:00+05:30,768.55,768.9,768.0,768.1,197531,0
2026-05-19T12:00:00+05:30,768.1,768.2,767.05,767.5,264959,0
2026-05-19T12:05:00+05:30,767.5,768.3,767.0,767.95,606558,0
2026-05-19T12:10:00+05:30,767.95,768.45,767.6,768.0,596018,0
2026-05-19T12:15:00+05:30,768.1,768.75,767.15,768.55,248535,0
2026-05-19T12:20:00+05:30,768.6,768.9,767.25,768.4,478450,0
2026-05-19T12:25:00+05:30,768.4,770.8,767.65,770.4,800458,0
2026-05-19T12:30:00+05:30,770.4,770.4,767.65,767.8,537132,0
2026-05-19T12:35:00+05:30,767.8,767.95,766.5,767.75,269325,0
2026-05-19T12:40:00+05:30,767.8,767.95,767.0,767.1,210330,0
2026-05-19T12:45:00+05:30,767.1,767.55,765.9,767.0,311838,0
2026-05-19T12:50:00+05:30,767.0,767.35,766.25,766.95,387660,0
2026-05-19T12:55:00+05:30,767.0,767.05,766.1,766.25,210795,0
2026-05-19T13:00:00+05:30,766.25,766.7,765.55,765.75,242490,0
2026-05-19T13:05:00+05:30,765.8,767.25,765.05,766.85,419260,0
2026-05-19T13:10:00+05:30,766.85,767.2,765.8,766.0,526550,0
2026-05-19T13:15:00+05:30,766.1,767.8,765.65,767.3,304921,0
2026-05-19T13:20:00+05:30,767.3,767.75,766.6,767.7,307426,0
2026-05-19T13:25:00+05:30,767.7,767.8,766.95,767.2,312971,0
2026-05-19T13:30:00+05:30,767.5,768.3,767.1,768.1,306833,0
2026-05-19T13:35:00+05:30,768.1,768.15,766.0,767.95,437691,0
2026-05-19T13:40:00+05:30,767.95,768.05,766.25,766.5,465360,0
2026-05-19T13:45:00+05:30,766.5,767.8,765.65,765.9,752269,0
2026-05-19T13:50:00+05:30,765.9,766.4,764.6,765.95,463027,0
2026-05-19T13:55:00+05:30,765.95,766.7,765.05,766.3,481931,0
2026-05-19T14:00:00+05:30,766.45,767.15,765.2,766.05,771325,0
2026-05-19T14:05:00+05:30,766.15,766.25,765.0,765.3,422075,0
2026-05-19T14:10:00+05:30,765.3,766.0,764.85,765.75,886021,0
2026-05-19T14:15:00+05:30,765.8,766.9,765.7,765.8,373956,0
2026-05-19T14:20:00+05:30,765.85,766.3,764.9,765.0,486890,0
2026-05-19T14:25:00+05:30,765.0,766.15,764.9,765.1,764492,0
2026-05-19T14:30:00+05:30,765.1,765.8,764.8,765.65,512129,0
2026-05-19T14:35:00+05:30,765.65,765.9,765.0,765.4,427969,0
2026-05-19T14:40:00+05:30,765.4,765.9,764.3,764.35,518520,0
2026-05-19T14:45:00+05:30,764.4,764.65,763.55,764.65,656914,0
2026-05-19T14:50:00+05:30,764.65,765.5,763.1,763.4,887865,0
2026-05-19T14:55:00+05:30,763.4,764.55,763.1,763.8,452131,0
2026-05-19T15:00:00+05:30,763.95,764.0,761.55,762.65,1865793,0
2026-05-19T15:05:00+05:30,762.5,762.9,761.5,761.65,1681465,0
2026-05-19T15:10:00+05:30,761.65,764.15,760.25,764.0,2059157,0
2026-05-19T15:15:00+05:30,764.0,765.05,762.0,762.9,1199196,0
2026-05-19T15:20:00+05:30,762.9,763.1,761.25,762.0,909674,0
2026-05-19T15:25:00+05:30,761.95,763.0,761.0,762.8,839524,0
2026-05-20T09:15:00+05:30,759.6,761.9,757.15,761.0,880832,0
2026-05-20T09:20:00+05:30,761.0,761.05,759.7,760.1,460648,0
2026-05-20T09:25:00+05:30,760.1,760.95,759.0,759.7,269713,0
2026-05-20T09:30:00+05:30,759.7,760.9,759.1,760.9,717317,0
2026-05-20T09:35:00+05:30,760.9,762.0,760.3,761.4,566111,0
2026-05-20T09:40:00+05:30,761.45,761.45,760.05,760.7,542949,0
2026-05-20T09:45:00+05:30,760.7,761.05,759.5,759.5,328866,0
2026-05-20T09:50:00+05:30,759.5,760.0,759.0,759.7,225158,0
2026-05-20T09:55:00+05:30,759.75,760.55,759.0,760.3,142510,0
2026-05-20T10:00:00+05:30,760.3,760.55,758.2,758.7,251779,0
2026-05-20T10:05:00+05:30,758.7,758.8,758.05,758.45,178748,0
2026-05-20T10:10:00+05:30,758.5,759.2,758.1,758.1,133073,0
2026-05-20T10:15:00+05:30,758.25,758.3,757.2,757.4,233302,0
2026-05-20T10:20:00+05:30,757.2,757.95,756.5,756.75,226654,0
2026-05-20T10:25:00+05:30,756.75,758.0,756.5,758.0,364654,0
2026-05-20T10:30:00+05:30,758.0,759.5,757.75,759.0,717368,0
2026-05-20T10:35:00+05:30,758.95,760.0,758.8,759.2,272858,0
2026-05-20T10:40:00+05:30,759.3,759.3,756.7,756.95,557787,0
2026-05-20T10:45:00+05:30,756.8,756.9,755.15,755.35,285759,0
2026-05-20T10:50:00+05:30,755.35,757.2,755.35,756.95,292488,0
2026-05-20T10:55:00+05:30,757.0,757.45,756.35,756.6,377408,0
2026-05-20T11:00:00+05:30,756.75,758.8,756.6,758.8,357708,0
2026-05-20T11:05:00+05:30,758.8,759.05,758.0,758.4,227931,0
2026-05-20T11:10:00+05:30,758.5,759.4,758.15,758.85,175361,0
2026-05-20T11:15:00+05:30,758.9,760.2,758.85,759.7,567461,0
2026-05-20T11:20:00+05:30,759.7,761.0,759.1,760.1,279758,0
2026-05-20T11:25:00+05:30,760.15,761.55,760.0,761.45,295788,0
2026-05-20T11:30:00+05:30,761.5,762.25,760.25,760.7,531818,0
2026-05-20T11:35:00+05:30,760.7,761.2,760.0,760.85,363265,0
2026-05-20T11:40:00+05:30,760.85,760.95,758.7,759.55,310346,0
2026-05-20T11:45:00+05:30,759.55,761.35,759.35,761.25,186277,0
2026-05-20T11:50:00+05:30,761.2,761.35,759.55,759.85,143082,0
2026-05-20T11:55:00+05:30,759.9,760.0,759.0,759.0,199409,0
2026-05-20T12:00:00+05:30,759.05,759.25,758.3,758.5,180804,0
2026-05-20T12:05:00+05:30,758.5,758.55,757.1,757.2,253867,0
2026-05-20T12:10:00+05:30,757.1,757.4,757.0,757.1,173221,0
2026-05-20T12:15:00+05:30,757.2,758.05,756.75,757.25,224323,0
2026-05-20T12:20:00+05:30,757.2,758.8,757.15,758.35,165353,0
2026-05-20T12:25:00+05:30,758.35,758.35,757.4,757.75,146294,0
2026-05-20T12:30:00+05:30,757.8,758.15,757.3,757.6,149390,0
2026-05-20T12:35:00+05:30,757.5,758.15,757.3,758.15,167602,0
2026-05-20T12:40:00+05:30,758.15,758.15,757.35,757.4,126904,0
2026-05-20T12:45:00+05:30,757.45,758.2,757.25,757.4,213646,0
2026-05-20T12:50:00+05:30,757.3,757.75,757.1,757.2,114317,0
2026-05-20T12:55:00+05:30,757.2,757.8,757.0,757.6,150009,0
2026-05-20T13:00:00+05:30,757.35,757.75,757.05,757.2,168250,0
2026-05-20T13:05:00+05:30,757.2,757.6,756.1,757.35,275356,0
2026-05-20T13:10:00+05:30,757.4,758.8,757.35,758.7,228243,0
2026-05-20T13:15:00+05:30,758.7,759.0,757.1,757.25,248632,0
2026-05-20T13:20:00+05:30,757.35,757.85,757.0,757.25,192175,0
2026-05-20T13:25:00+05:30,757.2,757.9,756.25,756.5,242701,0
2026-05-20T13:30:00+05:30,756.65,757.7,756.5,757.6,157690,0
2026-05-20T13:35:00+05:30,757.65,758.7,757.35,757.5,216779,0
2026-05-20T13:40:00+05:30,757.65,758.0,757.25,757.8,154667,0
2026-05-20T13:45:00+05:30,757.95,758.0,757.35,757.85,155152,0
2026-05-20T13:50:00+05:30,757.85,758.15,757.4,758.15,143214,0
2026-05-20T13:55:00+05:30,758.15,759.2,757.9,759.2,163617,0
2026-05-20T14:00:00+05:30,759.15,760.7,758.95,760.05,347230,0
2026-05-20T14:05:00+05:30,760.1,761.45,759.95,761.3,280931,0
2026-05-20T14:10:00+05:30,761.3,761.45,760.45,760.5,386320,0
2026-05-20T14:15:00+05:30,760.6,761.0,759.75,760.3,362076,0
2026-05-20T14:20:00+05:30,760.05,761.9,759.7,761.45,310192,0
2026-05-20T14:25:00+05:30,761.4,761.45,760.3,760.65,239801,0
2026-05-20T14:30:00+05:30,760.6,761.45,759.6,760.3,230232,0
2026-05-20T14:35:00+05:30,760.3,760.8,759.55,760.6,156438,0
2026-05-20T14:40:00+05:30,760.6,761.2,760.25,760.35,168700,0
2026-05-20T14:45:00+05:30,760.25,761.0,760.05,760.9,223760,0
2026-05-20T14:50:00+05:30,760.9,761.1,760.2,761.0,196453,0
2026-05-20T14:55:00+05:30,760.95,761.1,760.45,761.0,192101,0
2026-05-20T15:00:00+05:30,761.05,761.05,758.25,758.3,1006306,0
2026-05-20T15:05:00+05:30,758.25,759.85,758.15,759.4,815325,0
2026-05-20T15:10:00+05:30,759.4,760.55,759.15,759.95,733854,0
2026-05-20T15:15:00+05:30,759.95,760.05,759.1,759.15,500373,0
2026-05-20T15:20:00+05:30,759.15,760.6,759.0,760.0,884371,0
2026-05-20T15:25:00+05:30,760.1,760.85,759.15,760.1,513824,0
2026-05-21T09:15:00+05:30,767.0,768.25,763.35,763.8,1210981,0
2026-05-21T09:20:00+05:30,763.85,763.85,762.0,763.0,1135057,0
2026-05-21T09:25:00+05:30,763.0,763.85,762.5,763.75,530402,0
2026-05-21T09:30:00+05:30,763.8,765.5,763.65,764.35,414340,0
2026-05-21T09:35:00+05:30,764.35,765.2,763.45,764.65,337697,0
2026-05-21T09:40:00+05:30,764.65,766.25,764.05,766.05,419308,0
2026-05-21T09:45:00+05:30,766.05,766.45,763.85,765.0,605064,0
2026-05-21T09:50:00+05:30,765.2,765.5,764.25,764.85,738572,0
2026-05-21T09:55:00+05:30,765.1,765.25,763.55,763.8,561399,0
2026-05-21T10:00:00+05:30,763.85,764.55,763.6,763.7,366534,0
2026-05-21T10:05:00+05:30,763.7,764.1,763.1,763.45,272572,0
2026-05-21T10:10:00+05:30,763.5,763.7,763.0,763.2,248798,0
2026-05-21T10:15:00+05:30,763.3,764.15,763.2,763.65,131617,0
2026-05-21T10:20:00+05:30,763.65,763.95,763.0,763.65,263623,0
2026-05-21T10:25:00+05:30,763.65,765.3,763.25,764.55,680904,0
2026-05-21T10:30:00+05:30,764.55,766.8,764.1,765.5,648899,0
2026-05-21T10:35:00+05:30,765.5,765.65,763.55,763.75,272788,0
2026-05-21T10:40:00+05:30,763.75,765.15,763.55,765.0,148212,0
2026-05-21T10:45:00+05:30,765.05,766.05,763.6,763.8,919505,0
2026-05-21T10:50:00+05:30,763.85,764.1,763.2,763.9,229789,0
2026-05-21T10:55:00+05:30,763.95,764.0,762.1,762.85,374869,0
2026-05-21T11:00:00+05:30,763.1,763.1,761.55,761.8,402827,0
2026-05-21T11:05:00+05:30,762.05,762.3,761.05,761.5,309249,0
2026-05-21T11:10:00+05:30,761.55,762.0,761.0,761.4,217928,0
2026-05-21T11:15:00+05:30,761.4,761.4,758.55,760.1,438953,0
2026-05-21T11:20:00+05:30,760.2,762.0,759.9,761.85,292840,0
2026-05-21T11:25:00+05:30,761.85,762.75,760.85,762.65,298533,0
2026-05-21T11:30:00+05:30,762.65,762.75,761.9,762.3,166575,0
2026-05-21T11:35:00+05:30,762.35,762.5,761.6,761.6,129009,0
2026-05-21T11:40:00+05:30,761.75,762.0,761.2,762.0,132484,0
2026-05-21T11:45:00+05:30,762.0,762.0,761.0,761.6,143979,0
2026-05-21T11:50:00+05:30,761.6,762.0,760.6,761.0,181931,0
2026-05-21T11:55:00+05:30,761.0,761.0,759.7,759.95,161440,0
2026-05-21T12:00:00+05:30,760.0,761.2,759.85,760.3,139018,0
2026-05-21T12:05:00+05:30,760.3,760.7,759.6,760.25,216130,0
2026-05-21T12:10:00+05:30,760.4,760.95,759.15,759.35,164513,0
2026-05-21T12:15:00+05:30,759.3,759.9,758.45,759.9,451445,0
2026-05-21T12:20:00+05:30,759.9,760.95,758.8,758.8,789339,0
2026-05-21T12:25:00+05:30,758.9,759.9,758.0,758.7,606534,0
2026-05-21T12:30:00+05:30,758.8,759.5,758.0,758.95,171520,0
2026-05-21T12:35:00+05:30,758.95,759.3,757.4,758.45,521470,0
2026-05-21T12:40:00+05:30,758.55,759.05,756.5,758.1,554222,0
2026-05-21T12:45:00+05:30,758.15,758.4,756.9,757.75,182303,0
2026-05-21T12:50:00+05:30,757.75,758.25,757.5,757.9,172047,0
2026-05-21T12:55:00+05:30,757.9,757.95,755.55,756.05,296152,0
2026-05-21T13:00:00+05:30,756.1,756.45,755.15,756.0,220337,0
2026-05-21T13:05:00+05:30,756.0,757.1,755.2,756.75,275181,0
2026-05-21T13:10:00+05:30,756.75,757.35,755.65,756.4,1032093,0
2026-05-21T13:15:00+05:30,756.45,756.8,755.8,756.35,339073,0
2026-05-21T13:20:00+05:30,756.4,757.0,755.65,755.9,583834,0
2026-05-21T13:25:00+05:30,755.9,756.35,755.65,755.8,241091,0
2026-05-21T13:30:00+05:30,755.8,756.4,755.5,756.05,193075,0
2026-05-21T13:35:00+05:30,756.15,757.3,756.05,756.75,273011,0
2026-05-21T13:40:00+05:30,756.75,758.0,756.55,757.55,275264,0
2026-05-21T13:45:00+05:30,757.55,758.9,757.4,757.5,340469,0
2026-05-21T13:50:00+05:30,757.5,757.5,755.7,755.9,453061,0
2026-05-21T13:55:00+05:30,756.0,757.0,755.4,756.8,228027,0
2026-05-21T14:00:00+05:30,756.9,756.9,756.0,756.1,241131,0
2026-05-21T14:05:00+05:30,756.15,756.5,755.7,756.05,452691,0
2026-05-21T14:10:00+05:30,756.05,757.45,755.9,757.05,583460,0
2026-05-21T14:15:00+05:30,757.1,757.4,756.55,757.0,389921,0
2026-05-21T14:20:00+05:30,757.0,758.65,756.95,758.1,322395,0
2026-05-21T14:25:00+05:30,758.15,758.6,756.95,758.0,542099,0
2026-05-21T14:30:00+05:30,758.05,760.0,757.8,758.5,1382898,0
2026-05-21T14:35:00+05:30,758.75,759.7,758.3,759.3,267822,0
2026-05-21T14:40:00+05:30,759.45,761.75,759.25,760.35,441514,0
2026-05-21T14:45:00+05:30,760.45,761.05,760.0,760.65,482075,0
2026-05-21T14:50:00+05:30,760.65,761.35,760.2,760.65,405492,0
2026-05-21T14:55:00+05:30,760.65,761.25,760.2,760.65,434659,0
2026-05-21T15:00:00+05:30,760.65,761.25,758.7,760.65,1334393,0
2026-05-21T15:05:00+05:30,760.85,760.95,758.7,759.65,1676826,0
2026-05-21T15:10:00+05:30,759.65,759.8,757.65,757.75,944968,0
2026-05-21T15:15:00+05:30,757.95,758.5,756.95,758.0,828922,0
2026-05-21T15:20:00+05:30,758.0,759.4,757.8,759.25,724296,0
2026-05-21T15:25:00+05:30,759.25,759.35,758.0,758.8,456295,0
2026-05-22T09:15:00+05:30,759.15,764.45,759.15,764.0,843914,0
2026-05-22T09:20:00+05:30,764.0,768.5,764.0,768.15,1126897,0
2026-05-22T09:25:00+05:30,768.4,768.5,766.3,766.35,378355,0
2026-05-22T09:30:00+05:30,766.35,767.5,766.0,767.3,570078,0
2026-05-22T09:35:00+05:30,767.3,768.0,766.5,767.85,449335,0
2026-05-22T09:40:00+05:30,767.85,769.4,766.95,768.85,421538,0
2026-05-22T09:45:00+05:30,769.2,770.5,768.4,769.7,467454,0
2026-05-22T09:50:00+05:30,769.7,771.0,769.2,769.9,428169,0
2026-05-22T09:55:00+05:30,770.0,770.9,769.1,769.65,327427,0
2026-05-22T10:00:00+05:30,769.9,770.85,769.2,770.1,500239,0
2026-05-22T10:05:00+05:30,770.3,773.45,770.0,773.35,1072535,0
2026-05-22T10:10:00+05:30,773.4,775.0,772.75,773.85,810276,0
2026-05-22T10:15:00+05:30,773.85,774.0,771.6,772.0,604904,0
2026-05-22T10:20:00+05:30,772.0,772.8,771.05,771.25,218241,0
2026-05-22T10:25:00+05:30,771.25,772.0,771.1,771.4,159580,0
2026-05-22T10:30:00+05:30,771.4,771.5,769.75,770.5,475517,0
2026-05-22T10:35:00+05:30,770.45,770.5,769.4,770.15,233502,0
2026-05-22T10:40:00+05:30,770.05,771.45,769.95,771.3,487899,0
2026-05-22T10:45:00+05:30,771.3,772.0,770.5,771.15,232330,0
2026-05-22T10:50:00+05:30,771.15,771.6,770.5,770.85,90284,0
2026-05-22T10:55:00+05:30,770.85,770.85,769.6,770.3,124454,0
2026-05-22T11:00:00+05:30,770.3,770.35,769.5,769.85,98254,0
2026-05-22T11:05:00+05:30,769.85,770.0,769.0,769.6,188033,0
2026-05-22T11:10:00+05:30,769.6,769.7,768.55,768.6,171670,0
2026-05-22T11:15:00+05:30,768.6,768.85,768.0,768.0,132029,0
2026-05-22T11:20:00+05:30,768.2,770.25,767.75,769.95,258059,0
2026-05-22T11:25:00+05:30,769.95,770.25,768.0,768.45,124991,0
2026-05-22T11:30:00+05:30,768.4,769.45,768.05,768.85,229602,0
2026-05-22T11:35:00+05:30,768.85,769.35,768.25,769.1,113059,0
2026-05-22T11:40:00+05:30,769.05,770.5,768.85,770.3,223135,0
2026-05-22T11:45:00+05:30,770.3,771.9,769.8,770.4,255850,0
2026-05-22T11:50:00+05:30,770.4,770.75,769.9,770.3,135695,0
2026-05-22T11:55:00+05:30,770.3,770.65,769.7,770.05,98775,0
2026-05-22T12:00:00+05:30,770.0,770.1,769.0,769.2,85672,0
2026-05-22T12:05:00+05:30,769.2,769.9,769.0,769.6,143820,0
2026-05-22T12:10:00+05:30,769.6,769.75,768.45,768.85,87417,0
2026-05-22T12:15:00+05:30,768.9,769.25,768.8,769.0,60025,0
2026-05-22T12:20:00+05:30,769.0,769.2,768.2,768.4,97564,0
2026-05-22T12:25:00+05:30,768.4,768.95,768.35,768.7,85629,0
2026-05-22T12:30:00+05:30,768.75,768.8,767.55,768.25,180321,0
2026-05-22T12:35:00+05:30,768.25,768.4,767.8,767.95,111665,0
2026-05-22T12:40:00+05:30,768.0,769.25,767.8,769.2,233321,0
2026-05-22T12:45:00+05:30,769.2,769.95,768.7,769.9,95081,0
2026-05-22T12:50:00+05:30,769.95,771.0,769.9,770.9,475760,0
2026-05-22T12:55:00+05:30,771.0,772.0,770.5,771.6,386098,0
2026-05-22T13:00:00+05:30,771.6,772.0,771.0,771.1,163704,0
2026-05-22T13:05:00+05:30,771.2,771.9,769.95,771.2,270952,0
2026-05-22T13:10:00+05:30,771.2,771.4,770.6,771.0,113666,0
2026-05-22T13:15:00+05:30,771.0,771.15,767.95,769.75,786349,0
2026-05-22T13:20:00+05:30,769.75,770.5,769.0,769.5,456311,0
2026-05-22T13:25:00+05:30,769.5,769.95,768.8,769.7,363512,0
2026-05-22T13:30:00+05:30,769.8,769.85,768.15,768.95,352270,0
2026-05-22T13:35:00+05:30,769.0,769.0,768.5,768.85,206608,0
2026-05-22T13:40:00+05:30,768.9,769.4,768.15,768.35,239524,0
2026-05-22T13:45:00+05:30,768.35,769.45,768.1,768.5,530008,0
2026-05-22T13:50:00+05:30,768.55,768.7,768.15,768.25,161340,0
2026-05-22T13:55:00+05:30,768.25,768.6,766.75,768.35,396248,0
2026-05-22T14:00:00+05:30,768.4,768.5,766.1,766.5,195358,0
2026-05-22T14:05:00+05:30,766.5,767.35,765.55,767.2,255277,0
2026-05-22T14:10:00+05:30,767.2,767.35,766.2,767.1,173484,0
2026-05-22T14:15:00+05:30,767.15,767.5,765.85,765.95,189053,0
2026-05-22T14:20:00+05:30,766.05,766.8,765.7,766.5,197838,0
2026-05-22T14:25:00+05:30,766.6,766.7,765.3,765.5,178276,0
2026-05-22T14:30:00+05:30,765.5,766.05,764.2,765.8,292618,0
2026-05-22T14:35:00+05:30,765.75,765.95,764.15,764.45,221004,0
2026-05-22T14:40:00+05:30,764.6,765.1,764.25,764.35,195966,0
2026-05-22T14:45:00+05:30,764.45,765.5,764.45,764.5,156385,0
2026-05-22T14:50:00+05:30,764.8,764.95,764.3,764.5,210069,0
2026-05-22T14:55:00+05:30,764.45,766.2,764.45,766.2,491849,0
2026-05-22T15:00:00+05:30,766.2,767.0,765.1,766.6,955847,0
2026-05-22T15:05:00+05:30,766.65,766.75,765.5,765.75,596666,0
2026-05-22T15:10:00+05:30,765.75,766.75,765.15,766.75,692766,0
2026-05-22T15:15:00+05:30,766.7,767.5,766.4,766.85,674788,0
2026-05-22T15:20:00+05:30,767.0,768.05,766.75,768.05,861995,0
2026-05-22T15:25:00+05:30,768.0,769.2,767.6,769.0,720403,0
2026-05-25T09:15:00+05:30,776.0,781.95,775.2,781.45,1906590,0
2026-05-25T09:20:00+05:30,781.45,783.95,781.4,783.85,1058209,0
2026-05-25T09:25:00+05:30,783.9,785.95,783.4,785.05,1609400,0
2026-05-25T09:30:00+05:30,785.2,785.9,782.65,783.55,757016,0
2026-05-25T09:35:00+05:30,783.75,783.75,782.3,782.85,505998,0
2026-05-25T09:40:00+05:30,782.9,782.9,781.35,782.55,395198,0
2026-05-25T09:45:00+05:30,782.55,782.65,780.65,781.05,429260,0
2026-05-25T09:50:00+05:30,781.1,781.15,779.6,780.8,345607,0
2026-05-25T09:55:00+05:30,780.9,780.9,779.75,780.55,232955,0
2026-05-25T10:00:00+05:30,780.65,781.4,780.25,780.6,984684,0
2026-05-25T10:05:00+05:30,780.65,781.0,779.65,780.55,366197,0
2026-05-25T10:10:00+05:30,780.55,781.95,780.4,781.35,455082,0
2026-05-25T10:15:00+05:30,781.5,783.35,781.1,783.05,270198,0
2026-05-25T10:20:00+05:30,783.1,783.25,782.45,782.65,162168,0
2026-05-25T10:25:00+05:30,782.5,783.0,782.15,782.9,129291,0
2026-05-25T10:30:00+05:30,782.9,784.05,782.75,784.05,249080,0
2026-05-25T10:35:00+05:30,784.1,785.6,783.95,785.05,968289,0
2026-05-25T10:40:00+05:30,785.05,785.4,784.7,785.15,337552,0
2026-05-25T10:45:00+05:30,785.15,785.9,784.55,785.4,263719,0
2026-05-25T10:50:00+05:30,785.45,785.5,784.7,785.5,270907,0
2026-05-25T10:55:00+05:30,785.5,785.75,784.85,785.1,191163,0
2026-05-25T11:00:00+05:30,785.15,785.2,783.85,784.5,325171,0
2026-05-25T11:05:00+05:30,784.5,784.6,783.85,784.05,137306,0
2026-05-25T11:10:00+05:30,784.1,785.0,784.05,784.85,175181,0
2026-05-25T11:15:00+05:30,784.9,785.0,784.35,784.6,197760,0
2026-05-25T11:20:00+05:30,784.65,784.9,784.2,784.35,157435,0
2026-05-25T11:25:00+05:30,784.4,785.0,783.9,784.6,297862,0
2026-05-25T11:30:00+05:30,784.7,784.9,783.75,783.95,200345,0
2026-05-25T11:35:00+05:30,784.1,784.8,783.55,784.25,184485,0
2026-05-25T11:40:00+05:30,784.3,784.95,784.0,784.3,167860,0
2026-05-25T11:45:00+05:30,784.35,784.75,784.0,784.5,147044,0
2026-05-25T11:50:00+05:30,784.6,784.6,784.15,784.55,114173,0
2026-05-25T11:55:00+05:30,784.6,784.6,784.15,784.4,115498,0
2026-05-25T12:00:00+05:30,784.4,784.4,783.0,783.25,287073,0
2026-05-25T12:05:00+05:30,783.25,783.75,782.95,783.45,132629,0
2026-05-25T12:10:00+05:30,783.45,783.8,783.35,783.45,98442,0
2026-05-25T12:15:00+05:30,783.45,783.95,783.1,783.75,163523,0
2026-05-25T12:20:00+05:30,783.75,783.85,783.4,783.65,85117,0
2026-05-25T12:25:00+05:30,783.65,783.7,783.2,783.2,99138,0
2026-05-25T12:30:00+05:30,783.25,783.85,783.1,783.6,150840,0
2026-05-25T12:35:00+05:30,783.6,784.0,783.3,783.6,156231,0
2026-05-25T12:40:00+05:30,783.6,783.8,783.1,783.35,182685,0
2026-05-25T12:45:00+05:30,783.5,783.7,782.85,782.9,229107,0
2026-05-25T12:50:00+05:30,782.9,783.3,782.6,783.25,145721,0
2026-05-25T12:55:00+05:30,783.15,783.4,783.05,783.1,142806,0
2026-05-25T13:00:00+05:30,783.2,784.9,782.85,784.35,370054,0
2026-05-25T13:05:00+05:30,784.35,784.9,784.0,784.55,170263,0
2026-05-25T13:10:00+05:30,784.6,785.0,784.35,784.85,214620,0
2026-05-25T13:15:00+05:30,784.9,784.95,784.45,784.7,167557,0
2026-05-25T13:20:00+05:30,784.7,784.9,784.35,784.4,162455,0
2026-05-25T13:25:00+05:30,784.4,784.9,784.1,784.4,284348,0
2026-05-25T13:30:00+05:30,784.4,784.45,784.0,784.25,117242,0
2026-05-25T13:35:00+05:30,784.3,784.45,783.6,783.85,150605,0
2026-05-25T13:40:00+05:30,783.9,783.9,783.1,783.45,177229,0
2026-05-25T13:45:00+05:30,783.5,783.9,783.35,783.7,120098,0
2026-05-25T13:50:00+05:30,783.7,784.0,783.55,783.95,213520,0
2026-05-25T13:55:00+05:30,784.0,784.0,783.35,783.55,178634,0
2026-05-25T14:00:00+05:30,783.6,785.0,783.35,784.7,429205,0
2026-05-25T14:05:00+05:30,784.7,784.9,784.25,784.35,155816,0
2026-05-25T14:10:00+05:30,784.3,784.6,783.85,784.0,265774,0
2026-05-25T14:15:00+05:30,784.0,784.0,782.9,783.0,743792,0
2026-05-25T14:20:00+05:30,783.0,783.75,782.95,783.5,189706,0
2026-05-25T14:25:00+05:30,783.5,784.3,783.45,784.25,146158,0
2026-05-25T14:30:00+05:30,784.25,785.5,784.2,785.5,389083,0
2026-05-25T14:35:00+05:30,785.5,786.5,785.4,786.05,441769,0
2026-05-25T14:40:00+05:30,786.2,786.6,786.0,786.4,238166,0
2026-05-25T14:45:00+05:30,786.5,787.7,786.35,786.85,419713,0
2026-05-25T14:50:00+05:30,787.0,787.0,786.2,786.95,274239,0
2026-05-25T14:55:00+05:30,786.95,787.2,786.5,786.8,478786,0
2026-05-25T15:00:00+05:30,786.85,787.1,786.4,786.8,449676,0
2026-05-25T15:05:00+05:30,786.8,786.8,786.05,786.6,459172,0
2026-05-25T15:10:00+05:30,786.6,787.3,786.3,787.1,519003,0
2026-05-25T15:15:00+05:30,787.1,787.2,785.85,786.5,562190,0
2026-05-25T15:20:00+05:30,786.5,787.05,786.05,786.85,560597,0
2026-05-25T15:25:00+05:30,786.85,787.85,786.1,787.45,660672,0
2026-05-26T09:15:00+05:30,784.05,788.35,784.05,788.2,889374,0
2026-05-26T09:20:00+05:30,788.2,788.8,787.05,787.2,503882,0
2026-05-26T09:25:00+05:30,787.1,788.35,786.5,787.95,445926,0
2026-05-26T09:30:00+05:30,787.9,789.9,787.85,789.5,411406,0
2026-05-26T09:35:00+05:30,789.5,790.85,789.0,789.85,451935,0
2026-05-26T09:40:00+05:30,789.75,790.3,788.15,789.05,301369,0
2026-05-26T09:45:00+05:30,789.05,789.3,788.25,788.4,230158,0
2026-05-26T09:50:00+05:30,788.4,789.2,787.15,787.25,286639,0
2026-05-26T09:55:00+05:30,787.2,787.9,785.75,786.6,422523,0
2026-05-26T10:00:00+05:30,786.55,787.55,785.5,787.15,312683,0
2026-05-26T10:05:00+05:30,787.15,787.4,786.15,787.2,296524,0
2026-05-26T10:10:00+05:30,787.1,788.25,787.0,788.05,273520,0
2026-05-26T10:15:00+05:30,788.0,788.8,787.75,788.0,301231,0
2026-05-26T10:20:00+05:30,788.0,790.15,787.6,789.85,620921,0
2026-05-26T10:25:00+05:30,789.95,790.2,789.35,789.75,378126,0
2026-05-26T10:30:00+05:30,789.6,790.15,789.0,789.9,294356,0
2026-05-26T10:35:00+05:30,789.95,790.5,789.85,790.35,266164,0
2026-05-26T10:40:00+05:30,790.35,790.6,789.55,789.85,389589,0
2026-05-26T10:45:00+05:30,789.85,789.95,789.15,789.6,151271,0
2026-05-26T10:50:00+05:30,789.6,789.9,789.0,789.65,219803,0
2026-05-26T10:55:00+05:30,789.65,790.0,789.15,789.15,327476,0
2026-05-26T11:00:00+05:30,789.25,790.0,788.85,789.5,442969,0
2026-05-26T11:05:00+05:30,789.5,789.6,788.5,789.2,182587,0
2026-05-26T11:10:00+05:30,789.2,790.0,789.2,789.55,177585,0
2026-05-26T11:15:00+05:30,789.55,789.85,788.5,788.75,234369,0
2026-05-26T11:20:00+05:30,788.75,788.9,787.65,787.7,183009,0
2026-05-26T11:25:00+05:30,787.7,788.7,787.7,788.35,136822,0
2026-05-26T11:30:00+05:30,788.35,788.55,787.1,788.0,192400,0
2026-05-26T11:35:00+05:30,788.1,790.2,788.0,790.15,646120,0
2026-05-26T11:40:00+05:30,790.15,790.4,789.45,789.65,264967,0
2026-05-26T11:45:00+05:30,789.45,789.85,789.05,789.5,181176,0
2026-05-26T11:50:00+05:30,789.6,789.85,788.95,789.2,275270,0
2026-05-26T11:55:00+05:30,789.4,789.6,788.1,788.45,162458,0
2026-05-26T12:00:00+05:30,788.4,788.7,786.6,787.9,274170,0
2026-05-26T12:05:00+05:30,787.65,787.8,785.9,786.05,254049,0
2026-05-26T12:10:00+05:30,786.15,786.8,785.6,785.7,143799,0
2026-05-26T12:15:00+05:30,785.7,785.95,785.25,785.5,175064,0
2026-05-26T12:20:00+05:30,785.5,785.8,785.3,785.3,176097,0
2026-05-26T12:25:00+05:30,785.3,785.5,785.0,785.35,138172,0
2026-05-26T12:30:00+05:30,785.2,785.5,784.9,784.9,208541,0
2026-05-26T12:35:00+05:30,785.05,785.3,784.35,785.1,226677,0
2026-05-26T12:40:00+05:30,785.0,785.65,784.6,785.3,463159,0
2026-05-26T12:45:00+05:30,785.3,785.75,785.0,785.5,454678,0
2026-05-26T12:50:00+05:30,785.5,785.6,783.4,784.9,1275864,0
2026-05-26T12:55:00+05:30,784.9,785.7,784.25,785.4,425783,0
2026-05-26T13:00:00+05:30,785.4,785.45,782.65,783.3,443292,0
2026-05-26T13:05:00+05:30,783.4,783.85,782.75,782.9,183279,0
2026-05-26T13:10:00+05:30,783.0,783.5,782.7,783.2,150689,0
2026-05-26T13:15:00+05:30,783.05,783.5,782.05,783.5,162612,0
2026-05-26T13:20:00+05:30,783.5,783.85,782.65,782.7,388618,0
2026-05-26T13:25:00+05:30,782.65,784.55,782.55,784.35,817884,0
2026-05-26T13:30:00+05:30,784.35,784.85,783.05,783.15,482423,0
2026-05-26T13:35:00+05:30,783.2,783.7,782.7,782.75,185003,0
2026-05-26T13:40:00+05:30,782.7,784.15,782.1,782.15,385050,0
2026-05-26T13:45:00+05:30,782.2,783.1,782.0,782.8,338328,0
2026-05-26T13:50:00+05:30,782.8,782.95,781.3,781.85,371873,0
2026-05-26T13:55:00+05:30,781.85,782.1,781.0,781.15,195177,0
2026-05-26T14:00:00+05:30,781.1,781.4,780.45,780.85,238121,0
2026-05-26T14:05:00+05:30,780.65,782.25,780.35,780.65,453714,0
2026-05-26T14:10:00+05:30,780.5,780.8,779.4,780.55,697179,0
2026-05-26T14:15:00+05:30,780.6,781.0,779.65,780.5,208415,0
2026-05-26T14:20:00+05:30,780.7,781.75,780.0,781.45,361702,0
2026-05-26T14:25:00+05:30,781.45,782.05,779.45,780.85,586050,0
2026-05-26T14:30:00+05:30,780.8,781.85,779.8,780.2,670230,0
2026-05-26T14:35:00+05:30,780.2,780.3,778.6,778.8,888767,0
2026-05-26T14:40:00+05:30,778.85,778.85,777.6,778.05,372528,0
2026-05-26T14:45:00+05:30,777.85,778.85,777.5,778.35,222679,0
2026-05-26T14:50:00+05:30,778.2,778.65,777.75,778.45,154979,0
2026-05-26T14:55:00+05:30,778.45,780.0,778.25,779.65,204195,0
2026-05-26T15:00:00+05:30,779.8,780.65,778.0,778.95,1520046,0
2026-05-26T15:05:00+05:30,779.05,780.55,776.75,780.2,2657226,0
2026-05-26T15:10:00+05:30,780.2,780.4,777.55,778.9,1294329,0
2026-05-26T15:15:00+05:30,778.95,779.35,778.45,779.0,584273,0
2026-05-26T15:20:00+05:30,779.1,780.2,779.0,780.1,599730,0
2026-05-26T15:25:00+05:30,780.1,781.5,779.6,780.25,512387,0
2026-05-27T09:15:00+05:30,769.5,773.9,762.0,770.5,7510321,0
2026-05-27T09:20:00+05:30,770.5,771.8,766.65,767.75,1563732,0
2026-05-27T09:25:00+05:30,767.75,767.75,764.55,765.4,1027753,0
2026-05-27T09:30:00+05:30,765.3,765.35,762.55,763.95,1412484,0
2026-05-27T09:35:00+05:30,763.9,765.0,763.0,764.85,1089647,0
2026-05-27T09:40:00+05:30,764.85,766.7,764.75,765.9,692379,0
2026-05-27T09:45:00+05:30,765.9,766.0,763.4,764.25,804979,0
2026-05-27T09:50:00+05:30,764.25,764.35,763.2,763.45,474816,0
2026-05-27T09:55:00+05:30,763.45,763.9,761.25,761.95,1176171,0
2026-05-27T10:00:00+05:30,761.95,762.9,761.25,762.9,658759,0
2026-05-27T10:05:00+05:30,762.85,764.25,762.75,763.65,918159,0
2026-05-27T10:10:00+05:30,763.65,764.7,762.9,764.5,590796,0
2026-05-27T10:15:00+05:30,764.4,765.0,764.0,764.7,397106,0
2026-05-27T10:20:00+05:30,764.7,765.3,764.5,765.15,526856,0
2026-05-27T10:25:00+05:30,765.15,765.5,764.95,765.2,402310,0
2026-05-27T10:30:00+05:30,765.15,765.2,763.7,764.3,420648,0
2026-05-27T10:35:00+05:30,764.3,765.5,763.95,764.3,422783,0
2026-05-27T10:40:00+05:30,764.3,764.6,763.5,763.7,223359,0
2026-05-27T10:45:00+05:30,763.7,764.3,763.1,764.3,463723,0
2026-05-27T10:50:00+05:30,764.25,764.85,763.8,764.85,194101,0
2026-05-27T10:55:00+05:30,764.85,765.0,763.7,764.55,524958,0
2026-05-27T11:00:00+05:30,764.55,764.6,763.95,764.15,166725,0
2026-05-27T11:05:00+05:30,764.15,765.0,763.95,764.75,312930,0
2026-05-27T11:10:00+05:30,764.75,765.45,764.45,765.3,256515,0
2026-05-27T11:15:00+05:30,765.25,765.95,765.0,765.85,265211,0
2026-05-27T11:20:00+05:30,765.85,766.2,765.5,766.0,413611,0
2026-05-27T11:25:00+05:30,766.0,766.05,765.45,765.6,219208,0
2026-05-27T11:30:00+05:30,765.6,765.75,765.0,765.2,378410,0
2026-05-27T11:35:00+05:30,765.2,765.25,764.0,764.1,321720,0
2026-05-27T11:40:00+05:30,764.15,764.5,764.0,764.1,289397,0
2026-05-27T11:45:00+05:30,764.1,764.15,763.3,763.45,642249,0
2026-05-27T11:50:00+05:30,763.6,763.95,763.35,763.7,314582,0
2026-05-27T11:55:00+05:30,763.65,764.0,763.1,763.3,381923,0
2026-05-27T12:00:00+05:30,763.2,763.4,762.2,762.35,505638,0
2026-05-27T12:05:00+05:30,762.35,762.75,761.5,762.15,673169,0
2026-05-27T12:10:00+05:30,762.05,762.2,761.3,761.7,508239,0
2026-05-27T12:15:00+05:30,761.7,762.4,761.55,761.95,662643,0
2026-05-27T12:20:00+05:30,761.9,762.0,761.25,761.55,713013,0
2026-05-27T12:25:00+05:30,761.45,761.65,760.55,760.75,1086419,0
2026-05-27T12:30:00+05:30,760.7,761.4,760.5,761.15,310062,0
2026-05-27T12:35:00+05:30,761.15,762.3,761.0,761.75,350065,0
2026-05-27T12:40:00+05:30,761.75,762.25,761.5,762.25,295290,0
2026-05-27T12:45:00+05:30,762.25,762.25,761.5,761.75,252486,0
2026-05-27T12:50:00+05:30,761.9,761.9,760.55,760.6,371122,0
2026-05-27T12:55:00+05:30,760.7,760.8,759.5,759.75,973946,0
2026-05-27T13:00:00+05:30,759.75,760.0,759.05,759.55,583245,0
2026-05-27T13:05:00+05:30,759.6,760.2,758.1,758.45,889881,0
2026-05-27T13:10:00+05:30,758.45,760.05,758.4,758.75,1068832,0
2026-05-27T13:15:00+05:30,758.9,760.25,758.5,759.15,519063,0
2026-05-27T13:20:00+05:30,759.05,759.9,758.4,759.6,450370,0
2026-05-27T13:25:00+05:30,759.4,759.95,758.65,759.4,461571,0
2026-05-27T13:30:00+05:30,759.4,760.25,759.25,760.25,430980,0
2026-05-27T13:35:00+05:30,760.2,761.2,759.75,760.65,849715,0
2026-05-27T13:40:00+05:30,760.6,760.9,759.1,759.2,780577,0
2026-05-27T13:45:00+05:30,759.3,759.75,758.55,758.9,554559,0
2026-05-27T13:50:00+05:30,758.9,759.6,758.6,759.5,308787,0
2026-05-27T13:55:00+05:30,759.55,759.8,759.3,759.35,420373,0
2026-05-27T14:00:00+05:30,759.4,760.35,759.3,760.0,694826,0
2026-05-27T14:05:00+05:30,760.0,761.2,759.85,760.45,728790,0
2026-05-27T14:10:00+05:30,760.45,760.45,759.2,759.4,499157,0
2026-05-27T14:15:00+05:30,759.45,760.05,759.0,759.25,884429,0
2026-05-27T14:20:00+05:30,759.25,761.5,759.15,761.45,1095436,0
2026-05-27T14:25:00+05:30,761.45,761.5,758.65,759.35,1873613,0
2026-05-27T14:30:00+05:30,759.2,759.65,758.55,758.75,588511,0
2026-05-27T14:35:00+05:30,758.75,759.5,758.5,759.2,855197,0
2026-05-27T14:40:00+05:30,759.2,759.95,758.0,758.05,1728337,0
2026-05-27T14:45:00+05:30,758.0,758.4,757.6,758.15,826069,0
2026-05-27T14:50:00+05:30,758.15,758.3,757.2,757.7,1116362,0
2026-05-27T14:55:00+05:30,757.7,758.1,757.15,757.8,896397,0
2026-05-27T15:00:00+05:30,757.75,758.0,756.9,757.9,1721252,0
2026-05-27T15:05:00+05:30,757.85,758.95,757.35,758.95,1555719,0
2026-05-27T15:10:00+05:30,758.95,759.5,758.7,759.5,1676001,0
2026-05-27T15:15:00+05:30,759.55,759.95,759.1,759.35,2070780,0
2026-05-27T15:20:00+05:30,759.4,759.55,758.0,758.4,1638012,0
2026-05-27T15:25:00+05:30,758.45,760.0,758.0,759.15,1427141,0
2026-05-29T09:15:00+05:30,746.05,756.7,746.05,754.75,3882401,0
2026-05-29T09:20:00+05:30,754.75,755.85,752.0,753.35,1393320,0
2026-05-29T09:25:00+05:30,753.35,753.4,750.5,751.1,1068136,0
2026-05-29T09:30:00+05:30,751.1,752.75,750.75,752.0,583200,0
2026-05-29T09:35:00+05:30,752.0,755.85,751.95,755.45,858706,0
2026-05-29T09:40:00+05:30,755.45,756.4,754.8,755.1,793658,0
2026-05-29T09:45:00+05:30,755.0,755.9,754.65,755.35,415949,0
2026-05-29T09:50:00+05:30,755.35,756.25,754.8,755.45,352402,0
2026-05-29T09:55:00+05:30,755.45,757.7,753.75,757.45,788700,0
2026-05-29T10:00:00+05:30,757.45,757.6,755.5,757.4,449421,0
2026-05-29T10:05:00+05:30,757.25,759.4,757.25,758.6,527947,0
2026-05-29T10:10:00+05:30,758.6,759.0,758.3,758.75,434651,0
2026-05-29T10:15:00+05:30,758.75,759.05,757.2,757.6,492378,0
2026-05-29T10:20:00+05:30,757.75,759.7,757.55,759.0,399113,0
2026-05-29T10:25:00+05:30,758.95,759.6,757.95,758.15,404710,0
2026-05-29T10:30:00+05:30,758.15,758.15,757.0,757.65,540124,0
2026-05-29T10:35:00+05:30,757.65,758.75,757.6,757.9,441680,0
2026-05-29T10:40:00+05:30,757.8,758.5,756.25,757.2,567230,0
2026-05-29T10:45:00+05:30,757.2,758.0,756.75,757.45,333947,0
2026-05-29T10:50:00+05:30,757.45,757.95,756.9,757.95,263668,0
2026-05-29T10:55:00+05:30,757.9,759.85,757.6,759.05,487881,0
2026-05-29T11:00:00+05:30,759.05,760.4,758.5,760.15,576754,0
2026-05-29T11:05:00+05:30,760.1,760.5,759.1,759.25,444468,0
2026-05-29T11:10:00+05:30,759.25,759.85,758.75,759.0,256791,0
2026-05-29T11:15:00+05:30,759.0,759.4,758.2,758.55,309828,0
2026-05-29T11:20:00+05:30,758.6,758.7,757.3,757.7,642223,0
2026-05-29T11:25:00+05:30,757.7,758.0,757.1,757.2,182538,0
2026-05-29T11:30:00+05:30,757.2,757.7,756.5,757.0,284155,0
2026-05-29T11:35:00+05:30,757.0,758.0,756.85,757.15,258510,0
2026-05-29T11:40:00+05:30,757.4,757.9,757.05,757.75,264143,0
2026-05-29T11:45:00+05:30,757.9,758.15,757.4,757.75,315311,0
2026-05-29T11:50:00+05:30,757.7,759.5,757.65,759.25,324403,0
2026-05-29T11:55:00+05:30,759.1,759.25,758.35,758.65,179367,0
2026-05-29T12:00:00+05:30,758.7,758.7,757.35,757.8,189031,0
2026-05-29T12:05:00+05:30,757.8,757.95,757.25,757.4,157732,0
2026-05-29T12:10:00+05:30,757.45,757.45,756.25,756.9,332965,0
2026-05-29T12:15:00+05:30,756.9,756.9,755.6,756.2,319814,0
2026-05-29T12:20:00+05:30,756.2,756.7,755.8,756.3,195481,0
2026-05-29T12:25:00+05:30,756.35,756.85,756.2,756.8,137302,0
2026-05-29T12:30:00+05:30,756.8,756.85,755.9,756.0,237536,0
2026-05-29T12:35:00+05:30,756.1,757.5,755.85,757.3,235667,0
2026-05-29T12:40:00+05:30,757.35,757.35,756.15,756.2,177028,0
2026-05-29T12:45:00+05:30,756.15,756.2,755.5,756.05,221390,0
2026-05-29T12:50:00+05:30,756.05,756.05,755.25,755.55,207500,0
2026-05-29T12:55:00+05:30,755.3,755.55,754.15,754.6,340482,0
2026-05-29T13:00:00+05:30,754.6,754.7,753.8,754.0,276403,0
2026-05-29T13:05:00+05:30,754.05,754.3,753.6,753.7,222768,0
2026-05-29T13:10:00+05:30,753.7,754.35,753.5,753.7,249022,0
2026-05-29T13:15:00+05:30,753.65,753.9,753.1,753.6,222989,0
2026-05-29T13:20:00+05:30,753.6,753.8,753.0,753.3,335011,0
2026-05-29T13:25:00+05:30,753.25,754.0,753.1,753.55,223003,0
2026-05-29T13:30:00+05:30,753.5,753.95,753.3,753.4,191898,0
2026-05-29T13:35:00+05:30,753.45,753.95,753.0,753.1,270692,0
2026-05-29T13:40:00+05:30,753.1,753.55,752.8,752.8,321822,0
2026-05-29T13:45:00+05:30,752.85,753.2,752.0,752.0,374577,0
2026-05-29T13:50:00+05:30,752.0,752.9,752.0,752.9,490551,0
2026-05-29T13:55:00+05:30,752.8,753.65,752.5,753.05,197547,0
2026-05-29T14:00:00+05:30,753.05,753.7,752.9,753.35,229660,0
2026-05-29T14:05:00+05:30,753.3,753.85,753.2,753.25,271015,0
2026-05-29T14:10:00+05:30,753.25,753.7,753.1,753.3,219723,0
2026-05-29T14:15:00+05:30,753.3,753.5,752.5,753.0,325570,0
2026-05-29T14:20:00+05:30,753.0,753.4,752.85,753.1,272428,0
2026-05-29T14:25:00+05:30,753.1,754.45,752.85,753.7,449442,0
2026-05-29T14:30:00+05:30,753.7,754.9,753.65,754.15,235542,0
2026-05-29T14:35:00+05:30,754.15,755.5,754.1,755.05,424068,0
2026-05-29T14:40:00+05:30,755.05,755.45,754.65,755.0,400865,0
2026-05-29T14:45:00+05:30,755.0,755.25,754.1,754.8,295361,0
2026-05-29T14:50:00+05:30,754.75,754.8,753.7,754.15,402573,0
2026-05-29T14:55:00+05:30,754.15,754.6,753.3,753.6,463096,0
2026-05-29T15:00:00+05:30,753.6,753.65,744.0,744.8,14232069,0
2026-05-29T15:05:00+05:30,745.1,745.35,741.8,743.5,12503374,0
2026-05-29T15:10:00+05:30,743.5,746.05,743.0,745.25,12528395,0
2026-05-29T15:15:00+05:30,745.25,746.55,744.1,745.2,11283768,0
2026-05-29T15:20:00+05:30,745.0,745.4,739.0,739.15,10793936,0
2026-05-29T15:25:00+05:30,739.2,747.5,737.75,747.25,7678913,0
2026-06-01T09:15:00+05:30,749.0,752.35,744.0,749.15,2115511,0
2026-06-01T09:20:00+05:30,749.1,749.5,747.3,748.0,670638,0
2026-06-01T09:25:00+05:30,748.05,749.0,746.55,746.75,549803,0
2026-06-01T09:30:00+05:30,746.75,748.0,746.5,747.4,445768,0
2026-06-01T09:35:00+05:30,747.4,747.7,745.1,746.65,533069,0
2026-06-01T09:40:00+05:30,746.65,747.25,743.5,743.75,634698,0
2026-06-01T09:45:00+05:30,743.6,745.1,743.1,743.85,347750,0
2026-06-01T09:50:00+05:30,743.9,745.65,743.85,744.15,313729,0
2026-06-01T09:55:00+05:30,744.15,744.8,743.25,743.65,258691,0
2026-06-01T10:00:00+05:30,743.65,744.7,743.6,744.55,258095,0
2026-06-01T10:05:00+05:30,744.55,745.95,744.55,745.85,296644,0
2026-06-01T10:10:00+05:30,745.85,745.95,744.4,744.65,230442,0
2026-06-01T10:15:00+05:30,744.6,745.4,744.2,745.25,174379,0
2026-06-01T10:20:00+05:30,745.15,745.4,744.2,744.2,149510,0
2026-06-01T10:25:00+05:30,744.25,744.25,743.2,743.9,188107,0
2026-06-01T10:30:00+05:30,743.8,744.25,743.25,743.95,210835,0
2026-06-01T10:35:00+05:30,744.0,744.9,743.45,744.35,178915,0
2026-06-01T10:40:00+05:30,744.35,744.85,744.0,744.0,268731,0
2026-06-01T10:45:00+05:30,744.0,745.45,744.0,745.25,302403,0
2026-06-01T10:50:00+05:30,745.25,746.1,744.9,746.1,199902,0
2026-06-01T10:55:00+05:30,746.05,746.4,745.0,745.65,256098,0
2026-06-01T11:00:00+05:30,745.65,746.75,745.45,746.0,207069,0
2026-06-01T11:05:00+05:30,745.95,746.4,744.8,746.3,193951,0
2026-06-01T11:10:00+05:30,746.3,746.55,745.55,745.9,162546,0
2026-06-01T11:15:00+05:30,745.95,746.7,745.65,745.7,231451,0
2026-06-01T11:20:00+05:30,745.6,745.65,745.0,745.2,162584,0
2026-06-01T11:25:00+05:30,745.25,745.6,744.9,745.1,249935,0
2026-06-01T11:30:00+05:30,745.1,745.8,744.7,745.3,181310,0
2026-06-01T11:35:00+05:30,745.3,746.3,745.3,745.9,269608,0
2026-06-01T11:40:00+05:30,745.95,746.0,745.6,745.85,162546,0
2026-06-01T11:45:00+05:30,745.8,745.95,745.2,745.65,143991,0
2026-06-01T11:50:00+05:30,745.65,746.4,745.5,746.1,186711,0
2026-06-01T11:55:00+05:30,746.15,746.2,744.1,744.15,198968,0
2026-06-01T12:00:00+05:30,744.2,745.4,744.1,745.0,470646,0
2026-06-01T12:05:00+05:30,745.05,746.15,745.0,745.45,707917,0
2026-06-01T12:10:00+05:30,745.45,745.8,744.7,745.35,629219,0
2026-06-01T12:15:00+05:30,745.4,745.75,745.0,745.7,374327,0
2026-06-01T12:20:00+05:30,745.7,745.9,745.15,745.8,313116,0
2026-06-01T12:25:00+05:30,745.8,745.85,745.5,745.75,186642,0
2026-06-01T12:30:00+05:30,745.7,745.9,745.5,745.8,174187,0
2026-06-01T12:35:00+05:30,745.8,745.85,745.0,745.4,219086,0
2026-06-01T12:40:00+05:30,745.35,745.5,745.0,745.25,160268,0
2026-06-01T12:45:00+05:30,745.25,746.0,745.2,745.9,156266,0
2026-06-01T12:50:00+05:30,745.9,746.0,745.4,745.55,166656,0
2026-06-01T12:55:00+05:30,745.55,745.8,744.55,744.85,189550,0
2026-06-01T13:00:00+05:30,744.9,745.45,743.65,743.95,337094,0
2026-06-01T13:05:00+05:30,743.9,743.95,742.4,743.1,297923,0
2026-06-01T13:10:00+05:30,743.1,743.1,742.1,742.35,292412,0
2026-06-01T13:15:00+05:30,742.35,743.25,742.3,743.2,207922,0
2026-06-01T13:20:00+05:30,743.15,743.3,742.6,742.85,250716,0
2026-06-01T13:25:00+05:30,742.85,743.2,742.0,742.65,232826,0
2026-06-01T13:30:00+05:30,742.6,744.7,742.4,744.05,261960,0
2026-06-01T13:35:00+05:30,744.05,744.6,743.5,744.55,172952,0
2026-06-01T13:40:00+05:30,744.5,744.55,743.95,744.3,150799,0
2026-06-01T13:45:00+05:30,744.25,744.85,743.7,744.75,175964,0
2026-06-01T13:50:00+05:30,744.75,744.9,744.0,744.05,175103,0
2026-06-01T13:55:00+05:30,744.05,744.7,744.0,744.6,201183,0
2026-06-01T14:00:00+05:30,744.6,744.9,743.7,744.7,202578,0
2026-06-01T14:05:00+05:30,744.7,744.85,743.35,743.7,188969,0
2026-06-01T14:10:00+05:30,743.7,743.75,742.95,743.2,208991,0
2026-06-01T14:15:00+05:30,743.2,743.25,742.0,742.35,363933,0
2026-06-01T14:20:00+05:30,742.3,742.35,741.15,741.6,423382,0
2026-06-01T14:25:00+05:30,741.6,742.4,741.2,742.0,461402,0
2026-06-01T14:30:00+05:30,742.15,742.2,741.0,741.35,301928,0
2026-06-01T14:35:00+05:30,741.35,742.9,741.3,742.7,312041,0
2026-06-01T14:40:00+05:30,742.7,743.0,742.4,742.75,335814,0
2026-06-01T14:45:00+05:30,742.75,743.3,741.55,742.15,514494,0
2026-06-01T14:50:00+05:30,742.1,742.15,740.2,740.6,546066,0
2026-06-01T14:55:00+05:30,740.6,740.65,739.2,740.3,785961,0
2026-06-01T15:00:00+05:30,740.2,742.3,739.8,742.1,6162747,0
2026-06-01T15:05:00+05:30,742.15,744.7,741.3,744.3,5291000,0
2026-06-01T15:10:00+05:30,744.3,744.7,742.65,743.05,4528717,0
2026-06-01T15:15:00+05:30,743.0,744.75,741.8,742.6,3161378,0
2026-06-01T15:20:00+05:30,742.6,744.05,742.5,742.75,2972148,0
2026-06-01T15:25:00+05:30,742.7,744.75,740.8,742.5,3256324,0
2026-06-02T09:15:00+05:30,737.0,739.9,735.55,736.75,1939397,0
2026-06-02T09:20:00+05:30,736.7,736.95,734.6,735.5,903473,0
2026-06-02T09:25:00+05:30,735.5,736.95,735.25,735.85,536431,0
2026-06-02T09:30:00+05:30,735.85,736.4,735.1,735.95,343901,0
2026-06-02T09:35:00+05:30,735.95,736.4,735.55,736.05,332852,0
2026-06-02T09:40:00+05:30,736.05,736.1,734.35,735.6,569326,0
2026-06-02T09:45:00+05:30,735.6,735.9,734.6,735.2,248001,0
2026-06-02T09:50:00+05:30,735.2,735.5,734.0,734.65,397124,0
2026-06-02T09:55:00+05:30,734.7,735.9,734.65,735.1,402809,0
2026-06-02T10:00:00+05:30,735.2,735.9,734.95,735.35,382846,0
2026-06-02T10:05:00+05:30,735.35,735.6,733.2,733.7,587759,0
2026-06-02T10:10:00+05:30,733.7,734.8,733.15,734.35,1175249,0
2026-06-02T10:15:00+05:30,734.4,735.8,734.3,735.75,517208,0
2026-06-02T10:20:00+05:30,735.75,740.45,735.7,740.05,1540716,0
2026-06-02T10:25:00+05:30,740.0,742.4,739.5,741.9,1033686,0
2026-06-02T10:30:00+05:30,742.0,742.2,740.0,741.3,423455,0
2026-06-02T10:35:00+05:30,741.3,742.45,740.2,742.0,602777,0
2026-06-02T10:40:00+05:30,742.0,742.0,740.55,741.5,373658,0
2026-06-02T10:45:00+05:30,741.45,741.95,740.6,741.55,218527,0
2026-06-02T10:50:00+05:30,741.7,741.7,740.35,740.8,259425,0
2026-06-02T10:55:00+05:30,741.0,745.5,740.4,745.0,793456,0
2026-06-02T11:00:00+05:30,745.0,745.7,744.05,744.95,343769,0
2026-06-02T11:05:00+05:30,744.95,745.3,743.25,743.55,197785,0
2026-06-02T11:10:00+05:30,743.55,744.75,743.0,744.3,229208,0
2026-06-02T11:15:00+05:30,744.5,744.7,742.85,743.55,191082,0
2026-06-02T11:20:00+05:30,743.75,746.4,743.4,746.0,339128,0
2026-06-02T11:25:00+05:30,746.0,746.15,744.5,744.9,229347,0
2026-06-02T11:30:00+05:30,744.9,745.3,744.6,745.0,250519,0
2026-06-02T11:35:00+05:30,745.0,745.0,744.0,744.15,139948,0
2026-06-02T11:40:00+05:30,744.1,745.4,743.5,744.45,1117727,0
2026-06-02T11:45:00+05:30,744.45,745.0,743.3,744.85,943236,0
2026-06-02T11:50:00+05:30,744.85,745.7,744.7,745.65,631562,0
2026-06-02T11:55:00+05:30,745.7,745.8,744.5,745.5,881340,0
2026-06-02T12:00:00+05:30,745.5,747.35,745.0,746.5,366059,0
2026-06-02T12:05:00+05:30,746.6,747.15,746.25,747.0,179064,0
2026-06-02T12:10:00+05:30,747.0,747.1,746.4,746.55,148787,0
2026-06-02T12:15:00+05:30,746.55,748.0,746.5,747.2,433059,0
2026-06-02T12:20:00+05:30,747.1,748.25,746.7,747.4,596651,0
2026-06-02T12:25:00+05:30,747.4,748.1,745.65,746.35,1544779,0
2026-06-02T12:30:00+05:30,746.45,749.0,745.7,747.5,732264,0
2026-06-02T12:35:00+05:30,747.5,748.85,746.45,748.3,883191,0
2026-06-02T12:40:00+05:30,748.35,749.0,747.6,748.85,340098,0
2026-06-02T12:45:00+05:30,748.85,751.7,748.7,751.1,924138,0
2026-06-02T12:50:00+05:30,751.2,753.3,751.0,752.7,1014179,0
2026-06-02T12:55:00+05:30,752.7,753.1,751.5,752.55,523902,0
2026-06-02T13:00:00+05:30,752.55,752.8,751.15,751.45,635576,0
2026-06-02T13:05:00+05:30,751.5,752.25,750.95,751.1,1014915,0
2026-06-02T13:10:00+05:30,750.95,751.75,750.35,751.0,399971,0
2026-06-02T13:15:00+05:30,751.0,751.3,749.4,749.6,500632,0
2026-06-02T13:20:00+05:30,749.6,750.0,748.3,749.7,1700542,0
2026-06-02T13:25:00+05:30,749.75,750.45,749.45,750.15,423088,0
2026-06-02T13:30:00+05:30,750.15,750.65,749.5,749.65,246736,0
2026-06-02T13:35:00+05:30,749.65,749.8,748.0,748.25,478152,0
2026-06-02T13:40:00+05:30,748.25,748.95,747.8,747.95,231695,0
2026-06-02T13:45:00+05:30,747.95,749.0,747.75,748.55,511210,0
2026-06-02T13:50:00+05:30,748.6,748.6,746.95,747.4,355242,0
2026-06-02T13:55:00+05:30,747.35,748.2,747.0,748.15,247935,0
2026-06-02T14:00:00+05:30,748.15,750.4,747.95,750.15,267091,0
2026-06-02T14:05:00+05:30,750.15,750.6,749.55,750.6,186581,0
2026-06-02T14:10:00+05:30,750.55,750.6,749.65,750.0,169053,0
2026-06-02T14:15:00+05:30,750.15,750.5,749.1,749.35,292649,0
2026-06-02T14:20:00+05:30,749.35,752.0,749.0,749.25,977017,0
2026-06-02T14:25:00+05:30,749.25,753.6,748.3,750.65,2366440,0
2026-06-02T14:30:00+05:30,750.65,752.05,749.5,751.6,952335,0
2026-06-02T14:35:00+05:30,751.7,751.8,749.25,749.25,372894,0
2026-06-02T14:40:00+05:30,749.2,749.6,747.3,747.45,395685,0
2026-06-02T14:45:00+05:30,747.45,748.3,746.45,748.2,346394,0
2026-06-02T14:50:00+05:30,748.3,748.8,747.5,747.9,301135,0
2026-06-02T14:55:00+05:30,747.9,748.0,746.45,746.5,279260,0
2026-06-02T15:00:00+05:30,746.55,747.9,745.95,747.05,1189430,0
2026-06-02T15:05:00+05:30,747.0,749.6,746.2,749.05,2560208,0
2026-06-02T15:10:00+05:30,749.0,750.45,748.75,749.6,787703,0
2026-06-02T15:15:00+05:30,749.6,750.7,749.35,750.25,468543,0
2026-06-02T15:20:00+05:30,750.25,750.4,749.3,749.35,505567,0
2026-06-02T15:25:00+05:30,749.4,749.5,748.25,749.15,432495,0
2026-06-03T09:15:00+05:30,744.45,748.1,743.0,747.05,1570705,0
2026-06-03T09:20:00+05:30,747.1,748.25,745.15,746.85,455035,0
2026-06-03T09:25:00+05:30,746.85,747.3,745.55,746.75,314983,0
2026-06-03T09:30:00+05:30,746.75,747.4,745.0,745.2,467582,0
2026-06-03T09:35:00+05:30,745.2,745.85,744.45,744.75,390985,0
2026-06-03T09:40:00+05:30,744.75,744.9,743.5,743.65,449743,0
2026-06-03T09:45:00+05:30,743.85,744.2,743.2,743.95,295118,0
2026-06-03T09:50:00+05:30,743.95,745.95,743.8,744.0,394494,0
2026-06-03T09:55:00+05:30,744.4,745.9,743.8,745.0,864418,0
2026-06-03T10:00:00+05:30,745.0,746.85,744.95,746.85,798075,0
2026-06-03T10:05:00+05:30,746.85,748.2,745.9,746.65,394815,0
2026-06-03T10:10:00+05:30,746.7,747.1,745.35,745.9,204646,0
2026-06-03T10:15:00+05:30,745.9,746.5,745.3,746.5,263035,0
2026-06-03T10:20:00+05:30,746.5,746.9,745.55,745.65,165209,0
2026-06-03T10:25:00+05:30,745.65,746.45,745.5,746.4,203410,0
2026-06-03T10:30:00+05:30,746.45,746.85,745.5,745.65,154523,0
2026-06-03T10:35:00+05:30,745.65,746.2,745.25,746.2,128966,0
2026-06-03T10:40:00+05:30,746.2,746.9,746.0,746.25,162984,0
2026-06-03T10:45:00+05:30,746.25,746.7,745.8,746.2,149918,0
2026-06-03T10:50:00+05:30,746.2,746.2,745.4,746.05,143914,0
2026-06-03T10:55:00+05:30,746.1,746.2,744.45,745.0,265567,0
2026-06-03T11:00:00+05:30,745.0,745.5,744.5,745.3,196200,0
2026-06-03T11:05:00+05:30,745.35,745.35,744.8,745.05,177136,0
2026-06-03T11:10:00+05:30,745.05,746.0,744.5,744.8,196113,0
2026-06-03T11:15:00+05:30,744.8,746.45,744.75,745.85,290743,0
2026-06-03T11:20:00+05:30,745.85,746.65,745.2,746.15,588328,0
2026-06-03T11:25:00+05:30,746.15,747.7,745.55,747.35,337485,0
2026-06-03T11:30:00+05:30,747.35,747.75,746.5,746.75,157012,0
2026-06-03T11:35:00+05:30,746.85,747.5,746.3,746.75,673544,0
2026-06-03T11:40:00+05:30,746.75,746.9,746.3,746.55,229396,0
2026-06-03T11:45:00+05:30,746.55,746.9,746.5,746.65,206161,0
2026-06-03T11:50:00+05:30,746.65,747.15,746.35,746.8,744948,0
2026-06-03T11:55:00+05:30,746.8,747.0,745.3,745.35,430059,0
2026-06-03T12:00:00+05:30,745.4,745.7,742.6,743.85,539441,0
2026-06-03T12:05:00+05:30,743.85,744.7,743.2,744.1,561160,0
2026-06-03T12:10:00+05:30,744.1,744.15,743.45,743.7,120472,0
2026-06-03T12:15:00+05:30,743.8,744.0,743.25,743.9,184816,0
2026-06-03T12:20:00+05:30,743.9,745.0,743.25,743.4,605446,0
2026-06-03T12:25:00+05:30,743.4,746.35,743.3,746.35,720013,0
2026-06-03T12:30:00+05:30,746.35,750.4,746.25,749.25,1090922,0
2026-06-03T12:35:00+05:30,749.45,751.7,748.9,750.2,972920,0
2026-06-03T12:40:00+05:30,750.4,751.5,749.6,750.4,367321,0
2026-06-03T12:45:00+05:30,750.6,751.35,749.4,749.75,356517,0
2026-06-03T12:50:00+05:30,749.8,750.4,747.7,747.8,326560,0
2026-06-03T12:55:00+05:30,747.75,749.6,747.75,748.7,633732,0
2026-06-03T13:00:00+05:30,748.7,749.85,747.85,748.1,1249044,0
2026-06-03T13:05:00+05:30,748.25,748.9,747.65,748.3,314304,0
2026-06-03T13:10:00+05:30,748.25,749.1,747.8,749.1,217659,0
2026-06-03T13:15:00+05:30,749.2,750.1,748.65,748.7,235626,0
2026-06-03T13:20:00+05:30,748.7,750.0,748.7,749.6,360621,0
2026-06-03T13:25:00+05:30,749.7,750.45,749.5,749.8,187454,0
2026-06-03T13:30:00+05:30,749.9,750.1,748.8,749.45,165366,0
2026-06-03T13:35:00+05:30,749.45,749.6,748.55,748.95,154708,0
2026-06-03T13:40:00+05:30,748.95,749.4,748.15,748.55,407520,0
2026-06-03T13:45:00+05:30,748.75,752.55,748.5,750.25,701949,0
2026-06-03T13:50:00+05:30,750.35,750.6,749.3,750.35,457313,0
2026-06-03T13:55:00+05:30,750.35,750.45,749.2,749.95,759095,0
2026-06-03T14:00:00+05:30,750.1,750.9,749.9,750.65,167909,0
2026-06-03T14:05:00+05:30,750.65,751.3,749.65,749.85,270058,0
2026-06-03T14:10:00+05:30,750.0,750.45,749.5,750.1,179091,0
2026-06-03T14:15:00+05:30,750.15,750.7,749.55,749.9,380542,0
2026-06-03T14:20:00+05:30,750.1,751.6,749.45,751.5,511255,0
2026-06-03T14:25:00+05:30,751.5,751.5,749.95,750.1,481723,0
2026-06-03T14:30:00+05:30,750.2,752.0,749.55,751.8,729767,0
2026-06-03T14:35:00+05:30,751.8,752.75,751.05,752.35,382272,0
2026-06-03T14:40:00+05:30,752.4,753.1,752.1,753.0,466996,0
2026-06-03T14:45:00+05:30,753.0,753.5,752.6,753.3,471709,0
2026-06-03T14:50:00+05:30,753.35,756.9,752.9,755.1,1745334,0
2026-06-03T14:55:00+05:30,755.25,755.9,754.6,755.4,613722,0
2026-06-03T15:00:00+05:30,755.3,755.55,752.8,754.05,1140642,0
2026-06-03T15:05:00+05:30,754.1,754.35,752.1,752.3,927728,0
2026-06-03T15:10:00+05:30,752.4,752.95,752.25,752.9,820048,0
2026-06-03T15:15:00+05:30,752.9,754.2,752.8,753.8,706501,0
2026-06-03T15:20:00+05:30,753.75,754.3,753.5,753.6,813006,0
2026-06-03T15:25:00+05:30,753.6,755.0,752.6,753.0,689056,0
2026-06-04T09:15:00+05:30,749.15,750.5,746.35,747.0,1913492,0
2026-06-04T09:20:00+05:30,746.75,748.5,746.0,747.35,1014902,0
2026-06-04T09:25:00+05:30,747.1,747.4,746.05,746.4,647931,0
2026-06-04T09:30:00+05:30,746.6,746.6,745.2,746.1,474296,0
2026-06-04T09:35:00+05:30,746.0,746.7,745.3,745.5,355990,0
2026-06-04T09:40:00+05:30,745.3,745.85,745.0,745.8,374202,0
2026-06-04T09:45:00+05:30,745.8,750.1,745.65,749.15,660713,0
2026-06-04T09:50:00+05:30,749.15,749.2,747.7,748.4,345143,0
2026-06-04T09:55:00+05:30,748.3,750.9,748.1,749.15,792921,0
2026-06-04T10:00:00+05:30,749.15,749.8,748.45,749.2,576723,0
2026-06-04T10:05:00+05:30,749.2,749.8,748.85,749.05,369002,0
2026-06-04T10:10:00+05:30,749.05,749.3,748.0,749.0,317267,0
2026-06-04T10:15:00+05:30,749.0,750.1,748.15,749.85,234753,0
2026-06-04T10:20:00+05:30,749.75,750.4,749.25,749.9,225491,0
2026-06-04T10:25:00+05:30,749.85,750.0,748.7,748.75,178749,0
2026-06-04T10:30:00+05:30,748.75,749.05,747.0,747.45,275766,0
2026-06-04T10:35:00+05:30,747.55,747.65,746.75,747.0,236064,0
2026-06-04T10:40:00+05:30,747.0,749.0,747.0,748.75,268678,0
2026-06-04T10:45:00+05:30,748.9,750.8,748.7,749.65,355628,0
2026-06-04T10:50:00+05:30,749.85,750.9,749.55,750.75,207536,0
2026-06-04T10:55:00+05:30,750.7,751.85,750.5,751.1,342244,0
2026-06-04T11:00:00+05:30,751.15,752.0,750.5,750.95,338405,0
2026-06-04T11:05:00+05:30,750.8,751.35,749.25,749.4,230695,0
2026-06-04T11:10:00+05:30,749.5,750.45,749.1,750.35,137968,0
2026-06-04T11:15:00+05:30,750.35,751.05,749.65,750.0,775862,0
2026-06-04T11:20:00+05:30,750.1,750.2,749.15,749.75,163298,0
2026-06-04T11:25:00+05:30,749.75,750.65,749.4,749.8,186764,0
2026-06-04T11:30:00+05:30,749.95,750.5,748.6,750.05,226059,0
2026-06-04T11:35:00+05:30,750.1,751.9,749.8,751.55,255245,0
2026-06-04T11:40:00+05:30,751.6,751.8,750.6,750.75,219083,0
2026-06-04T11:45:00+05:30,750.6,751.0,750.5,750.8,209266,0
2026-06-04T11:50:00+05:30,750.8,751.1,749.65,749.85,339845,0
2026-06-04T11:55:00+05:30,749.85,752.5,749.05,751.05,1575973,0
2026-06-04T12:00:00+05:30,751.0,751.7,750.5,750.75,194837,0
2026-06-04T12:05:00+05:30,750.75,754.9,750.6,754.85,1259136,0
2026-06-04T12:10:00+05:30,754.9,755.5,751.9,753.35,1415275,0
2026-06-04T12:15:00+05:30,753.35,755.1,752.6,753.75,685923,0
2026-06-04T12:20:00+05:30,753.65,754.5,753.1,754.1,339197,0
2026-06-04T12:25:00+05:30,754.15,754.65,753.25,753.95,738060,0
2026-06-04T12:30:00+05:30,753.95,754.0,752.5,752.75,222884,0
2026-06-04T12:35:00+05:30,752.75,753.75,752.0,753.55,280754,0
2026-06-04T12:40:00+05:30,753.6,754.15,752.85,753.1,410840,0
2026-06-04T12:45:00+05:30,753.1,754.7,753.05,753.8,415627,0
2026-06-04T12:50:00+05:30,753.8,753.9,753.15,753.7,197771,0
2026-06-04T12:55:00+05:30,753.75,754.25,753.65,754.15,212826,0
2026-06-04T13:00:00+05:30,754.15,756.0,753.8,754.95,613334,0
2026-06-04T13:05:00+05:30,755.0,755.75,753.95,754.8,502311,0
2026-06-04T13:10:00+05:30,754.8,755.5,751.5,751.7,516082,0
2026-06-04T13:15:00+05:30,751.65,752.95,750.25,752.25,689523,0
2026-06-04T13:20:00+05:30,752.25,753.85,751.05,751.05,1641035,0
2026-06-04T13:25:00+05:30,751.15,752.0,750.6,751.3,300917,0
2026-06-04T13:30:00+05:30,751.3,751.5,750.6,751.4,190480,0
2026-06-04T13:35:00+05:30,751.4,751.7,751.05,751.35,182455,0
2026-06-04T13:40:00+05:30,751.5,751.5,749.6,749.75,279647,0
2026-06-04T13:45:00+05:30,749.9,752.3,749.65,751.4,388338,0
2026-06-04T13:50:00+05:30,751.3,752.15,750.5,751.55,353729,0
2026-06-04T13:55:00+05:30,751.55,752.15,750.85,751.25,309053,0
2026-06-04T14:00:00+05:30,751.15,754.65,751.05,754.3,943049,0
2026-06-04T14:05:00+05:30,754.35,755.45,753.6,755.25,699804,0
2026-06-04T14:10:00+05:30,755.25,755.8,754.3,754.6,385552,0
2026-06-04T14:15:00+05:30,754.7,755.3,754.25,754.75,343484,0
2026-06-04T14:20:00+05:30,754.7,755.15,754.0,754.35,277439,0
2026-06-04T14:25:00+05:30,754.3,755.05,754.25,754.6,233521,0
2026-06-04T14:30:00+05:30,754.65,756.0,754.1,755.0,738379,0
2026-06-04T14:35:00+05:30,755.15,757.0,754.9,756.85,417866,0
2026-06-04T14:40:00+05:30,756.95,756.95,755.8,755.85,381755,0
2026-06-04T14:45:00+05:30,755.9,757.3,755.05,755.85,475215,0
2026-06-04T14:50:00+05:30,755.9,755.9,753.6,753.7,591534,0
2026-06-04T14:55:00+05:30,753.6,754.75,753.6,753.8,397783,0
2026-06-04T15:00:00+05:30,753.8,755.9,751.9,752.4,3215654,0
2026-06-04T15:05:00+05:30,752.45,756.0,752.2,755.25,2057087,0
2026-06-04T15:10:00+05:30,755.2,755.25,753.9,754.0,1032997,0
2026-06-04T15:15:00+05:30,753.95,754.4,753.45,753.45,1073443,0
2026-06-04T15:20:00+05:30,753.6,753.95,753.1,753.4,906405,0
2026-06-04T15:25:00+05:30,753.45,754.2,752.2,753.25,641637,0
2026-06-05T09:15:00+05:30,753.95,757.0,751.55,752.3,1267557,0
2026-06-05T09:20:00+05:30,752.3,754.9,752.1,754.15,583255,0
2026-06-05T09:25:00+05:30,754.15,756.5,753.75,756.25,461533,0
2026-06-05T09:30:00+05:30,756.0,757.9,755.5,757.8,566154,0
2026-06-05T09:35:00+05:30,757.8,758.7,756.2,756.5,409674,0
2026-06-05T09:40:00+05:30,756.5,756.7,755.5,755.9,186278,0
2026-06-05T09:45:00+05:30,755.95,756.55,754.3,754.85,153982,0
2026-06-05T09:50:00+05:30,754.85,756.3,754.6,755.5,159168,0
2026-06-05T09:55:00+05:30,755.5,755.5,754.2,754.9,195669,0
2026-06-05T10:00:00+05:30,754.9,757.5,754.6,756.25,323477,0
2026-06-05T10:05:00+05:30,756.2,758.0,754.4,756.5,284795,0
2026-06-05T10:10:00+05:30,756.4,756.95,754.3,754.7,252376,0
2026-06-05T10:15:00+05:30,754.85,755.95,753.7,755.4,210491,0
2026-06-05T10:20:00+05:30,755.4,757.2,755.35,756.85,158613,0
2026-06-05T10:25:00+05:30,757.1,757.9,755.8,756.4,187543,0
2026-06-05T10:30:00+05:30,756.35,756.55,754.0,754.2,147405,0
2026-06-05T10:35:00+05:30,754.15,754.85,751.75,752.15,418976,0
2026-06-05T10:40:00+05:30,752.15,752.45,750.5,751.6,206991,0
2026-06-05T10:45:00+05:30,751.6,752.75,750.1,752.65,231514,0
2026-06-05T10:50:00+05:30,752.6,753.55,752.1,753.15,156696,0
2026-06-05T10:55:00+05:30,753.15,753.75,752.5,753.45,97986,0
2026-06-05T11:00:00+05:30,753.7,754.8,753.15,754.8,351438,0
2026-06-05T11:05:00+05:30,754.8,756.5,754.15,755.35,462428,0
2026-06-05T11:10:00+05:30,755.2,755.45,754.25,754.35,248023,0
2026-06-05T11:15:00+05:30,754.35,755.0,753.1,753.9,119708,0
2026-06-05T11:20:00+05:30,753.85,753.9,752.35,753.0,90693,0
2026-06-05T11:25:00+05:30,753.05,753.1,752.0,752.25,158700,0
2026-06-05T11:30:00+05:30,752.25,753.0,751.5,751.95,126556,0
2026-06-05T11:35:00+05:30,751.95,752.05,751.05,751.5,138482,0
2026-06-05T11:40:00+05:30,751.5,752.8,751.15,751.5,207174,0
2026-06-05T11:45:00+05:30,751.8,752.45,751.45,751.6,108312,0
2026-06-05T11:50:00+05:30,751.6,751.6,750.55,750.8,126537,0
2026-06-05T11:55:00+05:30,750.75,750.8,750.0,750.0,90689,0
2026-06-05T12:00:00+05:30,750.1,751.75,750.0,751.65,101339,0
2026-06-05T12:05:00+05:30,751.5,751.95,751.15,751.5,77478,0
2026-06-05T12:10:00+05:30,751.55,752.15,751.0,752.1,79395,0
2026-06-05T12:15:00+05:30,752.0,752.1,751.35,751.65,66695,0
2026-06-05T12:20:00+05:30,751.65,751.9,751.0,751.7,153250,0
2026-06-05T12:25:00+05:30,751.55,752.5,751.55,751.9,86783,0
2026-06-05T12:30:00+05:30,751.9,751.9,750.6,751.15,90855,0
2026-06-05T12:35:00+05:30,751.15,751.35,750.2,751.15,101326,0
2026-06-05T12:40:00+05:30,751.15,751.2,750.1,750.35,64897,0
2026-06-05T12:45:00+05:30,750.4,750.65,750.0,750.35,104239,0
2026-06-05T12:50:00+05:30,750.35,750.45,749.25,750.1,179088,0
2026-06-05T12:55:00+05:30,750.1,750.25,749.8,750.0,41800,0
2026-06-05T13:00:00+05:30,749.95,750.55,749.4,750.4,93108,0
2026-06-05T13:05:00+05:30,750.55,750.75,749.7,749.9,77745,0
2026-06-05T13:10:00+05:30,749.9,749.9,749.0,749.25,91565,0
2026-06-05T13:15:00+05:30,749.25,749.8,749.05,749.5,77782,0
2026-06-05T13:20:00+05:30,749.55,749.6,747.75,748.2,212770,0
2026-06-05T13:25:00+05:30,748.2,749.0,747.55,747.65,142541,0
2026-06-05T13:30:00+05:30,747.65,748.2,747.0,747.45,160497,0
2026-06-05T13:35:00+05:30,747.3,747.9,746.7,747.9,266189,0
2026-06-05T13:40:00+05:30,747.9,748.0,746.3,747.1,109215,0
2026-06-05T13:45:00+05:30,747.1,747.9,746.8,747.6,71843,0
2026-06-05T13:50:00+05:30,747.65,748.0,747.1,747.6,71107,0
2026-06-05T13:55:00+05:30,747.6,748.0,747.25,747.95,130836,0
2026-06-05T14:00:00+05:30,748.0,748.35,746.75,747.75,272893,0
2026-06-05T14:05:00+05:30,747.75,747.75,746.6,746.75,185589,0
2026-06-05T14:10:00+05:30,746.85,747.0,746.2,746.5,153388,0
2026-06-05T14:15:00+05:30,746.5,746.5,745.4,745.9,213039,0
2026-06-05T14:20:00+05:30,745.9,746.4,745.35,746.3,191643,0
2026-06-05T14:25:00+05:30,746.35,748.0,746.3,747.5,229738,0
2026-06-05T14:30:00+05:30,747.5,748.0,746.1,746.5,160429,0
2026-06-05T14:35:00+05:30,746.4,746.95,744.65,745.75,694808,0
2026-06-05T14:40:00+05:30,745.75,748.4,744.95,747.95,756138,0
2026-06-05T14:45:00+05:30,747.95,748.9,746.3,747.0,739490,0
2026-06-05T14:50:00+05:30,747.1,747.75,746.65,747.45,560530,0
2026-06-05T14:55:00+05:30,747.45,747.7,746.45,747.05,538082,0
2026-06-05T15:00:00+05:30,746.85,747.15,745.35,746.45,821825,0
2026-06-05T15:05:00+05:30,746.45,747.3,745.7,746.85,950097,0
2026-06-05T15:10:00+05:30,746.9,748.0,746.5,747.45,876966,0
2026-06-05T15:15:00+05:30,747.45,748.35,747.0,747.7,898725,0
2026-06-05T15:20:00+05:30,747.7,748.0,746.9,747.75,906134,0
2026-06-05T15:25:00+05:30,747.75,748.55,747.15,748.2,885057,0
2026-06-08T09:15:00+05:30,738.0,741.5,736.6,740.4,2207437,0
2026-06-08T09:20:00+05:30,740.3,740.35,737.15,739.55,734016,0
2026-06-08T09:25:00+05:30,739.55,740.6,738.85,739.75,506658,0
2026-06-08T09:30:00+05:30,739.75,740.8,739.25,740.2,283751,0
2026-06-08T09:35:00+05:30,740.2,740.25,737.0,738.4,516461,0
2026-06-08T09:40:00+05:30,738.4,738.95,738.0,738.7,179678,0
2026-06-08T09:45:00+05:30,738.7,739.55,738.0,738.0,161110,0
2026-06-08T09:50:00+05:30,738.0,739.8,737.0,739.8,756912,0
2026-06-08T09:55:00+05:30,739.8,740.9,739.4,739.8,679072,0
2026-06-08T10:00:00+05:30,739.8,739.8,737.7,737.7,225227,0
2026-06-08T10:05:00+05:30,737.9,739.35,737.3,739.3,174338,0
2026-06-08T10:10:00+05:30,739.3,739.9,738.5,738.85,131247,0
2026-06-08T10:15:00+05:30,738.85,740.1,738.3,740.0,274559,0
2026-06-08T10:20:00+05:30,740.0,740.3,738.75,738.85,111847,0
2026-06-08T10:25:00+05:30,738.85,739.45,738.5,739.15,111396,0
2026-06-08T10:30:00+05:30,739.15,739.95,738.95,739.7,236879,0
2026-06-08T10:35:00+05:30,739.7,739.9,738.6,739.6,179453,0
2026-06-08T10:40:00+05:30,739.6,739.85,738.5,738.6,192123,0
2026-06-08T10:45:00+05:30,738.6,739.0,738.1,739.0,175347,0
2026-06-08T10:50:00+05:30,739.0,739.8,737.8,738.25,572067,0
2026-06-08T10:55:00+05:30,738.25,739.25,738.2,739.15,153000,0
2026-06-08T11:00:00+05:30,739.15,739.25,738.4,738.6,72004,0
2026-06-08T11:05:00+05:30,738.6,739.0,738.1,738.8,203660,0
2026-06-08T11:10:00+05:30,738.8,739.2,738.5,738.65,118008,0
2026-06-08T11:15:00+05:30,738.65,739.0,737.2,737.6,393845,0
2026-06-08T11:20:00+05:30,737.6,738.15,737.5,737.9,107402,0
2026-06-08T11:25:00+05:30,737.85,738.0,737.2,737.75,113877,0
2026-06-08T11:30:00+05:30,737.75,738.0,737.5,738.0,88093,0
2026-06-08T11:35:00+05:30,738.0,738.0,737.6,738.0,80599,0
2026-06-08T11:40:00+05:30,738.0,738.05,737.7,737.8,275716,0
2026-06-08T11:45:00+05:30,737.8,738.05,737.7,737.95,90212,0
2026-06-08T11:50:00+05:30,737.95,738.5,737.45,738.15,221468,0
2026-06-08T11:55:00+05:30,738.15,738.2,737.2,737.8,185034,0
2026-06-08T12:00:00+05:30,737.8,738.2,737.5,738.05,79030,0
2026-06-08T12:05:00+05:30,738.05,738.5,737.5,738.3,144834,0
2026-06-08T12:10:00+05:30,738.3,738.95,738.25,738.7,95287,0
2026-06-08T12:15:00+05:30,738.7,739.15,738.3,738.75,156063,0
2026-06-08T12:20:00+05:30,738.75,739.35,738.7,739.3,167474,0
2026-06-08T12:25:00+05:30,739.3,739.35,738.8,739.0,73903,0
2026-06-08T12:30:00+05:30,738.95,739.4,738.8,739.25,79548,0
2026-06-08T12:35:00+05:30,739.25,739.4,739.0,739.3,64821,0
2026-06-08T12:40:00+05:30,739.3,740.0,739.15,739.7,238946,0
2026-06-08T12:45:00+05:30,739.7,740.35,739.05,739.95,246460,0
2026-06-08T12:50:00+05:30,739.95,740.8,739.75,739.8,147855,0
2026-06-08T12:55:00+05:30,739.8,740.2,739.55,739.7,115266,0
2026-06-08T13:00:00+05:30,739.7,739.8,738.85,738.95,102901,0
2026-06-08T13:05:00+05:30,738.95,738.95,738.25,738.75,119984,0
2026-06-08T13:10:00+05:30,738.75,738.8,738.4,738.65,62143,0
2026-06-08T13:15:00+05:30,738.65,738.9,738.15,738.25,88806,0
2026-06-08T13:20:00+05:30,738.3,738.35,737.7,737.9,146565,0
2026-06-08T13:25:00+05:30,737.9,737.9,736.6,737.6,364771,0
2026-06-08T13:30:00+05:30,737.75,738.0,736.75,737.5,180747,0
2026-06-08T13:35:00+05:30,737.5,737.75,737.15,737.75,87422,0
2026-06-08T13:40:00+05:30,737.75,737.75,736.7,736.9,116574,0
2026-06-08T13:45:00+05:30,736.9,736.9,735.4,736.3,361642,0
2026-06-08T13:50:00+05:30,736.3,736.4,735.3,736.0,254723,0
2026-06-08T13:55:00+05:30,736.1,736.2,735.5,736.2,254812,0
2026-06-08T14:00:00+05:30,736.1,736.65,735.6,735.85,296335,0
2026-06-08T14:05:00+05:30,735.85,736.5,735.0,735.15,229696,0
2026-06-08T14:10:00+05:30,735.15,735.6,735.0,735.0,149325,0
2026-06-08T14:15:00+05:30,735.05,736.35,734.5,735.85,314833,0
2026-06-08T14:20:00+05:30,735.75,736.7,735.25,736.05,227888,0
2026-06-08T14:25:00+05:30,736.0,736.85,736.0,736.3,212117,0
2026-06-08T14:30:00+05:30,736.0,737.25,736.0,737.2,231568,0
2026-06-08T14:35:00+05:30,737.2,737.4,736.55,737.2,264840,0
2026-06-08T14:40:00+05:30,737.2,738.7,736.7,738.65,338444,0
2026-06-08T14:45:00+05:30,738.55,738.8,736.7,738.4,622881,0
2026-06-08T14:50:00+05:30,738.4,740.3,738.25,740.05,653709,0
2026-06-08T14:55:00+05:30,740.05,740.4,738.6,739.6,381524,0
2026-06-08T15:00:00+05:30,739.85,740.0,737.05,737.6,376214,0
2026-06-08T15:05:00+05:30,737.6,739.4,737.45,738.95,673138,0
2026-06-08T15:10:00+05:30,738.95,739.05,738.7,738.8,342148,0
2026-06-08T15:15:00+05:30,738.85,738.9,738.25,738.65,403149,0
2026-06-08T15:20:00+05:30,738.7,739.2,738.45,739.0,413885,0
2026-06-08T15:25:00+05:30,738.95,739.05,737.25,738.0,378513,0
2026-06-09T09:15:00+05:30,739.45,741.9,738.65,740.05,1561186,0
2026-06-09T09:20:00+05:30,740.25,742.6,740.0,741.95,617372,0
2026-06-09T09:25:00+05:30,741.95,742.3,741.3,741.7,375347,0
2026-06-09T09:30:00+05:30,741.7,743.95,741.6,741.95,711645,0
2026-06-09T09:35:00+05:30,741.95,742.05,740.0,740.2,322815,0
2026-06-09T09:40:00+05:30,740.0,740.15,739.0,739.15,269055,0
2026-06-09T09:45:00+05:30,739.15,740.0,738.1,738.35,248858,0
2026-06-09T09:50:00+05:30,738.35,739.8,738.05,739.7,170134,0
2026-06-09T09:55:00+05:30,739.55,739.9,738.3,738.75,228588,0
2026-06-09T10:00:00+05:30,738.75,738.75,737.4,737.7,285680,0
2026-06-09T10:05:00+05:30,737.7,737.95,737.25,737.75,163775,0
2026-06-09T10:10:00+05:30,737.75,737.8,737.05,737.3,231759,0
2026-06-09T10:15:00+05:30,737.3,737.7,737.05,737.5,115522,0
2026-06-09T10:20:00+05:30,737.45,737.9,736.2,736.5,256737,0
2026-06-09T10:25:00+05:30,736.7,736.95,736.25,736.8,109298,0
2026-06-09T10:30:00+05:30,736.8,736.8,736.05,736.55,165348,0
2026-06-09T10:35:00+05:30,736.55,736.9,736.0,736.15,133438,0
2026-06-09T10:40:00+05:30,736.15,736.3,736.0,736.3,101877,0
2026-06-09T10:45:00+05:30,736.25,737.15,735.7,735.7,257872,0
2026-06-09T10:50:00+05:30,735.75,736.3,735.2,736.15,154335,0
2026-06-09T10:55:00+05:30,736.2,736.45,735.45,736.05,128462,0
2026-06-09T11:00:00+05:30,736.0,736.2,735.9,736.05,137342,0
2026-06-09T11:05:00+05:30,736.0,736.45,735.55,735.6,168315,0
2026-06-09T11:10:00+05:30,735.55,735.6,735.0,735.5,205526,0
2026-06-09T11:15:00+05:30,735.35,735.95,735.3,735.7,196014,0
2026-06-09T11:20:00+05:30,735.7,735.75,732.65,733.0,765641,0
2026-06-09T11:25:00+05:30,732.8,734.65,732.3,733.7,566048,0
2026-06-09T11:30:00+05:30,733.5,734.4,733.3,733.9,258312,0
2026-06-09T11:35:00+05:30,733.9,735.75,733.6,735.45,337217,0
2026-06-09T11:40:00+05:30,735.5,735.65,733.6,733.8,937280,0
2026-06-09T11:45:00+05:30,733.85,735.75,733.4,734.75,442578,0
2026-06-09T11:50:00+05:30,734.75,735.35,733.5,734.0,628438,0
2026-06-09T11:55:00+05:30,734.0,735.15,733.9,734.7,304801,0
2026-06-09T12:00:00+05:30,734.75,736.45,734.65,735.0,332450,0
2026-06-09T12:05:00+05:30,735.05,735.4,734.0,734.3,167436,0
2026-06-09T12:10:00+05:30,734.2,734.9,733.9,734.8,280712,0
2026-06-09T12:15:00+05:30,734.7,735.15,734.3,735.05,217890,0
2026-06-09T12:20:00+05:30,735.05,736.15,734.85,735.4,367736,0
2026-06-09T12:25:00+05:30,735.2,736.7,735.0,736.7,267362,0
2026-06-09T12:30:00+05:30,736.55,737.8,736.0,737.4,380574,0
2026-06-09T12:35:00+05:30,737.2,738.2,736.95,738.2,416088,0
2026-06-09T12:40:00+05:30,738.15,739.7,738.0,738.45,646217,0
2026-06-09T12:45:00+05:30,738.3,739.85,738.15,738.35,551609,0
2026-06-09T12:50:00+05:30,738.3,739.5,737.85,738.6,385481,0
2026-06-09T12:55:00+05:30,738.6,739.5,737.85,739.15,557242,0
2026-06-09T13:00:00+05:30,739.0,741.9,739.0,739.7,1368121,0
2026-06-09T13:05:00+05:30,739.6,741.2,738.65,740.35,1170394,0
2026-06-09T13:10:00+05:30,740.35,742.75,740.25,741.95,642699,0
2026-06-09T13:15:00+05:30,741.7,742.75,740.85,741.2,751836,0
2026-06-09T13:20:00+05:30,741.0,741.35,740.15,741.0,344448,0
2026-06-09T13:25:00+05:30,740.95,742.5,740.95,742.15,756411,0
2026-06-09T13:30:00+05:30,742.05,742.2,740.5,741.75,417837,0
2026-06-09T13:35:00+05:30,741.75,741.85,740.85,741.5,244839,0
2026-06-09T13:40:00+05:30,741.5,741.7,739.9,740.45,742044,0
2026-06-09T13:45:00+05:30,740.35,740.95,738.6,738.65,439451,0
2026-06-09T13:50:00+05:30,738.6,739.5,738.4,738.9,286534,0
2026-06-09T13:55:00+05:30,738.85,738.9,737.8,738.6,254415,0
2026-06-09T14:00:00+05:30,738.4,738.75,737.75,737.95,170823,0
2026-06-09T14:05:00+05:30,737.95,739.15,737.75,739.15,258329,0
2026-06-09T14:10:00+05:30,739.0,739.6,738.0,738.05,363334,0
2026-06-09T14:15:00+05:30,738.0,738.2,737.15,737.35,607016,0
2026-06-09T14:20:00+05:30,737.2,737.45,736.3,736.9,719986,0
2026-06-09T14:25:00+05:30,737.05,738.35,736.85,738.35,399144,0
2026-06-09T14:30:00+05:30,738.1,738.35,737.05,738.05,335055,0
2026-06-09T14:35:00+05:30,738.0,738.6,737.25,738.5,449184,0
2026-06-09T14:40:00+05:30,738.5,740.0,738.2,739.3,429463,0
2026-06-09T14:45:00+05:30,739.25,739.4,738.3,738.7,203939,0
2026-06-09T14:50:00+05:30,738.6,740.65,738.5,740.35,705576,0
2026-06-09T14:55:00+05:30,740.35,740.45,739.15,739.6,459853,0
2026-06-09T15:00:00+05:30,739.45,739.55,737.0,737.95,1123735,0
2026-06-09T15:05:00+05:30,737.9,740.45,737.0,740.1,3934294,0
2026-06-09T15:10:00+05:30,740.0,740.1,737.55,738.8,1596924,0
2026-06-09T15:15:00+05:30,738.6,738.75,737.3,737.85,994680,0
2026-06-09T15:20:00+05:30,737.85,739.0,737.5,738.6,773137,0
2026-06-09T15:25:00+05:30,738.55,739.95,738.0,739.7,642477,0
2026-06-10T09:15:00+05:30,736.5,744.0,736.4,741.45,2145997,0
2026-06-10T09:20:00+05:30,741.45,741.45,739.65,739.95,723690,0
2026-06-10T09:25:00+05:30,739.9,740.5,739.7,739.9,472424,0
2026-06-10T09:30:00+05:30,739.9,740.5,738.65,740.3,929989,0
2026-06-10T09:35:00+05:30,740.35,740.95,739.4,739.7,624213,0
2026-06-10T09:40:00+05:30,739.75,740.2,738.35,740.2,723372,0
2026-06-10T09:45:00+05:30,740.0,740.4,738.5,739.4,1184906,0
2026-06-10T09:50:00+05:30,739.15,741.35,738.8,741.35,685725,0
2026-06-10T09:55:00+05:30,741.3,745.35,741.25,744.7,1789460,0
2026-06-10T10:00:00+05:30,744.7,745.5,742.0,742.0,478669,0
2026-06-10T10:05:00+05:30,742.1,742.1,740.1,740.45,358199,0
2026-06-10T10:10:00+05:30,740.4,740.45,739.0,739.05,338328,0
2026-06-10T10:15:00+05:30,739.05,739.45,738.6,739.15,271989,0
2026-06-10T10:20:00+05:30,739.15,739.15,738.0,738.4,278340,0
2026-06-10T10:25:00+05:30,738.4,738.45,737.25,737.65,367538,0
2026-06-10T10:30:00+05:30,737.65,738.95,737.5,738.9,345631,0
2026-06-10T10:35:00+05:30,738.85,739.25,738.1,738.15,280485,0
2026-06-10T10:40:00+05:30,738.15,738.9,738.0,738.5,393176,0
2026-06-10T10:45:00+05:30,738.55,739.0,737.9,738.95,451702,0
2026-06-10T10:50:00+05:30,738.95,740.15,738.75,739.45,527245,0
2026-06-10T10:55:00+05:30,739.45,741.35,738.95,740.95,830981,0
2026-06-10T11:00:00+05:30,740.95,741.35,739.8,740.45,334999,0
2026-06-10T11:05:00+05:30,740.35,740.45,738.95,739.15,369621,0
2026-06-10T11:10:00+05:30,739.15,739.4,738.2,738.2,313671,0
2026-06-10T11:15:00+05:30,738.25,739.45,738.1,738.3,500312,0
2026-06-10T11:20:00+05:30,738.4,740.9,738.3,740.6,657611,0
2026-06-10T11:25:00+05:30,740.65,741.75,740.0,740.95,1703728,0
2026-06-10T11:30:00+05:30,740.75,742.3,740.6,741.6,314914,0
2026-06-10T11:35:00+05:30,741.7,742.7,741.6,742.45,281079,0
2026-06-10T11:40:00+05:30,742.45,743.3,741.75,742.45,358604,0
2026-06-10T11:45:00+05:30,742.45,742.6,742.0,742.3,196339,0
2026-06-10T11:50:00+05:30,742.3,742.5,742.0,742.1,210450,0
2026-06-10T11:55:00+05:30,742.0,743.1,742.0,742.85,250452,0
2026-06-10T12:00:00+05:30,743.0,743.3,742.05,742.65,228743,0
2026-06-10T12:05:00+05:30,742.7,743.5,742.15,743.25,270762,0
2026-06-10T12:10:00+05:30,743.2,743.25,742.1,742.5,205371,0
2026-06-10T12:15:00+05:30,742.5,742.85,742.0,742.65,208527,0
2026-06-10T12:20:00+05:30,742.65,743.0,742.05,742.3,190066,0
2026-06-10T12:25:00+05:30,742.3,742.85,741.65,742.55,257672,0
2026-06-10T12:30:00+05:30,742.55,743.15,742.15,742.45,174951,0
2026-06-10T12:35:00+05:30,742.4,743.65,742.35,743.3,257259,0
2026-06-10T12:40:00+05:30,743.3,744.0,742.45,743.1,499091,0
2026-06-10T12:45:00+05:30,743.15,745.25,742.5,745.1,395205,0
2026-06-10T12:50:00+05:30,745.1,746.75,745.0,746.2,717495,0
2026-06-10T12:55:00+05:30,746.25,746.35,744.85,746.35,733739,0
2026-06-10T13:00:00+05:30,746.3,750.5,746.2,750.15,903665,0
2026-06-10T13:05:00+05:30,750.1,753.55,750.0,753.1,1030991,0
2026-06-10T13:10:00+05:30,753.2,755.95,753.0,753.9,1060406,0
2026-06-10T13:15:00+05:30,753.9,754.8,752.85,753.45,571049,0
2026-06-10T13:20:00+05:30,753.45,754.25,751.6,751.8,524580,0
2026-06-10T13:25:00+05:30,751.75,753.95,751.75,753.4,729026,0
2026-06-10T13:30:00+05:30,753.55,755.5,753.45,754.75,804935,0
2026-06-10T13:35:00+05:30,754.75,755.8,754.2,754.6,487124,0
2026-06-10T13:40:00+05:30,754.55,755.6,753.6,754.0,604559,0
2026-06-10T13:45:00+05:30,753.95,755.5,753.85,753.85,765440,0
2026-06-10T13:50:00+05:30,753.85,754.65,752.45,753.05,423999,0
2026-06-10T13:55:00+05:30,753.1,753.6,752.25,752.25,276603,0
2026-06-10T14:00:00+05:30,752.3,752.45,751.0,751.9,329224,0
2026-06-10T14:05:00+05:30,751.95,752.7,751.0,751.0,270703,0
2026-06-10T14:10:00+05:30,751.05,751.3,749.9,750.1,388541,0
2026-06-10T14:15:00+05:30,750.0,751.0,749.6,750.45,324277,0
2026-06-10T14:20:00+05:30,750.45,751.5,749.95,749.95,393181,0
2026-06-10T14:25:00+05:30,750.0,750.65,749.2,749.7,385561,0
2026-06-10T14:30:00+05:30,749.75,750.35,748.3,750.05,508580,0
2026-06-10T14:35:00+05:30,750.15,750.95,749.1,749.35,325870,0
2026-06-10T14:40:00+05:30,749.35,749.9,748.05,748.2,516009,0
2026-06-10T14:45:00+05:30,748.25,749.4,747.5,748.55,357029,0
2026-06-10T14:50:00+05:30,748.6,748.7,747.6,748.4,295890,0
2026-06-10T14:55:00+05:30,748.45,749.9,748.3,749.5,470152,0
2026-06-10T15:00:00+05:30,749.45,749.5,747.25,747.3,979633,0
2026-06-10T15:05:00+05:30,747.3,747.75,746.6,747.5,1009698,0
2026-06-10T15:10:00+05:30,747.5,747.65,746.2,746.2,1266250,0
2026-06-10T15:15:00+05:30,746.35,746.9,745.3,746.6,1522977,0
2026-06-10T15:20:00+05:30,746.6,747.9,745.5,747.75,1387539,0
2026-06-10T15:25:00+05:30,747.75,748.0,745.6,747.8,874420,0
2026-06-11T09:15:00+05:30,743.0,744.3,741.3,744.25,977061,0
2026-06-11T09:20:00+05:30,744.3,744.3,742.0,742.4,427680,0
2026-06-11T09:25:00+05:30,742.55,742.55,740.2,741.55,373036,0
2026-06-11T09:30:00+05:30,741.65,741.7,740.15,740.6,277615,0
2026-06-11T09:35:00+05:30,740.6,741.5,740.1,741.1,160383,0
2026-06-11T09:40:00+05:30,741.15,741.95,740.3,741.85,210283,0
2026-06-11T09:45:00+05:30,741.8,743.3,741.5,743.1,555020,0
2026-06-11T09:50:00+05:30,743.1,746.0,742.25,743.45,1448642,0
2026-06-11T09:55:00+05:30,743.4,743.9,741.7,742.2,301998,0
2026-06-11T10:00:00+05:30,742.2,743.35,741.2,741.45,640908,0
2026-06-11T10:05:00+05:30,741.45,742.4,740.5,742.0,184374,0
2026-06-11T10:10:00+05:30,742.0,742.85,741.4,741.5,109314,0
2026-06-11T10:15:00+05:30,741.7,743.2,741.5,743.2,130623,0
2026-06-11T10:20:00+05:30,743.2,743.35,742.25,742.7,282082,0
2026-06-11T10:25:00+05:30,742.8,745.2,742.6,744.85,287756,0
2026-06-11T10:30:00+05:30,744.95,745.8,744.1,745.75,178006,0
2026-06-11T10:35:00+05:30,745.75,745.8,744.6,745.25,221233,0
2026-06-11T10:40:00+05:30,745.25,745.5,743.65,744.5,165113,0
2026-06-11T10:45:00+05:30,744.5,744.5,743.55,744.3,174433,0
2026-06-11T10:50:00+05:30,744.3,744.45,743.3,743.5,115230,0
2026-06-11T10:55:00+05:30,743.5,743.9,743.1,743.65,67430,0
2026-06-11T11:00:00+05:30,743.65,743.85,742.5,743.4,122936,0
2026-06-11T11:05:00+05:30,743.55,744.2,742.0,742.45,206426,0
2026-06-11T11:10:00+05:30,742.45,743.0,742.0,742.1,130609,0
2026-06-11T11:15:00+05:30,742.15,743.2,742.1,742.75,169691,0
2026-06-11T11:20:00+05:30,742.85,743.2,742.3,743.15,157822,0
2026-06-11T11:25:00+05:30,743.15,745.25,742.65,745.15,312052,0
2026-06-11T11:30:00+05:30,745.15,745.5,743.8,744.05,150381,0
2026-06-11T11:35:00+05:30,743.8,744.35,743.4,744.0,231145,0
2026-06-11T11:40:00+05:30,744.0,746.9,743.65,746.5,528426,0
2026-06-11T11:45:00+05:30,746.5,749.2,746.35,749.05,671407,0
2026-06-11T11:50:00+05:30,749.2,750.0,748.85,749.5,500478,0
2026-06-11T11:55:00+05:30,749.5,750.35,749.0,750.0,646452,0
2026-06-11T12:00:00+05:30,750.0,750.75,749.3,750.7,265943,0
2026-06-11T12:05:00+05:30,750.75,752.5,750.5,752.25,613956,0
2026-06-11T12:10:00+05:30,752.25,754.5,751.6,754.45,747386,0
2026-06-11T12:15:00+05:30,754.45,755.0,753.9,754.0,624642,0
2026-06-11T12:20:00+05:30,754.15,754.9,753.1,754.4,372410,0
2026-06-11T12:25:00+05:30,754.5,754.5,753.5,754.0,158134,0
2026-06-11T12:30:00+05:30,754.0,756.0,753.5,754.55,854213,0
2026-06-11T12:35:00+05:30,754.7,754.8,751.8,752.1,517973,0
2026-06-11T12:40:00+05:30,752.25,752.95,751.5,752.2,404800,0
2026-06-11T12:45:00+05:30,752.2,752.75,751.1,751.25,225379,0
2026-06-11T12:50:00+05:30,751.1,751.95,750.6,750.9,276844,0
2026-06-11T12:55:00+05:30,750.9,752.0,750.6,752.0,235970,0
2026-06-11T13:00:00+05:30,752.0,752.95,750.55,750.65,403912,0
2026-06-11T13:05:00+05:30,750.65,750.9,749.85,749.95,260667,0
2026-06-11T13:10:00+05:30,749.95,750.15,749.3,749.4,636776,0
2026-06-11T13:15:00+05:30,749.4,750.0,749.25,749.3,262026,0
2026-06-11T13:20:00+05:30,749.35,749.8,748.55,749.6,371580,0
2026-06-11T13:25:00+05:30,749.7,749.85,748.6,749.5,140690,0
2026-06-11T13:30:00+05:30,749.5,750.25,749.15,749.4,368802,0
2026-06-11T13:35:00+05:30,749.4,749.9,749.0,749.3,105172,0
2026-06-11T13:40:00+05:30,749.4,749.7,748.0,748.2,159864,0
2026-06-11T13:45:00+05:30,748.35,748.9,747.3,747.95,238242,0
2026-06-11T13:50:00+05:30,748.0,749.0,747.4,748.4,237449,0
2026-06-11T13:55:00+05:30,748.45,749.2,748.15,748.4,258838,0
2026-06-11T14:00:00+05:30,748.45,748.95,748.25,748.6,374637,0
2026-06-11T14:05:00+05:30,748.65,748.9,747.25,747.65,331731,0
2026-06-11T14:10:00+05:30,747.65,748.1,747.35,747.7,192434,0
2026-06-11T14:15:00+05:30,747.7,748.2,747.45,747.75,207234,0
2026-06-11T14:20:00+05:30,747.75,748.15,747.0,747.05,249271,0
2026-06-11T14:25:00+05:30,747.05,749.2,746.95,748.65,318009,0
2026-06-11T14:30:00+05:30,748.6,748.8,747.1,747.5,444412,0
2026-06-11T14:35:00+05:30,747.5,748.85,746.2,747.4,1092116,0
2026-06-11T14:40:00+05:30,747.4,748.3,745.65,747.0,1085315,0
2026-06-11T14:45:00+05:30,747.0,748.1,746.0,746.85,631624,0
2026-06-11T14:50:00+05:30,746.95,746.95,744.7,745.2,803334,0
2026-06-11T14:55:00+05:30,745.25,745.4,744.6,745.0,1240586,0
2026-06-11T15:00:00+05:30,745.0,745.55,743.65,744.6,1208218,0
2026-06-11T15:05:00+05:30,744.6,745.2,743.35,744.45,1779658,0
2026-06-11T15:10:00+05:30,744.45,744.9,743.8,744.8,647105,0
2026-06-11T15:15:00+05:30,744.8,745.7,744.2,745.15,685032,0
2026-06-11T15:20:00+05:30,745.1,745.7,744.3,744.35,629249,0
2026-06-11T15:25:00+05:30,744.35,745.55,744.25,745.3,615826,0
2026-06-12T09:15:00+05:30,754.7,761.55,753.1,757.5,2642064,0
2026-06-12T09:20:00+05:30,757.5,758.2,756.1,756.35,798533,0
2026-06-12T09:25:00+05:30,756.35,758.0,756.25,757.8,383064,0
2026-06-12T09:30:00+05:30,757.95,760.0,757.7,759.65,1062157,0
2026-06-12T09:35:00+05:30,759.6,759.9,757.9,759.3,557595,0
2026-06-12T09:40:00+05:30,759.2,759.45,758.0,758.45,262237,0
2026-06-12T09:45:00+05:30,758.45,759.4,758.1,758.85,251731,0
2026-06-12T09:50:00+05:30,758.85,759.3,758.3,758.8,255528,0
2026-06-12T09:55:00+05:30,759.05,760.5,758.8,760.15,869453,0
2026-06-12T10:00:00+05:30,760.05,760.5,758.4,758.9,386486,0
2026-06-12T10:05:00+05:30,758.8,760.0,758.7,758.95,415917,0
2026-06-12T10:10:00+05:30,758.95,759.6,758.5,758.7,238992,0
2026-06-12T10:15:00+05:30,758.7,758.85,758.0,758.2,306618,0
2026-06-12T10:20:00+05:30,758.15,759.0,758.1,758.65,186818,0
2026-06-12T10:25:00+05:30,758.7,760.0,758.65,758.9,230610,0
2026-06-12T10:30:00+05:30,758.9,760.05,758.65,759.7,725480,0
2026-06-12T10:35:00+05:30,759.75,759.8,758.4,759.5,378717,0
2026-06-12T10:40:00+05:30,759.55,759.75,758.6,758.75,141494,0
2026-06-12T10:45:00+05:30,758.8,759.4,758.3,758.95,170866,0
2026-06-12T10:50:00+05:30,758.95,759.35,758.35,759.2,121842,0
2026-06-12T10:55:00+05:30,759.15,759.55,759.0,759.55,144966,0
2026-06-12T11:00:00+05:30,759.55,759.55,758.5,758.75,121208,0
2026-06-12T11:05:00+05:30,758.8,759.25,758.4,759.05,138410,0
2026-06-12T11:10:00+05:30,759.05,759.75,758.85,759.75,146969,0
2026-06-12T11:15:00+05:30,759.75,759.8,758.2,758.3,184412,0
2026-06-12T11:20:00+05:30,758.3,758.3,757.05,757.5,237041,0
2026-06-12T11:25:00+05:30,757.5,757.7,756.8,757.3,207391,0
2026-06-12T11:30:00+05:30,757.25,758.55,757.25,757.8,182933,0
2026-06-12T11:35:00+05:30,757.9,758.0,757.0,757.95,169631,0
2026-06-12T11:40:00+05:30,757.95,758.55,757.95,758.3,101746,0
2026-06-12T11:45:00+05:30,758.3,759.25,757.85,758.8,318735,0
2026-06-12T11:50:00+05:30,758.8,759.35,758.7,759.25,160031,0
2026-06-12T11:55:00+05:30,759.25,759.6,759.15,759.2,151787,0
2026-06-12T12:00:00+05:30,759.25,759.6,758.65,759.4,152831,0
2026-06-12T12:05:00+05:30,759.4,759.8,758.3,758.4,202102,0
2026-06-12T12:10:00+05:30,758.55,758.7,758.0,758.1,155786,0
2026-06-12T12:15:00+05:30,758.05,758.6,758.0,758.15,137209,0
2026-06-12T12:20:00+05:30,758.15,758.9,758.1,758.85,102190,0
2026-06-12T12:25:00+05:30,758.85,759.0,758.5,758.55,115226,0
2026-06-12T12:30:00+05:30,758.55,758.55,757.8,758.35,132546,0
2026-06-12T12:35:00+05:30,758.35,758.45,757.7,758.25,150457,0
2026-06-12T12:40:00+05:30,758.25,758.5,757.85,758.05,109549,0
2026-06-12T12:45:00+05:30,758.05,758.4,757.45,758.15,243742,0
2026-06-12T12:50:00+05:30,758.15,760.0,758.05,759.6,612269,0
2026-06-12T12:55:00+05:30,759.55,760.1,759.1,759.55,423173,0
2026-06-12T13:00:00+05:30,759.55,759.65,759.2,759.6,106224,0
2026-06-12T13:05:00+05:30,759.55,759.7,759.05,759.45,114626,0
2026-06-12T13:10:00+05:30,759.45,759.7,759.35,759.55,97725,0
2026-06-12T13:15:00+05:30,759.55,760.2,759.45,759.8,302016,0
2026-06-12T13:20:00+05:30,759.85,760.2,759.4,759.4,183412,0
2026-06-12T13:25:00+05:30,759.45,762.4,759.2,762.2,1272109,0
2026-06-12T13:30:00+05:30,762.15,766.0,762.0,765.2,987629,0
2026-06-12T13:35:00+05:30,765.3,765.8,764.5,765.1,310287,0
2026-06-12T13:40:00+05:30,765.25,765.9,764.45,765.05,428890,0
2026-06-12T13:45:00+05:30,765.1,765.9,764.55,765.75,622239,0
2026-06-12T13:50:00+05:30,765.85,765.9,765.3,765.55,445408,0
2026-06-12T13:55:00+05:30,765.55,766.6,765.45,766.45,706706,0
2026-06-12T14:00:00+05:30,766.45,767.7,765.35,767.7,1093135,0
2026-06-12T14:05:00+05:30,767.7,767.9,766.7,766.9,828135,0
2026-06-12T14:10:00+05:30,766.9,768.95,766.25,768.95,875881,0
2026-06-12T14:15:00+05:30,769.0,769.9,768.5,769.65,536826,0
2026-06-12T14:20:00+05:30,769.7,769.85,769.0,769.75,358943,0
2026-06-12T14:25:00+05:30,769.75,770.85,769.0,770.7,643735,0
2026-06-12T14:30:00+05:30,770.7,770.75,769.5,770.15,422605,0
2026-06-12T14:35:00+05:30,770.3,770.45,768.55,770.4,584415,0
2026-06-12T14:40:00+05:30,770.4,770.8,769.3,770.6,533728,0
2026-06-12T14:45:00+05:30,770.7,772.75,770.5,772.5,717531,0
2026-06-12T14:50:00+05:30,772.5,774.2,772.3,774.1,883593,0
2026-06-12T14:55:00+05:30,774.0,774.45,773.05,774.0,1004472,0
2026-06-12T15:00:00+05:30,773.95,774.0,771.6,773.75,1261457,0
2026-06-12T15:05:00+05:30,773.75,773.9,772.3,772.35,1077888,0
2026-06-12T15:10:00+05:30,772.55,773.1,771.55,772.5,932786,0
2026-06-12T15:15:00+05:30,772.35,772.55,771.3,771.95,1125568,0
2026-06-12T15:20:00+05:30,772.1,772.3,771.15,772.0,1122202,0
2026-06-12T15:25:00+05:30,772.0,772.95,771.1,771.95,898306,0
2026-06-15T09:15:00+05:30,790.0,793.5,785.0,788.35,5655092,0
2026-06-15T09:20:00+05:30,788.15,788.75,785.9,787.85,2280340,0
2026-06-15T09:25:00+05:30,788.1,788.5,786.5,787.15,1503100,0
2026-06-15T09:30:00+05:30,787.2,787.3,785.2,786.9,1131901,0
2026-06-15T09:35:00+05:30,787.0,788.25,785.65,785.85,929606,0
2026-06-15T09:40:00+05:30,786.0,787.15,785.3,786.95,858454,0
2026-06-15T09:45:00+05:30,786.95,789.95,786.8,789.75,722477,0
2026-06-15T09:50:00+05:30,789.75,789.9,786.25,787.15,872701,0
2026-06-15T09:55:00+05:30,787.15,787.75,784.0,784.2,844459,0
2026-06-15T10:00:00+05:30,784.45,786.45,784.25,786.0,569107,0
2026-06-15T10:05:00+05:30,786.05,786.3,785.15,785.5,571042,0
2026-06-15T10:10:00+05:30,785.55,785.65,784.6,785.4,330283,0
2026-06-15T10:15:00+05:30,785.5,786.0,784.5,784.6,321260,0
2026-06-15T10:20:00+05:30,784.8,785.2,783.5,784.45,428655,0
2026-06-15T10:25:00+05:30,784.45,785.5,784.05,785.1,237793,0
2026-06-15T10:30:00+05:30,785.2,786.35,784.95,786.2,434465,0
2026-06-15T10:35:00+05:30,786.2,787.5,785.7,787.3,338258,0
2026-06-15T10:40:00+05:30,787.3,788.0,787.0,787.8,316431,0
2026-06-15T10:45:00+05:30,787.8,787.95,787.0,787.95,270838,0
2026-06-15T10:50:00+05:30,787.95,789.5,787.85,788.45,452201,0
2026-06-15T10:55:00+05:30,788.75,789.35,788.0,788.2,387332,0
2026-06-15T11:00:00+05:30,788.2,788.5,785.65,786.15,478323,0
2026-06-15T11:05:00+05:30,786.1,786.3,785.3,785.45,298521,0
2026-06-15T11:10:00+05:30,785.45,785.5,783.75,784.2,398210,0
2026-06-15T11:15:00+05:30,784.2,784.95,783.55,784.7,272881,0
2026-06-15T11:20:00+05:30,784.75,785.0,784.0,784.15,267497,0
2026-06-15T11:25:00+05:30,784.15,785.35,784.05,785.15,242872,0
2026-06-15T11:30:00+05:30,785.15,785.2,784.45,784.55,265848,0
2026-06-15T11:35:00+05:30,784.55,784.7,783.75,783.9,309578,0
2026-06-15T11:40:00+05:30,784.05,784.25,782.3,782.6,455017,0
2026-06-15T11:45:00+05:30,782.65,782.8,781.8,782.25,327285,0
2026-06-15T11:50:00+05:30,782.25,783.1,781.85,782.5,280082,0
2026-06-15T11:55:00+05:30,782.5,782.9,781.5,781.65,347009,0
2026-06-15T12:00:00+05:30,781.65,782.25,781.2,781.7,364057,0
2026-06-15T12:05:00+05:30,781.7,781.7,780.15,780.4,362690,0
2026-06-15T12:10:00+05:30,780.45,780.7,780.0,780.7,271282,0
2026-06-15T12:15:00+05:30,780.7,780.75,779.1,779.25,328449,0
2026-06-15T12:20:00+05:30,779.25,779.95,779.1,779.25,245158,0
2026-06-15T12:25:00+05:30,779.35,779.8,778.15,778.3,294700,0
2026-06-15T12:30:00+05:30,778.3,779.55,777.55,779.3,319607,0
2026-06-15T12:35:00+05:30,779.3,780.95,779.05,780.35,331094,0
2026-06-15T12:40:00+05:30,780.45,781.0,779.9,780.85,191157,0
2026-06-15T12:45:00+05:30,780.9,781.15,779.55,779.75,245030,0
2026-06-15T12:50:00+05:30,779.75,780.85,779.6,779.95,179833,0
2026-06-15T12:55:00+05:30,779.95,780.85,779.8,780.25,168671,0
2026-06-15T13:00:00+05:30,780.3,780.3,778.55,779.25,204596,0
2026-06-15T13:05:00+05:30,779.15,780.0,779.1,779.9,147694,0
2026-06-15T13:10:00+05:30,779.9,781.55,779.6,780.05,450095,0
2026-06-15T13:15:00+05:30,780.05,780.7,779.5,779.8,213608,0
2026-06-15T13:20:00+05:30,779.8,780.7,779.5,780.5,185165,0
2026-06-15T13:25:00+05:30,780.5,780.5,779.05,779.15,188103,0
2026-06-15T13:30:00+05:30,779.15,779.6,778.75,779.15,162410,0
2026-06-15T13:35:00+05:30,779.15,779.6,778.6,779.35,212682,0
2026-06-15T13:40:00+05:30,779.35,779.4,777.6,778.55,307319,0
2026-06-15T13:45:00+05:30,778.55,779.0,778.0,778.05,344839,0
2026-06-15T13:50:00+05:30,778.1,778.4,776.15,777.9,366346,0
2026-06-15T13:55:00+05:30,778.05,779.0,777.75,778.5,187197,0
2026-06-15T14:00:00+05:30,778.6,779.0,778.0,778.05,232855,0
2026-06-15T14:05:00+05:30,778.05,778.3,777.15,777.4,371818,0
2026-06-15T14:10:00+05:30,777.45,778.3,777.4,777.7,274112,0
2026-06-15T14:15:00+05:30,777.75,778.8,777.6,778.25,224142,0
2026-06-15T14:20:00+05:30,778.3,779.85,778.2,779.25,353852,0
2026-06-15T14:25:00+05:30,779.3,779.8,778.45,778.95,335637,0
2026-06-15T14:30:00+05:30,779.05,780.3,778.95,780.15,278521,0
2026-06-15T14:35:00+05:30,780.2,781.1,779.8,780.2,754116,0
2026-06-15T14:40:00+05:30,780.3,780.7,779.55,780.4,308311,0
2026-06-15T14:45:00+05:30,780.25,780.6,779.8,780.1,349545,0
2026-06-15T14:50:00+05:30,780.2,780.5,778.85,779.15,413115,0
2026-06-15T14:55:00+05:30,779.15,779.95,778.85,779.05,261555,0
2026-06-15T15:00:00+05:30,779.05,779.2,777.15,777.8,891836,0
2026-06-15T15:05:00+05:30,777.75,778.4,776.6,776.8,712955,0
2026-06-15T15:10:00+05:30,776.75,777.0,775.6,776.6,747656,0
2026-06-15T15:15:00+05:30,776.6,778.5,776.05,777.7,884508,0
2026-06-15T15:20:00+05:30,777.7,778.6,777.0,777.95,865886,0
2026-06-15T15:25:00+05:30,778.0,778.0,776.35,777.45,895506,0
2026-06-16T09:15:00+05:30,780.5,782.85,779.45,781.75,1226070,0
2026-06-16T09:20:00+05:30,781.6,783.0,781.1,782.45,520823,0
2026-06-16T09:25:00+05:30,782.45,782.9,781.2,782.8,311300,0
2026-06-16T09:30:00+05:30,782.8,783.55,782.6,782.95,256114,0
2026-06-16T09:35:00+05:30,782.95,782.95,781.8,781.95,221230,0
2026-06-16T09:40:00+05:30,781.85,782.0,780.55,780.55,301928,0
2026-06-16T09:45:00+05:30,780.55,783.4,780.55,783.05,684650,0
2026-06-16T09:50:00+05:30,783.1,783.9,782.45,783.1,409986,0
2026-06-16T09:55:00+05:30,783.15,783.35,782.55,782.55,183875,0
2026-06-16T10:00:00+05:30,782.8,782.8,780.65,780.85,293302,0
2026-06-16T10:05:00+05:30,780.85,781.75,780.55,781.7,587546,0
2026-06-16T10:10:00+05:30,781.7,781.8,780.45,780.65,377902,0
2026-06-16T10:15:00+05:30,780.65,781.55,780.45,781.45,105120,0
2026-06-16T10:20:00+05:30,781.45,781.7,781.2,781.6,139268,0
2026-06-16T10:25:00+05:30,781.6,781.65,781.15,781.5,110745,0
2026-06-16T10:30:00+05:30,781.6,782.0,781.35,782.0,83786,0
2026-06-16T10:35:00+05:30,782.0,782.0,781.5,781.7,130032,0
2026-06-16T10:40:00+05:30,781.7,782.0,781.4,781.7,100274,0
2026-06-16T10:45:00+05:30,781.65,782.45,781.55,782.45,298588,0
2026-06-16T10:50:00+05:30,782.4,783.05,782.05,783.0,249673,0
2026-06-16T10:55:00+05:30,782.95,783.7,782.9,783.1,200605,0
2026-06-16T11:00:00+05:30,783.1,783.1,782.05,782.25,141074,0
2026-06-16T11:05:00+05:30,782.2,782.25,781.6,781.7,116495,0
2026-06-16T11:10:00+05:30,781.7,782.3,781.5,782.1,109786,0
2026-06-16T11:15:00+05:30,782.05,782.6,781.6,782.1,171784,0
2026-06-16T11:20:00+05:30,782.1,784.5,781.9,784.5,375328,0
2026-06-16T11:25:00+05:30,784.5,784.8,783.65,783.9,165310,0
2026-06-16T11:30:00+05:30,783.9,784.5,783.3,784.0,164325,0
2026-06-16T11:35:00+05:30,784.3,784.9,783.7,784.9,405678,0
2026-06-16T11:40:00+05:30,784.9,786.1,784.5,786.1,500749,0
2026-06-16T11:45:00+05:30,785.8,786.95,785.25,786.2,1045000,0
2026-06-16T11:50:00+05:30,786.1,787.5,785.9,786.0,473351,0
2026-06-16T11:55:00+05:30,786.05,786.2,784.1,785.25,349201,0
2026-06-16T12:00:00+05:30,785.25,785.5,784.25,784.7,237318,0
2026-06-16T12:05:00+05:30,784.75,785.1,784.2,784.65,225300,0
2026-06-16T12:10:00+05:30,784.35,785.1,784.1,784.1,199678,0
2026-06-16T12:15:00+05:30,784.2,784.65,784.0,784.05,190954,0
2026-06-16T12:20:00+05:30,784.15,784.8,783.5,784.1,315274,0
2026-06-16T12:25:00+05:30,784.1,785.15,783.85,785.0,230646,0
2026-06-16T12:30:00+05:30,785.0,785.8,783.6,783.95,814127,0
2026-06-16T12:35:00+05:30,784.25,785.55,783.65,785.25,784978,0
2026-06-16T12:40:00+05:30,785.3,785.5,784.75,784.8,301952,0
2026-06-16T12:45:00+05:30,785.0,785.6,784.95,785.6,145500,0
2026-06-16T12:50:00+05:30,785.6,785.65,785.0,785.5,147103,0
2026-06-16T12:55:00+05:30,785.35,785.5,784.65,785.4,178331,0
2026-06-16T13:00:00+05:30,785.4,785.5,784.85,784.95,142509,0
2026-06-16T13:05:00+05:30,784.95,785.4,784.8,785.15,147293,0
2026-06-16T13:10:00+05:30,785.15,787.0,785.0,787.0,301989,0
2026-06-16T13:15:00+05:30,786.95,787.0,786.0,786.45,536617,0
2026-06-16T13:20:00+05:30,786.45,787.4,786.0,787.05,419531,0
2026-06-16T13:25:00+05:30,787.1,787.7,787.0,787.5,262215,0
2026-06-16T13:30:00+05:30,787.6,787.7,787.05,787.2,214626,0
2026-06-16T13:35:00+05:30,787.35,787.7,787.0,787.05,329250,0
2026-06-16T13:40:00+05:30,787.2,787.3,786.3,786.3,368500,0
2026-06-16T13:45:00+05:30,786.35,786.8,786.25,786.75,134481,0
2026-06-16T13:50:00+05:30,786.75,786.8,785.5,785.95,188428,0
2026-06-16T13:55:00+05:30,785.85,786.15,785.55,785.8,170829,0
2026-06-16T14:00:00+05:30,785.8,786.25,785.4,786.05,307946,0
2026-06-16T14:05:00+05:30,786.1,787.0,786.0,786.55,365775,0
2026-06-16T14:10:00+05:30,786.5,787.25,786.35,787.1,211017,0
2026-06-16T14:15:00+05:30,787.1,787.4,786.45,786.55,343574,0
2026-06-16T14:20:00+05:30,786.45,786.8,786.0,786.5,276064,0
2026-06-16T14:25:00+05:30,786.5,786.5,785.65,785.95,266693,0
2026-06-16T14:30:00+05:30,785.85,786.25,785.6,786.1,234429,0
2026-06-16T14:35:00+05:30,786.1,786.5,785.55,786.35,317733,0
2026-06-16T14:40:00+05:30,786.3,786.75,785.0,785.0,301213,0
2026-06-16T14:45:00+05:30,785.0,786.8,784.0,784.7,1209810,0
2026-06-16T14:50:00+05:30,784.7,785.2,783.4,785.05,770213,0
2026-06-16T14:55:00+05:30,785.05,785.4,784.2,784.35,185700,0
2026-06-16T15:00:00+05:30,784.5,786.25,783.7,784.25,1861937,0
2026-06-16T15:05:00+05:30,784.2,786.2,783.45,785.15,1444099,0
2026-06-16T15:10:00+05:30,785.15,785.7,784.65,785.15,342032,0
2026-06-16T15:15:00+05:30,785.15,785.25,784.25,784.5,426971,0
2026-06-16T15:20:00+05:30,784.5,785.25,784.25,784.6,321692,0
2026-06-16T15:25:00+05:30,784.6,785.0,784.1,784.75,346748,0
2026-06-17T09:15:00+05:30,787.65,787.8,783.3,783.3,882044,0
2026-06-17T09:20:00+05:30,783.3,786.5,783.1,784.25,994398,0
2026-06-17T09:25:00+05:30,784.25,786.5,783.95,786.2,497186,0
2026-06-17T09:30:00+05:30,786.5,786.5,784.75,784.8,751311,0
2026-06-17T09:35:00+05:30,785.0,785.0,784.3,784.9,220880,0
2026-06-17T09:40:00+05:30,784.7,786.2,784.65,785.8,358316,0
2026-06-17T09:45:00+05:30,785.8,785.9,784.65,785.15,219563,0
2026-06-17T09:50:00+05:30,785.15,785.6,784.5,785.5,785827,0
2026-06-17T09:55:00+05:30,785.55,785.75,785.0,785.6,188269,0
2026-06-17T10:00:00+05:30,785.5,785.6,784.6,785.2,256699,0
2026-06-17T10:05:00+05:30,785.2,786.25,785.1,785.9,199515,0
2026-06-17T10:10:00+05:30,785.85,786.85,785.6,785.9,237710,0
2026-06-17T10:15:00+05:30,785.9,786.85,785.5,786.35,1392717,0
2026-06-17T10:20:00+05:30,786.3,787.35,786.1,786.8,359833,0
2026-06-17T10:25:00+05:30,786.8,787.0,786.1,786.35,160585,0
2026-06-17T10:30:00+05:30,786.45,788.65,786.25,788.35,401424,0
2026-06-17T10:35:00+05:30,788.4,789.6,788.35,788.9,470459,0
2026-06-17T10:40:00+05:30,788.9,792.0,788.9,790.9,1310877,0
2026-06-17T10:45:00+05:30,790.8,791.35,790.25,790.55,225706,0
2026-06-17T10:50:00+05:30,790.55,791.0,790.2,790.9,197089,0
2026-06-17T10:55:00+05:30,790.9,791.4,789.5,789.9,401878,0
2026-06-17T11:00:00+05:30,789.9,790.0,788.9,789.5,260237,0
2026-06-17T11:05:00+05:30,789.5,790.25,789.2,789.65,1215809,0
2026-06-17T11:10:00+05:30,789.65,791.35,789.0,791.05,275226,0
2026-06-17T11:15:00+05:30,791.1,791.5,790.5,791.2,274285,0
2026-06-17T11:20:00+05:30,791.2,791.2,790.2,791.1,373988,0
2026-06-17T11:25:00+05:30,791.05,792.9,791.0,792.55,848209,0
2026-06-17T11:30:00+05:30,792.6,793.3,792.15,793.0,342215,0
2026-06-17T11:35:00+05:30,793.0,793.4,791.8,792.35,532637,0
2026-06-17T11:40:00+05:30,792.45,794.2,792.0,793.9,814751,0
2026-06-17T11:45:00+05:30,793.9,794.3,792.35,792.8,463287,0
2026-06-17T11:50:00+05:30,792.8,792.9,791.6,791.75,238588,0
2026-06-17T11:55:00+05:30,791.7,791.85,790.7,790.8,335181,0
2026-06-17T12:00:00+05:30,790.9,791.9,790.6,791.8,375663,0
2026-06-17T12:05:00+05:30,791.8,791.8,790.1,790.45,399056,0
2026-06-17T12:10:00+05:30,790.65,790.7,789.65,790.0,282437,0
2026-06-17T12:15:00+05:30,790.05,790.75,789.5,790.35,227508,0
2026-06-17T12:20:00+05:30,790.35,790.65,790.0,790.3,285670,0
2026-06-17T12:25:00+05:30,790.35,790.4,789.25,789.9,450985,0
2026-06-17T12:30:00+05:30,789.75,789.9,788.8,789.2,159230,0
2026-06-17T12:35:00+05:30,789.2,789.5,788.8,789.15,217963,0
2026-06-17T12:40:00+05:30,789.1,789.9,788.9,789.3,302750,0
2026-06-17T12:45:00+05:30,789.3,790.3,788.9,789.1,377153,0
2026-06-17T12:50:00+05:30,789.1,789.45,788.5,788.5,229121,0
2026-06-17T12:55:00+05:30,788.65,789.35,788.25,788.65,277375,0
2026-06-17T13:00:00+05:30,788.5,789.8,788.05,789.45,395497,0
2026-06-17T13:05:00+05:30,789.5,789.8,788.4,788.6,230585,0
2026-06-17T13:10:00+05:30,788.6,788.85,787.9,788.0,286407,0
2026-06-17T13:15:00+05:30,788.0,788.9,787.7,788.2,231232,0
2026-06-17T13:20:00+05:30,788.25,789.0,788.2,788.75,154915,0
2026-06-17T13:25:00+05:30,788.85,789.3,788.6,789.2,166113,0
2026-06-17T13:30:00+05:30,789.2,789.7,788.65,789.4,201294,0
2026-06-17T13:35:00+05:30,789.4,790.0,789.05,789.45,247625,0
2026-06-17T13:40:00+05:30,789.45,789.7,789.05,789.1,183117,0
2026-06-17T13:45:00+05:30,789.15,789.6,788.9,789.25,182505,0
2026-06-17T13:50:00+05:30,789.25,789.5,788.75,789.2,257533,0
2026-06-17T13:55:00+05:30,789.2,789.5,788.75,789.4,138513,0
2026-06-17T14:00:00+05:30,789.4,789.7,789.0,789.3,289442,0
2026-06-17T14:05:00+05:30,789.25,789.45,788.5,789.0,493688,0
2026-06-17T14:10:00+05:30,789.05,789.8,788.6,789.05,273001,0
2026-06-17T14:15:00+05:30,789.05,789.45,788.1,789.0,289844,0
2026-06-17T14:20:00+05:30,789.0,789.2,787.5,787.9,574133,0
2026-06-17T14:25:00+05:30,787.75,787.9,786.5,787.0,693891,0
2026-06-17T14:30:00+05:30,787.0,787.5,786.2,786.9,262706,0
2026-06-17T14:35:00+05:30,786.85,788.55,786.8,787.5,491237,0
2026-06-17T14:40:00+05:30,787.4,787.55,786.5,786.55,452831,0
2026-06-17T14:45:00+05:30,786.55,787.0,786.25,786.5,274356,0
2026-06-17T14:50:00+05:30,786.4,787.75,786.0,787.35,820622,0
2026-06-17T14:55:00+05:30,787.3,787.65,786.45,787.6,317045,0
2026-06-17T15:00:00+05:30,787.5,788.05,787.25,787.7,581697,0
2026-06-17T15:05:00+05:30,787.7,788.3,787.25,787.45,666000,0
2026-06-17T15:10:00+05:30,787.35,787.75,787.05,787.5,706931,0
2026-06-17T15:15:00+05:30,787.5,787.5,786.75,786.95,572798,0
2026-06-17T15:20:00+05:30,786.85,787.45,786.3,786.3,649744,0
2026-06-17T15:25:00+05:30,786.35,787.0,785.1,787.0,887900,0
