time,open,high,low,close,volume,open_interest
2026-04-20T09:15:00+05:30,204.5,204.99,203.42,203.76,2071490,0
2026-04-20T09:20:00+05:30,203.76,204.95,203.67,204.75,799982,0
2026-04-20T09:25:00+05:30,204.7,205.0,203.99,204.19,856142,0
2026-04-20T09:30:00+05:30,204.11,205.2,204.01,205.05,709503,0
2026-04-20T09:35:00+05:30,205.08,205.08,203.85,203.91,965467,0
2026-04-20T09:40:00+05:30,203.91,203.95,203.5,203.6,690572,0
2026-04-20T09:45:00+05:30,203.51,203.6,202.9,203.03,855912,0
2026-04-20T09:50:00+05:30,203.03,203.33,203.0,203.25,362929,0
2026-04-20T09:55:00+05:30,203.25,203.25,202.51,202.73,867855,0
2026-04-20T10:00:00+05:30,202.73,202.87,202.55,202.76,498428,0
2026-04-20T10:05:00+05:30,202.79,203.17,202.75,203.02,289186,0
2026-04-20T10:10:00+05:30,203.07,203.09,202.9,203.01,362025,0
2026-04-20T10:15:00+05:30,203.02,203.12,202.9,203.0,271658,0
2026-04-20T10:20:00+05:30,203.0,203.25,202.91,203.18,212457,0
2026-04-20T10:25:00+05:30,203.18,203.45,203.08,203.44,238544,0
2026-04-20T10:30:00+05:30,203.44,203.8,203.41,203.78,365366,0
2026-04-20T10:35:00+05:30,203.75,203.83,203.6,203.74,287421,0
2026-04-20T10:40:00+05:30,203.77,203.8,203.65,203.77,155994,0
2026-04-20T10:45:00+05:30,203.75,203.77,203.3,203.4,222280,0
2026-04-20T10:50:00+05:30,203.4,203.44,203.1,203.21,282374,0
2026-04-20T10:55:00+05:30,203.21,203.25,203.06,203.15,208074,0
2026-04-20T11:00:00+05:30,203.18,203.25,203.02,203.25,207295,0
2026-04-20T11:05:00+05:30,203.22,203.35,203.05,203.1,201666,0
2026-04-20T11:10:00+05:30,203.1,203.16,203.05,203.11,161869,0
2026-04-20T11:15:00+05:30,203.14,203.35,203.09,203.22,177449,0
2026-04-20T11:20:00+05:30,203.22,203.55,203.13,203.55,201863,0
2026-04-20T11:25:00+05:30,203.55,203.85,203.5,203.8,344150,0
2026-04-20T11:30:00+05:30,203.8,203.85,203.41,203.63,524248,0
2026-04-20T11:35:00+05:30,203.6,203.63,203.3,203.39,253820,0
2026-04-20T11:40:00+05:30,203.32,203.39,203.2,203.21,199582,0
2026-04-20T11:45:00+05:30,203.22,203.3,203.11,203.22,261984,0
2026-04-20T11:50:00+05:30,203.23,203.29,203.12,203.15,194264,0
2026-04-20T11:55:00+05:30,203.12,203.25,203.05,203.2,238671,0
2026-04-20T12:00:00+05:30,203.2,203.29,203.1,203.12,179628,0
2026-04-20T12:05:00+05:30,203.11,203.29,203.06,203.1,182082,0
2026-04-20T12:10:00+05:30,203.11,203.15,203.03,203.03,196962,0
2026-04-20T12:15:00+05:30,203.03,203.08,203.0,203.05,238272,0
2026-04-20T12:20:00+05:30,203.01,203.1,203.0,203.03,186291,0
2026-04-20T12:25:00+05:30,203.02,203.21,203.0,203.1,330766,0
2026-04-20T12:30:00+05:30,203.1,203.25,203.01,203.04,254352,0
2026-04-20T12:35:00+05:30,203.1,203.17,203.0,203.09,325023,0
2026-04-20T12:40:00+05:30,203.09,203.13,203.01,203.05,156349,0
2026-04-20T12:45:00+05:30,203.05,203.12,202.91,202.99,279488,0
2026-04-20T12:50:00+05:30,202.99,203.07,202.91,203.0,176499,0
2026-04-20T12:55:00+05:30,203.0,203.07,202.91,202.95,187247,0
2026-04-20T13:00:00+05:30,202.95,203.0,202.51,202.81,698726,0
2026-04-20T13:05:00+05:30,202.8,202.95,202.75,202.8,218952,0
2026-04-20T13:10:00+05:30,202.79,203.0,202.78,202.96,158272,0
2026-04-20T13:15:00+05:30,202.96,203.1,202.8,202.86,295345,0
2026-04-20T13:20:00+05:30,202.9,202.92,202.75,202.89,200140,0
2026-04-20T13:25:00+05:30,202.89,202.89,202.65,202.8,214172,0
2026-04-20T13:30:00+05:30,202.81,202.9,202.52,202.8,340887,0
2026-04-20T13:35:00+05:30,202.8,202.85,202.65,202.7,185647,0
2026-04-20T13:40:00+05:30,202.7,202.8,202.6,202.78,161247,0
2026-04-20T13:45:00+05:30,202.79,202.8,202.62,202.67,153639,0
2026-04-20T13:50:00+05:30,202.67,202.7,202.57,202.7,146839,0
2026-04-20T13:55:00+05:30,202.7,202.85,202.62,202.8,186641,0
2026-04-20T14:00:00+05:30,202.8,202.8,202.62,202.68,118859,0
2026-04-20T14:05:00+05:30,202.65,202.68,202.52,202.6,175715,0
2026-04-20T14:10:00+05:30,202.61,202.7,202.56,202.7,129126,0
2026-04-20T14:15:00+05:30,202.69,202.76,202.61,202.69,160652,0
2026-04-20T14:20:00+05:30,202.68,202.78,202.61,202.67,184169,0
2026-04-20T14:25:00+05:30,202.68,202.9,202.64,202.87,209329,0
2026-04-20T14:30:00+05:30,202.87,202.94,202.8,202.94,152352,0
2026-04-20T14:35:00+05:30,202.93,202.95,202.8,202.87,149767,0
2026-04-20T14:40:00+05:30,202.83,202.9,202.79,202.84,223111,0
2026-04-20T14:45:00+05:30,202.85,202.85,202.6,202.7,289145,0
2026-04-20T14:50:00+05:30,202.7,202.89,202.68,202.8,251809,0
2026-04-20T14:55:00+05:30,202.74,202.85,202.69,202.78,262021,0
2026-04-20T15:00:00+05:30,202.78,203.03,202.75,202.75,600140,0
2026-04-20T15:05:00+05:30,202.82,202.96,202.7,202.83,568842,0
2026-04-20T15:10:00+05:30,202.83,202.96,202.75,202.8,662141,0
2026-04-20T15:15:00+05:30,202.8,202.85,202.32,202.4,1096653,0
2026-04-20T15:20:00+05:30,202.4,202.41,202.0,202.06,1400061,0
2026-04-20T15:25:00+05:30,202.07,202.5,202.0,202.4,855514,0
2026-04-21T09:15:00+05:30,203.0,203.43,202.48,203.28,1231754,0
2026-04-21T09:20:00+05:30,203.28,203.9,203.13,203.36,614935,0
2026-04-21T09:25:00+05:30,203.36,203.75,203.24,203.38,290424,0
2026-04-21T09:30:00+05:30,203.38,203.85,203.26,203.72,305732,0
2026-04-21T09:35:00+05:30,203.7,203.94,203.63,203.76,325416,0
2026-04-21T09:40:00+05:30,203.74,203.8,203.61,203.73,171314,0
2026-04-21T09:45:00+05:30,203.73,203.85,203.5,203.64,212480,0
2026-04-21T09:50:00+05:30,203.64,203.71,203.4,203.52,203719,0
2026-04-21T09:55:00+05:30,203.52,203.6,203.41,203.58,145694,0
2026-04-21T10:00:00+05:30,203.58,203.69,203.56,203.69,175895,0
2026-04-21T10:05:00+05:30,203.69,203.85,203.55,203.84,223171,0
2026-04-21T10:10:00+05:30,203.82,203.84,203.7,203.78,113508,0
2026-04-21T10:15:00+05:30,203.8,203.9,203.75,203.85,163412,0
2026-04-21T10:20:00+05:30,203.85,203.95,203.8,203.95,196384,0
2026-04-21T10:25:00+05:30,203.95,204.38,203.93,204.38,351846,0
2026-04-21T10:30:00+05:30,204.38,204.6,204.25,204.55,358452,0
2026-04-21T10:35:00+05:30,204.59,204.77,204.0,204.21,532814,0
2026-04-21T10:40:00+05:30,204.2,204.39,204.16,204.35,141659,0
2026-04-21T10:45:00+05:30,204.35,205.2,204.3,205.16,855313,0
2026-04-21T10:50:00+05:30,205.16,205.37,204.72,205.25,861091,0
2026-04-21T10:55:00+05:30,205.27,205.48,205.07,205.33,417106,0
2026-04-21T11:00:00+05:30,205.31,205.35,205.06,205.31,237503,0
2026-04-21T11:05:00+05:30,205.31,205.34,205.0,205.1,325103,0
2026-04-21T11:10:00+05:30,205.12,205.2,205.06,205.19,116112,0
2026-04-21T11:15:00+05:30,205.2,205.3,204.83,204.93,263467,0
2026-04-21T11:20:00+05:30,204.85,205.1,204.73,205.0,228529,0
2026-04-21T11:25:00+05:30,205.05,205.07,204.9,204.95,120463,0
2026-04-21T11:30:00+05:30,204.98,205.0,204.8,204.83,134531,0
2026-04-21T11:35:00+05:30,204.83,205.0,204.76,204.88,149866,0
2026-04-21T11:40:00+05:30,204.88,204.99,204.82,204.98,155637,0
2026-04-21T11:45:00+05:30,204.99,205.3,204.99,205.28,272013,0
2026-04-21T11:50:00+05:30,205.28,205.39,205.2,205.3,214825,0
2026-04-21T11:55:00+05:30,205.34,205.55,205.33,205.49,410639,0
2026-04-21T12:00:00+05:30,205.49,205.7,205.44,205.69,286744,0
2026-04-21T12:05:00+05:30,205.69,205.69,205.35,205.44,167592,0
2026-04-21T12:10:00+05:30,205.47,205.49,204.71,204.96,780326,0
2026-04-21T12:15:00+05:30,204.97,205.0,204.48,204.88,572063,0
2026-04-21T12:20:00+05:30,204.88,204.98,204.81,204.88,151146,0
2026-04-21T12:25:00+05:30,204.9,204.99,204.85,204.95,109505,0
2026-04-21T12:30:00+05:30,204.95,205.15,204.81,204.85,142829,0
2026-04-21T12:35:00+05:30,204.86,205.2,204.75,205.1,147887,0
2026-04-21T12:40:00+05:30,205.1,205.15,204.8,204.84,137740,0
2026-04-21T12:45:00+05:30,204.86,204.87,204.23,204.43,638215,0
2026-04-21T12:50:00+05:30,204.48,204.49,203.98,204.49,646417,0
2026-04-21T12:55:00+05:30,204.48,204.52,204.35,204.4,122976,0
2026-04-21T13:00:00+05:30,204.4,204.57,204.36,204.54,103494,0
2026-04-21T13:05:00+05:30,204.53,204.58,204.46,204.56,88810,0
2026-04-21T13:10:00+05:30,204.54,204.59,204.5,204.51,88274,0
2026-04-21T13:15:00+05:30,204.52,204.68,204.5,204.51,94938,0
2026-04-21T13:20:00+05:30,204.51,204.6,204.4,204.49,127251,0
2026-04-21T13:25:00+05:30,204.48,204.69,204.41,204.58,124441,0
2026-04-21T13:30:00+05:30,204.58,204.76,204.51,204.63,106784,0
2026-04-21T13:35:00+05:30,204.64,204.73,204.5,204.69,144232,0
2026-04-21T13:40:00+05:30,204.72,204.74,204.4,204.57,111597,0
2026-04-21T13:45:00+05:30,204.6,204.69,204.51,204.62,85613,0
2026-04-21T13:50:00+05:30,204.62,204.8,204.27,204.8,341088,0
2026-04-21T13:55:00+05:30,204.8,204.99,204.76,204.85,210683,0
2026-04-21T14:00:00+05:30,204.89,205.17,204.85,205.03,246046,0
2026-04-21T14:05:00+05:30,205.03,205.18,205.0,205.08,165098,0
2026-04-21T14:10:00+05:30,205.08,205.19,204.92,205.13,181487,0
2026-04-21T14:15:00+05:30,205.13,205.19,205.02,205.02,119902,0
2026-04-21T14:20:00+05:30,205.09,205.1,204.91,205.01,164313,0
2026-04-21T14:25:00+05:30,205.07,205.08,204.95,205.0,103861,0
2026-04-21T14:30:00+05:30,205.03,205.08,204.9,204.95,134988,0
2026-04-21T14:35:00+05:30,204.99,204.99,204.76,204.82,116307,0
2026-04-21T14:40:00+05:30,204.82,204.95,204.65,204.84,170484,0
2026-04-21T14:45:00+05:30,204.84,205.0,204.8,204.96,111023,0
2026-04-21T14:50:00+05:30,204.96,205.14,204.93,205.0,266730,0
2026-04-21T14:55:00+05:30,205.06,205.3,205.0,205.24,287695,0
2026-04-21T15:00:00+05:30,205.24,205.35,204.95,205.07,487644,0
2026-04-21T15:05:00+05:30,205.08,205.09,204.9,204.91,326135,0
2026-04-21T15:10:00+05:30,204.97,205.03,204.8,204.98,473564,0
2026-04-21T15:15:00+05:30,204.98,205.1,204.89,205.03,521583,0
2026-04-21T15:20:00+05:30,204.99,205.1,204.89,205.08,754751,0
2026-04-21T15:25:00+05:30,205.07,205.19,204.98,204.98,701524,0
2026-04-22T09:15:00+05:30,203.5,204.52,202.2,204.45,1996292,0
2026-04-22T09:20:00+05:30,204.45,204.47,203.61,204.3,670364,0
2026-04-22T09:25:00+05:30,204.29,204.48,204.0,204.09,355072,0
2026-04-22T09:30:00+05:30,204.09,204.6,203.9,204.6,339657,0
2026-04-22T09:35:00+05:30,204.6,204.99,204.44,204.86,314755,0
2026-04-22T09:40:00+05:30,204.9,205.0,204.61,204.92,235768,0
2026-04-22T09:45:00+05:30,204.92,205.38,204.87,204.91,532390,0
2026-04-22T09:50:00+05:30,204.99,205.09,204.42,204.5,249665,0
2026-04-22T09:55:00+05:30,204.56,204.57,204.16,204.29,237200,0
2026-04-22T10:00:00+05:30,204.28,204.32,204.01,204.14,184871,0
2026-04-22T10:05:00+05:30,204.12,204.37,204.03,204.3,197838,0
2026-04-22T10:10:00+05:30,204.3,204.42,204.0,204.0,176620,0
2026-04-22T10:15:00+05:30,204.06,204.13,203.75,203.85,376846,0
2026-04-22T10:20:00+05:30,203.84,203.88,203.61,203.76,215539,0
2026-04-22T10:25:00+05:30,203.75,203.85,203.61,203.8,144153,0
2026-04-22T10:30:00+05:30,203.8,204.03,203.75,203.9,172082,0
2026-04-22T10:35:00+05:30,203.9,204.1,203.83,204.07,239185,0
2026-04-22T10:40:00+05:30,204.03,204.08,203.85,204.05,172058,0
2026-04-22T10:45:00+05:30,204.05,204.2,203.91,204.01,133825,0
2026-04-22T10:50:00+05:30,204.08,204.1,203.52,203.59,466864,0
2026-04-22T10:55:00+05:30,203.58,203.78,203.05,203.69,624346,0
2026-04-22T11:00:00+05:30,203.69,203.87,203.6,203.85,136427,0
2026-04-22T11:05:00+05:30,203.85,203.94,203.5,203.55,236453,0
2026-04-22T11:10:00+05:30,203.58,203.61,203.32,203.41,180948,0
2026-04-22T11:15:00+05:30,203.4,203.4,203.25,203.32,187576,0
2026-04-22T11:20:00+05:30,203.33,203.41,203.25,203.4,164453,0
2026-04-22T11:25:00+05:30,203.39,203.82,203.27,203.48,247699,0
2026-04-22T11:30:00+05:30,203.48,203.72,203.38,203.56,147882,0
2026-04-22T11:35:00+05:30,203.55,203.73,203.51,203.6,143934,0
2026-04-22T11:40:00+05:30,203.65,203.7,203.3,203.35,235693,0
2026-04-22T11:45:00+05:30,203.3,203.38,203.02,203.09,389669,0
2026-04-22T11:50:00+05:30,203.09,203.17,202.88,202.94,740621,0
2026-04-22T11:55:00+05:30,202.94,203.2,202.82,203.2,205538,0
2026-04-22T12:00:00+05:30,203.2,203.53,203.17,203.45,245172,0
2026-04-22T12:05:00+05:30,203.37,203.39,202.71,202.91,418440,0
2026-04-22T12:10:00+05:30,202.96,203.1,202.75,202.89,250154,0
2026-04-22T12:15:00+05:30,202.83,202.96,202.7,202.87,255888,0
2026-04-22T12:20:00+05:30,202.85,203.0,202.75,202.89,294129,0
2026-04-22T12:25:00+05:30,202.88,202.94,202.75,202.84,187378,0
2026-04-22T12:30:00+05:30,202.85,203.09,202.81,203.05,196864,0
2026-04-22T12:35:00+05:30,203.0,203.11,202.9,203.01,216917,0
2026-04-22T12:40:00+05:30,203.02,203.22,202.92,203.06,203850,0
2026-04-22T12:45:00+05:30,203.05,203.19,203.0,203.05,286511,0
2026-04-22T12:50:00+05:30,203.1,203.2,203.0,203.01,241495,0
2026-04-22T12:55:00+05:30,203.1,203.18,203.0,203.14,234404,0
2026-04-22T13:00:00+05:30,203.14,203.59,203.1,203.55,282226,0
2026-04-22T13:05:00+05:30,203.5,203.8,203.5,203.78,172606,0
2026-04-22T13:10:00+05:30,203.78,203.78,203.4,203.73,178400,0
2026-04-22T13:15:00+05:30,203.72,203.72,203.53,203.6,135506,0
2026-04-22T13:20:00+05:30,203.58,203.6,203.38,203.55,153026,0
2026-04-22T13:25:00+05:30,203.55,203.7,203.52,203.63,159956,0
2026-04-22T13:30:00+05:30,203.63,203.69,203.51,203.6,155456,0
2026-04-22T13:35:00+05:30,203.61,203.65,203.32,203.49,201494,0
2026-04-22T13:40:00+05:30,203.49,203.5,203.3,203.47,143361,0
2026-04-22T13:45:00+05:30,203.47,203.55,203.34,203.4,113323,0
2026-04-22T13:50:00+05:30,203.4,204.03,203.33,204.03,310338,0
2026-04-22T13:55:00+05:30,204.04,204.35,203.78,204.16,455192,0
2026-04-22T14:00:00+05:30,204.16,204.25,203.64,203.81,404314,0
2026-04-22T14:05:00+05:30,203.81,204.18,203.77,203.77,242446,0
2026-04-22T14:10:00+05:30,203.79,203.84,203.61,203.71,195223,0
2026-04-22T14:15:00+05:30,203.71,203.76,203.4,203.57,209987,0
2026-04-22T14:20:00+05:30,203.57,203.64,203.45,203.6,178263,0
2026-04-22T14:25:00+05:30,203.6,203.86,203.5,203.7,195640,0
2026-04-22T14:30:00+05:30,203.72,204.02,203.7,204.0,183769,0
2026-04-22T14:35:00+05:30,204.0,204.08,203.85,203.99,216543,0
2026-04-22T14:40:00+05:30,203.99,204.05,203.77,204.0,272915,0
2026-04-22T14:45:00+05:30,203.99,204.1,203.86,204.0,232829,0
2026-04-22T14:50:00+05:30,204.04,204.22,203.94,204.22,253081,0
2026-04-22T14:55:00+05:30,204.22,204.28,204.06,204.2,249163,0
2026-04-22T15:00:00+05:30,204.16,204.2,204.0,204.06,276389,0
2026-04-22T15:05:00+05:30,204.09,204.1,203.93,203.99,304218,0
2026-04-22T15:10:00+05:30,203.98,204.1,203.91,204.05,398135,0
2026-04-22T15:15:00+05:30,204.05,204.08,203.91,204.06,326601,0
2026-04-22T15:20:00+05:30,204.08,204.1,203.91,203.95,411726,0
2026-04-22T15:25:00+05:30,203.95,204.0,203.81,204.0,443057,0
2026-04-23T09:15:00+05:30,204.0,204.65,203.2,203.86,1039279,0
2026-04-23T09:20:00+05:30,203.87,204.15,203.34,203.96,567018,0
2026-04-23T09:25:00+05:30,203.97,204.15,203.51,203.6,316393,0
2026-04-23T09:30:00+05:30,203.6,203.6,203.02,203.19,469444,0
2026-04-23T09:35:00+05:30,203.22,203.4,203.04,203.26,249763,0
2026-04-23T09:40:00+05:30,203.26,203.45,203.13,203.29,195353,0
2026-04-23T09:45:00+05:30,203.29,203.88,203.1,203.84,182353,0
2026-04-23T09:50:00+05:30,203.82,203.93,203.66,203.8,174325,0
2026-04-23T09:55:00+05:30,203.8,204.1,203.75,204.05,343477,0
2026-04-23T10:00:00+05:30,204.05,204.13,203.53,204.07,280666,0
2026-04-23T10:05:00+05:30,204.07,204.29,204.04,204.24,163201,0
2026-04-23T10:10:00+05:30,204.24,204.25,203.7,203.83,173634,0
2026-04-23T10:15:00+05:30,203.82,203.88,203.7,203.81,118667,0
2026-04-23T10:20:00+05:30,203.81,204.46,203.71,204.46,350142,0
2026-04-23T10:25:00+05:30,204.45,204.64,204.39,204.45,188895,0
2026-04-23T10:30:00+05:30,204.49,204.54,204.2,204.26,158230,0
2026-04-23T10:35:00+05:30,204.29,204.45,204.24,204.45,142154,0
2026-04-23T10:40:00+05:30,204.45,204.5,204.1,204.2,141398,0
2026-04-23T10:45:00+05:30,204.2,204.3,204.05,204.26,127885,0
2026-04-23T10:50:00+05:30,204.26,204.6,204.23,204.55,141588,0
2026-04-23T10:55:00+05:30,204.55,204.58,204.35,204.58,85724,0
2026-04-23T11:00:00+05:30,204.59,204.6,204.34,204.57,117681,0
2026-04-23T11:05:00+05:30,204.57,204.68,204.5,204.55,116845,0
2026-04-23T11:10:00+05:30,204.55,204.65,204.16,204.23,103990,0
2026-04-23T11:15:00+05:30,204.27,204.49,204.12,204.31,75093,0
2026-04-23T11:20:00+05:30,204.34,204.56,204.23,204.26,106864,0
2026-04-23T11:25:00+05:30,204.28,204.57,204.26,204.52,78784,0
2026-04-23T11:30:00+05:30,204.5,204.9,204.5,204.87,161761,0
2026-04-23T11:35:00+05:30,204.87,204.88,204.02,204.3,475524,0
2026-04-23T11:40:00+05:30,204.3,204.38,204.18,204.28,62365,0
2026-04-23T11:45:00+05:30,204.28,204.35,204.21,204.35,60943,0
2026-04-23T11:50:00+05:30,204.35,204.35,204.1,204.2,76071,0
2026-04-23T11:55:00+05:30,204.2,204.26,203.9,204.15,182542,0
2026-04-23T12:00:00+05:30,204.14,204.3,204.05,204.11,73594,0
2026-04-23T12:05:00+05:30,204.11,204.35,203.97,204.35,94468,0
2026-04-23T12:10:00+05:30,204.35,204.43,204.25,204.3,74256,0
2026-04-23T12:15:00+05:30,204.34,204.39,204.02,204.08,78723,0
2026-04-23T12:20:00+05:30,204.08,204.18,204.02,204.1,61915,0
2026-04-23T12:25:00+05:30,204.09,204.09,203.6,203.66,210831,0
2026-04-23T12:30:00+05:30,203.66,203.8,203.6,203.68,136117,0
2026-04-23T12:35:00+05:30,203.68,203.74,203.55,203.62,111577,0
2026-04-23T12:40:00+05:30,203.62,203.97,203.6,203.96,147421,0
2026-04-23T12:45:00+05:30,203.96,203.96,203.7,203.75,90371,0
2026-04-23T12:50:00+05:30,203.75,203.81,203.61,203.79,80182,0
2026-04-23T12:55:00+05:30,203.79,203.97,203.76,203.8,84313,0
2026-04-23T13:00:00+05:30,203.8,203.9,203.68,203.77,97457,0
2026-04-23T13:05:00+05:30,203.77,203.85,203.68,203.82,96897,0
2026-04-23T13:10:00+05:30,203.81,203.92,203.75,203.92,60787,0
2026-04-23T13:15:00+05:30,203.91,204.05,203.78,204.04,109246,0
2026-04-23T13:20:00+05:30,204.05,204.2,203.95,204.19,158789,0
2026-04-23T13:25:00+05:30,204.19,204.33,204.04,204.16,167887,0
2026-04-23T13:30:00+05:30,204.16,204.17,203.88,203.97,120536,0
2026-04-23T13:35:00+05:30,203.98,203.98,203.55,203.55,193272,0
2026-04-23T13:40:00+05:30,203.61,203.68,203.51,203.6,131892,0
2026-04-23T13:45:00+05:30,203.6,203.67,203.51,203.6,132040,0
2026-04-23T13:50:00+05:30,203.61,203.66,203.41,203.56,308081,0
2026-04-23T13:55:00+05:30,203.59,203.7,203.17,203.56,576679,0
2026-04-23T14:00:00+05:30,203.59,203.59,203.4,203.54,114095,0
2026-04-23T14:05:00+05:30,203.56,203.56,203.25,203.27,136983,0
2026-04-23T14:10:00+05:30,203.27,203.33,203.05,203.19,515212,0
2026-04-23T14:15:00+05:30,203.19,203.23,203.05,203.11,283641,0
2026-04-23T14:20:00+05:30,203.07,203.17,203.05,203.15,122018,0
2026-04-23T14:25:00+05:30,203.15,203.16,202.91,202.92,489312,0
2026-04-23T14:30:00+05:30,203.0,203.18,202.91,203.09,154060,0
2026-04-23T14:35:00+05:30,203.12,203.15,202.95,203.03,131072,0
2026-04-23T14:40:00+05:30,203.03,203.15,202.99,203.04,147886,0
2026-04-23T14:45:00+05:30,203.04,203.43,202.96,203.27,289687,0
2026-04-23T14:50:00+05:30,203.27,203.45,203.19,203.42,188103,0
2026-04-23T14:55:00+05:30,203.42,203.5,203.3,203.41,489553,0
2026-04-23T15:00:00+05:30,203.46,203.6,203.41,203.53,399622,0
2026-04-23T15:05:00+05:30,203.53,203.57,203.35,203.49,408586,0
2026-04-23T15:10:00+05:30,203.49,203.5,203.35,203.49,461701,0
2026-04-23T15:15:00+05:30,203.49,203.5,202.91,203.0,556763,0
2026-04-23T15:20:00+05:30,203.0,203.05,202.3,202.35,3056295,0
2026-04-23T15:25:00+05:30,202.35,202.87,202.3,202.87,1616996,0
2026-04-24T09:15:00+05:30,202.75,202.75,201.6,202.45,1306080,0
2026-04-24T09:20:00+05:30,202.4,202.63,201.18,201.44,679054,0
2026-04-24T09:25:00+05:30,201.44,201.6,201.11,201.33,422183,0
2026-04-24T09:30:00+05:30,201.31,201.35,200.54,200.6,885146,0
2026-04-24T09:35:00+05:30,200.59,200.8,200.42,200.8,598918,0
2026-04-24T09:40:00+05:30,200.8,200.81,200.15,200.25,584418,0
2026-04-24T09:45:00+05:30,200.24,200.29,199.31,199.39,1758387,0
2026-04-24T09:50:00+05:30,199.39,199.84,199.26,199.6,525996,0
2026-04-24T09:55:00+05:30,199.6,199.79,199.0,199.43,1594389,0
2026-04-24T10:00:00+05:30,199.42,199.73,199.25,199.35,358450,0
2026-04-24T10:05:00+05:30,199.3,199.71,198.8,198.89,862355,0
2026-04-24T10:10:00+05:30,198.9,199.26,198.65,198.97,948742,0
2026-04-24T10:15:00+05:30,198.9,198.95,198.05,198.3,1061722,0
2026-04-24T10:20:00+05:30,198.34,198.5,198.0,198.12,896682,0
2026-04-24T10:25:00+05:30,198.12,198.47,197.88,197.98,1269661,0
2026-04-24T10:30:00+05:30,197.98,198.56,197.88,198.47,395281,0
2026-04-24T10:35:00+05:30,198.51,198.66,198.21,198.38,288904,0
2026-04-24T10:40:00+05:30,198.38,198.5,197.93,198.0,469954,0
2026-04-24T10:45:00+05:30,198.0,198.62,197.95,198.57,491541,0
2026-04-24T10:50:00+05:30,198.57,199.15,198.44,199.05,541987,0
2026-04-24T10:55:00+05:30,199.01,199.08,198.62,198.86,209758,0
2026-04-24T11:00:00+05:30,198.86,199.09,198.61,198.85,379403,0
2026-04-24T11:05:00+05:30,198.89,199.5,198.76,199.43,481731,0
2026-04-24T11:10:00+05:30,199.43,199.5,199.2,199.35,386456,0
2026-04-24T11:15:00+05:30,199.31,199.5,199.08,199.41,439002,0
2026-04-24T11:20:00+05:30,199.38,199.75,199.2,199.64,541057,0
2026-04-24T11:25:00+05:30,199.63,199.8,199.45,199.61,363619,0
2026-04-24T11:30:00+05:30,199.61,199.72,199.44,199.64,246848,0
2026-04-24T11:35:00+05:30,199.64,199.69,199.26,199.5,229864,0
2026-04-24T11:40:00+05:30,199.51,199.54,199.09,199.29,257114,0
2026-04-24T11:45:00+05:30,199.36,199.44,199.05,199.23,306490,0
2026-04-24T11:50:00+05:30,199.23,199.28,198.81,198.88,442702,0
2026-04-24T11:55:00+05:30,198.89,199.38,198.84,199.22,280542,0
2026-04-24T12:00:00+05:30,199.21,199.27,198.93,199.14,332829,0
2026-04-24T12:05:00+05:30,199.16,199.59,199.05,199.47,277687,0
2026-04-24T12:10:00+05:30,199.5,199.65,199.26,199.6,367675,0
2026-04-24T12:15:00+05:30,199.6,199.66,199.36,199.43,360002,0
2026-04-24T12:20:00+05:30,199.4,199.55,199.22,199.38,173771,0
2026-04-24T12:25:00+05:30,199.38,199.38,199.11,199.21,119861,0
2026-04-24T12:30:00+05:30,199.27,199.56,199.2,199.26,239787,0
2026-04-24T12:35:00+05:30,199.3,199.55,199.25,199.54,84625,0
2026-04-24T12:40:00+05:30,199.5,199.54,199.13,199.22,188864,0
2026-04-24T12:45:00+05:30,199.2,199.32,199.01,199.19,139782,0
2026-04-24T12:50:00+05:30,199.19,199.33,198.8,198.83,294118,0
2026-04-24T12:55:00+05:30,198.91,198.94,198.65,198.75,191815,0
2026-04-24T13:00:00+05:30,198.75,198.8,198.35,198.35,381673,0
2026-04-24T13:05:00+05:30,198.41,198.41,198.05,198.19,474884,0
2026-04-24T13:10:00+05:30,198.1,198.39,198.0,198.38,391570,0
2026-04-24T13:15:00+05:30,198.34,198.57,198.14,198.56,211802,0
2026-04-24T13:20:00+05:30,198.56,198.61,198.24,198.31,208190,0
2026-04-24T13:25:00+05:30,198.28,198.61,198.22,198.58,257909,0
2026-04-24T13:30:00+05:30,198.54,198.65,198.3,198.44,235481,0
2026-04-24T13:35:00+05:30,198.44,198.6,198.34,198.56,215577,0
2026-04-24T13:40:00+05:30,198.57,198.94,198.55,198.77,554866,0
2026-04-24T13:45:00+05:30,198.73,199.42,198.73,199.34,589574,0
2026-04-24T13:50:00+05:30,199.36,199.46,199.01,199.35,282692,0
2026-04-24T13:55:00+05:30,199.34,199.34,198.76,198.92,435495,0
2026-04-24T14:00:00+05:30,198.92,199.06,198.55,198.67,489687,0
2026-04-24T14:05:00+05:30,198.68,198.86,198.51,198.74,291856,0
2026-04-24T14:10:00+05:30,198.75,198.81,198.51,198.52,400957,0
2026-04-24T14:15:00+05:30,198.52,198.99,198.5,198.99,415966,0
2026-04-24T14:20:00+05:30,198.98,199.39,198.94,199.12,516793,0
2026-04-24T14:25:00+05:30,199.11,199.3,199.0,199.15,308014,0
2026-04-24T14:30:00+05:30,199.15,199.31,199.0,199.04,173197,0
2026-04-24T14:35:00+05:30,199.04,199.31,199.0,199.16,255544,0
2026-04-24T14:40:00+05:30,199.25,199.39,199.16,199.35,191655,0
2026-04-24T14:45:00+05:30,199.36,199.75,199.3,199.75,474566,0
2026-04-24T14:50:00+05:30,199.71,199.77,199.52,199.65,517180,0
2026-04-24T14:55:00+05:30,199.61,199.7,199.4,199.63,379262,0
2026-04-24T15:00:00+05:30,199.63,199.7,199.3,199.35,568427,0
2026-04-24T15:05:00+05:30,199.4,199.7,199.25,199.55,1032999,0
2026-04-24T15:10:00+05:30,199.55,199.65,199.11,199.34,2066084,0
2026-04-24T15:15:00+05:30,199.35,199.54,199.24,199.42,1164996,0
2026-04-24T15:20:00+05:30,199.44,199.5,199.01,199.35,1792295,0
2026-04-24T15:25:00+05:30,199.35,199.49,199.16,199.45,643789,0
2026-04-27T09:15:00+05:30,199.36,202.3,199.36,202.19,1149224,0
2026-04-27T09:20:00+05:30,202.19,203.43,202.08,203.39,802242,0
2026-04-27T09:25:00+05:30,203.4,203.9,202.75,202.95,2410549,0
2026-04-27T09:30:00+05:30,202.97,203.0,202.27,202.6,477809,0
2026-04-27T09:35:00+05:30,202.61,202.75,202.36,202.6,246840,0
2026-04-27T09:40:00+05:30,202.6,203.4,202.57,203.4,764302,0
2026-04-27T09:45:00+05:30,203.39,203.49,202.81,203.06,1434344,0
2026-04-27T09:50:00+05:30,203.07,203.49,202.89,203.28,662318,0
2026-04-27T09:55:00+05:30,203.28,203.7,203.09,203.17,348764,0
2026-04-27T10:00:00+05:30,203.09,203.49,202.85,203.1,173953,0
2026-04-27T10:05:00+05:30,203.08,203.5,202.92,203.36,238915,0
2026-04-27T10:10:00+05:30,203.3,203.7,203.28,203.6,190667,0
2026-04-27T10:15:00+05:30,203.65,203.99,203.64,203.96,264085,0
2026-04-27T10:20:00+05:30,203.96,204.2,203.8,203.9,401693,0
2026-04-27T10:25:00+05:30,203.85,204.0,203.72,203.91,146043,0
2026-04-27T10:30:00+05:30,203.91,204.0,203.52,203.78,211647,0
2026-04-27T10:35:00+05:30,203.79,203.9,203.65,203.76,165716,0
2026-04-27T10:40:00+05:30,203.76,203.8,203.53,203.68,123432,0
2026-04-27T10:45:00+05:30,203.71,203.9,203.62,203.85,86713,0
2026-04-27T10:50:00+05:30,203.85,203.99,203.6,203.7,120865,0
2026-04-27T10:55:00+05:30,203.7,203.8,203.52,203.73,110418,0
2026-04-27T11:00:00+05:30,203.73,203.95,203.46,203.61,143399,0
2026-04-27T11:05:00+05:30,203.61,203.61,202.92,203.19,239828,0
2026-04-27T11:10:00+05:30,203.14,203.58,203.1,203.38,90815,0
2026-04-27T11:15:00+05:30,203.32,203.4,203.15,203.16,64869,0
2026-04-27T11:20:00+05:30,203.17,203.25,202.9,203.19,162941,0
2026-04-27T11:25:00+05:30,203.18,203.33,202.84,202.94,855544,0
2026-04-27T11:30:00+05:30,202.97,203.06,202.8,202.91,519278,0
2026-04-27T11:35:00+05:30,202.84,202.94,202.51,202.71,842071,0
2026-04-27T11:40:00+05:30,202.63,203.1,202.6,203.06,910606,0
2026-04-27T11:45:00+05:30,203.05,203.1,202.8,202.94,623210,0
2026-04-27T11:50:00+05:30,202.9,203.03,202.57,202.8,1090487,0
2026-04-27T11:55:00+05:30,202.8,203.08,202.73,202.97,1246177,0
2026-04-27T12:00:00+05:30,202.97,203.0,202.63,202.75,556467,0
2026-04-27T12:05:00+05:30,202.77,203.0,202.7,202.91,818699,0
2026-04-27T12:10:00+05:30,202.91,203.15,202.86,203.0,1125994,0
2026-04-27T12:15:00+05:30,202.99,203.4,202.89,203.32,972589,0
2026-04-27T12:20:00+05:30,203.31,203.8,203.05,203.73,337089,0
2026-04-27T12:25:00+05:30,203.68,203.98,203.48,203.6,953663,0
2026-04-27T12:30:00+05:30,203.6,203.65,203.3,203.41,994009,0
2026-04-27T12:35:00+05:30,203.41,203.49,203.24,203.33,1075780,0
2026-04-27T12:40:00+05:30,203.4,203.5,203.18,203.48,880336,0
2026-04-27T12:45:00+05:30,203.41,203.74,203.23,203.4,526439,0
2026-04-27T12:50:00+05:30,203.33,203.62,203.26,203.44,1183620,0
2026-04-27T12:55:00+05:30,203.44,203.74,203.36,203.57,1005712,0
2026-04-27T13:00:00+05:30,203.57,203.96,203.47,203.9,969289,0
2026-04-27T13:05:00+05:30,203.85,204.7,203.8,204.64,933961,0
2026-04-27T13:10:00+05:30,204.6,205.1,204.51,204.79,684390,0
2026-04-27T13:15:00+05:30,204.78,205.0,204.75,204.89,288522,0
2026-04-27T13:20:00+05:30,204.89,205.0,204.65,204.73,524937,0
2026-04-27T13:25:00+05:30,204.65,204.78,204.49,204.57,512262,0
2026-04-27T13:30:00+05:30,204.55,204.9,204.34,204.63,1337565,0
2026-04-27T13:35:00+05:30,204.63,204.78,204.5,204.78,344774,0
2026-04-27T13:40:00+05:30,204.73,204.85,204.68,204.8,163205,0
2026-04-27T13:45:00+05:30,204.8,204.94,204.56,204.58,198908,0
2026-04-27T13:50:00+05:30,204.57,204.8,204.5,204.7,229313,0
2026-04-27T13:55:00+05:30,204.76,204.81,204.36,204.39,178281,0
2026-04-27T14:00:00+05:30,204.39,204.58,204.3,204.47,195674,0
2026-04-27T14:05:00+05:30,204.45,204.57,204.35,204.48,218568,0
2026-04-27T14:10:00+05:30,204.48,204.58,204.3,204.54,231597,0
2026-04-27T14:15:00+05:30,204.54,204.6,204.4,204.5,182114,0
2026-04-27T14:20:00+05:30,204.46,204.58,204.2,204.22,237301,0
2026-04-27T14:25:00+05:30,204.22,204.22,203.82,204.14,408124,0
2026-04-27T14:30:00+05:30,204.14,204.46,204.05,204.44,340710,0
2026-04-27T14:35:00+05:30,204.45,204.87,204.39,204.75,510576,0
2026-04-27T14:40:00+05:30,204.7,204.78,204.54,204.65,541323,0
2026-04-27T14:45:00+05:30,204.65,204.82,204.45,204.76,1375732,0
2026-04-27T14:50:00+05:30,204.7,205.1,204.66,205.0,685785,0
2026-04-27T14:55:00+05:30,204.94,205.0,204.8,205.0,247806,0
2026-04-27T15:00:00+05:30,204.96,205.24,204.64,205.2,807198,0
2026-04-27T15:05:00+05:30,205.18,205.25,205.07,205.15,351800,0
2026-04-27T15:10:00+05:30,205.1,205.24,204.92,205.15,435497,0
2026-04-27T15:15:00+05:30,205.15,205.2,204.9,205.03,475909,0
2026-04-27T15:20:00+05:30,205.05,205.15,204.85,205.0,574775,0
2026-04-27T15:25:00+05:30,204.95,205.1,204.8,204.98,532548,0
2026-04-28T09:15:00+05:30,204.56,205.03,204.11,204.9,613618,0
2026-04-28T09:20:00+05:30,204.91,204.98,204.2,204.43,457913,0
2026-04-28T09:25:00+05:30,204.43,205.38,204.33,205.24,841506,0
2026-04-28T09:30:00+05:30,205.23,205.3,204.8,204.82,571934,0
2026-04-28T09:35:00+05:30,204.85,205.2,204.8,204.98,306597,0
2026-04-28T09:40:00+05:30,204.98,205.18,204.86,205.09,413314,0
2026-04-28T09:45:00+05:30,205.09,205.2,204.8,204.86,453059,0
2026-04-28T09:50:00+05:30,204.86,205.24,204.78,205.13,458245,0
2026-04-28T09:55:00+05:30,205.18,205.48,204.93,205.4,294475,0
2026-04-28T10:00:00+05:30,205.38,205.68,205.31,205.33,407884,0
2026-04-28T10:05:00+05:30,205.33,205.6,205.25,205.45,308409,0
2026-04-28T10:10:00+05:30,205.45,205.5,205.3,205.36,222176,0
2026-04-28T10:15:00+05:30,205.36,205.42,205.12,205.25,262354,0
2026-04-28T10:20:00+05:30,205.29,205.35,205.21,205.31,197152,0
2026-04-28T10:25:00+05:30,205.31,205.35,204.9,205.06,285702,0
2026-04-28T10:30:00+05:30,205.06,205.08,204.54,204.83,326277,0
2026-04-28T10:35:00+05:30,204.83,204.94,204.6,204.89,283205,0
2026-04-28T10:40:00+05:30,204.89,205.07,204.66,204.91,350267,0
2026-04-28T10:45:00+05:30,204.9,205.15,204.83,204.89,249380,0
2026-04-28T10:50:00+05:30,204.9,205.0,204.72,204.93,216076,0
2026-04-28T10:55:00+05:30,204.96,205.05,204.9,204.95,180624,0
2026-04-28T11:00:00+05:30,204.95,205.02,204.8,204.84,162268,0
2026-04-28T11:05:00+05:30,204.85,204.86,204.5,204.65,447183,0
2026-04-28T11:10:00+05:30,204.65,204.69,204.5,204.69,191285,0
2026-04-28T11:15:00+05:30,204.65,204.8,204.35,204.62,248674,0
2026-04-28T11:20:00+05:30,204.5,204.67,204.27,204.31,214484,0
2026-04-28T11:25:00+05:30,204.33,204.34,204.0,204.1,320936,0
2026-04-28T11:30:00+05:30,204.09,204.31,204.0,204.29,296792,0
2026-04-28T11:35:00+05:30,204.29,204.54,204.2,204.38,208358,0
2026-04-28T11:40:00+05:30,204.45,204.6,204.32,204.56,182375,0
2026-04-28T11:45:00+05:30,204.5,204.57,204.41,204.49,199115,0
2026-04-28T11:50:00+05:30,204.49,204.53,204.3,204.42,189721,0
2026-04-28T11:55:00+05:30,204.44,204.53,204.27,204.37,163147,0
2026-04-28T12:00:00+05:30,204.39,204.84,204.3,204.65,298028,0
2026-04-28T12:05:00+05:30,204.71,204.72,204.5,204.58,177191,0
2026-04-28T12:10:00+05:30,204.6,204.72,204.3,204.49,265369,0
2026-04-28T12:15:00+05:30,204.49,204.61,204.34,204.45,202179,0
2026-04-28T12:20:00+05:30,204.49,204.5,204.1,204.13,178250,0
2026-04-28T12:25:00+05:30,204.13,204.55,204.04,204.54,530470,0
2026-04-28T12:30:00+05:30,204.52,204.61,204.28,204.47,405765,0
2026-04-28T12:35:00+05:30,204.48,204.48,204.12,204.2,184255,0
2026-04-28T12:40:00+05:30,204.2,204.28,203.83,203.94,293680,0
2026-04-28T12:45:00+05:30,203.96,203.96,203.58,203.58,238173,0
2026-04-28T12:50:00+05:30,203.58,203.7,203.4,203.42,207284,0
2026-04-28T12:55:00+05:30,203.42,203.45,203.11,203.24,228748,0
2026-04-28T13:00:00+05:30,203.24,203.56,203.16,203.38,169572,0
2026-04-28T13:05:00+05:30,203.38,203.48,203.29,203.33,190470,0
2026-04-28T13:10:00+05:30,203.33,203.7,203.31,203.39,185801,0
2026-04-28T13:15:00+05:30,203.39,203.4,203.21,203.26,154301,0
2026-04-28T13:20:00+05:30,203.26,203.34,202.7,202.83,421606,0
2026-04-28T13:25:00+05:30,202.82,202.86,202.56,202.6,191431,0
2026-04-28T13:30:00+05:30,202.6,202.7,202.34,202.41,280756,0
2026-04-28T13:35:00+05:30,202.41,202.53,202.17,202.44,258443,0
2026-04-28T13:40:00+05:30,202.44,202.61,202.4,202.43,177670,0
2026-04-28T13:45:00+05:30,202.44,202.52,202.22,202.35,205365,0
2026-04-28T13:50:00+05:30,202.35,202.59,202.25,202.35,198523,0
2026-04-28T13:55:00+05:30,202.35,202.53,202.3,202.39,208299,0
2026-04-28T14:00:00+05:30,202.39,202.4,202.2,202.24,182257,0
2026-04-28T14:05:00+05:30,202.24,202.44,202.1,202.16,295777,0
2026-04-28T14:10:00+05:30,202.17,202.23,202.0,202.09,295385,0
2026-04-28T14:15:00+05:30,202.17,202.78,202.08,202.26,694507,0
2026-04-28T14:20:00+05:30,202.29,202.36,202.15,202.23,209064,0
2026-04-28T14:25:00+05:30,202.23,202.24,202.0,202.05,311837,0
2026-04-28T14:30:00+05:30,202.05,202.23,202.0,202.06,305706,0
2026-04-28T14:35:00+05:30,202.06,202.08,201.81,202.0,434003,0
2026-04-28T14:40:00+05:30,202.0,202.24,201.94,202.12,216839,0
2026-04-28T14:45:00+05:30,202.12,202.25,202.05,202.07,295204,0
2026-04-28T14:50:00+05:30,202.13,202.2,202.01,202.14,363606,0
2026-04-28T14:55:00+05:30,202.17,202.24,202.05,202.18,192225,0
2026-04-28T15:00:00+05:30,202.19,202.25,201.76,201.8,527588,0
2026-04-28T15:05:00+05:30,201.82,202.0,201.72,201.72,494370,0
2026-04-28T15:10:00+05:30,201.76,201.89,201.55,201.6,387845,0
2026-04-28T15:15:00+05:30,201.6,201.6,201.28,201.39,516555,0
2026-04-28T15:20:00+05:30,201.39,201.39,201.02,201.2,641108,0
2026-04-28T15:25:00+05:30,201.24,201.8,201.1,201.7,621022,0
2026-04-29T09:15:00+05:30,201.58,202.84,201.58,202.32,851124,0
2026-04-29T09:20:00+05:30,202.42,202.59,201.89,202.37,396986,0
2026-04-29T09:25:00+05:30,202.37,202.45,202.01,202.31,226535,0
2026-04-29T09:30:00+05:30,202.31,202.34,201.9,202.24,195675,0
2026-04-29T09:35:00+05:30,202.24,202.96,202.24,202.96,234120,0
2026-04-29T09:40:00+05:30,202.96,203.32,202.68,202.86,372803,0
2026-04-29T09:45:00+05:30,202.86,203.25,202.8,203.14,163301,0
2026-04-29T09:50:00+05:30,203.2,203.6,203.05,203.3,227191,0
2026-04-29T09:55:00+05:30,203.37,203.4,202.51,202.7,279704,0
2026-04-29T10:00:00+05:30,202.7,202.97,202.54,202.69,284335,0
2026-04-29T10:05:00+05:30,202.69,202.9,202.62,202.81,89295,0
2026-04-29T10:10:00+05:30,202.85,203.05,202.68,203.03,114052,0
2026-04-29T10:15:00+05:30,203.03,203.08,202.8,202.8,198958,0
2026-04-29T10:20:00+05:30,202.86,203.06,202.7,203.06,128331,0
2026-04-29T10:25:00+05:30,203.06,203.07,202.84,202.92,80695,0
2026-04-29T10:30:00+05:30,202.92,202.94,202.65,202.74,112225,0
2026-04-29T10:35:00+05:30,202.74,202.85,202.63,202.71,103925,0
2026-04-29T10:40:00+05:30,202.78,202.82,202.55,202.57,91068,0
2026-04-29T10:45:00+05:30,202.59,202.62,202.3,202.6,163483,0
2026-04-29T10:50:00+05:30,202.6,202.64,202.41,202.5,96022,0
2026-04-29T10:55:00+05:30,202.5,202.7,202.31,202.6,418687,0
2026-04-29T11:00:00+05:30,202.6,202.9,202.6,202.6,144230,0
2026-04-29T11:05:00+05:30,202.65,202.86,202.51,202.65,116294,0
2026-04-29T11:10:00+05:30,202.65,202.85,202.5,202.51,239985,0
2026-04-29T11:15:00+05:30,202.59,202.62,202.13,202.25,312037,0
2026-04-29T11:20:00+05:30,202.29,202.43,202.1,202.16,119328,0
2026-04-29T11:25:00+05:30,202.16,202.37,202.0,202.12,393748,0
2026-04-29T11:30:00+05:30,202.13,202.41,202.05,202.37,125390,0
2026-04-29T11:35:00+05:30,202.36,202.38,202.14,202.2,83216,0
2026-04-29T11:40:00+05:30,202.25,202.35,202.15,202.15,60472,0
2026-04-29T11:45:00+05:30,202.21,202.33,202.12,202.26,51586,0
2026-04-29T11:50:00+05:30,202.32,202.42,202.2,202.2,89789,0
2026-04-29T11:55:00+05:30,202.25,202.4,202.12,202.25,191707,0
2026-04-29T12:00:00+05:30,202.34,202.34,201.9,202.0,267711,0
2026-04-29T12:05:00+05:30,202.0,202.0,201.74,201.94,146799,0
2026-04-29T12:10:00+05:30,201.94,202.14,201.81,201.9,122930,0
2026-04-29T12:15:00+05:30,201.99,202.01,201.81,201.95,119718,0
2026-04-29T12:20:00+05:30,201.96,202.05,201.8,201.94,154919,0
2026-04-29T12:25:00+05:30,201.94,202.06,201.86,202.0,65503,0
2026-04-29T12:30:00+05:30,202.0,202.21,201.9,202.1,107120,0
2026-04-29T12:35:00+05:30,202.15,202.19,202.02,202.12,77065,0
2026-04-29T12:40:00+05:30,202.13,202.16,202.0,202.01,103276,0
2026-04-29T12:45:00+05:30,202.02,202.14,202.0,202.0,114270,0
2026-04-29T12:50:00+05:30,202.01,202.18,201.99,202.0,117646,0
2026-04-29T12:55:00+05:30,202.02,202.06,201.9,202.03,77180,0
2026-04-29T13:00:00+05:30,202.01,202.07,201.96,201.98,64382,0
2026-04-29T13:05:00+05:30,201.98,202.08,201.93,202.0,181635,0
2026-04-29T13:10:00+05:30,202.0,202.01,201.76,201.82,151608,0
2026-04-29T13:15:00+05:30,201.9,202.0,201.75,201.99,200428,0
2026-04-29T13:20:00+05:30,201.99,202.05,201.78,201.79,104434,0
2026-04-29T13:25:00+05:30,201.78,201.91,201.71,201.76,96216,0
2026-04-29T13:30:00+05:30,201.65,201.79,201.6,201.65,148117,0
2026-04-29T13:35:00+05:30,201.64,201.66,201.25,201.35,257603,0
2026-04-29T13:40:00+05:30,201.29,201.39,201.12,201.32,210361,0
2026-04-29T13:45:00+05:30,201.39,201.5,201.28,201.45,116452,0
2026-04-29T13:50:00+05:30,201.43,201.49,201.35,201.41,64774,0
2026-04-29T13:55:00+05:30,201.38,201.48,201.26,201.34,147049,0
2026-04-29T14:00:00+05:30,201.3,201.3,200.8,200.82,518492,0
2026-04-29T14:05:00+05:30,200.85,201.06,200.8,200.88,197029,0
2026-04-29T14:10:00+05:30,200.89,200.98,200.75,200.98,191863,0
2026-04-29T14:15:00+05:30,200.98,201.1,200.91,200.98,147185,0
2026-04-29T14:20:00+05:30,201.0,201.06,200.91,201.01,182906,0
2026-04-29T14:25:00+05:30,201.02,201.06,200.93,200.95,103214,0
2026-04-29T14:30:00+05:30,200.95,201.06,200.83,201.06,232690,0
2026-04-29T14:35:00+05:30,201.06,201.06,200.94,201.03,93900,0
2026-04-29T14:40:00+05:30,201.0,201.18,201.0,201.18,122816,0
2026-04-29T14:45:00+05:30,201.2,201.24,201.0,201.01,237037,0
2026-04-29T14:50:00+05:30,201.06,201.07,200.94,201.02,120879,0
2026-04-29T14:55:00+05:30,201.01,201.04,200.83,200.88,136269,0
2026-04-29T15:00:00+05:30,200.85,201.02,200.81,200.83,332131,0
2026-04-29T15:05:00+05:30,200.83,200.86,200.75,200.8,443384,0
2026-04-29T15:10:00+05:30,200.8,200.8,200.5,200.54,411360,0
2026-04-29T15:15:00+05:30,200.52,200.58,200.3,200.58,429296,0
2026-04-29T15:20:00+05:30,200.63,200.79,200.57,200.6,1007031,0
2026-04-29T15:25:00+05:30,200.61,201.0,200.51,200.97,658369,0
2026-04-30T09:15:00+05:30,200.89,201.8,200.32,200.76,645585,0
2026-04-30T09:20:00+05:30,200.72,200.99,200.15,200.32,252253,0
2026-04-30T09:25:00+05:30,200.3,200.6,200.05,200.48,222206,0
2026-04-30T09:30:00+05:30,200.4,201.93,200.3,201.84,494949,0
2026-04-30T09:35:00+05:30,201.89,202.14,201.59,201.94,524419,0
2026-04-30T09:40:00+05:30,201.91,202.05,201.62,201.73,323246,0
2026-04-30T09:45:00+05:30,201.73,201.85,201.52,201.65,154577,0
2026-04-30T09:50:00+05:30,201.59,202.09,201.56,201.88,346407,0
2026-04-30T09:55:00+05:30,201.92,201.92,201.65,201.79,115548,0
2026-04-30T10:00:00+05:30,201.79,201.79,201.07,201.16,236322,0
2026-04-30T10:05:00+05:30,201.15,201.4,200.85,200.93,97188,0
2026-04-30T10:10:00+05:30,200.93,201.09,200.81,201.01,187666,0
2026-04-30T10:15:00+05:30,201.01,201.1,200.66,200.75,203356,0
2026-04-30T10:20:00+05:30,200.75,200.96,200.61,200.8,143819,0
2026-04-30T10:25:00+05:30,200.8,200.95,200.61,200.83,135984,0
2026-04-30T10:30:00+05:30,200.8,200.99,200.63,200.74,79946,0
2026-04-30T10:35:00+05:30,200.71,200.79,200.55,200.65,99355,0
2026-04-30T10:40:00+05:30,200.65,200.75,200.51,200.65,164582,0
2026-04-30T10:45:00+05:30,200.65,200.65,200.28,200.35,155738,0
2026-04-30T10:50:00+05:30,200.35,200.54,200.25,200.39,74756,0
2026-04-30T10:55:00+05:30,200.44,200.44,200.25,200.31,84216,0
2026-04-30T11:00:00+05:30,200.35,200.48,200.25,200.48,118955,0
2026-04-30T11:05:00+05:30,200.46,200.66,200.38,200.52,82333,0
2026-04-30T11:10:00+05:30,200.49,200.52,200.26,200.32,91054,0
2026-04-30T11:15:00+05:30,200.34,200.37,200.2,200.22,218169,0
2026-04-30T11:20:00+05:30,200.2,200.27,200.0,200.2,320442,0
2026-04-30T11:25:00+05:30,200.2,200.25,200.01,200.21,276744,0
2026-04-30T11:30:00+05:30,200.21,200.35,200.13,200.3,221020,0
2026-04-30T11:35:00+05:30,200.29,200.49,200.25,200.35,351348,0
2026-04-30T11:40:00+05:30,200.32,200.59,200.2,200.41,123310,0
2026-04-30T11:45:00+05:30,200.4,200.6,200.25,200.59,78860,0
2026-04-30T11:50:00+05:30,200.5,201.04,200.5,200.98,148754,0
2026-04-30T11:55:00+05:30,200.98,201.26,200.77,201.16,136803,0
2026-04-30T12:00:00+05:30,201.2,201.36,201.11,201.25,125566,0
2026-04-30T12:05:00+05:30,201.25,201.39,201.05,201.26,158659,0
2026-04-30T12:10:00+05:30,201.28,201.4,201.1,201.4,371913,0
2026-04-30T12:15:00+05:30,201.4,201.4,201.11,201.25,73854,0
2026-04-30T12:20:00+05:30,201.24,201.45,201.11,201.41,97398,0
2026-04-30T12:25:00+05:30,201.4,201.44,201.2,201.39,99765,0
2026-04-30T12:30:00+05:30,201.39,201.89,201.35,201.88,194913,0
2026-04-30T12:35:00+05:30,201.88,201.98,201.5,201.54,117267,0
2026-04-30T12:40:00+05:30,201.6,202.1,201.54,202.06,244579,0
2026-04-30T12:45:00+05:30,202.06,202.15,201.88,202.06,177898,0
2026-04-30T12:50:00+05:30,202.14,202.14,201.69,201.85,120479,0
2026-04-30T12:55:00+05:30,201.89,201.91,201.75,201.8,94139,0
2026-04-30T13:00:00+05:30,201.84,201.92,201.54,201.66,140078,0
2026-04-30T13:05:00+05:30,201.61,201.74,201.56,201.7,59116,0
2026-04-30T13:10:00+05:30,201.7,201.84,201.5,201.54,86364,0
2026-04-30T13:15:00+05:30,201.54,201.65,201.5,201.58,57143,0
2026-04-30T13:20:00+05:30,201.53,201.78,201.52,201.52,64968,0
2026-04-30T13:25:00+05:30,201.52,201.63,201.48,201.63,101762,0
2026-04-30T13:30:00+05:30,201.58,201.85,201.53,201.74,117642,0
2026-04-30T13:35:00+05:30,201.74,201.9,201.6,201.63,178074,0
2026-04-30T13:40:00+05:30,201.61,201.83,201.6,201.68,90916,0
2026-04-30T13:45:00+05:30,201.69,201.85,201.6,201.76,84532,0
2026-04-30T13:50:00+05:30,201.76,201.88,201.62,201.65,86599,0
2026-04-30T13:55:00+05:30,201.65,201.89,201.65,201.78,72470,0
2026-04-30T14:00:00+05:30,201.84,202.0,201.72,201.92,113486,0
2026-04-30T14:05:00+05:30,201.89,201.99,201.7,201.95,120909,0
2026-04-30T14:10:00+05:30,201.92,202.05,201.8,201.9,104235,0
2026-04-30T14:15:00+05:30,201.89,201.95,201.7,201.77,123076,0
2026-04-30T14:20:00+05:30,201.75,201.8,201.52,201.78,149074,0
2026-04-30T14:25:00+05:30,201.79,201.8,201.35,201.5,168116,0
2026-04-30T14:30:00+05:30,201.54,201.89,201.48,201.78,126598,0
2026-04-30T14:35:00+05:30,201.78,201.91,201.67,201.75,128377,0
2026-04-30T14:40:00+05:30,201.8,201.95,201.74,201.92,128990,0
2026-04-30T14:45:00+05:30,201.92,202.03,201.57,201.64,151368,0
2026-04-30T14:50:00+05:30,201.64,201.64,201.33,201.34,221143,0
2026-04-30T14:55:00+05:30,201.34,201.5,201.33,201.46,175609,0
2026-04-30T15:00:00+05:30,201.46,201.46,200.76,200.84,703010,0
2026-04-30T15:05:00+05:30,200.84,200.84,200.5,200.55,414253,0
2026-04-30T15:10:00+05:30,200.55,200.55,200.3,200.47,583631,0
2026-04-30T15:15:00+05:30,200.47,200.57,200.25,200.48,497167,0
2026-04-30T15:20:00+05:30,200.47,200.76,200.31,200.71,840109,0
2026-04-30T15:25:00+05:30,200.71,201.2,200.51,201.2,581716,0
2026-05-04T09:15:00+05:30,202.4,203.37,201.33,201.58,634717,0
2026-05-04T09:20:00+05:30,201.53,202.03,201.5,201.99,235948,0
2026-05-04T09:25:00+05:30,201.99,202.02,201.58,201.9,188431,0
2026-05-04T09:30:00+05:30,201.9,202.02,201.4,201.87,189297,0
2026-05-04T09:35:00+05:30,201.94,202.4,201.76,201.88,164372,0
2026-05-04T09:40:00+05:30,201.98,202.0,201.71,201.93,89729,0
2026-05-04T09:45:00+05:30,201.92,201.99,201.7,201.8,89695,0
2026-05-04T09:50:00+05:30,201.8,201.99,201.64,201.85,91875,0
2026-05-04T09:55:00+05:30,201.85,201.85,201.6,201.67,120178,0
2026-05-04T10:00:00+05:30,201.75,201.8,201.5,201.75,133776,0
2026-05-04T10:05:00+05:30,201.69,201.85,201.55,201.71,69980,0
2026-05-04T10:10:00+05:30,201.71,201.73,201.04,201.24,183030,0
2026-05-04T10:15:00+05:30,201.24,201.39,201.12,201.28,79412,0
2026-05-04T10:20:00+05:30,201.23,201.25,200.7,200.75,347960,0
2026-05-04T10:25:00+05:30,200.75,201.0,200.51,201.0,162024,0
2026-05-04T10:30:00+05:30,201.0,201.32,200.94,201.08,88655,0
2026-05-04T10:35:00+05:30,201.08,201.31,201.06,201.3,56543,0
2026-05-04T10:40:00+05:30,201.3,201.35,201.15,201.33,41273,0
2026-05-04T10:45:00+05:30,201.34,201.48,201.2,201.45,51965,0
2026-05-04T10:50:00+05:30,201.45,201.5,201.23,201.35,57681,0
2026-05-04T10:55:00+05:30,201.33,201.35,201.11,201.21,54413,0
2026-05-04T11:00:00+05:30,201.2,201.4,201.11,201.36,50655,0
2026-05-04T11:05:00+05:30,201.35,201.45,201.2,201.32,42878,0
2026-05-04T11:10:00+05:30,201.3,201.6,201.23,201.56,71271,0
2026-05-04T11:15:00+05:30,201.56,201.64,201.31,201.38,55385,0
2026-05-04T11:20:00+05:30,201.38,201.45,201.3,201.3,54177,0
2026-05-04T11:25:00+05:30,201.4,201.49,201.21,201.31,86275,0
2026-05-04T11:30:00+05:30,201.35,201.39,201.16,201.25,43530,0
2026-05-04T11:35:00+05:30,201.33,201.33,201.05,201.12,53869,0
2026-05-04T11:40:00+05:30,201.2,201.26,201.11,201.21,37580,0
2026-05-04T11:45:00+05:30,201.22,201.32,201.11,201.32,29731,0
2026-05-04T11:50:00+05:30,201.31,201.44,201.2,201.28,82749,0
2026-05-04T11:55:00+05:30,201.28,201.35,201.08,201.26,46603,0
2026-05-04T12:00:00+05:30,201.26,201.34,201.02,201.2,60413,0
2026-05-04T12:05:00+05:30,201.15,201.2,200.8,200.95,177826,0
2026-05-04T12:10:00+05:30,200.87,200.97,200.61,200.7,141012,0
2026-05-04T12:15:00+05:30,200.7,200.94,200.56,200.89,118325,0
2026-05-04T12:20:00+05:30,200.89,200.94,200.6,200.67,93129,0
2026-05-04T12:25:00+05:30,200.67,200.86,200.65,200.8,52886,0
2026-05-04T12:30:00+05:30,200.83,200.87,200.67,200.85,47862,0
2026-05-04T12:35:00+05:30,200.82,200.94,200.72,200.72,38950,0
2026-05-04T12:40:00+05:30,200.72,200.8,200.62,200.66,59505,0
2026-05-04T12:45:00+05:30,200.66,200.71,200.56,200.64,73253,0
2026-05-04T12:50:00+05:30,200.64,200.79,200.55,200.79,57054,0
2026-05-04T12:55:00+05:30,200.79,200.8,200.57,200.62,52273,0
2026-05-04T13:00:00+05:30,200.62,200.66,200.56,200.6,42776,0
2026-05-04T13:05:00+05:30,200.61,200.7,200.57,200.69,52028,0
2026-05-04T13:10:00+05:30,200.65,200.7,200.55,200.58,58356,0
2026-05-04T13:15:00+05:30,200.58,200.67,200.52,200.6,62686,0
2026-05-04T13:20:00+05:30,200.6,200.6,200.3,200.45,201022,0
2026-05-04T13:25:00+05:30,200.4,200.52,200.16,200.2,102929,0
2026-05-04T13:30:00+05:30,200.19,200.39,200.1,200.24,112838,0
2026-05-04T13:35:00+05:30,200.23,200.3,200.06,200.3,117696,0
2026-05-04T13:40:00+05:30,200.3,200.49,200.25,200.43,57708,0
2026-05-04T13:45:00+05:30,200.43,200.49,200.3,200.43,89696,0
2026-05-04T13:50:00+05:30,200.35,200.6,200.35,200.49,56613,0
2026-05-04T13:55:00+05:30,200.49,200.5,200.14,200.35,133181,0
2026-05-04T14:00:00+05:30,200.33,200.5,200.22,200.5,59913,0
2026-05-04T14:05:00+05:30,200.5,200.58,200.4,200.58,93865,0
2026-05-04T14:10:00+05:30,200.58,201.1,200.58,200.96,106452,0
2026-05-04T14:15:00+05:30,200.96,201.19,200.87,200.97,116184,0
2026-05-04T14:20:00+05:30,201.0,201.08,200.72,200.81,100581,0
2026-05-04T14:25:00+05:30,200.81,200.93,200.67,200.72,51128,0
2026-05-04T14:30:00+05:30,200.75,200.88,200.71,200.76,57411,0
2026-05-04T14:35:00+05:30,200.82,200.93,200.75,200.75,66699,0
2026-05-04T14:40:00+05:30,200.83,200.94,200.69,200.9,119470,0
2026-05-04T14:45:00+05:30,200.9,200.9,200.5,200.55,107642,0
2026-05-04T14:50:00+05:30,200.63,200.66,200.25,200.66,161438,0
2026-05-04T14:55:00+05:30,200.64,200.79,200.41,200.72,97082,0
2026-05-04T15:00:00+05:30,200.73,200.92,200.53,200.58,280489,0
2026-05-04T15:05:00+05:30,200.66,200.8,200.6,200.64,150522,0
2026-05-04T15:10:00+05:30,200.69,201.05,200.66,200.84,252398,0
2026-05-04T15:15:00+05:30,200.84,200.84,200.52,200.65,150830,0
2026-05-04T15:20:00+05:30,200.67,200.8,200.57,200.6,268790,0
2026-05-04T15:25:00+05:30,200.63,200.95,200.6,200.91,262062,0
2026-05-05T09:15:00+05:30,200.0,202.14,199.95,201.68,450057,0
2026-05-05T09:20:00+05:30,201.75,202.3,201.1,201.17,283661,0
2026-05-05T09:25:00+05:30,201.18,201.38,201.02,201.17,139774,0
2026-05-05T09:30:00+05:30,201.19,201.42,201.01,201.06,72381,0
2026-05-05T09:35:00+05:30,201.02,201.07,200.55,200.69,182534,0
2026-05-05T09:40:00+05:30,200.63,200.79,200.45,200.55,116833,0
2026-05-05T09:45:00+05:30,200.58,201.22,200.51,201.0,87178,0
2026-05-05T09:50:00+05:30,201.0,201.36,200.9,201.16,71646,0
2026-05-05T09:55:00+05:30,201.24,201.3,200.8,201.05,70727,0
2026-05-05T10:00:00+05:30,201.05,201.15,200.7,200.96,57072,0
2026-05-05T10:05:00+05:30,200.96,201.19,200.8,200.87,79080,0
2026-05-05T10:10:00+05:30,200.87,200.98,200.7,200.82,68056,0
2026-05-05T10:15:00+05:30,200.89,200.9,200.55,200.74,103686,0
2026-05-05T10:20:00+05:30,200.75,200.86,200.52,200.69,110953,0
2026-05-05T10:25:00+05:30,200.78,200.8,200.5,200.7,73717,0
2026-05-05T10:30:00+05:30,200.7,200.84,200.62,200.78,35021,0
2026-05-05T10:35:00+05:30,200.7,200.8,200.59,200.7,37509,0
2026-05-05T10:40:00+05:30,200.67,200.8,200.55,200.67,69027,0
2026-05-05T10:45:00+05:30,200.67,200.69,200.32,200.59,148741,0
2026-05-05T10:50:00+05:30,200.59,200.6,200.51,200.58,21023,0
2026-05-05T10:55:00+05:30,200.58,200.7,200.41,200.7,86249,0
2026-05-05T11:00:00+05:30,200.7,200.87,200.51,200.66,94299,0
2026-05-05T11:05:00+05:30,200.65,200.74,200.41,200.45,130150,0
2026-05-05T11:10:00+05:30,200.45,200.62,200.37,200.41,106147,0
2026-05-05T11:15:00+05:30,200.49,200.65,200.4,200.45,46194,0
2026-05-05T11:20:00+05:30,200.45,200.45,200.2,200.24,152369,0
2026-05-05T11:25:00+05:30,200.24,200.27,200.1,200.12,111591,0
2026-05-05T11:30:00+05:30,200.19,200.26,200.1,200.18,116219,0
2026-05-05T11:35:00+05:30,200.18,200.22,200.05,200.2,149823,0
2026-05-05T11:40:00+05:30,200.2,200.22,199.9,199.92,483708,0
2026-05-05T11:45:00+05:30,199.92,199.92,199.7,199.85,188337,0
2026-05-05T11:50:00+05:30,199.85,200.0,199.8,199.9,105666,0
2026-05-05T11:55:00+05:30,199.93,199.93,199.81,199.93,65262,0
2026-05-05T12:00:00+05:30,199.93,199.94,199.8,199.89,85975,0
2026-05-05T12:05:00+05:30,199.89,200.03,199.81,199.95,85842,0
2026-05-05T12:10:00+05:30,199.97,200.05,199.83,200.04,64955,0
2026-05-05T12:15:00+05:30,200.03,200.15,199.99,200.14,56044,0
2026-05-05T12:20:00+05:30,200.14,200.23,199.93,199.93,96317,0
2026-05-05T12:25:00+05:30,200.0,200.01,199.8,199.95,68978,0
2026-05-05T12:30:00+05:30,199.95,200.03,199.82,199.95,49803,0
2026-05-05T12:35:00+05:30,199.95,200.07,199.9,200.05,53287,0
2026-05-05T12:40:00+05:30,200.05,200.18,199.94,199.94,80379,0
2026-05-05T12:45:00+05:30,199.97,199.97,199.8,199.93,69982,0
2026-05-05T12:50:00+05:30,199.93,200.09,199.88,200.0,61288,0
2026-05-05T12:55:00+05:30,200.0,200.15,199.96,200.12,32015,0
2026-05-05T13:00:00+05:30,200.12,200.17,200.0,200.04,72234,0
2026-05-05T13:05:00+05:30,200.04,200.22,199.96,200.1,97918,0
2026-05-05T13:10:00+05:30,200.18,200.2,200.02,200.1,52163,0
2026-05-05T13:15:00+05:30,200.07,200.19,200.01,200.15,71800,0
2026-05-05T13:20:00+05:30,200.18,200.2,200.05,200.1,66672,0
2026-05-05T13:25:00+05:30,200.1,200.1,199.9,199.99,103892,0
2026-05-05T13:30:00+05:30,199.99,200.1,199.92,200.07,39934,0
2026-05-05T13:35:00+05:30,200.07,200.19,199.95,200.0,61186,0
2026-05-05T13:40:00+05:30,200.0,200.19,199.96,200.15,29618,0
2026-05-05T13:45:00+05:30,200.16,200.2,200.1,200.15,45534,0
2026-05-05T13:50:00+05:30,200.15,200.19,200.01,200.01,66280,0
2026-05-05T13:55:00+05:30,200.05,200.1,199.9,199.9,103747,0
2026-05-05T14:00:00+05:30,199.97,200.06,199.9,199.98,68941,0
2026-05-05T14:05:00+05:30,199.98,200.04,199.9,199.96,76335,0
2026-05-05T14:10:00+05:30,199.96,199.99,199.8,199.96,96233,0
2026-05-05T14:15:00+05:30,199.96,200.05,199.91,200.04,44958,0
2026-05-05T14:20:00+05:30,200.04,200.09,199.96,200.0,36738,0
2026-05-05T14:25:00+05:30,199.96,200.15,199.9,200.15,79891,0
2026-05-05T14:30:00+05:30,200.15,200.16,200.0,200.02,63352,0
2026-05-05T14:35:00+05:30,200.01,200.09,199.9,199.97,82729,0
2026-05-05T14:40:00+05:30,199.98,200.14,199.93,200.03,102043,0
2026-05-05T14:45:00+05:30,200.03,200.05,199.81,199.95,152873,0
2026-05-05T14:50:00+05:30,199.94,199.95,199.61,199.72,291429,0
2026-05-05T14:55:00+05:30,199.72,199.77,199.61,199.68,115284,0
2026-05-05T15:00:00+05:30,199.68,199.75,199.6,199.63,260841,0
2026-05-05T15:05:00+05:30,199.63,199.87,199.6,199.81,222274,0
2026-05-05T15:10:00+05:30,199.8,199.9,199.7,199.86,256154,0
2026-05-05T15:15:00+05:30,199.87,199.97,199.7,199.81,324836,0
2026-05-05T15:20:00+05:30,199.81,199.88,199.65,199.86,362991,0
2026-05-05T15:25:00+05:30,199.86,200.17,199.7,200.08,431576,0
2026-05-06T09:15:00+05:30,200.51,201.13,200.07,200.37,750776,0
2026-05-06T09:20:00+05:30,200.37,200.73,200.26,200.65,145459,0
2026-05-06T09:25:00+05:30,200.68,200.89,200.59,200.86,163070,0
2026-05-06T09:30:00+05:30,200.86,201.06,200.5,200.63,211245,0
2026-05-06T09:35:00+05:30,200.63,200.75,200.32,200.45,146005,0
2026-05-06T09:40:00+05:30,200.45,200.45,200.07,200.15,132808,0
2026-05-06T09:45:00+05:30,200.15,200.38,200.02,200.11,182478,0
2026-05-06T09:50:00+05:30,200.14,200.34,200.11,200.2,74491,0
2026-05-06T09:55:00+05:30,200.25,200.46,200.11,200.2,77799,0
2026-05-06T10:00:00+05:30,200.2,200.25,200.0,200.03,177435,0
2026-05-06T10:05:00+05:30,200.06,200.18,199.9,200.09,259956,0
2026-05-06T10:10:00+05:30,200.09,200.33,200.01,200.29,93211,0
2026-05-06T10:15:00+05:30,200.29,200.34,200.04,200.05,86523,0
2026-05-06T10:20:00+05:30,200.05,200.19,199.95,200.13,151894,0
2026-05-06T10:25:00+05:30,200.13,200.21,199.9,200.0,120407,0
2026-05-06T10:30:00+05:30,200.0,200.0,199.62,199.7,188419,0
2026-05-06T10:35:00+05:30,199.7,199.8,199.61,199.69,103438,0
2026-05-06T10:40:00+05:30,199.69,199.98,199.66,199.93,73946,0
2026-05-06T10:45:00+05:30,199.93,199.98,199.8,199.9,68604,0
2026-05-06T10:50:00+05:30,199.9,199.91,199.7,199.82,67806,0
2026-05-06T10:55:00+05:30,199.82,199.95,199.72,199.89,85276,0
2026-05-06T11:00:00+05:30,199.86,199.94,199.74,199.79,61841,0
2026-05-06T11:05:00+05:30,199.79,199.9,199.7,199.86,57736,0
2026-05-06T11:10:00+05:30,199.86,199.9,199.6,199.8,106957,0
2026-05-06T11:15:00+05:30,199.8,200.0,199.74,199.91,78282,0
2026-05-06T11:20:00+05:30,199.91,199.97,199.8,199.87,45220,0
2026-05-06T11:25:00+05:30,199.87,199.99,199.82,199.94,55868,0
2026-05-06T11:30:00+05:30,199.94,200.0,199.9,199.99,59018,0
2026-05-06T11:35:00+05:30,199.99,199.99,199.82,199.91,73990,0
2026-05-06T11:40:00+05:30,199.91,200.18,199.9,200.05,253599,0
2026-05-06T11:45:00+05:30,200.05,200.05,199.91,200.04,60904,0
2026-05-06T11:50:00+05:30,200.04,200.05,199.9,199.9,67051,0
2026-05-06T11:55:00+05:30,199.9,200.0,199.88,199.94,51286,0
2026-05-06T12:00:00+05:30,199.94,200.05,199.86,199.97,68747,0
2026-05-06T12:05:00+05:30,199.97,200.0,199.86,199.97,44838,0
2026-05-06T12:10:00+05:30,199.97,199.97,199.8,199.87,44618,0
2026-05-06T12:15:00+05:30,199.87,199.87,199.38,199.4,386125,0
2026-05-06T12:20:00+05:30,199.42,199.51,199.2,199.37,199817,0
2026-05-06T12:25:00+05:30,199.37,199.38,199.11,199.18,156858,0
2026-05-06T12:30:00+05:30,199.18,199.22,199.01,199.08,215475,0
2026-05-06T12:35:00+05:30,199.08,199.18,198.82,198.94,437659,0
2026-05-06T12:40:00+05:30,198.94,198.96,198.54,198.68,212061,0
2026-05-06T12:45:00+05:30,198.68,198.77,198.48,198.63,248845,0
2026-05-06T12:50:00+05:30,198.65,198.66,198.31,198.37,218413,0
2026-05-06T12:55:00+05:30,198.37,198.5,198.3,198.4,143354,0
2026-05-06T13:00:00+05:30,198.4,198.62,198.25,198.55,163140,0
2026-05-06T13:05:00+05:30,198.55,198.92,198.5,198.87,102340,0
2026-05-06T13:10:00+05:30,198.87,198.87,198.61,198.83,109848,0
2026-05-06T13:15:00+05:30,198.83,199.01,198.8,198.9,144022,0
2026-05-06T13:20:00+05:30,198.9,199.0,198.8,199.0,65054,0
2026-05-06T13:25:00+05:30,198.99,199.01,198.83,198.97,101138,0
2026-05-06T13:30:00+05:30,198.97,198.98,198.81,198.85,66954,0
2026-05-06T13:35:00+05:30,198.85,198.96,198.74,198.79,104987,0
2026-05-06T13:40:00+05:30,198.79,198.81,198.61,198.74,117289,0
2026-05-06T13:45:00+05:30,198.74,198.82,198.62,198.74,95275,0
2026-05-06T13:50:00+05:30,198.75,198.9,198.55,198.67,106640,0
2026-05-06T13:55:00+05:30,198.67,198.67,198.31,198.57,202229,0
2026-05-06T14:00:00+05:30,198.57,198.74,198.48,198.73,91347,0
2026-05-06T14:05:00+05:30,198.72,198.84,198.5,198.63,135798,0
2026-05-06T14:10:00+05:30,198.63,198.9,198.62,198.79,78110,0
2026-05-06T14:15:00+05:30,198.79,198.89,198.75,198.82,92926,0
2026-05-06T14:20:00+05:30,198.82,199.25,198.8,199.1,362377,0
2026-05-06T14:25:00+05:30,199.1,199.44,199.02,199.44,219584,0
2026-05-06T14:30:00+05:30,199.44,199.5,199.05,199.2,200647,0
2026-05-06T14:35:00+05:30,199.24,199.49,199.19,199.44,176367,0
2026-05-06T14:40:00+05:30,199.44,199.59,199.4,199.43,170390,0
2026-05-06T14:45:00+05:30,199.43,199.55,199.24,199.49,320593,0
2026-05-06T14:50:00+05:30,199.49,199.59,199.4,199.53,135835,0
2026-05-06T14:55:00+05:30,199.53,199.65,199.48,199.54,173171,0
2026-05-06T15:00:00+05:30,199.59,199.66,199.4,199.45,317306,0
2026-05-06T15:05:00+05:30,199.45,199.5,199.12,199.2,367666,0
2026-05-06T15:10:00+05:30,199.2,199.23,198.92,199.06,398499,0
2026-05-06T15:15:00+05:30,199.06,199.2,199.0,199.17,412407,0
2026-05-06T15:20:00+05:30,199.19,199.19,198.9,198.99,575292,0
2026-05-06T15:25:00+05:30,198.99,199.25,198.91,199.25,744041,0
2026-05-07T09:15:00+05:30,199.5,200.28,199.14,199.31,924814,0
2026-05-07T09:20:00+05:30,199.31,199.54,198.51,198.79,584663,0
2026-05-07T09:25:00+05:30,198.79,198.82,198.45,198.46,473386,0
2026-05-07T09:30:00+05:30,198.47,198.83,198.25,198.41,314485,0
2026-05-07T09:35:00+05:30,198.41,198.64,198.35,198.51,228073,0
2026-05-07T09:40:00+05:30,198.54,198.89,198.5,198.73,193248,0
2026-05-07T09:45:00+05:30,198.73,198.75,198.55,198.64,192139,0
2026-05-07T09:50:00+05:30,198.62,198.66,198.35,198.45,264491,0
2026-05-07T09:55:00+05:30,198.45,198.77,198.42,198.45,155412,0
2026-05-07T10:00:00+05:30,198.45,198.55,198.18,198.39,358525,0
2026-05-07T10:05:00+05:30,198.39,198.57,198.22,198.28,163215,0
2026-05-07T10:10:00+05:30,198.28,198.45,198.05,198.33,322644,0
2026-05-07T10:15:00+05:30,198.27,198.39,198.2,198.34,201037,0
2026-05-07T10:20:00+05:30,198.33,198.54,198.27,198.45,106669,0
2026-05-07T10:25:00+05:30,198.5,198.62,198.39,198.52,163809,0
2026-05-07T10:30:00+05:30,198.6,198.75,198.5,198.74,145918,0
2026-05-07T10:35:00+05:30,198.72,198.72,198.5,198.55,117949,0
2026-05-07T10:40:00+05:30,198.55,198.6,198.4,198.5,126972,0
2026-05-07T10:45:00+05:30,198.5,198.61,198.42,198.51,111391,0
2026-05-07T10:50:00+05:30,198.59,198.6,198.32,198.59,130120,0
2026-05-07T10:55:00+05:30,198.59,198.65,198.44,198.59,110045,0
2026-05-07T11:00:00+05:30,198.6,198.63,198.35,198.44,123682,0
2026-05-07T11:05:00+05:30,198.49,198.55,198.3,198.34,128914,0
2026-05-07T11:10:00+05:30,198.32,198.38,198.16,198.2,181281,0
2026-05-07T11:15:00+05:30,198.2,198.21,198.05,198.15,265306,0
2026-05-07T11:20:00+05:30,198.15,198.15,198.0,198.09,272705,0
2026-05-07T11:25:00+05:30,198.09,198.19,198.01,198.13,114316,0
2026-05-07T11:30:00+05:30,198.13,198.48,198.12,198.43,79848,0
2026-05-07T11:35:00+05:30,198.43,198.45,198.25,198.38,113857,0
2026-05-07T11:40:00+05:30,198.38,198.38,197.85,197.85,1027361,0
2026-05-07T11:45:00+05:30,197.9,198.0,197.8,197.83,249328,0
2026-05-07T11:50:00+05:30,197.84,198.0,197.82,197.95,114370,0
2026-05-07T11:55:00+05:30,197.96,198.0,197.87,197.97,75465,0
2026-05-07T12:00:00+05:30,197.97,198.13,197.9,197.9,179424,0
2026-05-07T12:05:00+05:30,197.9,198.01,197.85,198.0,131209,0
2026-05-07T12:10:00+05:30,198.0,198.05,197.9,197.99,98194,0
2026-05-07T12:15:00+05:30,197.93,198.05,197.91,198.0,105745,0
2026-05-07T12:20:00+05:30,197.95,198.25,197.95,198.01,164674,0
2026-05-07T12:25:00+05:30,198.01,198.06,197.91,197.95,240709,0
2026-05-07T12:30:00+05:30,197.91,198.03,197.82,197.95,302527,0
2026-05-07T12:35:00+05:30,198.01,198.1,197.91,198.08,176732,0
2026-05-07T12:40:00+05:30,198.08,198.16,198.0,198.03,155242,0
2026-05-07T12:45:00+05:30,198.01,198.2,198.0,198.05,222350,0
2026-05-07T12:50:00+05:30,198.06,198.18,197.9,197.91,367209,0
2026-05-07T12:55:00+05:30,197.91,198.03,197.75,197.85,509400,0
2026-05-07T13:00:00+05:30,197.85,197.99,197.81,197.92,135090,0
2026-05-07T13:05:00+05:30,197.9,198.04,197.9,197.94,95456,0
2026-05-07T13:10:00+05:30,197.97,197.98,197.75,197.86,149541,0
2026-05-07T13:15:00+05:30,197.86,197.91,197.65,197.83,289237,0
2026-05-07T13:20:00+05:30,197.8,197.9,197.66,197.8,185380,0
2026-05-07T13:25:00+05:30,197.8,197.92,197.72,197.87,311914,0
2026-05-07T13:30:00+05:30,197.87,197.92,197.75,197.82,85348,0
2026-05-07T13:35:00+05:30,197.82,197.88,197.7,197.71,109794,0
2026-05-07T13:40:00+05:30,197.72,197.9,197.7,197.88,99596,0
2026-05-07T13:45:00+05:30,197.89,197.9,197.7,197.85,113128,0
2026-05-07T13:50:00+05:30,197.85,197.88,197.72,197.85,91375,0
2026-05-07T13:55:00+05:30,197.85,197.93,197.8,197.86,125960,0
2026-05-07T14:00:00+05:30,197.86,197.86,197.75,197.76,109652,0
2026-05-07T14:05:00+05:30,197.75,197.9,197.71,197.79,186561,0
2026-05-07T14:10:00+05:30,197.79,197.89,197.65,197.7,235435,0
2026-05-07T14:15:00+05:30,197.7,197.74,197.64,197.7,150463,0
2026-05-07T14:20:00+05:30,197.7,197.76,197.62,197.68,180995,0
2026-05-07T14:25:00+05:30,197.68,197.72,197.5,197.51,328040,0
2026-05-07T14:30:00+05:30,197.5,197.59,197.35,197.54,436456,0
2026-05-07T14:35:00+05:30,197.54,197.56,197.4,197.46,142380,0
2026-05-07T14:40:00+05:30,197.45,197.57,197.37,197.51,222064,0
2026-05-07T14:45:00+05:30,197.51,197.64,197.41,197.57,178077,0
2026-05-07T14:50:00+05:30,197.53,197.7,197.51,197.66,158747,0
2026-05-07T14:55:00+05:30,197.66,197.75,197.56,197.65,285504,0
2026-05-07T15:00:00+05:30,197.61,197.68,197.42,197.44,483931,0
2026-05-07T15:05:00+05:30,197.44,197.44,197.24,197.32,783209,0
2026-05-07T15:10:00+05:30,197.32,197.45,197.26,197.4,550525,0
2026-05-07T15:15:00+05:30,197.41,197.44,197.22,197.36,632503,0
2026-05-07T15:20:00+05:30,197.37,197.4,197.29,197.31,649486,0
2026-05-07T15:25:00+05:30,197.31,197.49,197.19,197.39,836126,0
2026-05-08T09:15:00+05:30,198.0,198.7,197.49,198.54,782040,0
2026-05-08T09:20:00+05:30,198.59,198.94,198.22,198.45,468411,0
2026-05-08T09:25:00+05:30,198.43,198.46,197.86,198.3,852784,0
2026-05-08T09:30:00+05:30,198.35,198.36,197.0,197.43,800971,0
2026-05-08T09:35:00+05:30,197.43,197.85,197.16,197.25,415666,0
2026-05-08T09:40:00+05:30,197.2,197.34,196.91,197.0,477467,0
2026-05-08T09:45:00+05:30,197.0,197.02,196.7,197.0,331787,0
2026-05-08T09:50:00+05:30,197.0,197.28,196.9,197.26,524704,0
2026-05-08T09:55:00+05:30,197.26,197.36,197.02,197.34,150988,0
2026-05-08T10:00:00+05:30,197.34,197.35,196.77,196.85,520025,0
2026-05-08T10:05:00+05:30,196.85,196.92,196.7,196.77,219738,0
2026-05-08T10:10:00+05:30,196.77,197.0,196.7,196.9,193331,0
2026-05-08T10:15:00+05:30,196.86,197.02,196.85,197.0,190053,0
2026-05-08T10:20:00+05:30,197.0,197.58,196.97,197.4,740536,0
2026-05-08T10:25:00+05:30,197.43,197.84,197.4,197.6,218267,0
2026-05-08T10:30:00+05:30,197.6,197.9,197.4,197.81,767979,0
2026-05-08T10:35:00+05:30,197.8,197.85,197.61,197.7,123966,0
2026-05-08T10:40:00+05:30,197.7,197.83,197.5,197.67,107614,0
2026-05-08T10:45:00+05:30,197.66,197.71,197.45,197.45,93579,0
2026-05-08T10:50:00+05:30,197.5,197.55,197.4,197.46,88001,0
2026-05-08T10:55:00+05:30,197.46,197.49,197.25,197.44,109908,0
2026-05-08T11:00:00+05:30,197.43,197.44,197.12,197.24,114595,0
2026-05-08T11:05:00+05:30,197.24,197.32,197.2,197.26,47608,0
2026-05-08T11:10:00+05:30,197.26,197.36,197.15,197.29,98403,0
2026-05-08T11:15:00+05:30,197.29,197.3,196.99,197.08,208126,0
2026-05-08T11:20:00+05:30,197.09,197.14,196.92,197.04,118012,0
2026-05-08T11:25:00+05:30,197.04,197.17,197.0,197.12,79317,0
2026-05-08T11:30:00+05:30,197.16,197.3,197.06,197.3,60490,0
2026-05-08T11:35:00+05:30,197.3,197.36,197.25,197.27,72964,0
2026-05-08T11:40:00+05:30,197.27,197.48,197.26,197.34,79201,0
2026-05-08T11:45:00+05:30,197.34,197.43,197.25,197.37,94425,0
2026-05-08T11:50:00+05:30,197.36,197.5,197.21,197.44,92531,0
2026-05-08T11:55:00+05:30,197.47,197.52,197.39,197.46,73820,0
2026-05-08T12:00:00+05:30,197.46,197.48,197.32,197.45,71651,0
2026-05-08T12:05:00+05:30,197.45,197.46,197.4,197.4,45578,0
2026-05-08T12:10:00+05:30,197.4,197.56,197.38,197.53,77881,0
2026-05-08T12:15:00+05:30,197.51,197.6,197.45,197.59,152436,0
2026-05-08T12:20:00+05:30,197.59,197.6,197.12,197.29,189534,0
2026-05-08T12:25:00+05:30,197.26,197.57,197.14,197.57,102937,0
2026-05-08T12:30:00+05:30,197.57,197.7,197.34,197.5,179709,0
2026-05-08T12:35:00+05:30,197.5,197.67,197.4,197.43,95305,0
2026-05-08T12:40:00+05:30,197.44,197.59,197.4,197.5,71013,0
2026-05-08T12:45:00+05:30,197.5,197.53,197.3,197.44,47206,0
2026-05-08T12:50:00+05:30,197.43,197.53,197.35,197.46,103758,0
2026-05-08T12:55:00+05:30,197.5,197.59,197.38,197.46,54985,0
2026-05-08T13:00:00+05:30,197.5,197.55,197.36,197.49,73844,0
2026-05-08T13:05:00+05:30,197.49,197.73,197.42,197.66,77236,0
2026-05-08T13:10:00+05:30,197.68,197.81,197.6,197.76,88756,0
2026-05-08T13:15:00+05:30,197.76,197.79,197.6,197.6,98152,0
2026-05-08T13:20:00+05:30,197.67,197.72,197.5,197.68,95009,0
2026-05-08T13:25:00+05:30,197.73,198.18,197.66,198.15,192291,0
2026-05-08T13:30:00+05:30,198.16,198.18,197.9,198.0,115138,0
2026-05-08T13:35:00+05:30,198.05,198.05,197.65,197.74,129246,0
2026-05-08T13:40:00+05:30,197.77,197.89,197.6,197.61,65663,0
2026-05-08T13:45:00+05:30,197.65,197.69,197.22,197.48,271205,0
2026-05-08T13:50:00+05:30,197.5,197.65,197.44,197.55,86875,0
2026-05-08T13:55:00+05:30,197.58,197.66,197.3,197.43,84715,0
2026-05-08T14:00:00+05:30,197.43,197.65,197.33,197.55,99622,0
2026-05-08T14:05:00+05:30,197.56,197.75,197.55,197.69,169983,0
2026-05-08T14:10:00+05:30,197.69,197.95,197.6,197.76,183417,0
2026-05-08T14:15:00+05:30,197.79,197.82,197.41,197.59,207316,0
2026-05-08T14:20:00+05:30,197.61,197.73,197.45,197.55,196405,0
2026-05-08T14:25:00+05:30,197.55,197.68,197.5,197.65,84347,0
2026-05-08T14:30:00+05:30,197.63,198.05,197.6,197.95,170583,0
2026-05-08T14:35:00+05:30,197.91,198.29,197.89,198.16,206765,0
2026-05-08T14:40:00+05:30,198.16,198.39,198.01,198.05,210389,0
2026-05-08T14:45:00+05:30,198.05,198.18,197.91,198.09,201331,0
2026-05-08T14:50:00+05:30,198.1,198.25,198.09,198.14,132773,0
2026-05-08T14:55:00+05:30,198.14,198.2,197.85,197.95,213286,0
2026-05-08T15:00:00+05:30,197.95,198.0,197.72,197.89,247608,0
2026-05-08T15:05:00+05:30,197.89,198.14,197.8,198.11,255886,0
2026-05-08T15:10:00+05:30,198.11,198.12,197.9,197.96,199858,0
2026-05-08T15:15:00+05:30,197.96,198.05,197.85,197.94,382539,0
2026-05-08T15:20:00+05:30,197.94,197.98,197.8,197.86,372430,0
2026-05-08T15:25:00+05:30,197.86,197.99,197.73,197.88,440260,0
2026-05-11T09:15:00+05:30,197.88,198.24,196.82,197.96,578261,0
2026-05-11T09:20:00+05:30,197.96,197.97,197.11,197.65,320928,0
2026-05-11T09:25:00+05:30,197.63,197.74,197.12,197.2,154420,0
2026-05-11T09:30:00+05:30,197.24,197.66,197.2,197.43,106381,0
2026-05-11T09:35:00+05:30,197.4,197.5,196.95,197.03,238071,0
2026-05-11T09:40:00+05:30,197.02,197.12,196.75,196.82,167989,0
2026-05-11T09:45:00+05:30,196.82,197.25,196.76,197.12,111806,0
2026-05-11T09:50:00+05:30,197.19,197.25,196.91,197.25,122336,0
2026-05-11T09:55:00+05:30,197.25,197.35,197.1,197.1,74221,0
2026-05-11T10:00:00+05:30,197.14,197.28,197.04,197.06,70783,0
2026-05-11T10:05:00+05:30,197.05,197.35,197.02,197.16,88999,0
2026-05-11T10:10:00+05:30,197.16,197.25,197.05,197.15,84407,0
2026-05-11T10:15:00+05:30,197.15,197.16,196.88,197.01,176377,0
2026-05-11T10:20:00+05:30,197.01,197.25,197.0,197.16,85222,0
2026-05-11T10:25:00+05:30,197.16,197.69,197.01,197.59,105148,0
2026-05-11T10:30:00+05:30,197.59,197.69,197.44,197.65,57224,0
2026-05-11T10:35:00+05:30,197.69,197.8,197.51,197.69,56938,0
2026-05-11T10:40:00+05:30,197.69,197.69,197.45,197.59,52887,0
2026-05-11T10:45:00+05:30,197.58,197.6,197.31,197.38,52764,0
2026-05-11T10:50:00+05:30,197.38,197.49,197.27,197.45,50662,0
2026-05-11T10:55:00+05:30,197.45,197.94,197.38,197.85,142264,0
2026-05-11T11:00:00+05:30,197.85,198.09,197.71,198.04,107434,0
2026-05-11T11:05:00+05:30,198.03,198.15,197.9,198.04,93241,0
2026-05-11T11:10:00+05:30,198.0,198.05,197.8,197.85,74949,0
2026-05-11T11:15:00+05:30,197.87,197.91,197.5,197.66,76839,0
2026-05-11T11:20:00+05:30,197.66,197.78,197.6,197.67,51210,0
2026-05-11T11:25:00+05:30,197.66,197.77,197.6,197.71,51479,0
2026-05-11T11:30:00+05:30,197.71,197.78,197.5,197.58,91590,0
2026-05-11T11:35:00+05:30,197.58,197.72,197.45,197.72,62196,0
2026-05-11T11:40:00+05:30,197.78,197.89,197.53,197.89,62205,0
2026-05-11T11:45:00+05:30,197.89,197.9,197.7,197.7,50716,0
2026-05-11T11:50:00+05:30,197.71,197.95,197.65,197.95,52018,0
2026-05-11T11:55:00+05:30,197.92,197.95,197.56,197.69,51831,0
2026-05-11T12:00:00+05:30,197.69,197.73,197.5,197.54,40114,0
2026-05-11T12:05:00+05:30,197.54,197.75,197.5,197.57,41418,0
2026-05-11T12:10:00+05:30,197.57,197.59,197.4,197.42,70698,0
2026-05-11T12:15:00+05:30,197.47,197.48,197.2,197.3,116959,0
2026-05-11T12:20:00+05:30,197.31,197.47,197.2,197.32,69224,0
2026-05-11T12:25:00+05:30,197.35,197.59,197.32,197.55,53870,0
2026-05-11T12:30:00+05:30,197.54,197.79,197.45,197.63,79626,0
2026-05-11T12:35:00+05:30,197.7,197.8,197.51,197.8,117938,0
2026-05-11T12:40:00+05:30,197.8,198.01,197.71,198.01,112637,0
2026-05-11T12:45:00+05:30,198.0,198.05,197.8,197.94,95988,0
2026-05-11T12:50:00+05:30,197.94,198.05,197.86,198.0,40984,0
2026-05-11T12:55:00+05:30,197.98,198.04,197.8,197.8,42712,0
2026-05-11T13:00:00+05:30,197.87,197.9,197.65,197.78,44530,0
2026-05-11T13:05:00+05:30,197.78,197.94,197.6,197.94,41928,0
2026-05-11T13:10:00+05:30,197.94,197.95,197.77,197.93,31546,0
2026-05-11T13:15:00+05:30,197.93,197.94,197.76,197.89,34598,0
2026-05-11T13:20:00+05:30,197.89,198.04,197.83,198.04,108740,0
2026-05-11T13:25:00+05:30,198.01,198.04,197.91,197.96,47175,0
2026-05-11T13:30:00+05:30,197.96,198.0,197.35,197.6,255847,0
2026-05-11T13:35:00+05:30,197.6,197.86,197.5,197.7,35998,0
2026-05-11T13:40:00+05:30,197.73,197.75,197.54,197.64,52226,0
2026-05-11T13:45:00+05:30,197.64,197.7,197.55,197.63,46171,0
2026-05-11T13:50:00+05:30,197.65,197.86,197.55,197.8,40751,0
2026-05-11T13:55:00+05:30,197.83,197.9,197.7,197.75,38375,0
2026-05-11T14:00:00+05:30,197.76,197.83,197.6,197.69,70402,0
2026-05-11T14:05:00+05:30,197.69,197.96,197.61,197.87,48999,0
2026-05-11T14:10:00+05:30,197.87,197.95,197.73,197.86,50937,0
2026-05-11T14:15:00+05:30,197.86,197.89,197.6,197.61,112016,0
2026-05-11T14:20:00+05:30,197.61,197.79,197.6,197.61,49310,0
2026-05-11T14:25:00+05:30,197.61,197.68,197.5,197.5,53319,0
2026-05-11T14:30:00+05:30,197.51,197.94,197.5,197.89,97994,0
2026-05-11T14:35:00+05:30,197.89,197.9,197.54,197.58,69391,0
2026-05-11T14:40:00+05:30,197.58,197.58,197.2,197.21,131765,0
2026-05-11T14:45:00+05:30,197.2,197.26,196.9,196.9,554677,0
2026-05-11T14:50:00+05:30,196.91,197.08,196.9,196.96,76560,0
2026-05-11T14:55:00+05:30,196.97,197.03,196.96,197.0,82617,0
2026-05-11T15:00:00+05:30,196.99,197.08,196.7,196.72,392273,0
2026-05-11T15:05:00+05:30,196.72,196.76,196.6,196.61,240639,0
2026-05-11T15:10:00+05:30,196.64,196.89,196.6,196.71,291999,0
2026-05-11T15:15:00+05:30,196.71,196.95,196.62,196.7,303860,0
2026-05-11T15:20:00+05:30,196.68,196.76,196.6,196.69,361898,0
2026-05-11T15:25:00+05:30,196.69,196.84,196.15,196.2,745975,0
2026-05-12T09:15:00+05:30,196.1,196.14,193.47,193.96,1695762,0
2026-05-12T09:20:00+05:30,193.83,194.0,193.2,193.48,827457,0
2026-05-12T09:25:00+05:30,193.48,193.56,192.36,192.77,894070,0
2026-05-12T09:30:00+05:30,192.87,192.92,191.82,192.22,1017629,0
2026-05-12T09:35:00+05:30,192.22,192.46,191.6,191.69,697666,0
2026-05-12T09:40:00+05:30,191.69,192.24,191.56,191.96,482761,0
2026-05-12T09:45:00+05:30,191.96,192.07,191.52,191.99,445056,0
2026-05-12T09:50:00+05:30,191.99,192.26,191.89,192.04,445693,0
2026-05-12T09:55:00+05:30,192.04,192.2,191.68,191.77,456437,0
2026-05-12T10:00:00+05:30,191.77,191.94,191.6,191.7,582303,0
2026-05-12T10:05:00+05:30,191.7,191.95,191.5,191.84,428281,0
2026-05-12T10:10:00+05:30,191.85,191.9,191.6,191.76,471318,0
2026-05-12T10:15:00+05:30,191.75,191.76,191.4,191.46,575728,0
2026-05-12T10:20:00+05:30,191.41,191.96,191.31,191.35,447791,0
2026-05-12T10:25:00+05:30,191.35,191.42,191.1,191.25,425924,0
2026-05-12T10:30:00+05:30,191.25,191.25,191.0,191.09,611039,0
2026-05-12T10:35:00+05:30,191.1,191.12,190.64,190.77,514797,0
2026-05-12T10:40:00+05:30,190.77,191.09,190.7,190.77,378154,0
2026-05-12T10:45:00+05:30,190.77,190.82,190.4,190.5,476014,0
2026-05-12T10:50:00+05:30,190.5,190.9,190.35,190.71,290136,0
2026-05-12T10:55:00+05:30,190.71,191.1,190.56,191.01,232172,0
2026-05-12T11:00:00+05:30,191.01,191.4,190.75,191.14,305754,0
2026-05-12T11:05:00+05:30,191.14,191.22,190.85,191.08,272379,0
2026-05-12T11:10:00+05:30,191.08,191.2,190.85,190.99,201897,0
2026-05-12T11:15:00+05:30,190.99,191.14,190.8,190.98,166595,0
2026-05-12T11:20:00+05:30,190.98,191.01,190.78,190.83,294998,0
2026-05-12T11:25:00+05:30,190.83,191.09,190.7,190.83,200255,0
2026-05-12T11:30:00+05:30,190.83,191.15,190.7,191.15,152369,0
2026-05-12T11:35:00+05:30,191.15,191.19,190.95,191.11,157436,0
2026-05-12T11:40:00+05:30,191.13,191.19,191.01,191.11,160652,0
2026-05-12T11:45:00+05:30,191.11,191.15,191.0,191.09,116742,0
2026-05-12T11:50:00+05:30,191.09,191.19,191.01,191.08,146621,0
2026-05-12T11:55:00+05:30,191.11,191.46,191.02,191.17,178384,0
2026-05-12T12:00:00+05:30,191.16,191.28,190.61,190.71,260160,0
2026-05-12T12:05:00+05:30,190.71,190.87,190.52,190.63,230849,0
2026-05-12T12:10:00+05:30,190.62,190.71,190.52,190.64,156576,0
2026-05-12T12:15:00+05:30,190.64,190.69,190.5,190.66,168712,0
2026-05-12T12:20:00+05:30,190.66,190.66,190.25,190.49,398161,0
2026-05-12T12:25:00+05:30,190.49,190.58,190.33,190.49,178679,0
2026-05-12T12:30:00+05:30,190.49,190.69,190.3,190.6,209198,0
2026-05-12T12:35:00+05:30,190.63,190.63,190.26,190.27,184420,0
2026-05-12T12:40:00+05:30,190.34,190.69,190.26,190.58,153216,0
2026-05-12T12:45:00+05:30,190.55,190.68,190.3,190.64,220049,0
2026-05-12T12:50:00+05:30,190.64,190.89,190.6,190.8,130590,0
2026-05-12T12:55:00+05:30,190.8,190.99,190.75,190.92,133296,0
2026-05-12T13:00:00+05:30,190.92,191.11,190.87,191.04,179926,0
2026-05-12T13:05:00+05:30,191.04,191.09,190.85,190.93,143987,0
2026-05-12T13:10:00+05:30,190.93,191.05,190.65,191.03,197273,0
2026-05-12T13:15:00+05:30,191.03,191.16,190.86,191.0,180305,0
2026-05-12T13:20:00+05:30,191.01,191.01,190.59,190.73,277667,0
2026-05-12T13:25:00+05:30,190.73,190.88,190.62,190.87,129647,0
2026-05-12T13:30:00+05:30,190.87,191.0,190.83,190.87,113650,0
2026-05-12T13:35:00+05:30,190.85,190.9,190.6,190.82,137546,0
2026-05-12T13:40:00+05:30,190.9,190.91,190.58,190.76,114739,0
2026-05-12T13:45:00+05:30,190.76,190.76,190.36,190.42,215992,0
2026-05-12T13:50:00+05:30,190.42,190.72,190.38,190.7,124703,0
2026-05-12T13:55:00+05:30,190.7,190.71,190.4,190.49,152332,0
2026-05-12T14:00:00+05:30,190.49,190.53,190.25,190.32,203183,0
2026-05-12T14:05:00+05:30,190.31,190.45,190.1,190.11,290037,0
2026-05-12T14:10:00+05:30,190.1,190.19,190.02,190.18,305009,0
2026-05-12T14:15:00+05:30,190.18,190.32,190.06,190.17,201233,0
2026-05-12T14:20:00+05:30,190.14,190.6,190.04,190.5,225747,0
2026-05-12T14:25:00+05:30,190.54,190.54,190.12,190.22,165966,0
2026-05-12T14:30:00+05:30,190.21,190.27,190.0,190.0,403528,0
2026-05-12T14:35:00+05:30,190.05,190.15,190.0,190.06,385304,0
2026-05-12T14:40:00+05:30,190.13,190.14,190.0,190.05,492874,0
2026-05-12T14:45:00+05:30,190.05,190.05,189.65,189.87,586114,0
2026-05-12T14:50:00+05:30,189.87,189.9,189.6,189.6,233551,0
2026-05-12T14:55:00+05:30,189.64,189.7,189.5,189.65,307308,0
2026-05-12T15:00:00+05:30,189.63,189.8,189.25,189.41,618161,0
2026-05-12T15:05:00+05:30,189.41,189.5,189.1,189.23,615031,0
2026-05-12T15:10:00+05:30,189.23,189.35,189.1,189.25,730418,0
2026-05-12T15:15:00+05:30,189.25,189.79,189.22,189.79,698922,0
2026-05-12T15:20:00+05:30,189.76,190.06,189.59,189.87,1048232,0
2026-05-12T15:25:00+05:30,189.87,190.4,189.73,190.3,642792,0
2026-05-13T09:15:00+05:30,190.67,191.3,189.6,189.75,1253253,0
2026-05-13T09:20:00+05:30,189.82,189.94,188.65,188.71,717980,0
2026-05-13T09:25:00+05:30,188.75,189.0,188.25,188.55,421423,0
2026-05-13T09:30:00+05:30,188.58,188.78,188.11,188.12,328740,0
2026-05-13T09:35:00+05:30,188.15,188.39,187.55,187.61,561707,0
2026-05-13T09:40:00+05:30,187.68,188.1,187.31,187.99,306605,0
2026-05-13T09:45:00+05:30,187.95,188.39,187.5,187.65,335172,0
2026-05-13T09:50:00+05:30,187.57,188.43,187.57,188.39,181627,0
2026-05-13T09:55:00+05:30,188.36,188.67,188.14,188.48,186582,0
2026-05-13T10:00:00+05:30,188.45,188.79,188.28,188.75,176908,0
2026-05-13T10:05:00+05:30,188.7,188.98,188.67,188.94,152336,0
2026-05-13T10:10:00+05:30,188.91,189.12,188.69,188.99,189314,0
2026-05-13T10:15:00+05:30,188.98,189.35,188.9,189.35,124028,0
2026-05-13T10:20:00+05:30,189.32,189.7,189.3,189.6,219136,0
2026-05-13T10:25:00+05:30,189.64,189.79,189.2,189.35,276649,0
2026-05-13T10:30:00+05:30,189.35,189.4,188.51,188.77,368179,0
2026-05-13T10:35:00+05:30,188.79,188.85,188.05,188.12,325396,0
2026-05-13T10:40:00+05:30,188.15,188.61,188.06,188.48,360243,0
2026-05-13T10:45:00+05:30,188.48,188.71,188.4,188.51,185504,0
2026-05-13T10:50:00+05:30,188.51,188.68,188.32,188.45,274559,0
2026-05-13T10:55:00+05:30,188.5,188.5,188.0,188.02,347202,0
2026-05-13T11:00:00+05:30,188.01,188.17,187.91,187.96,219646,0
2026-05-13T11:05:00+05:30,187.96,188.02,187.58,187.64,208324,0
2026-05-13T11:10:00+05:30,187.64,187.95,187.5,187.87,137760,0
2026-05-13T11:15:00+05:30,187.89,188.17,187.73,188.02,111193,0
2026-05-13T11:20:00+05:30,187.94,188.27,187.83,188.24,99493,0
2026-05-13T11:25:00+05:30,188.24,188.28,187.85,188.0,219111,0
2026-05-13T11:30:00+05:30,187.96,188.4,187.9,188.38,221167,0
2026-05-13T11:35:00+05:30,188.38,188.92,188.3,188.68,342744,0
2026-05-13T11:40:00+05:30,188.68,188.8,188.46,188.8,132998,0
2026-05-13T11:45:00+05:30,188.8,188.82,188.41,188.56,114861,0
2026-05-13T11:50:00+05:30,188.58,188.7,188.45,188.65,108417,0
2026-05-13T11:55:00+05:30,188.66,188.75,188.39,188.4,89356,0
2026-05-13T12:00:00+05:30,188.4,188.6,188.35,188.55,133789,0
2026-05-13T12:05:00+05:30,188.55,188.79,188.52,188.79,170090,0
2026-05-13T12:10:00+05:30,188.79,189.38,188.71,189.3,203303,0
2026-05-13T12:15:00+05:30,189.27,189.31,188.76,188.82,104696,0
2026-05-13T12:20:00+05:30,188.82,188.88,188.5,188.59,91826,0
2026-05-13T12:25:00+05:30,188.59,188.68,188.2,188.22,117280,0
2026-05-13T12:30:00+05:30,188.24,188.44,188.12,188.21,122132,0
2026-05-13T12:35:00+05:30,188.2,188.33,188.12,188.25,125661,0
2026-05-13T12:40:00+05:30,188.25,188.25,187.91,188.15,259034,0
2026-05-13T12:45:00+05:30,188.15,188.24,188.03,188.16,122596,0
2026-05-13T12:50:00+05:30,188.16,188.6,188.11,188.6,114992,0
2026-05-13T12:55:00+05:30,188.65,188.92,188.57,188.89,119020,0
2026-05-13T13:00:00+05:30,188.89,188.92,188.62,188.65,131614,0
2026-05-13T13:05:00+05:30,188.68,188.74,188.32,188.42,125199,0
2026-05-13T13:10:00+05:30,188.44,188.67,188.42,188.57,59130,0
2026-05-13T13:15:00+05:30,188.55,188.6,188.4,188.43,75458,0
2026-05-13T13:20:00+05:30,188.44,188.58,188.4,188.4,65543,0
2026-05-13T13:25:00+05:30,188.4,188.46,188.12,188.24,104519,0
2026-05-13T13:30:00+05:30,188.27,188.55,188.14,188.41,91057,0
2026-05-13T13:35:00+05:30,188.42,188.59,188.4,188.57,69496,0
2026-05-13T13:40:00+05:30,188.58,188.6,188.4,188.46,75647,0
2026-05-13T13:45:00+05:30,188.46,188.53,188.25,188.34,114546,0
2026-05-13T13:50:00+05:30,188.3,188.39,188.16,188.31,67250,0
2026-05-13T13:55:00+05:30,188.34,188.4,188.11,188.3,154763,0
2026-05-13T14:00:00+05:30,188.3,188.43,188.25,188.3,84583,0
2026-05-13T14:05:00+05:30,188.3,188.49,188.2,188.43,167015,0
2026-05-13T14:10:00+05:30,188.43,188.71,188.4,188.58,195239,0
2026-05-13T14:15:00+05:30,188.62,188.7,188.4,188.43,106219,0
2026-05-13T14:20:00+05:30,188.42,188.43,188.06,188.25,281369,0
2026-05-13T14:25:00+05:30,188.26,188.35,188.1,188.3,122983,0
2026-05-13T14:30:00+05:30,188.27,188.51,188.25,188.41,210861,0
2026-05-13T14:35:00+05:30,188.41,188.43,188.05,188.06,230857,0
2026-05-13T14:40:00+05:30,188.06,188.2,187.9,187.96,473870,0
2026-05-13T14:45:00+05:30,187.93,188.17,187.7,188.13,304135,0
2026-05-13T14:50:00+05:30,188.13,188.22,187.97,188.16,190501,0
2026-05-13T14:55:00+05:30,188.16,188.25,188.05,188.19,135751,0
2026-05-13T15:00:00+05:30,188.18,188.25,187.6,187.77,335457,0
2026-05-13T15:05:00+05:30,187.77,187.98,187.71,187.98,275751,0
2026-05-13T15:10:00+05:30,187.91,187.99,187.58,187.88,398489,0
2026-05-13T15:15:00+05:30,187.85,188.0,187.84,187.94,362380,0
2026-05-13T15:20:00+05:30,187.9,187.96,187.61,187.69,632405,0
2026-05-13T15:25:00+05:30,187.65,188.0,187.61,187.98,538666,0
2026-05-14T09:15:00+05:30,188.25,188.89,187.5,188.35,1565067,0
2026-05-14T09:20:00+05:30,188.3,188.97,188.1,188.6,877964,0
2026-05-14T09:25:00+05:30,188.6,188.66,188.15,188.59,383722,0
2026-05-14T09:30:00+05:30,188.59,188.6,188.05,188.11,359225,0
2026-05-14T09:35:00+05:30,188.08,188.08,187.3,187.47,608114,0
2026-05-14T09:40:00+05:30,187.5,187.65,187.26,187.65,282018,0
2026-05-14T09:45:00+05:30,187.65,187.82,187.53,187.69,137517,0
2026-05-14T09:50:00+05:30,187.69,187.7,187.0,187.25,507196,0
2026-05-14T09:55:00+05:30,187.25,187.5,187.05,187.19,141566,0
2026-05-14T10:00:00+05:30,187.18,188.12,187.1,187.94,189286,0
2026-05-14T10:05:00+05:30,187.94,188.0,187.5,187.88,173260,0
2026-05-14T10:10:00+05:30,187.87,188.0,187.44,187.7,159172,0
2026-05-14T10:15:00+05:30,187.7,187.9,187.56,187.74,108245,0
2026-05-14T10:20:00+05:30,187.73,188.1,187.52,187.95,261591,0
2026-05-14T10:25:00+05:30,187.95,188.25,187.8,188.15,164098,0
2026-05-14T10:30:00+05:30,188.15,188.25,187.92,188.17,165008,0
2026-05-14T10:35:00+05:30,188.17,188.47,188.06,188.43,163330,0
2026-05-14T10:40:00+05:30,188.35,188.49,188.01,188.12,140739,0
2026-05-14T10:45:00+05:30,188.12,188.15,187.7,187.86,155046,0
2026-05-14T10:50:00+05:30,187.87,188.02,187.73,188.02,107448,0
2026-05-14T10:55:00+05:30,188.02,188.03,187.65,187.75,137900,0
2026-05-14T11:00:00+05:30,187.75,187.82,187.6,187.73,110140,0
2026-05-14T11:05:00+05:30,187.72,187.76,187.45,187.58,279788,0
2026-05-14T11:10:00+05:30,187.58,187.74,187.3,187.3,213684,0
2026-05-14T11:15:00+05:30,187.33,187.72,187.2,187.71,205266,0
2026-05-14T11:20:00+05:30,187.69,187.85,187.5,187.77,100242,0
2026-05-14T11:25:00+05:30,187.84,187.85,187.25,187.49,192737,0
2026-05-14T11:30:00+05:30,187.49,187.54,187.3,187.46,109905,0
2026-05-14T11:35:00+05:30,187.47,187.6,187.25,187.41,119517,0
2026-05-14T11:40:00+05:30,187.37,187.52,187.26,187.5,105519,0
2026-05-14T11:45:00+05:30,187.5,187.74,187.4,187.68,221075,0
2026-05-14T11:50:00+05:30,187.74,187.99,187.51,187.92,132319,0
2026-05-14T11:55:00+05:30,187.92,187.99,187.65,187.76,118598,0
2026-05-14T12:00:00+05:30,187.76,187.78,187.3,187.39,180452,0
2026-05-14T12:05:00+05:30,187.37,187.5,187.25,187.37,150138,0
2026-05-14T12:10:00+05:30,187.37,187.5,187.12,187.5,198030,0
2026-05-14T12:15:00+05:30,187.5,187.78,187.48,187.55,143893,0
2026-05-14T12:20:00+05:30,187.55,187.8,187.41,187.75,65698,0
2026-05-14T12:25:00+05:30,187.75,187.75,187.52,187.58,106823,0
2026-05-14T12:30:00+05:30,187.58,187.62,187.3,187.45,140125,0
2026-05-14T12:35:00+05:30,187.45,187.47,187.1,187.19,167109,0
2026-05-14T12:40:00+05:30,187.21,187.41,187.1,187.39,195962,0
2026-05-14T12:45:00+05:30,187.34,187.46,187.21,187.37,137351,0
2026-05-14T12:50:00+05:30,187.4,187.45,187.1,187.22,167864,0
2026-05-14T12:55:00+05:30,187.22,187.31,187.1,187.22,141095,0
2026-05-14T13:00:00+05:30,187.22,187.82,187.2,187.77,162030,0
2026-05-14T13:05:00+05:30,187.75,187.8,187.54,187.63,160255,0
2026-05-14T13:10:00+05:30,187.63,188.19,187.55,188.11,268365,0
2026-05-14T13:15:00+05:30,188.11,188.5,188.08,188.5,396512,0
2026-05-14T13:20:00+05:30,188.5,188.63,188.2,188.26,220101,0
2026-05-14T13:25:00+05:30,188.26,188.5,188.04,188.11,149598,0
2026-05-14T13:30:00+05:30,188.17,188.42,188.04,188.35,51736,0
2026-05-14T13:35:00+05:30,188.35,188.46,188.22,188.25,95809,0
2026-05-14T13:40:00+05:30,188.28,188.48,188.21,188.48,77595,0
2026-05-14T13:45:00+05:30,188.48,188.77,188.43,188.7,154096,0
2026-05-14T13:50:00+05:30,188.68,188.74,188.4,188.66,129357,0
2026-05-14T13:55:00+05:30,188.72,189.14,188.61,188.86,319431,0
2026-05-14T14:00:00+05:30,188.84,189.75,188.79,189.6,284683,0
2026-05-14T14:05:00+05:30,189.6,189.85,189.5,189.7,193567,0
2026-05-14T14:10:00+05:30,189.76,189.89,189.55,189.79,221650,0
2026-05-14T14:15:00+05:30,189.8,189.8,189.65,189.7,158247,0
2026-05-14T14:20:00+05:30,189.7,189.78,189.55,189.58,191904,0
2026-05-14T14:25:00+05:30,189.58,189.74,189.44,189.66,183006,0
2026-05-14T14:30:00+05:30,189.7,189.95,189.66,189.78,189915,0
2026-05-14T14:35:00+05:30,189.77,189.83,189.47,189.53,138771,0
2026-05-14T14:40:00+05:30,189.52,189.68,189.3,189.59,211913,0
2026-05-14T14:45:00+05:30,189.61,189.76,189.31,189.74,257142,0
2026-05-14T14:50:00+05:30,189.76,190.15,189.65,190.05,425931,0
2026-05-14T14:55:00+05:30,190.13,190.18,189.31,189.4,338298,0
2026-05-14T15:00:00+05:30,189.42,189.42,188.3,188.4,508968,0
2026-05-14T15:05:00+05:30,188.4,188.44,188.01,188.11,337763,0
2026-05-14T15:10:00+05:30,188.17,188.37,188.1,188.23,330896,0
2026-05-14T15:15:00+05:30,188.23,188.38,188.0,188.15,400365,0
2026-05-14T15:20:00+05:30,188.14,188.24,188.0,188.16,464977,0
2026-05-14T15:25:00+05:30,188.16,188.47,188.0,188.1,562674,0
2026-05-15T09:15:00+05:30,189.9,191.2,188.8,190.85,890456,0
2026-05-15T09:20:00+05:30,190.85,191.72,190.41,191.71,559246,0
2026-05-15T09:25:00+05:30,191.74,191.9,191.14,191.37,648434,0
2026-05-15T09:30:00+05:30,191.37,191.37,190.4,190.72,587139,0
2026-05-15T09:35:00+05:30,190.72,191.0,190.26,190.73,384959,0
2026-05-15T09:40:00+05:30,190.73,190.85,190.34,190.85,324480,0
2026-05-15T09:45:00+05:30,190.85,191.2,190.7,190.86,262069,0
2026-05-15T09:50:00+05:30,190.86,191.22,190.78,191.22,397604,0
2026-05-15T09:55:00+05:30,191.22,191.54,191.01,191.06,370755,0
2026-05-15T10:00:00+05:30,191.13,191.2,190.8,191.18,247746,0
2026-05-15T10:05:00+05:30,191.18,191.3,190.58,190.84,227192,0
2026-05-15T10:10:00+05:30,190.82,190.96,190.59,190.95,186403,0
2026-05-15T10:15:00+05:30,190.95,191.14,190.6,190.77,113621,0
2026-05-15T10:20:00+05:30,190.79,191.1,190.7,191.1,120813,0
2026-05-15T10:25:00+05:30,191.1,191.1,190.76,190.86,102165,0
2026-05-15T10:30:00+05:30,190.85,190.98,190.56,190.91,100215,0
2026-05-15T10:35:00+05:30,190.91,190.97,190.69,190.81,95278,0
2026-05-15T10:40:00+05:30,190.8,191.1,190.67,191.1,108301,0
2026-05-15T10:45:00+05:30,191.1,191.47,191.09,191.39,176356,0
2026-05-15T10:50:00+05:30,191.4,191.49,191.2,191.31,122711,0
2026-05-15T10:55:00+05:30,191.31,191.35,191.0,191.13,129691,0
2026-05-15T11:00:00+05:30,191.13,191.18,190.85,190.87,88086,0
2026-05-15T11:05:00+05:30,190.92,190.92,190.18,190.33,252272,0
2026-05-15T11:10:00+05:30,190.33,190.44,189.9,190.1,418629,0
2026-05-15T11:15:00+05:30,190.16,190.2,189.8,190.18,179741,0
2026-05-15T11:20:00+05:30,190.18,190.38,190.0,190.17,116387,0
2026-05-15T11:25:00+05:30,190.17,190.3,189.9,190.17,154185,0
2026-05-15T11:30:00+05:30,190.17,190.2,189.93,190.1,154652,0
2026-05-15T11:35:00+05:30,190.1,190.33,190.04,190.21,177358,0
2026-05-15T11:40:00+05:30,190.24,190.35,190.13,190.3,85376,0
2026-05-15T11:45:00+05:30,190.3,190.49,190.2,190.34,150324,0
2026-05-15T11:50:00+05:30,190.34,190.34,190.09,190.15,108783,0
2026-05-15T11:55:00+05:30,190.16,190.29,190.05,190.25,72818,0
2026-05-15T12:00:00+05:30,190.26,190.51,190.18,190.43,97968,0
2026-05-15T12:05:00+05:30,190.43,190.6,190.3,190.39,133024,0
2026-05-15T12:10:00+05:30,190.37,190.4,190.25,190.31,38501,0
2026-05-15T12:15:00+05:30,190.31,190.4,190.16,190.23,60921,0
2026-05-15T12:20:00+05:30,190.23,190.27,190.0,190.1,92701,0
2026-05-15T12:25:00+05:30,190.12,190.2,189.9,189.98,113221,0
2026-05-15T12:30:00+05:30,189.98,190.15,189.9,190.12,98109,0
2026-05-15T12:35:00+05:30,190.1,190.27,190.03,190.23,79443,0
2026-05-15T12:40:00+05:30,190.25,190.5,190.2,190.44,80787,0
2026-05-15T12:45:00+05:30,190.44,190.5,190.2,190.45,97991,0
2026-05-15T12:50:00+05:30,190.44,190.5,190.27,190.44,86393,0
2026-05-15T12:55:00+05:30,190.44,190.57,190.35,190.45,66118,0
2026-05-15T13:00:00+05:30,190.45,190.48,190.25,190.26,56948,0
2026-05-15T13:05:00+05:30,190.26,190.5,190.26,190.32,68747,0
2026-05-15T13:10:00+05:30,190.46,190.68,190.41,190.65,108466,0
2026-05-15T13:15:00+05:30,190.65,190.8,190.6,190.7,83095,0
2026-05-15T13:20:00+05:30,190.71,190.8,190.5,190.74,95551,0
2026-05-15T13:25:00+05:30,190.74,190.74,190.45,190.59,73253,0
2026-05-15T13:30:00+05:30,190.59,190.65,190.35,190.46,95244,0
2026-05-15T13:35:00+05:30,190.46,190.59,190.34,190.43,130928,0
2026-05-15T13:40:00+05:30,190.43,190.49,190.22,190.34,99746,0
2026-05-15T13:45:00+05:30,190.33,190.45,190.01,190.14,163794,0
2026-05-15T13:50:00+05:30,190.14,190.34,189.91,190.32,217672,0
2026-05-15T13:55:00+05:30,190.32,190.35,190.02,190.15,89484,0
2026-05-15T14:00:00+05:30,190.13,190.14,189.86,189.88,145782,0
2026-05-15T14:05:00+05:30,189.88,189.99,189.67,189.99,128884,0
2026-05-15T14:10:00+05:30,189.98,190.13,189.82,189.92,248214,0
2026-05-15T14:15:00+05:30,189.97,190.09,189.8,190.01,100575,0
2026-05-15T14:20:00+05:30,190.01,190.09,189.86,189.96,78654,0
2026-05-15T14:25:00+05:30,189.97,190.02,189.5,189.61,177251,0
2026-05-15T14:30:00+05:30,189.66,189.8,189.4,189.75,164496,0
2026-05-15T14:35:00+05:30,189.77,189.78,189.42,189.67,127463,0
2026-05-15T14:40:00+05:30,189.7,189.94,189.58,189.68,182348,0
2026-05-15T14:45:00+05:30,189.71,189.73,189.27,189.3,236638,0
2026-05-15T14:50:00+05:30,189.3,189.48,189.15,189.39,302832,0
2026-05-15T14:55:00+05:30,189.39,189.92,189.19,189.83,381244,0
2026-05-15T15:00:00+05:30,189.8,190.34,189.46,190.31,873987,0
2026-05-15T15:05:00+05:30,190.34,190.43,189.98,189.98,918695,0
2026-05-15T15:10:00+05:30,190.06,190.1,189.7,189.75,796629,0
2026-05-15T15:15:00+05:30,189.79,189.9,189.54,189.8,702609,0
2026-05-15T15:20:00+05:30,189.8,190.0,189.69,189.89,1017484,0
2026-05-15T15:25:00+05:30,189.82,190.56,189.81,190.29,778102,0
2026-05-18T09:15:00+05:30,190.99,191.7,189.8,191.15,1376180,0
2026-05-18T09:20:00+05:30,191.08,191.5,190.6,191.05,550288,0
2026-05-18T09:25:00+05:30,191.05,191.19,190.11,190.21,394691,0
2026-05-18T09:30:00+05:30,190.21,190.6,190.0,190.04,301466,0
2026-05-18T09:35:00+05:30,190.04,190.16,189.7,189.95,369540,0
2026-05-18T09:40:00+05:30,189.9,190.3,189.88,190.1,196296,0
2026-05-18T09:45:00+05:30,190.1,190.2,189.85,190.03,172522,0
2026-05-18T09:50:00+05:30,190.06,190.09,189.7,189.75,179886,0
2026-05-18T09:55:00+05:30,189.75,189.95,189.56,189.7,157706,0
2026-05-18T10:00:00+05:30,189.7,189.89,189.6,189.74,153590,0
2026-05-18T10:05:00+05:30,189.76,189.77,189.25,189.38,212127,0
2026-05-18T10:10:00+05:30,189.38,189.53,189.2,189.39,151775,0
2026-05-18T10:15:00+05:30,189.38,189.89,189.31,189.89,112544,0
2026-05-18T10:20:00+05:30,189.9,189.92,189.5,189.61,144158,0
2026-05-18T10:25:00+05:30,189.66,189.67,189.4,189.48,167134,0
2026-05-18T10:30:00+05:30,189.5,189.78,189.3,189.7,132157,0
2026-05-18T10:35:00+05:30,189.7,190.44,189.7,190.41,170149,0
2026-05-18T10:40:00+05:30,190.41,190.43,189.97,190.04,187426,0
2026-05-18T10:45:00+05:30,190.04,190.22,189.86,190.21,384448,0
2026-05-18T10:50:00+05:30,190.21,190.72,190.21,190.59,196448,0
2026-05-18T10:55:00+05:30,190.51,191.18,190.51,191.05,254855,0
2026-05-18T11:00:00+05:30,191.05,191.25,190.71,190.82,225088,0
2026-05-18T11:05:00+05:30,190.79,190.91,190.51,190.6,94185,0
2026-05-18T11:10:00+05:30,190.63,190.74,190.46,190.55,92789,0
2026-05-18T11:15:00+05:30,190.57,190.57,190.2,190.31,100869,0
2026-05-18T11:20:00+05:30,190.31,190.75,190.21,190.7,90101,0
2026-05-18T11:25:00+05:30,190.71,190.97,190.62,190.77,128065,0
2026-05-18T11:30:00+05:30,190.78,191.04,190.65,190.85,141829,0
2026-05-18T11:35:00+05:30,190.84,190.95,190.63,190.94,61503,0
2026-05-18T11:40:00+05:30,190.94,190.95,190.7,190.9,108709,0
2026-05-18T11:45:00+05:30,190.9,190.99,190.63,190.71,77831,0
2026-05-18T11:50:00+05:30,190.71,190.99,190.64,190.94,66950,0
2026-05-18T11:55:00+05:30,190.94,190.95,190.65,190.7,63616,0
2026-05-18T12:00:00+05:30,190.7,190.99,190.6,190.93,93121,0
2026-05-18T12:05:00+05:30,190.93,191.25,190.89,191.25,203021,0
2026-05-18T12:10:00+05:30,191.25,191.95,191.2,191.94,355718,0
2026-05-18T12:15:00+05:30,191.95,192.29,191.55,191.69,355821,0
2026-05-18T12:20:00+05:30,191.69,191.8,191.51,191.63,144347,0
2026-05-18T12:25:00+05:30,191.63,191.8,191.6,191.7,100175,0
2026-05-18T12:30:00+05:30,191.7,192.2,191.63,192.09,223195,0
2026-05-18T12:35:00+05:30,192.09,192.4,191.9,192.37,214286,0
2026-05-18T12:40:00+05:30,192.38,192.48,191.8,191.86,280978,0
2026-05-18T12:45:00+05:30,191.86,191.92,191.7,191.72,117968,0
2026-05-18T12:50:00+05:30,191.74,191.97,191.71,191.9,120751,0
2026-05-18T12:55:00+05:30,191.9,192.04,191.85,191.92,145882,0
2026-05-18T13:00:00+05:30,191.94,192.34,191.92,192.18,159969,0
2026-05-18T13:05:00+05:30,192.15,192.18,191.69,191.7,182670,0
2026-05-18T13:10:00+05:30,191.69,191.83,191.61,191.8,242387,0
2026-05-18T13:15:00+05:30,191.84,191.87,191.66,191.68,155565,0
2026-05-18T13:20:00+05:30,191.74,191.95,191.7,191.9,200595,0
2026-05-18T13:25:00+05:30,191.9,192.15,191.75,191.82,281846,0
2026-05-18T13:30:00+05:30,191.85,191.97,191.3,191.36,211547,0
2026-05-18T13:35:00+05:30,191.37,191.65,191.31,191.6,126061,0
2026-05-18T13:40:00+05:30,191.6,191.78,191.55,191.74,195597,0
2026-05-18T13:45:00+05:30,191.74,191.76,191.51,191.7,100325,0
2026-05-18T13:50:00+05:30,191.7,191.77,191.62,191.75,59066,0
2026-05-18T13:55:00+05:30,191.75,192.0,191.72,191.92,119049,0
2026-05-18T14:00:00+05:30,191.95,191.95,191.54,191.76,116935,0
2026-05-18T14:05:00+05:30,191.76,191.8,191.5,191.54,92520,0
2026-05-18T14:10:00+05:30,191.54,191.88,191.51,191.71,96348,0
2026-05-18T14:15:00+05:30,191.72,191.8,191.5,191.66,132805,0
2026-05-18T14:20:00+05:30,191.74,191.8,191.41,191.41,87179,0
2026-05-18T14:25:00+05:30,191.41,191.8,191.36,191.7,172968,0
2026-05-18T14:30:00+05:30,191.72,191.85,191.61,191.7,89247,0
2026-05-18T14:35:00+05:30,191.7,191.78,191.61,191.62,78270,0
2026-05-18T14:40:00+05:30,191.63,191.88,191.58,191.81,97726,0
2026-05-18T14:45:00+05:30,191.83,191.94,191.7,191.76,108568,0
2026-05-18T14:50:00+05:30,191.84,191.85,191.6,191.64,98539,0
2026-05-18T14:55:00+05:30,191.7,191.87,191.6,191.65,130802,0
2026-05-18T15:00:00+05:30,191.65,192.3,191.65,192.01,449686,0
2026-05-18T15:05:00+05:30,192.03,192.16,191.81,191.88,374784,0
2026-05-18T15:10:00+05:30,191.88,192.12,191.81,192.0,328076,0
2026-05-18T15:15:00+05:30,192.0,192.25,192.0,192.19,367983,0
2026-05-18T15:20:00+05:30,192.18,192.75,192.03,192.25,921737,0
2026-05-18T15:25:00+05:30,192.25,192.7,191.91,192.49,766261,0
2026-05-19T09:15:00+05:30,192.4,196.8,192.4,196.6,1762097,0
2026-05-19T09:20:00+05:30,196.67,198.0,196.25,196.9,1957264,0
2026-05-19T09:25:00+05:30,196.9,196.92,195.74,196.65,804871,0
2026-05-19T09:30:00+05:30,196.69,197.09,196.29,196.29,687941,0
2026-05-19T09:35:00+05:30,196.28,196.81,196.05,196.45,498029,0
2026-05-19T09:40:00+05:30,196.5,196.82,196.22,196.74,270507,0
2026-05-19T09:45:00+05:30,196.74,196.79,196.32,196.35,251688,0
2026-05-19T09:50:00+05:30,196.35,196.58,196.3,196.55,162423,0
2026-05-19T09:55:00+05:30,196.55,196.75,196.1,196.1,241573,0
2026-05-19T10:00:00+05:30,196.11,196.38,195.81,195.91,233634,0
2026-05-19T10:05:00+05:30,195.91,196.27,195.8,196.1,204177,0
2026-05-19T10:10:00+05:30,196.1,196.23,196.04,196.11,163940,0
2026-05-19T10:15:00+05:30,196.13,196.48,196.05,196.3,243802,0
2026-05-19T10:20:00+05:30,196.3,196.4,196.27,196.35,132058,0
2026-05-19T10:25:00+05:30,196.38,196.58,196.18,196.45,212257,0
2026-05-19T10:30:00+05:30,196.45,196.9,196.45,196.8,186230,0
2026-05-19T10:35:00+05:30,196.83,197.6,196.8,197.34,413639,0
2026-05-19T10:40:00+05:30,197.34,197.99,197.11,197.83,431411,0
2026-05-19T10:45:00+05:30,197.83,197.83,197.3,197.34,243067,0
2026-05-19T10:50:00+05:30,197.34,197.35,197.05,197.18,217620,0
2026-05-19T10:55:00+05:30,197.18,197.45,197.08,197.32,144089,0
2026-05-19T11:00:00+05:30,197.31,197.64,197.2,197.55,235960,0
2026-05-19T11:05:00+05:30,197.55,197.65,197.44,197.6,115192,0
2026-05-19T11:10:00+05:30,197.6,197.9,197.56,197.71,210019,0
2026-05-19T11:15:00+05:30,197.76,197.95,197.5,197.7,194265,0
2026-05-19T11:20:00+05:30,197.72,197.73,197.5,197.58,118179,0
2026-05-19T11:25:00+05:30,197.58,197.6,197.02,197.33,158660,0
2026-05-19T11:30:00+05:30,197.33,197.33,196.8,196.91,234662,0
2026-05-19T11:35:00+05:30,196.95,196.97,196.36,196.75,358644,0
2026-05-19T11:40:00+05:30,196.75,196.89,196.61,196.77,155780,0
2026-05-19T11:45:00+05:30,196.77,196.77,196.61,196.65,93029,0
2026-05-19T11:50:00+05:30,196.65,196.65,196.45,196.5,116040,0
2026-05-19T11:55:00+05:30,196.53,196.65,196.36,196.46,114413,0
2026-05-19T12:00:00+05:30,196.47,196.49,196.1,196.1,189936,0
2026-05-19T12:05:00+05:30,196.13,196.16,196.0,196.02,216947,0
2026-05-19T12:10:00+05:30,196.02,196.11,195.86,195.86,176445,0
2026-05-19T12:15:00+05:30,195.89,195.89,195.75,195.82,149610,0
2026-05-19T12:20:00+05:30,195.82,195.91,195.6,195.6,157913,0
2026-05-19T12:25:00+05:30,195.65,195.78,195.56,195.72,109449,0
2026-05-19T12:30:00+05:30,195.73,195.96,195.67,195.86,111928,0
2026-05-19T12:35:00+05:30,195.86,195.99,195.51,195.92,192508,0
2026-05-19T12:40:00+05:30,195.93,196.1,195.78,195.78,120424,0
2026-05-19T12:45:00+05:30,195.83,195.9,195.6,195.6,124983,0
2026-05-19T12:50:00+05:30,195.62,195.62,195.4,195.54,171369,0
2026-05-19T12:55:00+05:30,195.53,195.71,195.43,195.55,102965,0
2026-05-19T13:00:00+05:30,195.63,195.63,195.4,195.49,137846,0
2026-05-19T13:05:00+05:30,195.48,195.63,195.4,195.61,91282,0
2026-05-19T13:10:00+05:30,195.63,195.66,195.35,195.38,117740,0
2026-05-19T13:15:00+05:30,195.41,195.72,195.36,195.6,129734,0
2026-05-19T13:20:00+05:30,195.64,195.64,195.44,195.49,95374,0
2026-05-19T13:25:00+05:30,195.49,195.57,195.38,195.45,110196,0
2026-05-19T13:30:00+05:30,195.49,195.72,195.45,195.5,90068,0
2026-05-19T13:35:00+05:30,195.51,195.52,195.2,195.23,175227,0
2026-05-19T13:40:00+05:30,195.29,195.39,195.14,195.21,111049,0
2026-05-19T13:45:00+05:30,195.27,195.43,195.2,195.36,83904,0
2026-05-19T13:50:00+05:30,195.38,195.38,195.05,195.14,476771,0
2026-05-19T13:55:00+05:30,195.14,195.3,195.06,195.21,157550,0
2026-05-19T14:00:00+05:30,195.23,195.57,195.21,195.43,322985,0
2026-05-19T14:05:00+05:30,195.43,195.63,195.35,195.51,134464,0
2026-05-19T14:10:00+05:30,195.51,195.63,195.41,195.56,143006,0
2026-05-19T14:15:00+05:30,195.56,195.77,195.51,195.62,116657,0
2026-05-19T14:20:00+05:30,195.62,195.64,195.41,195.52,103112,0
2026-05-19T14:25:00+05:30,195.56,195.65,195.5,195.51,87295,0
2026-05-19T14:30:00+05:30,195.55,195.55,195.41,195.5,87075,0
2026-05-19T14:35:00+05:30,195.5,195.57,195.25,195.54,132950,0
2026-05-19T14:40:00+05:30,195.54,195.74,195.42,195.45,166247,0
2026-05-19T14:45:00+05:30,195.46,195.47,195.22,195.41,202945,0
2026-05-19T14:50:00+05:30,195.44,195.55,195.4,195.45,162983,0
2026-05-19T14:55:00+05:30,195.48,195.54,195.3,195.47,409469,0
2026-05-19T15:00:00+05:30,195.47,195.56,195.12,195.18,532410,0
2026-05-19T15:05:00+05:30,195.19,195.36,195.1,195.21,415194,0
2026-05-19T15:10:00+05:30,195.22,195.25,195.06,195.15,436556,0
2026-05-19T15:15:00+05:30,195.15,195.26,195.05,195.09,558917,0
2026-05-19T15:20:00+05:30,195.09,195.25,195.01,195.17,717701,0
2026-05-19T15:25:00+05:30,195.11,195.62,195.1,195.5,437094,0
2026-05-20T09:15:00+05:30,194.61,195.72,194.01,195.64,1254397,0
2026-05-20T09:20:00+05:30,195.64,195.68,194.55,194.84,886038,0
2026-05-20T09:25:00+05:30,194.76,195.49,194.76,195.36,451500,0
2026-05-20T09:30:00+05:30,195.35,195.67,195.3,195.4,232999,0
2026-05-20T09:35:00+05:30,195.4,195.79,195.3,195.74,212666,0
2026-05-20T09:40:00+05:30,195.75,195.83,195.1,195.44,297310,0
2026-05-20T09:45:00+05:30,195.4,195.87,195.27,195.76,186198,0
2026-05-20T09:50:00+05:30,195.75,196.09,195.72,195.95,233796,0
2026-05-20T09:55:00+05:30,195.91,196.2,195.85,195.99,283121,0
2026-05-20T10:00:00+05:30,195.97,196.17,195.62,195.76,185927,0
2026-05-20T10:05:00+05:30,195.75,195.95,195.5,195.85,161734,0
2026-05-20T10:10:00+05:30,195.85,195.95,195.58,195.64,113738,0
2026-05-20T10:15:00+05:30,195.66,195.92,195.62,195.67,142704,0
2026-05-20T10:20:00+05:30,195.67,195.8,195.16,195.31,278504,0
2026-05-20T10:25:00+05:30,195.24,195.7,195.16,195.7,127473,0
2026-05-20T10:30:00+05:30,195.62,195.99,195.61,195.97,169813,0
2026-05-20T10:35:00+05:30,195.99,195.99,195.71,195.85,118204,0
2026-05-20T10:40:00+05:30,195.85,196.0,195.74,195.87,132216,0
2026-05-20T10:45:00+05:30,195.87,195.94,195.7,195.82,81737,0
2026-05-20T10:50:00+05:30,195.83,196.15,195.83,196.15,92835,0
2026-05-20T10:55:00+05:30,196.15,196.45,196.11,196.43,167786,0
2026-05-20T11:00:00+05:30,196.45,196.65,196.3,196.41,147006,0
2026-05-20T11:05:00+05:30,196.41,196.45,196.26,196.41,101036,0
2026-05-20T11:10:00+05:30,196.41,196.46,196.21,196.24,91802,0
2026-05-20T11:15:00+05:30,196.24,196.24,196.01,196.12,92661,0
2026-05-20T11:20:00+05:30,196.14,196.32,196.05,196.11,90678,0
2026-05-20T11:25:00+05:30,196.11,196.18,196.01,196.11,79576,0
2026-05-20T11:30:00+05:30,196.11,196.21,195.85,196.16,153654,0
2026-05-20T11:35:00+05:30,196.22,196.43,196.11,196.24,132235,0
2026-05-20T11:40:00+05:30,196.32,196.55,196.2,196.45,150315,0
2026-05-20T11:45:00+05:30,196.45,196.93,196.44,196.92,210556,0
2026-05-20T11:50:00+05:30,196.91,196.96,196.73,196.82,104605,0
2026-05-20T11:55:00+05:30,196.82,196.9,196.55,196.8,199009,0
2026-05-20T12:00:00+05:30,196.8,196.85,196.56,196.65,127888,0
2026-05-20T12:05:00+05:30,196.63,196.87,196.63,196.84,88234,0
2026-05-20T12:10:00+05:30,196.85,196.87,196.68,196.83,98534,0
2026-05-20T12:15:00+05:30,196.84,196.95,196.73,196.92,116208,0
2026-05-20T12:20:00+05:30,196.91,197.0,196.8,196.92,100938,0
2026-05-20T12:25:00+05:30,196.92,196.97,196.81,196.87,74981,0
2026-05-20T12:30:00+05:30,196.87,197.09,196.83,196.92,172670,0
2026-05-20T12:35:00+05:30,196.9,196.95,196.7,196.78,102004,0
2026-05-20T12:40:00+05:30,196.8,196.82,196.66,196.72,86897,0
2026-05-20T12:45:00+05:30,196.72,196.8,196.66,196.79,95613,0
2026-05-20T12:50:00+05:30,196.75,197.02,196.71,196.99,163588,0
2026-05-20T12:55:00+05:30,197.03,197.05,196.88,197.03,102376,0
2026-05-20T13:00:00+05:30,196.98,197.03,196.88,196.97,94891,0
2026-05-20T13:05:00+05:30,196.95,197.0,196.66,196.88,94886,0
2026-05-20T13:10:00+05:30,196.87,197.0,196.75,196.82,82545,0
2026-05-20T13:15:00+05:30,196.88,196.9,196.75,196.83,96386,0
2026-05-20T13:20:00+05:30,196.81,196.9,196.42,196.52,154797,0
2026-05-20T13:25:00+05:30,196.53,196.68,196.21,196.29,155495,0
2026-05-20T13:30:00+05:30,196.29,196.89,196.28,196.87,163744,0
2026-05-20T13:35:00+05:30,196.87,197.31,196.83,197.08,186256,0
2026-05-20T13:40:00+05:30,197.09,197.18,196.89,196.92,120159,0
2026-05-20T13:45:00+05:30,196.94,197.0,196.88,196.96,88034,0
2026-05-20T13:50:00+05:30,196.96,197.09,196.87,197.09,135999,0
2026-05-20T13:55:00+05:30,197.09,197.17,197.0,197.1,93313,0
2026-05-20T14:00:00+05:30,197.1,197.4,197.06,197.4,160834,0
2026-05-20T14:05:00+05:30,197.4,197.67,197.35,197.67,215280,0
2026-05-20T14:10:00+05:30,197.67,197.8,197.35,197.36,181589,0
2026-05-20T14:15:00+05:30,197.39,197.58,197.27,197.4,145194,0
2026-05-20T14:20:00+05:30,197.4,197.77,197.32,197.6,257872,0
2026-05-20T14:25:00+05:30,197.69,197.94,197.59,197.88,237905,0
2026-05-20T14:30:00+05:30,197.89,197.92,197.65,197.73,208416,0
2026-05-20T14:35:00+05:30,197.73,197.8,197.46,197.63,323825,0
2026-05-20T14:40:00+05:30,197.61,197.74,197.45,197.58,183911,0
2026-05-20T14:45:00+05:30,197.58,197.61,197.46,197.48,101596,0
2026-05-20T14:50:00+05:30,197.48,197.5,197.25,197.28,326093,0
2026-05-20T14:55:00+05:30,197.3,197.4,197.25,197.29,194416,0
2026-05-20T15:00:00+05:30,197.29,197.29,196.85,197.28,488352,0
2026-05-20T15:05:00+05:30,197.3,197.63,197.2,197.63,256445,0
2026-05-20T15:10:00+05:30,197.6,197.66,197.5,197.5,291334,0
2026-05-20T15:15:00+05:30,197.58,197.6,197.24,197.29,563984,0
2026-05-20T15:20:00+05:30,197.29,197.38,196.73,196.9,946097,0
2026-05-20T15:25:00+05:30,196.96,197.25,196.8,197.2,857107,0
2026-05-21T09:15:00+05:30,198.5,198.98,198.08,198.4,788417,0
2026-05-21T09:20:00+05:30,198.43,198.55,197.66,198.02,517908,0
2026-05-21T09:25:00+05:30,198.08,198.2,197.8,198.18,265694,0
2026-05-21T09:30:00+05:30,198.2,198.45,197.9,197.95,235895,0
2026-05-21T09:35:00+05:30,197.99,198.3,197.85,198.26,199654,0
2026-05-21T09:40:00+05:30,198.26,198.3,197.84,197.91,152081,0
2026-05-21T09:45:00+05:30,197.95,198.14,197.85,198.14,383855,0
2026-05-21T09:50:00+05:30,198.14,199.08,198.14,198.9,410421,0
2026-05-21T09:55:00+05:30,198.9,198.94,198.6,198.62,163546,0
2026-05-21T10:00:00+05:30,198.65,198.9,198.57,198.82,181663,0
2026-05-21T10:05:00+05:30,198.82,199.06,198.7,198.76,223309,0
2026-05-21T10:10:00+05:30,198.76,198.9,198.4,198.46,220023,0
2026-05-21T10:15:00+05:30,198.52,198.66,198.28,198.43,145293,0
2026-05-21T10:20:00+05:30,198.43,198.5,198.25,198.29,154368,0
2026-05-21T10:25:00+05:30,198.29,198.29,197.88,197.93,234407,0
2026-05-21T10:30:00+05:30,197.95,198.02,197.56,197.65,211974,0
2026-05-21T10:35:00+05:30,197.65,197.7,197.5,197.61,220129,0
2026-05-21T10:40:00+05:30,197.61,198.16,197.51,198.08,159857,0
2026-05-21T10:45:00+05:30,198.1,198.5,198.0,198.46,130963,0
2026-05-21T10:50:00+05:30,198.46,198.83,198.45,198.71,166695,0
2026-05-21T10:55:00+05:30,198.76,198.85,198.5,198.85,138024,0
2026-05-21T11:00:00+05:30,198.84,199.15,198.82,199.08,385349,0
2026-05-21T11:05:00+05:30,199.06,199.25,198.96,199.22,177279,0
2026-05-21T11:10:00+05:30,199.22,199.33,199.11,199.21,194055,0
2026-05-21T11:15:00+05:30,199.27,199.27,198.65,199.05,290847,0
2026-05-21T11:20:00+05:30,199.05,199.05,198.8,199.0,124647,0
2026-05-21T11:25:00+05:30,199.03,199.1,198.8,198.84,117733,0
2026-05-21T11:30:00+05:30,198.93,198.93,198.72,198.85,99925,0
2026-05-21T11:35:00+05:30,198.85,199.2,198.84,199.11,128503,0
2026-05-21T11:40:00+05:30,199.11,199.2,199.01,199.07,94493,0
2026-05-21T11:45:00+05:30,199.07,199.09,198.81,199.03,174075,0
2026-05-21T11:50:00+05:30,199.03,199.25,198.94,199.2,160235,0
2026-05-21T11:55:00+05:30,199.2,199.32,199.13,199.28,168871,0
2026-05-21T12:00:00+05:30,199.29,199.4,199.26,199.36,146192,0
2026-05-21T12:05:00+05:30,199.39,199.45,199.31,199.34,149810,0
2026-05-21T12:10:00+05:30,199.36,199.4,199.1,199.15,146406,0
2026-05-21T12:15:00+05:30,199.17,199.34,199.1,199.19,96810,0
2026-05-21T12:20:00+05:30,199.19,199.2,199.05,199.06,103465,0
2026-05-21T12:25:00+05:30,199.1,199.2,198.8,199.04,316320,0
2026-05-21T12:30:00+05:30,199.04,199.24,198.92,199.2,158847,0
2026-05-21T12:35:00+05:30,199.18,199.25,198.65,198.76,219317,0
2026-05-21T12:40:00+05:30,198.75,198.98,198.67,198.98,155409,0
2026-05-21T12:45:00+05:30,198.98,199.18,198.82,199.03,151887,0
2026-05-21T12:50:00+05:30,199.09,199.2,199.0,199.1,127419,0
2026-05-21T12:55:00+05:30,199.1,199.1,198.96,199.01,106026,0
2026-05-21T13:00:00+05:30,199.02,199.09,198.81,199.09,144978,0
2026-05-21T13:05:00+05:30,199.1,199.19,199.0,199.15,105985,0
2026-05-21T13:10:00+05:30,199.15,199.17,199.0,199.03,104653,0
2026-05-21T13:15:00+05:30,199.03,199.28,198.95,199.25,206967,0
2026-05-21T13:20:00+05:30,199.28,199.55,199.25,199.5,291197,0
2026-05-21T13:25:00+05:30,199.5,199.5,199.23,199.3,172372,0
2026-05-21T13:30:00+05:30,199.3,199.62,199.2,199.57,228305,0
2026-05-21T13:35:00+05:30,199.57,199.64,199.33,199.38,155140,0
2026-05-21T13:40:00+05:30,199.38,199.6,199.25,199.55,158084,0
2026-05-21T13:45:00+05:30,199.55,199.57,199.4,199.45,109599,0
2026-05-21T13:50:00+05:30,199.47,199.64,199.4,199.6,208813,0
2026-05-21T13:55:00+05:30,199.61,199.94,199.56,199.92,304469,0
2026-05-21T14:00:00+05:30,199.92,199.94,199.81,199.89,138909,0
2026-05-21T14:05:00+05:30,199.9,200.0,199.86,199.9,260797,0
2026-05-21T14:10:00+05:30,199.9,199.9,199.62,199.76,383577,0
2026-05-21T14:15:00+05:30,199.77,199.9,199.5,199.56,219341,0
2026-05-21T14:20:00+05:30,199.56,199.67,199.33,199.63,270486,0
2026-05-21T14:25:00+05:30,199.66,199.73,199.5,199.65,529233,0
2026-05-21T14:30:00+05:30,199.61,199.66,199.4,199.58,311084,0
2026-05-21T14:35:00+05:30,199.58,199.62,199.33,199.4,220872,0
2026-05-21T14:40:00+05:30,199.4,199.46,199.01,199.16,289224,0
2026-05-21T14:45:00+05:30,199.18,199.56,199.18,199.46,201542,0
2026-05-21T14:50:00+05:30,199.46,199.79,199.42,199.55,291512,0
2026-05-21T14:55:00+05:30,199.55,199.88,199.5,199.82,440105,0
2026-05-21T15:00:00+05:30,199.88,199.97,199.68,199.87,360828,0
2026-05-21T15:05:00+05:30,199.87,199.95,199.6,199.72,612889,0
2026-05-21T15:10:00+05:30,199.78,200.0,199.63,199.7,778370,0
2026-05-21T15:15:00+05:30,199.7,200.04,199.5,199.56,836577,0
2026-05-21T15:20:00+05:30,199.56,199.73,199.44,199.54,605629,0
2026-05-21T15:25:00+05:30,199.55,199.7,199.4,199.51,541633,0
2026-05-22T09:15:00+05:30,200.0,200.2,198.83,199.79,1116103,0
2026-05-22T09:20:00+05:30,199.89,200.07,199.24,199.4,808727,0
2026-05-22T09:25:00+05:30,199.44,199.7,198.83,199.1,500534,0
2026-05-22T09:30:00+05:30,199.14,200.5,199.11,200.4,1006010,0
2026-05-22T09:35:00+05:30,200.39,200.5,200.07,200.32,570323,0
2026-05-22T09:40:00+05:30,200.32,200.37,199.82,200.24,301342,0
2026-05-22T09:45:00+05:30,200.3,200.35,200.0,200.06,285054,0
2026-05-22T09:50:00+05:30,200.05,200.58,200.01,200.58,507106,0
2026-05-22T09:55:00+05:30,200.58,200.94,200.46,200.83,333208,0
2026-05-22T10:00:00+05:30,200.84,200.9,200.6,200.79,164587,0
2026-05-22T10:05:00+05:30,200.77,200.97,200.61,200.93,198719,0
2026-05-22T10:10:00+05:30,200.88,201.2,200.8,200.9,504697,0
2026-05-22T10:15:00+05:30,200.9,201.29,200.77,201.25,315369,0
2026-05-22T10:20:00+05:30,201.28,201.87,201.2,201.8,466615,0
2026-05-22T10:25:00+05:30,201.8,202.55,201.8,202.49,661169,0
2026-05-22T10:30:00+05:30,202.49,202.98,202.19,202.65,444393,0
2026-05-22T10:35:00+05:30,202.65,203.05,202.64,202.88,508920,0
2026-05-22T10:40:00+05:30,202.9,203.59,202.9,203.28,658032,0
2026-05-22T10:45:00+05:30,203.21,203.45,203.0,203.0,359823,0
2026-05-22T10:50:00+05:30,203.0,203.23,202.84,203.13,321959,0
2026-05-22T10:55:00+05:30,203.14,203.4,203.05,203.2,279904,0
2026-05-22T11:00:00+05:30,203.2,203.3,202.9,203.29,461594,0
2026-05-22T11:05:00+05:30,203.29,203.47,203.1,203.41,274072,0
2026-05-22T11:10:00+05:30,203.41,203.49,203.24,203.44,262989,0
2026-05-22T11:15:00+05:30,203.44,203.55,203.24,203.33,393681,0
2026-05-22T11:20:00+05:30,203.35,203.9,203.25,203.89,496743,0
2026-05-22T11:25:00+05:30,203.88,204.19,203.75,204.16,728521,0
2026-05-22T11:30:00+05:30,204.15,204.71,204.02,204.49,671371,0
2026-05-22T11:35:00+05:30,204.49,205.0,204.4,204.94,954419,0
2026-05-22T11:40:00+05:30,204.93,205.3,204.82,205.01,1240543,0
2026-05-22T11:45:00+05:30,205.05,205.2,204.28,204.38,828545,0
2026-05-22T11:50:00+05:30,204.31,204.72,204.25,204.4,576514,0
2026-05-22T11:55:00+05:30,204.4,204.56,204.05,204.2,512714,0
2026-05-22T12:00:00+05:30,204.2,204.23,203.65,204.12,531803,0
2026-05-22T12:05:00+05:30,204.12,204.34,203.78,203.99,491445,0
2026-05-22T12:10:00+05:30,203.99,204.3,203.9,204.26,370573,0
2026-05-22T12:15:00+05:30,204.27,204.5,204.23,204.32,339935,0
2026-05-22T12:20:00+05:30,204.35,204.55,204.24,204.39,229782,0
2026-05-22T12:25:00+05:30,204.4,204.5,204.2,204.28,260062,0
2026-05-22T12:30:00+05:30,204.28,204.39,203.8,204.21,383510,0
2026-05-22T12:35:00+05:30,204.21,204.3,204.01,204.3,255930,0
2026-05-22T12:40:00+05:30,204.3,204.5,204.11,204.14,179671,0
2026-05-22T12:45:00+05:30,204.21,204.48,204.18,204.37,200606,0
2026-05-22T12:50:00+05:30,204.4,204.99,204.33,204.95,408523,0
2026-05-22T12:55:00+05:30,204.93,204.97,204.6,204.86,333089,0
2026-05-22T13:00:00+05:30,204.87,204.98,204.72,204.85,207204,0
2026-05-22T13:05:00+05:30,204.85,204.99,204.58,204.97,293825,0
2026-05-22T13:10:00+05:30,204.98,205.3,204.93,205.2,791607,0
2026-05-22T13:15:00+05:30,205.24,205.4,205.0,205.1,477702,0
2026-05-22T13:20:00+05:30,205.1,205.25,204.84,204.96,330723,0
2026-05-22T13:25:00+05:30,204.96,205.0,204.8,204.93,298282,0
2026-05-22T13:30:00+05:30,204.95,205.0,204.71,205.0,175567,0
2026-05-22T13:35:00+05:30,205.0,205.11,204.91,205.0,273056,0
2026-05-22T13:40:00+05:30,205.07,205.29,204.91,205.2,296896,0
2026-05-22T13:45:00+05:30,205.2,205.39,205.11,205.18,243702,0
2026-05-22T13:50:00+05:30,205.12,205.3,205.12,205.23,244708,0
2026-05-22T13:55:00+05:30,205.23,205.25,204.75,204.84,579678,0
2026-05-22T14:00:00+05:30,204.84,204.95,204.4,204.62,440630,0
2026-05-22T14:05:00+05:30,204.62,205.0,204.4,204.8,561977,0
2026-05-22T14:10:00+05:30,204.8,204.95,204.41,204.41,1006420,0
2026-05-22T14:15:00+05:30,204.41,204.5,204.2,204.35,294485,0
2026-05-22T14:20:00+05:30,204.36,204.72,204.31,204.51,271884,0
2026-05-22T14:25:00+05:30,204.58,204.77,204.5,204.52,195942,0
2026-05-22T14:30:00+05:30,204.52,204.84,204.31,204.34,1116162,0
2026-05-22T14:35:00+05:30,204.31,204.37,203.9,203.99,744723,0
2026-05-22T14:40:00+05:30,204.0,204.1,203.63,203.74,601694,0
2026-05-22T14:45:00+05:30,203.75,203.96,203.6,203.66,563004,0
2026-05-22T14:50:00+05:30,203.67,204.01,203.4,203.4,664560,0
2026-05-22T14:55:00+05:30,203.46,203.6,203.12,203.2,595282,0
2026-05-22T15:00:00+05:30,203.2,203.4,202.9,203.12,1762709,0
2026-05-22T15:05:00+05:30,203.12,203.59,202.95,203.55,701422,0
2026-05-22T15:10:00+05:30,203.5,203.58,203.02,203.05,954709,0
2026-05-22T15:15:00+05:30,203.06,203.14,202.9,203.0,833576,0
2026-05-22T15:20:00+05:30,203.0,203.33,202.98,203.0,1236458,0
2026-05-22T15:25:00+05:30,203.0,203.35,202.95,202.97,1374362,0
2026-05-25T09:15:00+05:30,207.0,207.0,204.06,204.99,2542796,0
2026-05-25T09:20:00+05:30,205.0,205.27,204.61,205.24,857008,0
2026-05-25T09:25:00+05:30,205.24,205.99,205.16,205.45,860108,0
2026-05-25T09:30:00+05:30,205.53,205.69,204.8,204.94,1535059,0
2026-05-25T09:35:00+05:30,204.95,205.25,204.56,205.14,658564,0
2026-05-25T09:40:00+05:30,205.14,205.69,205.02,205.28,642416,0
2026-05-25T09:45:00+05:30,205.28,205.64,205.1,205.23,595518,0
2026-05-25T09:50:00+05:30,205.23,205.35,204.27,204.65,1003474,0
2026-05-25T09:55:00+05:30,204.65,205.0,204.28,204.44,909572,0
2026-05-25T10:00:00+05:30,204.46,205.11,204.43,204.85,500646,0
2026-05-25T10:05:00+05:30,204.87,205.0,204.59,204.78,681307,0
2026-05-25T10:10:00+05:30,204.78,205.35,204.71,205.0,592379,0
2026-05-25T10:15:00+05:30,205.0,205.85,204.98,205.51,778160,0
2026-05-25T10:20:00+05:30,205.59,207.0,205.45,205.99,1497556,0
2026-05-25T10:25:00+05:30,205.99,206.29,205.76,206.02,605718,0
2026-05-25T10:30:00+05:30,206.03,206.42,205.96,206.21,564162,0
2026-05-25T10:35:00+05:30,206.21,206.9,206.12,206.65,855149,0
2026-05-25T10:40:00+05:30,206.65,207.1,206.42,206.75,1390860,0
2026-05-25T10:45:00+05:30,206.76,207.3,206.72,206.78,1113115,0
2026-05-25T10:50:00+05:30,206.87,207.0,206.36,206.92,1193440,0
2026-05-25T10:55:00+05:30,207.0,208.0,206.92,207.6,1828698,0
2026-05-25T11:00:00+05:30,207.6,208.31,207.49,208.28,1738552,0
2026-05-25T11:05:00+05:30,208.28,208.45,207.71,207.99,1518420,0
2026-05-25T11:10:00+05:30,207.99,208.3,207.81,207.9,1003979,0
2026-05-25T11:15:00+05:30,207.95,207.96,207.4,207.48,870601,0
2026-05-25T11:20:00+05:30,207.47,207.66,207.01,207.18,656680,0
2026-05-25T11:25:00+05:30,207.19,207.75,207.11,207.5,606302,0
2026-05-25T11:30:00+05:30,207.54,207.58,207.21,207.33,499319,0
2026-05-25T11:35:00+05:30,207.33,208.38,207.25,208.0,1083565,0
2026-05-25T11:40:00+05:30,208.05,208.15,207.73,207.9,585299,0
2026-05-25T11:45:00+05:30,207.92,208.19,207.9,208.05,562986,0
2026-05-25T11:50:00+05:30,208.05,208.5,208.0,208.42,1161670,0
2026-05-25T11:55:00+05:30,208.45,208.88,208.42,208.77,1363845,0
2026-05-25T12:00:00+05:30,208.78,209.0,208.74,208.85,1126165,0
2026-05-25T12:05:00+05:30,208.9,209.4,208.68,209.12,1431805,0
2026-05-25T12:10:00+05:30,209.15,209.4,209.06,209.35,1040872,0
2026-05-25T12:15:00+05:30,209.37,209.47,208.94,209.39,984642,0
2026-05-25T12:20:00+05:30,209.4,209.55,209.24,209.37,1091284,0
2026-05-25T12:25:00+05:30,209.37,209.45,208.37,208.5,1231875,0
2026-05-25T12:30:00+05:30,208.54,208.54,207.25,207.35,1703671,0
2026-05-25T12:35:00+05:30,207.35,207.82,207.31,207.7,800188,0
2026-05-25T12:40:00+05:30,207.69,207.89,207.51,207.64,867300,0
2026-05-25T12:45:00+05:30,207.61,207.64,207.15,207.3,557973,0
2026-05-25T12:50:00+05:30,207.32,207.37,207.03,207.2,785271,0
2026-05-25T12:55:00+05:30,207.2,207.82,207.18,207.65,838907,0
2026-05-25T13:00:00+05:30,207.65,208.2,207.6,208.0,1554915,0
2026-05-25T13:05:00+05:30,208.05,208.3,207.87,208.1,821038,0
2026-05-25T13:10:00+05:30,208.1,208.26,207.8,207.85,749494,0
2026-05-25T13:15:00+05:30,207.94,208.21,207.83,208.1,972273,0
2026-05-25T13:20:00+05:30,208.1,208.5,208.03,208.37,1768578,0
2026-05-25T13:25:00+05:30,208.37,208.76,208.33,208.49,1235960,0
2026-05-25T13:30:00+05:30,208.49,209.1,208.34,209.0,1274701,0
2026-05-25T13:35:00+05:30,209.08,209.1,208.64,208.84,882958,0
2026-05-25T13:40:00+05:30,208.84,208.96,208.26,208.36,876252,0
2026-05-25T13:45:00+05:30,208.4,208.68,208.18,208.45,437864,0
2026-05-25T13:50:00+05:30,208.44,208.82,208.42,208.7,486657,0
2026-05-25T13:55:00+05:30,208.7,208.74,208.4,208.6,386496,0
2026-05-25T14:00:00+05:30,208.6,208.68,208.4,208.52,452413,0
2026-05-25T14:05:00+05:30,208.52,208.72,208.32,208.45,793208,0
2026-05-25T14:10:00+05:30,208.45,208.84,208.4,208.59,350276,0
2026-05-25T14:15:00+05:30,208.65,208.7,208.4,208.46,565750,0
2026-05-25T14:20:00+05:30,208.5,208.65,208.31,208.5,766590,0
2026-05-25T14:25:00+05:30,208.59,208.8,208.34,208.59,607073,0
2026-05-25T14:30:00+05:30,208.59,208.69,208.31,208.55,314210,0
2026-05-25T14:35:00+05:30,208.59,208.75,208.55,208.69,593694,0
2026-05-25T14:40:00+05:30,208.7,208.74,208.15,208.25,511316,0
2026-05-25T14:45:00+05:30,208.33,208.35,207.7,207.73,647114,0
2026-05-25T14:50:00+05:30,207.75,207.9,207.7,207.71,388929,0
2026-05-25T14:55:00+05:30,207.75,207.85,207.61,207.61,1125688,0
2026-05-25T15:00:00+05:30,207.65,207.8,207.39,207.47,926582,0
2026-05-25T15:05:00+05:30,207.47,207.62,207.25,207.45,856056,0
2026-05-25T15:10:00+05:30,207.5,207.51,206.88,206.91,1189217,0
2026-05-25T15:15:00+05:30,206.92,207.0,206.71,206.8,918753,0
2026-05-25T15:20:00+05:30,206.8,207.07,206.61,206.64,1509235,0
2026-05-25T15:25:00+05:30,206.63,206.74,205.86,206.0,2330634,0
2026-05-26T09:15:00+05:30,206.99,207.99,206.16,207.96,2360960,0
2026-05-26T09:20:00+05:30,207.95,207.96,207.6,207.95,1060357,0
2026-05-26T09:25:00+05:30,207.95,208.07,207.54,207.69,826615,0
2026-05-26T09:30:00+05:30,207.67,208.69,207.62,208.25,890318,0
2026-05-26T09:35:00+05:30,208.2,208.25,207.8,207.89,981522,0
2026-05-26T09:40:00+05:30,207.9,207.9,207.59,207.85,450417,0
2026-05-26T09:45:00+05:30,207.85,207.99,207.3,207.47,591859,0
2026-05-26T09:50:00+05:30,207.47,207.72,207.28,207.64,475082,0
2026-05-26T09:55:00+05:30,207.62,207.62,207.28,207.5,283598,0
2026-05-26T10:00:00+05:30,207.5,207.75,207.38,207.43,271149,0
2026-05-26T10:05:00+05:30,207.43,207.62,207.42,207.56,361789,0
2026-05-26T10:10:00+05:30,207.6,207.64,207.09,207.56,542846,0
2026-05-26T10:15:00+05:30,207.52,207.6,207.28,207.37,307389,0
2026-05-26T10:20:00+05:30,207.34,207.6,207.3,207.42,377117,0
2026-05-26T10:25:00+05:30,207.41,207.62,207.2,207.49,429330,0
2026-05-26T10:30:00+05:30,207.5,207.5,207.23,207.45,161047,0
2026-05-26T10:35:00+05:30,207.45,207.5,207.24,207.41,168269,0
2026-05-26T10:40:00+05:30,207.48,207.99,207.41,207.76,285019,0
2026-05-26T10:45:00+05:30,207.76,207.76,207.56,207.59,140418,0
2026-05-26T10:50:00+05:30,207.66,207.7,207.3,207.45,322590,0
2026-05-26T10:55:00+05:30,207.45,207.76,207.4,207.58,301154,0
2026-05-26T11:00:00+05:30,207.58,207.67,207.45,207.48,186582,0
2026-05-26T11:05:00+05:30,207.43,207.6,207.4,207.53,171809,0
2026-05-26T11:10:00+05:30,207.53,207.66,207.4,207.49,173492,0
2026-05-26T11:15:00+05:30,207.49,207.65,207.42,207.61,186399,0
2026-05-26T11:20:00+05:30,207.61,207.64,207.11,207.16,588287,0
2026-05-26T11:25:00+05:30,207.25,207.34,207.12,207.17,353156,0
2026-05-26T11:30:00+05:30,207.17,207.54,207.0,207.39,580008,0
2026-05-26T11:35:00+05:30,207.39,207.52,207.07,207.16,451383,0
2026-05-26T11:40:00+05:30,207.16,207.6,207.06,207.21,498495,0
2026-05-26T11:45:00+05:30,207.29,207.38,207.12,207.2,201016,0
2026-05-26T11:50:00+05:30,207.2,207.34,207.12,207.2,457571,0
2026-05-26T11:55:00+05:30,207.27,207.39,207.0,207.08,596742,0
2026-05-26T12:00:00+05:30,207.08,207.25,206.94,207.07,605102,0
2026-05-26T12:05:00+05:30,207.09,207.2,207.0,207.03,283123,0
2026-05-26T12:10:00+05:30,207.03,207.19,207.0,207.13,919660,0
2026-05-26T12:15:00+05:30,207.03,207.25,207.01,207.1,444757,0
2026-05-26T12:20:00+05:30,207.08,207.21,207.07,207.11,538241,0
2026-05-26T12:25:00+05:30,207.11,207.23,207.07,207.09,502077,0
2026-05-26T12:30:00+05:30,207.09,207.61,207.08,207.25,477880,0
2026-05-26T12:35:00+05:30,207.22,207.3,207.03,207.1,159886,0
2026-05-26T12:40:00+05:30,207.14,207.2,207.03,207.06,265806,0
2026-05-26T12:45:00+05:30,207.06,207.19,206.88,206.99,751904,0
2026-05-26T12:50:00+05:30,206.99,207.08,206.81,206.94,741666,0
2026-05-26T12:55:00+05:30,207.0,207.09,206.9,206.95,637899,0
2026-05-26T13:00:00+05:30,206.96,207.12,206.76,206.89,308982,0
2026-05-26T13:05:00+05:30,206.9,207.0,206.7,206.75,417791,0
2026-05-26T13:10:00+05:30,206.73,206.94,206.71,206.84,492223,0
2026-05-26T13:15:00+05:30,206.84,206.94,206.71,206.84,1118440,0
2026-05-26T13:20:00+05:30,206.84,206.92,206.71,206.81,410469,0
2026-05-26T13:25:00+05:30,206.81,206.84,206.51,206.7,297121,0
2026-05-26T13:30:00+05:30,206.74,206.81,206.64,206.64,164025,0
2026-05-26T13:35:00+05:30,206.65,206.73,206.54,206.58,161465,0
2026-05-26T13:40:00+05:30,206.58,206.6,206.42,206.51,278245,0
2026-05-26T13:45:00+05:30,206.52,206.57,206.1,206.11,304414,0
2026-05-26T13:50:00+05:30,206.2,206.2,205.85,205.99,562312,0
2026-05-26T13:55:00+05:30,205.99,206.05,205.92,205.97,169064,0
2026-05-26T14:00:00+05:30,205.99,206.07,205.27,205.35,667832,0
2026-05-26T14:05:00+05:30,205.35,205.83,205.1,205.5,673816,0
2026-05-26T14:10:00+05:30,205.5,205.63,205.15,205.21,414206,0
2026-05-26T14:15:00+05:30,205.26,205.32,204.82,204.93,1042870,0
2026-05-26T14:20:00+05:30,204.93,205.29,204.81,205.11,444699,0
2026-05-26T14:25:00+05:30,205.08,205.16,204.64,204.8,805892,0
2026-05-26T14:30:00+05:30,204.8,204.96,204.6,204.64,818659,0
2026-05-26T14:35:00+05:30,204.64,204.88,204.5,204.87,299668,0
2026-05-26T14:40:00+05:30,204.87,204.9,204.12,204.53,1397312,0
2026-05-26T14:45:00+05:30,204.54,204.56,204.1,204.19,648190,0
2026-05-26T14:50:00+05:30,204.18,204.58,204.11,204.31,940475,0
2026-05-26T14:55:00+05:30,204.37,204.57,204.21,204.43,646749,0
2026-05-26T15:00:00+05:30,204.41,204.5,204.1,204.15,755282,0
2026-05-26T15:05:00+05:30,204.15,204.42,204.0,204.01,1211467,0
2026-05-26T15:10:00+05:30,204.01,204.03,203.65,203.84,1584150,0
2026-05-26T15:15:00+05:30,203.84,203.93,203.7,203.8,1003509,0
2026-05-26T15:20:00+05:30,203.8,203.83,203.5,203.55,2041647,0
2026-05-26T15:25:00+05:30,203.5,203.88,202.94,203.49,3768517,0
2026-05-27T09:15:00+05:30,203.85,204.19,202.54,202.7,1223126,0
2026-05-27T09:20:00+05:30,202.62,202.84,201.8,201.99,965666,0
2026-05-27T09:25:00+05:30,201.99,202.12,201.76,201.88,582689,0
2026-05-27T09:30:00+05:30,201.82,202.94,201.81,202.76,568782,0
2026-05-27T09:35:00+05:30,202.8,203.43,202.55,203.23,547801,0
2026-05-27T09:40:00+05:30,203.3,203.68,203.2,203.59,444393,0
2026-05-27T09:45:00+05:30,203.63,203.63,202.6,202.82,589074,0
2026-05-27T09:50:00+05:30,202.9,203.1,202.7,203.0,303181,0
2026-05-27T09:55:00+05:30,202.99,203.2,202.83,203.11,227020,0
2026-05-27T10:00:00+05:30,203.11,203.29,202.93,203.24,197647,0
2026-05-27T10:05:00+05:30,203.28,203.76,203.26,203.48,387273,0
2026-05-27T10:10:00+05:30,203.41,203.68,203.34,203.55,174840,0
2026-05-27T10:15:00+05:30,203.55,204.38,203.53,204.11,512419,0
2026-05-27T10:20:00+05:30,204.15,204.2,203.8,203.85,278258,0
2026-05-27T10:25:00+05:30,203.9,204.37,203.66,204.34,331191,0
2026-05-27T10:30:00+05:30,204.32,204.85,204.23,204.79,343048,0
2026-05-27T10:35:00+05:30,204.79,205.0,204.58,204.94,298222,0
2026-05-27T10:40:00+05:30,204.91,204.97,204.76,204.83,106119,0
2026-05-27T10:45:00+05:30,204.83,204.88,204.56,204.83,343438,0
2026-05-27T10:50:00+05:30,204.83,205.23,204.7,205.2,347192,0
2026-05-27T10:55:00+05:30,205.23,205.45,205.1,205.1,230469,0
2026-05-27T11:00:00+05:30,205.15,205.44,204.94,205.44,288163,0
2026-05-27T11:05:00+05:30,205.44,205.99,205.35,205.68,491569,0
2026-05-27T11:10:00+05:30,205.69,205.71,205.31,205.38,256665,0
2026-05-27T11:15:00+05:30,205.43,205.47,204.75,204.75,314104,0
2026-05-27T11:20:00+05:30,204.8,204.83,204.01,204.12,375574,0
2026-05-27T11:25:00+05:30,204.12,204.29,204.0,204.06,363418,0
2026-05-27T11:30:00+05:30,204.12,204.12,202.8,202.89,868673,0
2026-05-27T11:35:00+05:30,202.85,203.07,202.55,203.07,550266,0
2026-05-27T11:40:00+05:30,203.0,203.45,202.91,203.35,324229,0
2026-05-27T11:45:00+05:30,203.42,203.68,203.37,203.6,210012,0
2026-05-27T11:50:00+05:30,203.65,203.97,203.58,203.82,196408,0
2026-05-27T11:55:00+05:30,203.82,203.85,203.5,203.67,179331,0
2026-05-27T12:00:00+05:30,203.67,203.68,203.02,203.07,308023,0
2026-05-27T12:05:00+05:30,203.07,203.27,202.9,203.0,327308,0
2026-05-27T12:10:00+05:30,203.0,203.01,202.9,203.0,135605,0
2026-05-27T12:15:00+05:30,202.97,203.0,202.14,202.27,1087542,0
2026-05-27T12:20:00+05:30,202.34,202.62,202.01,202.59,415060,0
2026-05-27T12:25:00+05:30,202.59,202.94,202.32,202.48,305288,0
2026-05-27T12:30:00+05:30,202.52,202.52,201.9,202.0,681637,0
2026-05-27T12:35:00+05:30,201.91,202.09,201.85,201.92,392243,0
2026-05-27T12:40:00+05:30,201.92,202.0,201.87,202.0,317419,0
2026-05-27T12:45:00+05:30,201.96,202.0,201.9,201.97,269133,0
2026-05-27T12:50:00+05:30,201.97,202.0,201.3,201.32,773592,0
2026-05-27T12:55:00+05:30,201.32,201.34,201.1,201.11,665314,0
2026-05-27T13:00:00+05:30,201.11,201.36,201.01,201.16,865529,0
2026-05-27T13:05:00+05:30,201.16,201.85,201.03,201.79,670210,0
2026-05-27T13:10:00+05:30,201.79,202.0,201.5,201.64,532906,0
2026-05-27T13:15:00+05:30,201.64,201.74,201.11,201.11,434376,0
2026-05-27T13:20:00+05:30,201.12,201.22,201.0,201.17,750379,0
2026-05-27T13:25:00+05:30,201.17,201.19,200.81,200.93,1345876,0
2026-05-27T13:30:00+05:30,200.93,201.95,200.76,201.84,666892,0
2026-05-27T13:35:00+05:30,201.84,202.16,201.8,201.9,336598,0
2026-05-27T13:40:00+05:30,201.92,201.99,201.28,201.31,371821,0
2026-05-27T13:45:00+05:30,201.31,201.38,200.9,201.27,829058,0
2026-05-27T13:50:00+05:30,201.31,201.9,201.21,201.77,282512,0
2026-05-27T13:55:00+05:30,201.77,201.99,201.66,201.9,185256,0
2026-05-27T14:00:00+05:30,201.9,201.97,201.74,201.97,123349,0
2026-05-27T14:05:00+05:30,201.97,202.0,201.65,201.78,237374,0
2026-05-27T14:10:00+05:30,201.78,201.85,201.0,201.01,949032,0
2026-05-27T14:15:00+05:30,201.01,201.23,200.87,200.99,978144,0
2026-05-27T14:20:00+05:30,200.99,201.8,200.8,201.75,820835,0
2026-05-27T14:25:00+05:30,201.77,201.9,201.6,201.7,284893,0
2026-05-27T14:30:00+05:30,201.7,201.95,201.7,201.8,194505,0
2026-05-27T14:35:00+05:30,201.88,201.89,200.8,200.96,1406054,0
2026-05-27T14:40:00+05:30,200.94,201.41,200.5,201.28,870405,0
2026-05-27T14:45:00+05:30,201.28,201.55,201.21,201.47,253345,0
2026-05-27T14:50:00+05:30,201.51,201.69,200.2,200.79,1619398,0
2026-05-27T14:55:00+05:30,200.79,201.37,200.68,201.33,563102,0
2026-05-27T15:00:00+05:30,201.25,201.72,201.25,201.56,574353,0
2026-05-27T15:05:00+05:30,201.61,201.67,201.18,201.44,934119,0
2026-05-27T15:10:00+05:30,201.46,201.84,201.42,201.84,403237,0
2026-05-27T15:15:00+05:30,201.78,201.97,201.2,201.72,1154019,0
2026-05-27T15:20:00+05:30,201.72,201.89,201.55,201.75,472845,0
2026-05-27T15:25:00+05:30,201.72,201.97,201.5,201.7,944249,0
2026-05-29T09:15:00+05:30,211.0,211.0,208.1,208.8,11037102,0
2026-05-29T09:20:00+05:30,208.8,209.3,207.53,208.45,4511248,0
2026-05-29T09:25:00+05:30,208.5,208.55,205.37,205.58,4939145,0
2026-05-29T09:30:00+05:30,205.58,205.72,204.8,205.05,3391405,0
2026-05-29T09:35:00+05:30,205.06,205.98,204.64,205.61,2415127,0
2026-05-29T09:40:00+05:30,205.62,206.14,205.5,205.6,1428245,0
2026-05-29T09:45:00+05:30,205.58,206.37,205.34,205.99,1617846,0
2026-05-29T09:50:00+05:30,205.99,206.35,205.7,206.33,1133933,0
2026-05-29T09:55:00+05:30,206.32,206.7,206.03,206.18,1040084,0
2026-05-29T10:00:00+05:30,206.11,206.9,206.09,206.75,1165165,0
2026-05-29T10:05:00+05:30,206.76,206.82,206.15,206.28,632764,0
2026-05-29T10:10:00+05:30,206.28,206.4,205.86,206.1,894369,0
2026-05-29T10:15:00+05:30,206.1,206.34,205.96,206.29,649784,0
2026-05-29T10:20:00+05:30,206.29,206.54,206.16,206.5,367813,0
2026-05-29T10:25:00+05:30,206.49,206.52,206.1,206.19,438688,0
2026-05-29T10:30:00+05:30,206.15,206.65,206.15,206.5,631606,0
2026-05-29T10:35:00+05:30,206.52,206.7,206.36,206.42,390043,0
2026-05-29T10:40:00+05:30,206.49,206.58,206.21,206.49,349118,0
2026-05-29T10:45:00+05:30,206.49,206.49,205.81,206.09,660257,0
2026-05-29T10:50:00+05:30,206.09,206.09,205.81,205.85,299973,0
2026-05-29T10:55:00+05:30,205.81,206.0,205.8,206.0,250968,0
2026-05-29T11:00:00+05:30,205.97,206.19,205.9,205.95,251618,0
2026-05-29T11:05:00+05:30,205.93,205.95,205.67,205.82,546084,0
2026-05-29T11:10:00+05:30,205.82,205.87,205.55,205.6,341669,0
2026-05-29T11:15:00+05:30,205.6,205.99,205.5,205.9,667446,0
2026-05-29T11:20:00+05:30,205.95,205.97,205.65,205.89,253977,0
2026-05-29T11:25:00+05:30,205.89,205.89,205.61,205.69,252817,0
2026-05-29T11:30:00+05:30,205.68,205.68,205.28,205.4,539607,0
2026-05-29T11:35:00+05:30,205.43,205.5,205.25,205.29,318972,0
2026-05-29T11:40:00+05:30,205.3,205.35,204.7,204.98,1361737,0
2026-05-29T11:45:00+05:30,204.98,205.0,204.51,204.63,657874,0
2026-05-29T11:50:00+05:30,204.69,205.17,204.55,205.0,463667,0
2026-05-29T11:55:00+05:30,205.0,205.12,204.9,205.03,464167,0
2026-05-29T12:00:00+05:30,205.01,205.08,204.8,204.83,318502,0
2026-05-29T12:05:00+05:30,204.9,204.95,204.8,204.83,309194,0
2026-05-29T12:10:00+05:30,204.83,205.03,204.8,204.99,452516,0
2026-05-29T12:15:00+05:30,204.99,205.0,204.4,204.7,632526,0
2026-05-29T12:20:00+05:30,204.69,204.95,204.63,204.92,268881,0
2026-05-29T12:25:00+05:30,204.94,205.05,204.85,205.0,271860,0
2026-05-29T12:30:00+05:30,205.0,205.0,204.8,204.95,183069,0
2026-05-29T12:35:00+05:30,204.95,204.99,204.82,204.9,179048,0
2026-05-29T12:40:00+05:30,204.95,205.0,204.85,204.85,203549,0
2026-05-29T12:45:00+05:30,204.9,204.95,204.7,204.78,240953,0
2026-05-29T12:50:00+05:30,204.7,204.8,204.51,204.57,226646,0
2026-05-29T12:55:00+05:30,204.51,204.57,204.23,204.23,528541,0
2026-05-29T13:00:00+05:30,204.21,204.48,204.12,204.33,776323,0
2026-05-29T13:05:00+05:30,204.41,204.41,204.15,204.2,218566,0
2026-05-29T13:10:00+05:30,204.16,204.3,203.87,204.29,792196,0
2026-05-29T13:15:00+05:30,204.21,204.5,204.21,204.4,277819,0
2026-05-29T13:20:00+05:30,204.4,204.74,204.3,204.7,386681,0
2026-05-29T13:25:00+05:30,204.7,204.95,204.68,204.86,295723,0
2026-05-29T13:30:00+05:30,204.86,204.98,204.79,204.91,254272,0
2026-05-29T13:35:00+05:30,204.91,205.44,204.9,205.38,429074,0
2026-05-29T13:40:00+05:30,205.36,205.6,205.15,205.19,513148,0
2026-05-29T13:45:00+05:30,205.25,205.25,204.9,204.94,332830,0
2026-05-29T13:50:00+05:30,204.9,204.96,204.8,204.86,163273,0
2026-05-29T13:55:00+05:30,204.86,205.0,204.81,205.0,152387,0
2026-05-29T14:00:00+05:30,205.0,205.0,204.91,204.95,218320,0
2026-05-29T14:05:00+05:30,204.95,205.19,204.9,205.08,299570,0
2026-05-29T14:10:00+05:30,205.13,205.22,205.05,205.15,236562,0
2026-05-29T14:15:00+05:30,205.18,205.65,205.1,205.5,488072,0
2026-05-29T14:20:00+05:30,205.5,205.65,205.49,205.6,349663,0
2026-05-29T14:25:00+05:30,205.64,205.65,205.5,205.62,286002,0
2026-05-29T14:30:00+05:30,205.62,205.8,205.57,205.75,453188,0
2026-05-29T14:35:00+05:30,205.74,205.85,205.5,205.59,510058,0
2026-05-29T14:40:00+05:30,205.58,205.95,205.5,205.69,480997,0
2026-05-29T14:45:00+05:30,205.63,205.77,205.5,205.77,417767,0
2026-05-29T14:50:00+05:30,205.78,206.2,205.77,206.05,1003426,0
2026-05-29T14:55:00+05:30,206.14,206.2,205.67,205.75,688892,0
2026-05-29T15:00:00+05:30,205.75,205.75,204.27,204.35,5164716,0
2026-05-29T15:05:00+05:30,204.34,204.61,203.8,203.8,3379626,0
2026-05-29T15:10:00+05:30,203.87,204.04,203.65,203.97,3524858,0
2026-05-29T15:15:00+05:30,203.97,204.38,203.95,204.22,3549324,0
2026-05-29T15:20:00+05:30,204.12,204.23,203.72,203.81,3772937,0
2026-05-29T15:25:00+05:30,203.75,204.5,203.7,204.1,3476960,0
2026-06-01T09:15:00+05:30,205.1,206.89,205.1,205.7,1733553,0
2026-06-01T09:20:00+05:30,205.7,206.75,205.55,206.06,833214,0
2026-06-01T09:25:00+05:30,206.06,206.68,206.01,206.56,457677,0
2026-06-01T09:30:00+05:30,206.6,206.95,206.46,206.57,798865,0
2026-06-01T09:35:00+05:30,206.6,206.8,205.8,206.0,657715,0
2026-06-01T09:40:00+05:30,205.97,206.5,205.95,206.43,334887,0
2026-06-01T09:45:00+05:30,206.45,206.85,206.39,206.72,510216,0
2026-06-01T09:50:00+05:30,206.72,207.19,206.7,206.95,1037091,0
2026-06-01T09:55:00+05:30,206.93,207.0,206.54,206.75,790360,0
2026-06-01T10:00:00+05:30,206.76,207.1,206.1,206.18,622073,0
2026-06-01T10:05:00+05:30,206.12,206.54,206.11,206.4,311668,0
2026-06-01T10:10:00+05:30,206.4,206.88,206.35,206.88,383271,0
2026-06-01T10:15:00+05:30,206.85,206.95,206.6,206.79,251683,0
2026-06-01T10:20:00+05:30,206.75,207.75,206.71,206.71,1115850,0
2026-06-01T10:25:00+05:30,206.76,206.9,206.41,206.65,381333,0
2026-06-01T10:30:00+05:30,206.66,206.7,206.3,206.57,240603,0
2026-06-01T10:35:00+05:30,206.57,206.61,206.11,206.34,389743,0
2026-06-01T10:40:00+05:30,206.34,206.47,206.15,206.29,278728,0
2026-06-01T10:45:00+05:30,206.33,206.67,206.12,206.66,204495,0
2026-06-01T10:50:00+05:30,206.61,207.0,206.58,206.87,227643,0
2026-06-01T10:55:00+05:30,206.8,206.85,206.57,206.75,172733,0
2026-06-01T11:00:00+05:30,206.8,206.98,206.7,206.75,158498,0
2026-06-01T11:05:00+05:30,206.79,206.8,206.58,206.75,165859,0
2026-06-01T11:10:00+05:30,206.75,206.92,206.5,206.78,285137,0
2026-06-01T11:15:00+05:30,206.77,206.77,206.52,206.73,107953,0
2026-06-01T11:20:00+05:30,206.73,206.9,206.63,206.8,149285,0
2026-06-01T11:25:00+05:30,206.85,206.94,206.75,206.9,250074,0
2026-06-01T11:30:00+05:30,206.9,207.14,206.85,206.95,355169,0
2026-06-01T11:35:00+05:30,206.95,207.05,206.82,206.95,152322,0
2026-06-01T11:40:00+05:30,206.95,207.18,206.85,207.09,198191,0
2026-06-01T11:45:00+05:30,207.08,207.12,206.9,207.12,219148,0
2026-06-01T11:50:00+05:30,207.12,207.25,207.0,207.1,243376,0
2026-06-01T11:55:00+05:30,207.08,207.1,206.6,206.64,292353,0
2026-06-01T12:00:00+05:30,206.64,206.77,206.42,206.46,293988,0
2026-06-01T12:05:00+05:30,206.48,206.76,206.45,206.7,156488,0
2026-06-01T12:10:00+05:30,206.73,206.95,206.66,206.86,118231,0
2026-06-01T12:15:00+05:30,206.86,206.89,206.71,206.85,126205,0
2026-06-01T12:20:00+05:30,206.82,207.0,206.75,206.95,150917,0
2026-06-01T12:25:00+05:30,206.94,207.0,206.81,206.87,124109,0
2026-06-01T12:30:00+05:30,206.87,207.0,206.85,206.97,113677,0
2026-06-01T12:35:00+05:30,206.97,207.05,206.86,207.05,108675,0
2026-06-01T12:40:00+05:30,207.05,207.19,206.99,207.06,256155,0
2026-06-01T12:45:00+05:30,207.09,207.18,207.0,207.06,118563,0
2026-06-01T12:50:00+05:30,207.09,207.15,207.0,207.11,114060,0
2026-06-01T12:55:00+05:30,207.12,207.13,206.85,207.0,193057,0
2026-06-01T13:00:00+05:30,207.0,207.08,206.82,206.95,119051,0
2026-06-01T13:05:00+05:30,206.95,206.99,206.85,206.92,152940,0
2026-06-01T13:10:00+05:30,206.92,206.95,206.8,206.81,146195,0
2026-06-01T13:15:00+05:30,206.81,206.9,206.6,206.7,188023,0
2026-06-01T13:20:00+05:30,206.7,206.85,206.67,206.76,116724,0
2026-06-01T13:25:00+05:30,206.76,206.89,206.73,206.83,143061,0
2026-06-01T13:30:00+05:30,206.83,206.89,206.75,206.8,104124,0
2026-06-01T13:35:00+05:30,206.8,206.89,206.75,206.86,126016,0
2026-06-01T13:40:00+05:30,206.88,206.95,206.8,206.86,120986,0
2026-06-01T13:45:00+05:30,206.89,206.9,206.65,206.72,236867,0
2026-06-01T13:50:00+05:30,206.73,206.78,206.65,206.65,168920,0
2026-06-01T13:55:00+05:30,206.66,206.67,206.51,206.61,235221,0
2026-06-01T14:00:00+05:30,206.62,206.67,206.5,206.54,239222,0
2026-06-01T14:05:00+05:30,206.56,206.85,206.51,206.61,208086,0
2026-06-01T14:10:00+05:30,206.61,206.7,206.51,206.53,188083,0
2026-06-01T14:15:00+05:30,206.55,206.59,206.3,206.5,443068,0
2026-06-01T14:20:00+05:30,206.5,206.63,206.35,206.37,214198,0
2026-06-01T14:25:00+05:30,206.36,206.58,206.36,206.51,129456,0
2026-06-01T14:30:00+05:30,206.51,206.6,206.31,206.44,194941,0
2026-06-01T14:35:00+05:30,206.41,206.78,206.41,206.71,163406,0
2026-06-01T14:40:00+05:30,206.71,206.89,206.63,206.83,236626,0
2026-06-01T14:45:00+05:30,206.83,207.0,206.61,206.71,433879,0
2026-06-01T14:50:00+05:30,206.75,206.84,206.55,206.76,250678,0
2026-06-01T14:55:00+05:30,206.76,206.8,206.51,206.7,426953,0
2026-06-01T15:00:00+05:30,206.7,206.7,206.32,206.55,921445,0
2026-06-01T15:05:00+05:30,206.53,206.6,206.11,206.21,756924,0
2026-06-01T15:10:00+05:30,206.21,206.39,206.2,206.32,752795,0
2026-06-01T15:15:00+05:30,206.31,206.48,206.25,206.35,764405,0
2026-06-01T15:20:00+05:30,206.35,206.6,206.3,206.55,974941,0
2026-06-01T15:25:00+05:30,206.59,206.78,206.5,206.51,843929,0
2026-06-02T09:15:00+05:30,208.0,208.55,206.51,207.6,2916688,0
2026-06-02T09:20:00+05:30,207.6,208.1,206.81,207.24,1419339,0
2026-06-02T09:25:00+05:30,207.26,207.76,206.91,206.96,863124,0
2026-06-02T09:30:00+05:30,206.96,207.35,206.9,207.3,593833,0
2026-06-02T09:35:00+05:30,207.22,207.4,206.91,207.08,597645,0
2026-06-02T09:40:00+05:30,207.08,207.9,207.01,207.89,719099,0
2026-06-02T09:45:00+05:30,207.85,208.3,207.23,207.4,1357994,0
2026-06-02T09:50:00+05:30,207.44,207.89,207.3,207.82,446298,0
2026-06-02T09:55:00+05:30,207.82,207.95,207.5,207.6,356635,0
2026-06-02T10:00:00+05:30,207.67,207.7,207.2,207.7,620597,0
2026-06-02T10:05:00+05:30,207.7,208.44,207.64,208.19,1037831,0
2026-06-02T10:10:00+05:30,208.15,208.49,207.9,208.06,558541,0
2026-06-02T10:15:00+05:30,208.06,208.45,208.0,208.35,640844,0
2026-06-02T10:20:00+05:30,208.35,208.44,208.0,208.19,633632,0
2026-06-02T10:25:00+05:30,208.19,208.39,208.0,208.35,782482,0
2026-06-02T10:30:00+05:30,208.39,208.49,208.1,208.2,440647,0
2026-06-02T10:35:00+05:30,208.19,208.76,208.17,208.72,954479,0
2026-06-02T10:40:00+05:30,208.74,209.15,208.53,208.95,1336196,0
2026-06-02T10:45:00+05:30,208.94,209.0,208.6,208.98,637621,0
2026-06-02T10:50:00+05:30,208.98,209.25,208.4,208.5,982632,0
2026-06-02T10:55:00+05:30,208.5,208.51,207.74,208.0,1326492,0
2026-06-02T11:00:00+05:30,208.0,208.34,207.92,208.24,364575,0
2026-06-02T11:05:00+05:30,208.2,208.39,207.9,208.24,433024,0
2026-06-02T11:10:00+05:30,208.24,208.3,208.0,208.09,298655,0
2026-06-02T11:15:00+05:30,208.08,208.33,208.0,208.25,378771,0
2026-06-02T11:20:00+05:30,208.29,208.49,208.2,208.35,357791,0
2026-06-02T11:25:00+05:30,208.45,208.78,208.36,208.58,447741,0
2026-06-02T11:30:00+05:30,208.58,208.9,208.57,208.89,424127,0
2026-06-02T11:35:00+05:30,208.89,209.05,208.8,208.82,654408,0
2026-06-02T11:40:00+05:30,208.82,209.15,208.41,208.5,613012,0
2026-06-02T11:45:00+05:30,208.5,208.6,208.2,208.32,418621,0
2026-06-02T11:50:00+05:30,208.32,208.79,208.3,208.74,241369,0
2026-06-02T11:55:00+05:30,208.73,208.77,208.35,208.58,279443,0
2026-06-02T12:00:00+05:30,208.54,208.6,208.06,208.25,498571,0
2026-06-02T12:05:00+05:30,208.25,208.7,208.24,208.58,275971,0
2026-06-02T12:10:00+05:30,208.57,208.58,208.0,208.0,719373,0
2026-06-02T12:15:00+05:30,208.0,208.49,208.0,208.18,482452,0
2026-06-02T12:20:00+05:30,208.17,208.48,208.03,208.33,245059,0
2026-06-02T12:25:00+05:30,208.33,208.98,208.3,208.96,543608,0
2026-06-02T12:30:00+05:30,208.96,209.44,208.9,209.2,963471,0
2026-06-02T12:35:00+05:30,209.15,209.21,208.72,208.74,368701,0
2026-06-02T12:40:00+05:30,208.73,208.92,208.62,208.79,279103,0
2026-06-02T12:45:00+05:30,208.79,209.2,208.71,209.0,416274,0
2026-06-02T12:50:00+05:30,209.0,209.13,208.43,208.65,478116,0
2026-06-02T12:55:00+05:30,208.65,209.1,208.61,208.97,249382,0
2026-06-02T13:00:00+05:30,208.97,208.98,208.8,208.9,158734,0
2026-06-02T13:05:00+05:30,208.89,209.19,208.8,209.14,288708,0
2026-06-02T13:10:00+05:30,209.11,209.45,209.01,209.39,449699,0
2026-06-02T13:15:00+05:30,209.38,209.4,209.05,209.1,234747,0
2026-06-02T13:20:00+05:30,209.09,209.15,208.95,209.05,241351,0
2026-06-02T13:25:00+05:30,209.04,209.1,209.0,209.09,186836,0
2026-06-02T13:30:00+05:30,209.04,209.2,209.0,209.07,223041,0
2026-06-02T13:35:00+05:30,209.1,209.2,209.05,209.17,168450,0
2026-06-02T13:40:00+05:30,209.15,209.35,209.13,209.27,196639,0
2026-06-02T13:45:00+05:30,209.27,209.39,209.2,209.35,164834,0
2026-06-02T13:50:00+05:30,209.34,209.7,209.28,209.55,599152,0
2026-06-02T13:55:00+05:30,209.55,209.63,209.4,209.51,277680,0
2026-06-02T14:00:00+05:30,209.55,209.55,209.2,209.35,237522,0
2026-06-02T14:05:00+05:30,209.34,209.55,209.34,209.53,189730,0
2026-06-02T14:10:00+05:30,209.53,209.87,209.44,209.8,442876,0
2026-06-02T14:15:00+05:30,209.8,209.8,209.47,209.57,376110,0
2026-06-02T14:20:00+05:30,209.54,209.7,209.5,209.58,205093,0
2026-06-02T14:25:00+05:30,209.59,209.8,209.55,209.66,315533,0
2026-06-02T14:30:00+05:30,209.69,209.75,209.6,209.72,222171,0
2026-06-02T14:35:00+05:30,209.69,209.75,209.51,209.51,264805,0
2026-06-02T14:40:00+05:30,209.51,209.55,209.19,209.42,884690,0
2026-06-02T14:45:00+05:30,209.42,209.55,209.4,209.45,329027,0
2026-06-02T14:50:00+05:30,209.45,209.65,209.45,209.62,334311,0
2026-06-02T14:55:00+05:30,209.65,209.7,209.51,209.54,222910,0
2026-06-02T15:00:00+05:30,209.52,209.75,209.32,209.63,609198,0
2026-06-02T15:05:00+05:30,209.63,209.74,209.41,209.48,473782,0
2026-06-02T15:10:00+05:30,209.47,209.9,209.45,209.9,666705,0
2026-06-02T15:15:00+05:30,209.87,210.09,209.8,209.86,1580440,0
2026-06-02T15:20:00+05:30,209.89,209.95,209.81,209.9,578937,0
2026-06-02T15:25:00+05:30,209.87,210.18,209.86,210.1,1143806,0
2026-06-03T09:15:00+05:30,208.0,208.4,206.1,206.71,3328292,0
2026-06-03T09:20:00+05:30,206.7,208.17,206.5,207.49,1555035,0
2026-06-03T09:25:00+05:30,207.52,207.95,207.35,207.8,924163,0
2026-06-03T09:30:00+05:30,207.85,207.85,207.14,207.62,796362,0
2026-06-03T09:35:00+05:30,207.66,207.85,207.4,207.59,640297,0
2026-06-03T09:40:00+05:30,207.59,207.95,207.32,207.39,632317,0
2026-06-03T09:45:00+05:30,207.4,207.46,206.5,206.7,1355859,0
2026-06-03T09:50:00+05:30,206.75,207.1,206.5,206.65,750982,0
2026-06-03T09:55:00+05:30,206.65,207.85,206.5,207.05,950598,0
2026-06-03T10:00:00+05:30,207.08,207.75,206.77,207.59,445680,0
2026-06-03T10:05:00+05:30,207.59,207.75,207.33,207.6,383239,0
2026-06-03T10:10:00+05:30,207.61,207.62,207.23,207.36,273033,0
2026-06-03T10:15:00+05:30,207.36,207.44,206.76,206.91,648168,0
2026-06-03T10:20:00+05:30,207.0,207.37,206.43,206.59,1360004,0
2026-06-03T10:25:00+05:30,206.6,206.94,206.5,206.54,539662,0
2026-06-03T10:30:00+05:30,206.6,206.78,206.1,206.2,796921,0
2026-06-03T10:35:00+05:30,206.2,206.33,206.1,206.1,430956,0
2026-06-03T10:40:00+05:30,206.13,206.19,205.8,205.81,1028782,0
2026-06-03T10:45:00+05:30,205.82,206.34,205.5,205.5,1120377,0
2026-06-03T10:50:00+05:30,205.59,206.06,204.68,206.0,2445350,0
2026-06-03T10:55:00+05:30,206.04,206.66,205.86,206.65,802247,0
2026-06-03T11:00:00+05:30,206.66,207.2,205.9,205.91,596822,0
2026-06-03T11:05:00+05:30,205.94,205.99,205.01,205.02,701176,0
2026-06-03T11:10:00+05:30,205.04,205.27,204.8,204.82,972610,0
2026-06-03T11:15:00+05:30,204.78,204.96,203.87,204.06,2062459,0
2026-06-03T11:20:00+05:30,204.11,205.4,204.0,205.13,865707,0
2026-06-03T11:25:00+05:30,205.22,205.29,204.36,204.81,675562,0
2026-06-03T11:30:00+05:30,204.81,205.0,204.34,204.48,462610,0
2026-06-03T11:35:00+05:30,204.5,204.5,203.6,203.96,1124958,0
2026-06-03T11:40:00+05:30,203.97,204.33,203.86,204.31,546164,0
2026-06-03T11:45:00+05:30,204.3,204.59,203.78,203.78,707988,0
2026-06-03T11:50:00+05:30,203.7,203.96,203.3,203.31,916174,0
2026-06-03T11:55:00+05:30,203.4,203.51,202.75,202.89,1110711,0
2026-06-03T12:00:00+05:30,202.89,203.0,202.4,202.56,996428,0
2026-06-03T12:05:00+05:30,202.58,202.58,202.1,202.2,1127846,0
2026-06-03T12:10:00+05:30,202.2,202.99,202.0,202.99,934975,0
2026-06-03T12:15:00+05:30,202.97,203.4,202.27,202.85,852328,0
2026-06-03T12:20:00+05:30,202.85,203.13,202.25,202.29,847965,0
2026-06-03T12:25:00+05:30,202.3,203.44,202.1,203.26,597168,0
2026-06-03T12:30:00+05:30,203.33,203.82,203.1,203.28,797596,0
2026-06-03T12:35:00+05:30,203.28,204.26,203.05,204.26,645926,0
2026-06-03T12:40:00+05:30,204.26,204.75,204.23,204.65,489458,0
2026-06-03T12:45:00+05:30,204.7,204.7,204.0,204.02,635362,0
2026-06-03T12:50:00+05:30,204.03,204.11,203.57,203.66,508126,0
2026-06-03T12:55:00+05:30,203.59,204.42,203.55,204.42,376933,0
2026-06-03T13:00:00+05:30,204.42,204.5,204.02,204.08,269965,0
2026-06-03T13:05:00+05:30,204.09,204.29,204.08,204.1,247168,0
2026-06-03T13:10:00+05:30,204.1,204.2,203.51,204.08,688311,0
2026-06-03T13:15:00+05:30,204.26,204.45,203.81,203.88,588733,0
2026-06-03T13:20:00+05:30,203.92,204.0,203.68,203.96,706923,0
2026-06-03T13:25:00+05:30,204.0,204.22,203.9,204.22,209498,0
2026-06-03T13:30:00+05:30,204.2,204.36,204.15,204.35,216021,0
2026-06-03T13:35:00+05:30,204.3,204.32,203.7,203.71,595966,0
2026-06-03T13:40:00+05:30,203.75,203.92,203.39,203.44,647066,0
2026-06-03T13:45:00+05:30,203.44,204.05,203.3,203.89,580867,0
2026-06-03T13:50:00+05:30,203.89,204.3,203.85,204.16,295562,0
2026-06-03T13:55:00+05:30,204.18,204.28,203.75,203.8,432824,0
2026-06-03T14:00:00+05:30,203.8,204.25,203.62,204.25,327301,0
2026-06-03T14:05:00+05:30,204.24,204.28,203.81,203.89,493308,0
2026-06-03T14:10:00+05:30,203.92,203.96,203.31,203.6,923875,0
2026-06-03T14:15:00+05:30,203.56,204.07,203.56,204.03,380519,0
2026-06-03T14:20:00+05:30,204.1,204.2,203.9,204.1,362183,0
2026-06-03T14:25:00+05:30,204.06,204.17,204.0,204.0,354880,0
2026-06-03T14:30:00+05:30,204.07,204.23,204.0,204.1,385882,0
2026-06-03T14:35:00+05:30,204.16,204.16,203.69,203.78,919458,0
2026-06-03T14:40:00+05:30,203.78,204.05,203.78,203.94,429415,0
2026-06-03T14:45:00+05:30,203.94,204.2,203.85,204.17,409990,0
2026-06-03T14:50:00+05:30,204.17,204.25,203.9,203.98,718010,0
2026-06-03T14:55:00+05:30,203.97,204.28,203.89,204.16,478611,0
2026-06-03T15:00:00+05:30,204.15,204.49,204.15,204.21,1039331,0
2026-06-03T15:05:00+05:30,204.29,204.45,204.11,204.26,1027735,0
2026-06-03T15:10:00+05:30,204.32,204.5,204.18,204.37,1306596,0
2026-06-03T15:15:00+05:30,204.4,204.45,203.51,203.92,1957106,0
2026-06-03T15:20:00+05:30,203.93,204.02,203.71,203.97,1753071,0
2026-06-03T15:25:00+05:30,203.97,204.05,203.75,203.9,1682209,0
2026-06-04T09:15:00+05:30,203.0,203.9,202.1,203.24,1673057,0
2026-06-04T09:20:00+05:30,203.24,203.39,202.51,203.0,632280,0
2026-06-04T09:25:00+05:30,203.1,203.1,202.41,202.8,583602,0
2026-06-04T09:30:00+05:30,202.8,202.9,202.4,202.45,505912,0
2026-06-04T09:35:00+05:30,202.41,202.8,202.31,202.5,430911,0
2026-06-04T09:40:00+05:30,202.5,202.9,202.3,202.88,432802,0
2026-06-04T09:45:00+05:30,202.88,202.92,202.64,202.81,367071,0
2026-06-04T09:50:00+05:30,202.86,202.99,202.5,202.98,386685,0
2026-06-04T09:55:00+05:30,202.97,203.45,202.88,203.14,556594,0
2026-06-04T10:00:00+05:30,203.14,203.42,202.85,203.4,289255,0
2026-06-04T10:05:00+05:30,203.4,203.95,203.3,203.9,430946,0
2026-06-04T10:10:00+05:30,203.91,203.92,203.55,203.7,380244,0
2026-06-04T10:15:00+05:30,203.7,203.84,203.31,203.69,340572,0
2026-06-04T10:20:00+05:30,203.75,203.83,203.61,203.73,284934,0
2026-06-04T10:25:00+05:30,203.73,203.75,203.1,203.45,436371,0
2026-06-04T10:30:00+05:30,203.46,203.69,203.35,203.45,213738,0
2026-06-04T10:35:00+05:30,203.48,203.77,203.31,203.56,286250,0
2026-06-04T10:40:00+05:30,203.56,203.6,203.42,203.6,153226,0
2026-06-04T10:45:00+05:30,203.6,204.05,203.6,204.0,392100,0
2026-06-04T10:50:00+05:30,204.0,204.51,203.95,204.45,394369,0
2026-06-04T10:55:00+05:30,204.44,204.75,204.31,204.6,439405,0
2026-06-04T11:00:00+05:30,204.6,204.6,203.05,203.05,835120,0
2026-06-04T11:05:00+05:30,203.09,203.58,202.8,203.44,728161,0
2026-06-04T11:10:00+05:30,203.49,203.69,203.01,203.21,406583,0
2026-06-04T11:15:00+05:30,203.21,203.29,203.01,203.24,359565,0
2026-06-04T11:20:00+05:30,203.29,203.41,203.15,203.3,272373,0
2026-06-04T11:25:00+05:30,203.28,203.46,203.15,203.19,186905,0
2026-06-04T11:30:00+05:30,203.15,203.48,203.15,203.39,236615,0
2026-06-04T11:35:00+05:30,203.39,204.1,203.32,203.74,515415,0
2026-06-04T11:40:00+05:30,203.7,204.0,203.7,204.0,202883,0
2026-06-04T11:45:00+05:30,204.0,204.3,203.84,203.85,365393,0
2026-06-04T11:50:00+05:30,203.89,203.97,203.51,203.8,306479,0
2026-06-04T11:55:00+05:30,203.79,203.86,203.5,203.69,301075,0
2026-06-04T12:00:00+05:30,203.69,203.89,203.6,203.82,269265,0
2026-06-04T12:05:00+05:30,203.82,203.94,203.65,203.75,237708,0
2026-06-04T12:10:00+05:30,203.75,203.85,203.7,203.7,232023,0
2026-06-04T12:15:00+05:30,203.71,203.9,203.7,203.86,271787,0
2026-06-04T12:20:00+05:30,203.86,203.95,203.7,203.7,224183,0
2026-06-04T12:25:00+05:30,203.72,203.88,203.7,203.82,239680,0
2026-06-04T12:30:00+05:30,203.82,203.88,203.62,203.67,272826,0
2026-06-04T12:35:00+05:30,203.74,203.85,203.61,203.78,249866,0
2026-06-04T12:40:00+05:30,203.8,203.84,203.71,203.8,227953,0
2026-06-04T12:45:00+05:30,203.82,204.51,203.71,204.42,904552,0
2026-06-04T12:50:00+05:30,204.43,204.48,204.16,204.45,296628,0
2026-06-04T12:55:00+05:30,204.45,204.5,204.32,204.44,245761,0
2026-06-04T13:00:00+05:30,204.45,204.5,204.27,204.36,410360,0
2026-06-04T13:05:00+05:30,204.43,204.57,204.3,204.49,708652,0
2026-06-04T13:10:00+05:30,204.49,204.82,204.31,204.37,873087,0
2026-06-04T13:15:00+05:30,204.37,204.77,204.11,204.76,467644,0
2026-06-04T13:20:00+05:30,204.76,204.95,204.6,204.94,400518,0
2026-06-04T13:25:00+05:30,204.94,205.09,204.7,204.74,719949,0
2026-06-04T13:30:00+05:30,204.7,204.74,204.52,204.7,558350,0
2026-06-04T13:35:00+05:30,204.66,204.92,204.6,204.83,385301,0
2026-06-04T13:40:00+05:30,204.82,204.9,204.62,204.8,381605,0
2026-06-04T13:45:00+05:30,204.8,204.9,204.77,204.9,309217,0
2026-06-04T13:50:00+05:30,204.89,204.91,204.3,204.32,668977,0
2026-06-04T13:55:00+05:30,204.32,204.51,204.2,204.4,395909,0
2026-06-04T14:00:00+05:30,204.4,204.64,204.36,204.55,303625,0
2026-06-04T14:05:00+05:30,204.55,204.69,204.5,204.59,445584,0
2026-06-04T14:10:00+05:30,204.59,204.7,204.51,204.53,508064,0
2026-06-04T14:15:00+05:30,204.53,204.7,204.4,204.41,540260,0
2026-06-04T14:20:00+05:30,204.41,204.47,204.25,204.38,464086,0
2026-06-04T14:25:00+05:30,204.38,204.5,204.3,204.46,418331,0
2026-06-04T14:30:00+05:30,204.45,204.8,204.42,204.68,522394,0
2026-06-04T14:35:00+05:30,204.73,204.74,204.56,204.61,423721,0
2026-06-04T14:40:00+05:30,204.66,204.67,204.3,204.35,719087,0
2026-06-04T14:45:00+05:30,204.36,204.5,204.3,204.43,513623,0
2026-06-04T14:50:00+05:30,204.43,204.5,204.25,204.3,675754,0
2026-06-04T14:55:00+05:30,204.3,204.48,204.25,204.34,743491,0
2026-06-04T15:00:00+05:30,204.4,204.45,204.23,204.27,1071418,0
2026-06-04T15:05:00+05:30,204.27,204.27,204.11,204.24,1218281,0
2026-06-04T15:10:00+05:30,204.25,204.4,204.22,204.31,1255162,0
2026-06-04T15:15:00+05:30,204.31,204.4,204.26,204.39,1102234,0
2026-06-04T15:20:00+05:30,204.38,204.8,204.35,204.66,1939331,0
2026-06-04T15:25:00+05:30,204.68,204.75,203.82,204.0,2932356,0
2026-06-05T09:15:00+05:30,191.52,195.88,188.15,195.7,9509025,0
2026-06-05T09:20:00+05:30,195.73,196.4,194.87,195.1,2783171,0
2026-06-05T09:25:00+05:30,195.15,195.48,194.7,195.33,1687496,0
2026-06-05T09:30:00+05:30,195.29,196.25,195.2,195.44,1208454,0
2026-06-05T09:35:00+05:30,195.41,196.4,195.31,196.16,1216022,0
2026-06-05T09:40:00+05:30,196.16,196.17,195.25,195.66,769411,0
2026-06-05T09:45:00+05:30,195.68,196.2,195.56,196.2,676027,0
2026-06-05T09:50:00+05:30,196.2,196.9,195.94,196.75,987141,0
2026-06-05T09:55:00+05:30,196.75,196.8,196.28,196.28,603674,0
2026-06-05T10:00:00+05:30,196.37,196.37,195.83,196.0,618410,0
2026-06-05T10:05:00+05:30,195.96,196.2,195.63,196.18,498309,0
2026-06-05T10:10:00+05:30,196.13,196.85,196.06,196.74,401682,0
2026-06-05T10:15:00+05:30,196.76,197.0,196.57,196.69,482040,0
2026-06-05T10:20:00+05:30,196.68,196.8,196.17,196.7,441207,0
2026-06-05T10:25:00+05:30,196.71,196.8,196.35,196.47,311766,0
2026-06-05T10:30:00+05:30,196.47,196.85,196.41,196.6,281512,0
2026-06-05T10:35:00+05:30,196.6,196.63,195.88,196.03,474721,0
2026-06-05T10:40:00+05:30,196.03,196.45,195.93,196.26,296783,0
2026-06-05T10:45:00+05:30,196.26,196.3,195.86,196.09,290840,0
2026-06-05T10:50:00+05:30,196.09,196.3,196.0,196.27,175992,0
2026-06-05T10:55:00+05:30,196.27,196.45,196.11,196.43,180055,0
2026-06-05T11:00:00+05:30,196.45,196.5,196.25,196.46,159833,0
2026-06-05T11:05:00+05:30,196.4,196.7,196.37,196.45,189514,0
2026-06-05T11:10:00+05:30,196.46,196.51,195.92,196.0,313878,0
2026-06-05T11:15:00+05:30,196.0,196.1,195.9,196.01,210493,0
2026-06-05T11:20:00+05:30,196.01,196.02,195.63,195.87,236731,0
2026-06-05T11:25:00+05:30,195.87,196.07,195.66,195.93,144696,0
2026-06-05T11:30:00+05:30,195.95,196.5,195.93,196.4,252130,0
2026-06-05T11:35:00+05:30,196.4,196.5,196.21,196.25,117318,0
2026-06-05T11:40:00+05:30,196.25,196.45,196.12,196.36,125611,0
2026-06-05T11:45:00+05:30,196.4,196.4,196.09,196.15,186362,0
2026-06-05T11:50:00+05:30,196.15,196.22,195.8,195.91,176293,0
2026-06-05T11:55:00+05:30,195.91,196.15,195.71,195.96,151025,0
2026-06-05T12:00:00+05:30,195.96,195.97,195.8,195.89,88477,0
2026-06-05T12:05:00+05:30,195.86,196.05,195.85,195.91,157825,0
2026-06-05T12:10:00+05:30,195.95,196.2,195.85,196.14,149141,0
2026-06-05T12:15:00+05:30,196.14,196.37,196.0,196.1,281760,0
2026-06-05T12:20:00+05:30,196.15,196.15,195.81,195.89,155733,0
2026-06-05T12:25:00+05:30,195.86,196.07,195.82,195.9,150929,0
2026-06-05T12:30:00+05:30,195.9,196.06,195.85,195.9,162846,0
2026-06-05T12:35:00+05:30,195.9,195.9,195.52,195.73,234493,0
2026-06-05T12:40:00+05:30,195.8,195.88,195.65,195.78,127172,0
2026-06-05T12:45:00+05:30,195.78,195.79,195.55,195.58,152250,0
2026-06-05T12:50:00+05:30,195.65,195.65,195.15,195.35,317862,0
2026-06-05T12:55:00+05:30,195.35,195.46,195.03,195.2,599360,0
2026-06-05T13:00:00+05:30,195.15,195.56,195.15,195.5,161188,0
2026-06-05T13:05:00+05:30,195.5,195.6,195.4,195.6,130368,0
2026-06-05T13:10:00+05:30,195.58,195.75,195.3,195.36,276647,0
2026-06-05T13:15:00+05:30,195.36,195.67,195.25,195.57,96301,0
2026-06-05T13:20:00+05:30,195.57,195.6,195.31,195.6,255858,0
2026-06-05T13:25:00+05:30,195.6,195.84,195.45,195.76,324878,0
2026-06-05T13:30:00+05:30,195.75,196.38,195.59,196.19,308139,0
2026-06-05T13:35:00+05:30,196.14,196.35,196.1,196.25,193647,0
2026-06-05T13:40:00+05:30,196.2,196.29,195.93,196.13,232753,0
2026-06-05T13:45:00+05:30,196.14,196.35,196.1,196.27,145024,0
2026-06-05T13:50:00+05:30,196.25,196.45,196.08,196.25,459927,0
2026-06-05T13:55:00+05:30,196.25,196.39,196.2,196.39,161237,0
2026-06-05T14:00:00+05:30,196.35,196.8,196.24,196.71,272023,0
2026-06-05T14:05:00+05:30,196.71,196.79,196.62,196.76,455535,0
2026-06-05T14:10:00+05:30,196.75,196.79,196.63,196.7,186435,0
2026-06-05T14:15:00+05:30,196.65,196.9,196.52,196.89,228775,0
2026-06-05T14:20:00+05:30,196.85,197.29,196.8,197.19,511344,0
2026-06-05T14:25:00+05:30,197.19,197.43,197.08,197.19,499449,0
2026-06-05T14:30:00+05:30,197.19,197.71,197.18,197.57,528774,0
2026-06-05T14:35:00+05:30,197.57,197.58,197.16,197.37,369049,0
2026-06-05T14:40:00+05:30,197.44,198.09,197.37,197.95,534740,0
2026-06-05T14:45:00+05:30,197.94,198.1,197.55,197.74,469248,0
2026-06-05T14:50:00+05:30,197.75,197.99,197.74,197.99,392210,0
2026-06-05T14:55:00+05:30,197.98,198.06,197.84,198.0,340161,0
2026-06-05T15:00:00+05:30,198.01,198.5,197.54,198.39,951918,0
2026-06-05T15:05:00+05:30,198.4,198.58,198.16,198.41,835663,0
2026-06-05T15:10:00+05:30,198.41,198.85,198.27,198.84,914428,0
2026-06-05T15:15:00+05:30,198.8,199.0,198.75,198.75,832077,0
2026-06-05T15:20:00+05:30,198.75,198.85,197.8,197.84,809766,0
2026-06-05T15:25:00+05:30,197.84,198.7,197.71,198.05,951144,0
2026-06-08T09:15:00+05:30,193.39,193.89,190.32,190.35,3786005,0
2026-06-08T09:20:00+05:30,190.35,190.47,188.5,188.57,3431533,0
2026-06-08T09:25:00+05:30,188.6,188.97,188.3,188.78,2322694,0
2026-06-08T09:30:00+05:30,188.78,189.24,188.17,188.22,1907480,0
2026-06-08T09:35:00+05:30,188.22,188.23,187.51,187.86,2219552,0
2026-06-08T09:40:00+05:30,187.86,187.86,187.08,187.63,1923064,0
2026-06-08T09:45:00+05:30,187.63,188.2,187.32,187.35,1719140,0
2026-06-08T09:50:00+05:30,187.35,188.3,187.1,188.1,1362727,0
2026-06-08T09:55:00+05:30,188.1,188.35,187.9,188.16,1421400,0
2026-06-08T10:00:00+05:30,188.16,188.54,187.94,188.12,830889,0
2026-06-08T10:05:00+05:30,188.1,188.2,187.8,187.9,1054811,0
2026-06-08T10:10:00+05:30,187.9,188.15,187.62,187.82,721301,0
2026-06-08T10:15:00+05:30,187.76,187.82,187.3,187.65,1006878,0
2026-06-08T10:20:00+05:30,187.7,187.73,187.4,187.49,843357,0
2026-06-08T10:25:00+05:30,187.49,187.54,187.01,187.09,1320586,0
2026-06-08T10:30:00+05:30,187.05,187.6,187.02,187.41,925240,0
2026-06-08T10:35:00+05:30,187.41,187.68,187.34,187.62,423952,0
2026-06-08T10:40:00+05:30,187.62,187.9,187.53,187.58,623890,0
2026-06-08T10:45:00+05:30,187.59,187.62,187.2,187.22,645603,0
2026-06-08T10:50:00+05:30,187.22,187.37,187.19,187.28,440940,0
2026-06-08T10:55:00+05:30,187.28,187.28,187.02,187.18,660217,0
2026-06-08T11:00:00+05:30,187.18,187.25,187.1,187.17,283651,0
2026-06-08T11:05:00+05:30,187.17,187.19,187.0,187.03,537477,0
2026-06-08T11:10:00+05:30,187.02,187.13,186.18,186.29,2370345,0
2026-06-08T11:15:00+05:30,186.29,186.37,185.81,186.03,1385316,0
2026-06-08T11:20:00+05:30,186.05,186.2,185.75,185.83,840710,0
2026-06-08T11:25:00+05:30,185.9,186.05,185.61,185.7,930409,0
2026-06-08T11:30:00+05:30,185.7,186.1,185.55,185.79,1416751,0
2026-06-08T11:35:00+05:30,185.79,185.94,185.51,185.61,694809,0
2026-06-08T11:40:00+05:30,185.61,185.69,185.5,185.56,565242,0
2026-06-08T11:45:00+05:30,185.56,185.9,185.4,185.58,825589,0
2026-06-08T11:50:00+05:30,185.58,185.58,185.3,185.32,806116,0
2026-06-08T11:55:00+05:30,185.31,185.68,185.25,185.4,541481,0
2026-06-08T12:00:00+05:30,185.4,185.54,185.14,185.44,491595,0
2026-06-08T12:05:00+05:30,185.52,185.75,185.35,185.62,541410,0
2026-06-08T12:10:00+05:30,185.62,185.68,185.42,185.48,323235,0
2026-06-08T12:15:00+05:30,185.48,185.61,185.45,185.51,320661,0
2026-06-08T12:20:00+05:30,185.51,185.65,185.5,185.6,288660,0
2026-06-08T12:25:00+05:30,185.6,185.6,185.4,185.43,356665,0
2026-06-08T12:30:00+05:30,185.43,185.44,185.2,185.3,445652,0
2026-06-08T12:35:00+05:30,185.3,185.3,185.06,185.24,789629,0
2026-06-08T12:40:00+05:30,185.24,185.59,185.11,185.49,480731,0
2026-06-08T12:45:00+05:30,185.45,185.59,185.26,185.34,439095,0
2026-06-08T12:50:00+05:30,185.34,185.58,185.26,185.34,344467,0
2026-06-08T12:55:00+05:30,185.41,185.44,185.25,185.33,333032,0
2026-06-08T13:00:00+05:30,185.33,185.37,184.63,184.74,2019156,0
2026-06-08T13:05:00+05:30,184.74,184.86,184.2,184.38,1067375,0
2026-06-08T13:10:00+05:30,184.38,184.4,184.3,184.35,501634,0
2026-06-08T13:15:00+05:30,184.34,184.64,184.3,184.4,566769,0
2026-06-08T13:20:00+05:30,184.4,184.55,184.35,184.39,428500,0
2026-06-08T13:25:00+05:30,184.4,184.4,184.25,184.3,346899,0
2026-06-08T13:30:00+05:30,184.3,184.39,184.26,184.28,353711,0
2026-06-08T13:35:00+05:30,184.28,184.44,184.22,184.44,388206,0
2026-06-08T13:40:00+05:30,184.44,184.45,184.05,184.12,520259,0
2026-06-08T13:45:00+05:30,184.1,184.12,183.72,183.89,1187887,0
2026-06-08T13:50:00+05:30,183.89,184.02,183.8,183.95,335598,0
2026-06-08T13:55:00+05:30,183.95,184.0,183.6,183.81,439059,0
2026-06-08T14:00:00+05:30,183.81,183.98,183.7,183.78,335015,0
2026-06-08T14:05:00+05:30,183.78,183.9,183.5,183.56,1005190,0
2026-06-08T14:10:00+05:30,183.55,183.67,183.27,183.43,693723,0
2026-06-08T14:15:00+05:30,183.43,183.6,183.33,183.6,450453,0
2026-06-08T14:20:00+05:30,183.59,183.6,183.4,183.44,354690,0
2026-06-08T14:25:00+05:30,183.44,183.48,183.25,183.31,367803,0
2026-06-08T14:30:00+05:30,183.31,183.45,183.14,183.37,446045,0
2026-06-08T14:35:00+05:30,183.37,183.4,183.01,183.06,433768,0
2026-06-08T14:40:00+05:30,183.13,183.3,183.0,183.29,743290,0
2026-06-08T14:45:00+05:30,183.29,183.64,183.1,183.16,986384,0
2026-06-08T14:50:00+05:30,183.16,183.34,182.71,182.92,1201565,0
2026-06-08T14:55:00+05:30,182.95,183.27,182.8,183.14,840108,0
2026-06-08T15:00:00+05:30,183.11,183.14,182.37,182.48,1611090,0
2026-06-08T15:05:00+05:30,182.49,182.49,181.42,181.88,2795712,0
2026-06-08T15:10:00+05:30,181.89,181.91,181.1,181.74,2041334,0
2026-06-08T15:15:00+05:30,181.74,181.8,181.1,181.68,2952628,0
2026-06-08T15:20:00+05:30,181.69,181.75,181.5,181.59,1424081,0
2026-06-08T15:25:00+05:30,181.59,181.84,181.0,181.6,2007274,0
2026-06-09T09:15:00+05:30,183.97,184.35,182.85,184.05,3450498,0
2026-06-09T09:20:00+05:30,184.05,184.35,183.41,184.24,868127,0
2026-06-09T09:25:00+05:30,184.3,184.34,183.6,183.66,453632,0
2026-06-09T09:30:00+05:30,183.69,183.8,183.27,183.5,580246,0
2026-06-09T09:35:00+05:30,183.5,183.5,182.9,183.42,616205,0
2026-06-09T09:40:00+05:30,183.42,183.5,182.8,182.8,408710,0
2026-06-09T09:45:00+05:30,182.82,182.97,182.5,182.7,683946,0
2026-06-09T09:50:00+05:30,182.76,183.17,182.1,182.16,816856,0
2026-06-09T09:55:00+05:30,182.16,182.33,182.1,182.22,296314,0
2026-06-09T10:00:00+05:30,182.25,182.49,181.8,181.93,541939,0
2026-06-09T10:05:00+05:30,181.93,182.14,181.76,181.94,408462,0
2026-06-09T10:10:00+05:30,181.94,181.95,181.75,181.84,258530,0
2026-06-09T10:15:00+05:30,181.89,182.4,181.7,182.25,420937,0
2026-06-09T10:20:00+05:30,182.25,182.26,181.92,182.05,341233,0
2026-06-09T10:25:00+05:30,182.05,182.3,181.88,182.15,201260,0
2026-06-09T10:30:00+05:30,182.2,182.25,182.0,182.05,151785,0
2026-06-09T10:35:00+05:30,182.08,182.22,182.0,182.09,172266,0
2026-06-09T10:40:00+05:30,182.08,182.15,181.9,182.05,196183,0
2026-06-09T10:45:00+05:30,182.05,182.41,182.0,182.01,230358,0
2026-06-09T10:50:00+05:30,182.08,182.12,181.9,181.94,167346,0
2026-06-09T10:55:00+05:30,181.94,182.1,181.9,182.0,119930,0
2026-06-09T11:00:00+05:30,182.0,182.0,181.74,181.88,222696,0
2026-06-09T11:05:00+05:30,181.88,182.0,181.53,181.6,438142,0
2026-06-09T11:10:00+05:30,181.6,181.62,181.2,181.3,518063,0
2026-06-09T11:15:00+05:30,181.3,181.75,181.2,181.74,559309,0
2026-06-09T11:20:00+05:30,181.74,181.74,181.2,181.29,317325,0
2026-06-09T11:25:00+05:30,181.27,181.5,181.2,181.4,203629,0
2026-06-09T11:30:00+05:30,181.44,181.8,181.4,181.62,195355,0
2026-06-09T11:35:00+05:30,181.62,181.7,181.51,181.62,159319,0
2026-06-09T11:40:00+05:30,181.62,181.66,181.3,181.5,136482,0
2026-06-09T11:45:00+05:30,181.53,181.8,181.5,181.61,198827,0
2026-06-09T11:50:00+05:30,181.61,181.75,181.5,181.5,183040,0
2026-06-09T11:55:00+05:30,181.54,181.62,181.41,181.46,190727,0
2026-06-09T12:00:00+05:30,181.46,181.6,181.3,181.38,251237,0
2026-06-09T12:05:00+05:30,181.36,181.52,181.31,181.45,139351,0
2026-06-09T12:10:00+05:30,181.48,181.53,181.22,181.28,247953,0
2026-06-09T12:15:00+05:30,181.23,181.39,181.21,181.3,169823,0
2026-06-09T12:20:00+05:30,181.3,181.35,181.14,181.14,298226,0
2026-06-09T12:25:00+05:30,181.13,181.24,181.1,181.17,222139,0
2026-06-09T12:30:00+05:30,181.16,181.19,181.06,181.16,218113,0
2026-06-09T12:35:00+05:30,181.16,181.31,180.9,180.97,486191,0
2026-06-09T12:40:00+05:30,180.95,180.97,180.6,180.75,472395,0
2026-06-09T12:45:00+05:30,180.75,180.99,180.68,180.91,279135,0
2026-06-09T12:50:00+05:30,180.91,181.18,180.84,181.16,280051,0
2026-06-09T12:55:00+05:30,181.16,181.2,181.03,181.18,154498,0
2026-06-09T13:00:00+05:30,181.17,181.39,181.15,181.25,290846,0
2026-06-09T13:05:00+05:30,181.25,181.65,181.19,181.54,618274,0
2026-06-09T13:10:00+05:30,181.55,181.55,181.41,181.5,210296,0
2026-06-09T13:15:00+05:30,181.5,181.59,181.3,181.36,216782,0
2026-06-09T13:20:00+05:30,181.36,181.45,181.26,181.3,95708,0
2026-06-09T13:25:00+05:30,181.3,181.36,181.12,181.22,94173,0
2026-06-09T13:30:00+05:30,181.25,181.34,181.17,181.26,93259,0
2026-06-09T13:35:00+05:30,181.26,181.5,181.23,181.44,131696,0
2026-06-09T13:40:00+05:30,181.44,181.54,181.37,181.5,125875,0
2026-06-09T13:45:00+05:30,181.49,181.55,181.41,181.48,125743,0
2026-06-09T13:50:00+05:30,181.47,181.48,181.21,181.27,157832,0
2026-06-09T13:55:00+05:30,181.27,181.3,181.1,181.24,137065,0
2026-06-09T14:00:00+05:30,181.24,181.24,180.85,181.0,333531,0
2026-06-09T14:05:00+05:30,181.02,181.15,180.94,181.1,180368,0
2026-06-09T14:10:00+05:30,181.1,181.2,181.05,181.2,116618,0
2026-06-09T14:15:00+05:30,181.2,181.49,181.16,181.4,178799,0
2026-06-09T14:20:00+05:30,181.41,181.46,181.35,181.45,180145,0
2026-06-09T14:25:00+05:30,181.45,181.55,181.4,181.51,251853,0
2026-06-09T14:30:00+05:30,181.51,181.7,181.4,181.62,214538,0
2026-06-09T14:35:00+05:30,181.63,181.84,181.59,181.74,306885,0
2026-06-09T14:40:00+05:30,181.74,181.97,181.74,181.92,292760,0
2026-06-09T14:45:00+05:30,181.92,181.93,181.6,181.75,319127,0
2026-06-09T14:50:00+05:30,181.78,182.14,181.72,182.07,556211,0
2026-06-09T14:55:00+05:30,182.01,182.47,182.0,182.35,650567,0
2026-06-09T15:00:00+05:30,182.34,182.34,181.7,181.85,492805,0
2026-06-09T15:05:00+05:30,181.85,182.05,181.78,181.97,440305,0
2026-06-09T15:10:00+05:30,181.96,181.98,181.51,181.57,577613,0
2026-06-09T15:15:00+05:30,181.58,181.68,181.25,181.47,972990,0
2026-06-09T15:20:00+05:30,181.45,181.93,181.3,181.66,1159169,0
2026-06-09T15:25:00+05:30,181.65,181.95,181.45,181.9,709185,0
2026-06-10T09:15:00+05:30,182.1,182.29,180.7,181.9,1164057,0
2026-06-10T09:20:00+05:30,181.87,181.98,181.06,181.56,435924,0
2026-06-10T09:25:00+05:30,181.56,181.7,181.2,181.5,281755,0
2026-06-10T09:30:00+05:30,181.5,181.7,181.29,181.43,219510,0
2026-06-10T09:35:00+05:30,181.42,181.42,180.76,180.8,585562,0
2026-06-10T09:40:00+05:30,180.82,181.19,180.7,180.9,321290,0
2026-06-10T09:45:00+05:30,180.91,181.41,180.72,181.35,271574,0
2026-06-10T09:50:00+05:30,181.35,181.48,181.0,181.19,303771,0
2026-06-10T09:55:00+05:30,181.15,181.44,181.11,181.24,135402,0
2026-06-10T10:00:00+05:30,181.24,181.4,180.9,181.0,231319,0
2026-06-10T10:05:00+05:30,181.05,181.08,180.8,180.84,183423,0
2026-06-10T10:10:00+05:30,180.84,180.95,180.55,180.63,288124,0
2026-06-10T10:15:00+05:30,180.63,181.0,180.42,180.99,355680,0
2026-06-10T10:20:00+05:30,180.95,181.09,180.8,181.0,199492,0
2026-06-10T10:25:00+05:30,181.0,181.14,180.87,181.11,234147,0
2026-06-10T10:30:00+05:30,181.11,181.11,180.8,180.85,176173,0
2026-06-10T10:35:00+05:30,180.85,181.09,180.75,180.75,158991,0
2026-06-10T10:40:00+05:30,180.81,181.08,180.71,181.05,174329,0
2026-06-10T10:45:00+05:30,181.01,181.35,181.01,181.26,209203,0
2026-06-10T10:50:00+05:30,181.25,181.4,181.16,181.3,245878,0
2026-06-10T10:55:00+05:30,181.26,181.38,181.13,181.38,195797,0
2026-06-10T11:00:00+05:30,181.38,181.47,181.14,181.3,149019,0
2026-06-10T11:05:00+05:30,181.3,181.41,181.22,181.41,129055,0
2026-06-10T11:10:00+05:30,181.41,181.43,181.17,181.23,74015,0
2026-06-10T11:15:00+05:30,181.23,181.35,181.01,181.05,83800,0
2026-06-10T11:20:00+05:30,181.05,181.25,181.01,181.16,65302,0
2026-06-10T11:25:00+05:30,181.24,181.4,181.1,181.35,95010,0
2026-06-10T11:30:00+05:30,181.35,181.35,181.19,181.25,38529,0
2026-06-10T11:35:00+05:30,181.25,181.34,181.17,181.24,91211,0
2026-06-10T11:40:00+05:30,181.24,181.26,181.06,181.11,149282,0
2026-06-10T11:45:00+05:30,181.12,181.15,181.01,181.08,87521,0
2026-06-10T11:50:00+05:30,181.08,181.13,181.01,181.04,86579,0
2026-06-10T11:55:00+05:30,181.12,181.22,181.01,181.22,164093,0
2026-06-10T12:00:00+05:30,181.22,181.26,181.01,181.15,110120,0
2026-06-10T12:05:00+05:30,181.14,181.14,181.02,181.09,78388,0
2026-06-10T12:10:00+05:30,181.09,181.24,181.06,181.24,51993,0
2026-06-10T12:15:00+05:30,181.24,181.24,181.1,181.1,43370,0
2026-06-10T12:20:00+05:30,181.14,181.16,180.85,180.97,331590,0
2026-06-10T12:25:00+05:30,180.97,180.98,180.8,180.94,115428,0
2026-06-10T12:30:00+05:30,180.94,180.95,180.81,180.95,66830,0
2026-06-10T12:35:00+05:30,180.94,180.96,180.8,180.83,67978,0
2026-06-10T12:40:00+05:30,180.89,181.03,180.75,180.8,268036,0
2026-06-10T12:45:00+05:30,180.8,180.85,180.7,180.81,99282,0
2026-06-10T12:50:00+05:30,180.81,181.06,180.8,181.01,84424,0
2026-06-10T12:55:00+05:30,181.01,181.01,180.87,180.98,37992,0
2026-06-10T13:00:00+05:30,180.98,181.1,180.95,181.08,57391,0
2026-06-10T13:05:00+05:30,181.08,181.1,180.91,180.99,51656,0
2026-06-10T13:10:00+05:30,180.99,180.99,180.7,180.8,111634,0
2026-06-10T13:15:00+05:30,180.79,180.88,180.72,180.73,67016,0
2026-06-10T13:20:00+05:30,180.73,180.8,180.7,180.71,70328,0
2026-06-10T13:25:00+05:30,180.71,180.9,180.65,180.82,119412,0
2026-06-10T13:30:00+05:30,180.86,180.9,180.61,180.62,98436,0
2026-06-10T13:35:00+05:30,180.68,180.7,180.55,180.64,154977,0
2026-06-10T13:40:00+05:30,180.64,180.67,180.32,180.39,436640,0
2026-06-10T13:45:00+05:30,180.39,180.49,180.25,180.4,214036,0
2026-06-10T13:50:00+05:30,180.39,180.44,180.31,180.4,74469,0
2026-06-10T13:55:00+05:30,180.4,180.53,180.3,180.48,150828,0
2026-06-10T14:00:00+05:30,180.48,180.56,180.35,180.55,131606,0
2026-06-10T14:05:00+05:30,180.54,180.55,180.31,180.33,81176,0
2026-06-10T14:10:00+05:30,180.41,180.41,180.15,180.25,206092,0
2026-06-10T14:15:00+05:30,180.25,180.33,180.06,180.15,378557,0
2026-06-10T14:20:00+05:30,180.14,180.25,180.0,180.23,216567,0
2026-06-10T14:25:00+05:30,180.23,180.24,179.83,179.98,669256,0
2026-06-10T14:30:00+05:30,179.97,180.09,179.88,180.07,152195,0
2026-06-10T14:35:00+05:30,180.07,180.17,179.76,179.79,228219,0
2026-06-10T14:40:00+05:30,179.79,179.92,179.38,179.63,515667,0
2026-06-10T14:45:00+05:30,179.6,179.6,179.3,179.42,199028,0
2026-06-10T14:50:00+05:30,179.42,179.45,179.26,179.33,193618,0
2026-06-10T14:55:00+05:30,179.33,179.44,179.21,179.33,161463,0
2026-06-10T15:00:00+05:30,179.33,179.45,179.15,179.22,343240,0
2026-06-10T15:05:00+05:30,179.25,179.45,179.1,179.34,494460,0
2026-06-10T15:10:00+05:30,179.31,179.36,178.85,178.94,564266,0
2026-06-10T15:15:00+05:30,178.91,178.94,178.55,178.8,502431,0
2026-06-10T15:20:00+05:30,178.8,178.89,178.5,178.63,597951,0
2026-06-10T15:25:00+05:30,178.63,178.85,178.55,178.64,676607,0
2026-06-11T09:15:00+05:30,176.97,177.7,175.83,176.58,1499551,0
2026-06-11T09:20:00+05:30,176.58,177.0,176.02,176.69,630553,0
2026-06-11T09:25:00+05:30,176.69,177.34,176.2,177.07,536967,0
2026-06-11T09:30:00+05:30,177.1,177.11,176.29,176.35,482501,0
2026-06-11T09:35:00+05:30,176.37,176.92,176.1,176.65,432974,0
2026-06-11T09:40:00+05:30,176.65,177.28,176.65,176.97,355125,0
2026-06-11T09:45:00+05:30,176.97,177.38,176.82,177.01,274171,0
2026-06-11T09:50:00+05:30,177.01,177.1,176.6,176.97,342491,0
2026-06-11T09:55:00+05:30,176.97,176.98,176.5,176.57,204907,0
2026-06-11T10:00:00+05:30,176.57,176.8,176.5,176.55,172231,0
2026-06-11T10:05:00+05:30,176.56,177.25,176.5,177.15,173430,0
2026-06-11T10:10:00+05:30,177.15,177.49,176.87,176.9,206897,0
2026-06-11T10:15:00+05:30,176.96,177.18,176.85,177.18,112181,0
2026-06-11T10:20:00+05:30,177.18,177.4,177.04,177.1,117777,0
2026-06-11T10:25:00+05:30,177.15,177.85,177.09,177.37,220585,0
2026-06-11T10:30:00+05:30,177.4,177.88,177.25,177.34,208847,0
2026-06-11T10:35:00+05:30,177.37,177.5,177.18,177.35,92687,0
2026-06-11T10:40:00+05:30,177.35,177.49,177.27,177.39,71561,0
2026-06-11T10:45:00+05:30,177.39,177.5,177.21,177.25,121769,0
2026-06-11T10:50:00+05:30,177.25,177.38,177.01,177.19,113602,0
2026-06-11T10:55:00+05:30,177.19,177.25,177.1,177.1,122990,0
2026-06-11T11:00:00+05:30,177.15,177.45,177.1,177.39,105443,0
2026-06-11T11:05:00+05:30,177.39,177.72,177.35,177.56,93026,0
2026-06-11T11:10:00+05:30,177.58,177.69,177.34,177.47,131951,0
2026-06-11T11:15:00+05:30,177.47,177.7,177.39,177.7,125934,0
2026-06-11T11:20:00+05:30,177.7,178.1,177.51,177.55,228300,0
2026-06-11T11:25:00+05:30,177.67,177.73,177.41,177.6,126036,0
2026-06-11T11:30:00+05:30,177.6,177.88,177.56,177.88,162653,0
2026-06-11T11:35:00+05:30,177.87,178.1,177.71,177.75,225151,0
2026-06-11T11:40:00+05:30,177.75,177.87,177.58,177.87,91719,0
2026-06-11T11:45:00+05:30,177.87,178.1,177.85,177.95,196053,0
2026-06-11T11:50:00+05:30,177.98,178.05,177.87,177.94,116112,0
2026-06-11T11:55:00+05:30,177.94,178.1,177.85,178.05,164687,0
2026-06-11T12:00:00+05:30,178.05,178.2,178.03,178.05,169384,0
2026-06-11T12:05:00+05:30,178.1,178.15,177.89,177.96,103346,0
2026-06-11T12:10:00+05:30,177.96,178.0,177.67,177.76,170911,0
2026-06-11T12:15:00+05:30,177.8,178.0,177.67,177.8,155635,0
2026-06-11T12:20:00+05:30,177.8,177.89,177.65,177.65,80197,0
2026-06-11T12:25:00+05:30,177.69,177.77,177.53,177.66,87009,0
2026-06-11T12:30:00+05:30,177.65,177.93,177.63,177.83,93752,0
2026-06-11T12:35:00+05:30,177.83,177.96,177.61,177.76,112101,0
2026-06-11T12:40:00+05:30,177.72,177.76,177.29,177.48,166613,0
2026-06-11T12:45:00+05:30,177.48,177.53,177.25,177.29,129683,0
2026-06-11T12:50:00+05:30,177.29,177.44,177.24,177.32,74789,0
2026-06-11T12:55:00+05:30,177.32,177.5,177.21,177.5,98475,0
2026-06-11T13:00:00+05:30,177.5,177.67,177.26,177.3,60872,0
2026-06-11T13:05:00+05:30,177.35,177.4,177.24,177.31,59532,0
2026-06-11T13:10:00+05:30,177.31,177.39,177.21,177.31,47108,0
2026-06-11T13:15:00+05:30,177.34,177.35,177.25,177.33,49667,0
2026-06-11T13:20:00+05:30,177.33,177.33,177.02,177.14,103992,0
2026-06-11T13:25:00+05:30,177.2,177.21,177.0,177.15,98404,0
2026-06-11T13:30:00+05:30,177.15,177.3,177.06,177.15,85643,0
2026-06-11T13:35:00+05:30,177.15,177.2,176.74,176.8,248498,0
2026-06-11T13:40:00+05:30,176.83,176.85,176.5,176.7,150399,0
2026-06-11T13:45:00+05:30,176.7,176.93,176.65,176.79,124610,0
2026-06-11T13:50:00+05:30,176.76,176.79,176.59,176.72,111590,0
2026-06-11T13:55:00+05:30,176.73,176.88,176.61,176.76,84895,0
2026-06-11T14:00:00+05:30,176.78,176.89,176.76,176.81,86135,0
2026-06-11T14:05:00+05:30,176.86,176.86,176.5,176.58,133714,0
2026-06-11T14:10:00+05:30,176.58,176.85,176.58,176.8,89797,0
2026-06-11T14:15:00+05:30,176.8,176.89,176.71,176.78,87325,0
2026-06-11T14:20:00+05:30,176.83,177.0,176.71,176.85,120897,0
2026-06-11T14:25:00+05:30,176.85,177.3,176.8,177.25,126097,0
2026-06-11T14:30:00+05:30,177.25,177.48,177.12,177.35,155391,0
2026-06-11T14:35:00+05:30,177.35,177.39,177.05,177.15,90025,0
2026-06-11T14:40:00+05:30,177.15,177.3,177.05,177.16,105263,0
2026-06-11T14:45:00+05:30,177.18,177.29,176.91,177.1,201394,0
2026-06-11T14:50:00+05:30,177.1,177.1,176.99,177.05,137811,0
2026-06-11T14:55:00+05:30,177.06,177.24,176.95,177.21,129430,0
2026-06-11T15:00:00+05:30,177.21,177.4,177.02,177.12,269029,0
2026-06-11T15:05:00+05:30,177.12,177.25,177.05,177.18,146499,0
2026-06-11T15:10:00+05:30,177.18,177.48,177.18,177.48,236505,0
2026-06-11T15:15:00+05:30,177.48,177.72,177.4,177.65,327971,0
2026-06-11T15:20:00+05:30,177.65,177.67,177.3,177.43,435681,0
2026-06-11T15:25:00+05:30,177.41,177.62,177.0,177.5,426557,0
2026-06-12T09:15:00+05:30,178.65,179.12,177.57,178.55,1168182,0
2026-06-12T09:20:00+05:30,178.55,178.67,178.16,178.45,493922,0
2026-06-12T09:25:00+05:30,178.45,178.63,178.11,178.18,334102,0
2026-06-12T09:30:00+05:30,178.19,178.57,177.94,178.53,368304,0
2026-06-12T09:35:00+05:30,178.54,178.65,178.2,178.26,387637,0
2026-06-12T09:40:00+05:30,178.26,178.4,178.07,178.2,192176,0
2026-06-12T09:45:00+05:30,178.2,178.22,177.9,178.06,223211,0
2026-06-12T09:50:00+05:30,178.06,178.07,177.65,177.67,257694,0
2026-06-12T09:55:00+05:30,177.74,178.25,177.57,178.21,346829,0
2026-06-12T10:00:00+05:30,178.25,178.32,177.9,178.04,228155,0
2026-06-12T10:05:00+05:30,178.05,178.16,177.9,178.0,119325,0
2026-06-12T10:10:00+05:30,177.99,178.27,177.94,178.15,158269,0
2026-06-12T10:15:00+05:30,178.22,178.3,178.0,178.15,102972,0
2026-06-12T10:20:00+05:30,178.16,178.55,178.06,178.53,185416,0
2026-06-12T10:25:00+05:30,178.53,178.6,178.41,178.59,166877,0
2026-06-12T10:30:00+05:30,178.59,178.79,178.48,178.65,172656,0
2026-06-12T10:35:00+05:30,178.65,178.85,178.55,178.82,99984,0
2026-06-12T10:40:00+05:30,178.82,179.08,178.65,179.0,187535,0
2026-06-12T10:45:00+05:30,179.0,179.03,178.72,178.86,119487,0
2026-06-12T10:50:00+05:30,178.89,178.89,178.7,178.77,129152,0
2026-06-12T10:55:00+05:30,178.77,178.97,178.72,178.93,90414,0
2026-06-12T11:00:00+05:30,178.93,178.95,178.81,178.95,80104,0
2026-06-12T11:05:00+05:30,178.95,179.63,178.95,179.51,233742,0
2026-06-12T11:10:00+05:30,179.51,179.51,179.16,179.25,130317,0
2026-06-12T11:15:00+05:30,179.3,179.4,179.15,179.2,52471,0
2026-06-12T11:20:00+05:30,179.2,179.2,178.9,179.04,109951,0
2026-06-12T11:25:00+05:30,179.04,179.09,178.6,178.69,106868,0
2026-06-12T11:30:00+05:30,178.7,178.8,178.6,178.66,112905,0
2026-06-12T11:35:00+05:30,178.66,178.9,178.55,178.84,80107,0
2026-06-12T11:40:00+05:30,178.84,179.0,178.71,178.93,80969,0
2026-06-12T11:45:00+05:30,178.93,179.07,178.79,178.98,59420,0
2026-06-12T11:50:00+05:30,178.97,179.05,178.78,178.9,60760,0
2026-06-12T11:55:00+05:30,178.96,178.97,178.67,178.75,73391,0
2026-06-12T12:00:00+05:30,178.78,178.91,178.62,178.9,80206,0
2026-06-12T12:05:00+05:30,178.9,178.95,178.7,178.7,89128,0
2026-06-12T12:10:00+05:30,178.75,178.77,178.25,178.29,160904,0
2026-06-12T12:15:00+05:30,178.25,178.52,178.13,178.3,122257,0
2026-06-12T12:20:00+05:30,178.37,178.39,178.21,178.26,64030,0
2026-06-12T12:25:00+05:30,178.27,178.4,178.25,178.25,54619,0
2026-06-12T12:30:00+05:30,178.26,178.29,178.05,178.15,97493,0
2026-06-12T12:35:00+05:30,178.16,178.21,177.89,177.92,244472,0
2026-06-12T12:40:00+05:30,177.95,178.19,177.86,178.0,97443,0
2026-06-12T12:45:00+05:30,178.0,178.05,177.82,177.97,69332,0
2026-06-12T12:50:00+05:30,177.97,178.08,177.87,177.94,64683,0
2026-06-12T12:55:00+05:30,177.94,178.08,177.9,178.01,44855,0
2026-06-12T13:00:00+05:30,178.01,178.01,177.89,177.99,56430,0
2026-06-12T13:05:00+05:30,177.99,178.09,177.9,177.95,71770,0
2026-06-12T13:10:00+05:30,177.99,178.05,177.85,177.99,52466,0
2026-06-12T13:15:00+05:30,177.99,178.04,177.82,177.91,49748,0
2026-06-12T13:20:00+05:30,177.91,177.93,177.75,177.79,76152,0
2026-06-12T13:25:00+05:30,177.79,178.2,177.59,178.06,131948,0
2026-06-12T13:30:00+05:30,178.01,178.18,177.9,177.9,180386,0
2026-06-12T13:35:00+05:30,177.93,178.37,177.9,178.32,119565,0
2026-06-12T13:40:00+05:30,178.31,178.5,178.25,178.49,76166,0
2026-06-12T13:45:00+05:30,178.49,178.9,178.45,178.88,130574,0
2026-06-12T13:50:00+05:30,178.88,179.04,178.62,178.9,130132,0
2026-06-12T13:55:00+05:30,178.9,179.2,178.86,179.19,140112,0
2026-06-12T14:00:00+05:30,179.19,179.2,179.03,179.12,121999,0
2026-06-12T14:05:00+05:30,179.12,179.34,179.03,179.24,159502,0
2026-06-12T14:10:00+05:30,179.24,179.34,179.1,179.24,208989,0
2026-06-12T14:15:00+05:30,179.25,179.48,179.14,179.48,174903,0
2026-06-12T14:20:00+05:30,179.48,179.5,179.17,179.29,183774,0
2026-06-12T14:25:00+05:30,179.29,179.39,178.79,179.07,262532,0
2026-06-12T14:30:00+05:30,179.09,179.24,178.87,178.9,94976,0
2026-06-12T14:35:00+05:30,178.96,179.15,178.83,179.15,111881,0
2026-06-12T14:40:00+05:30,179.15,179.25,178.99,179.09,111323,0
2026-06-12T14:45:00+05:30,179.09,179.13,178.94,179.1,115036,0
2026-06-12T14:50:00+05:30,179.1,179.2,179.0,179.14,109958,0
2026-06-12T14:55:00+05:30,179.15,179.6,179.14,179.48,172007,0
2026-06-12T15:00:00+05:30,179.46,180.22,179.2,180.0,690905,0
2026-06-12T15:05:00+05:30,180.0,180.33,179.94,180.13,364803,0
2026-06-12T15:10:00+05:30,180.15,180.37,180.05,180.31,386930,0
2026-06-12T15:15:00+05:30,180.3,180.43,180.3,180.38,528875,0
2026-06-12T15:20:00+05:30,180.35,180.45,180.14,180.2,398044,0
2026-06-12T15:25:00+05:30,180.2,180.3,180.12,180.23,436225,0
2026-06-15T09:15:00+05:30,183.0,183.0,181.23,181.85,1207858,0
2026-06-15T09:20:00+05:30,181.85,182.24,181.54,182.1,497467,0
2026-06-15T09:25:00+05:30,182.11,182.11,181.33,181.91,340051,0
2026-06-15T09:30:00+05:30,181.91,182.0,181.5,181.7,240780,0
2026-06-15T09:35:00+05:30,181.7,181.7,181.45,181.65,360213,0
2026-06-15T09:40:00+05:30,181.65,181.98,181.53,181.87,207725,0
2026-06-15T09:45:00+05:30,181.94,182.1,181.71,181.81,270123,0
2026-06-15T09:50:00+05:30,181.81,181.87,181.6,181.69,187281,0
2026-06-15T09:55:00+05:30,181.69,181.71,181.3,181.44,315016,0
2026-06-15T10:00:00+05:30,181.46,181.54,181.2,181.29,260990,0
2026-06-15T10:05:00+05:30,181.29,181.35,180.91,181.08,375428,0
2026-06-15T10:10:00+05:30,181.08,181.19,181.0,181.1,134932,0
2026-06-15T10:15:00+05:30,181.1,181.41,181.02,181.35,173878,0
2026-06-15T10:20:00+05:30,181.35,181.57,181.21,181.52,140766,0
2026-06-15T10:25:00+05:30,181.52,181.65,181.29,181.44,161849,0
2026-06-15T10:30:00+05:30,181.52,181.65,181.33,181.6,152997,0
2026-06-15T10:35:00+05:30,181.6,181.64,181.33,181.5,123536,0
2026-06-15T10:40:00+05:30,181.5,181.74,181.4,181.74,107881,0
2026-06-15T10:45:00+05:30,181.74,181.88,181.6,181.7,106123,0
2026-06-15T10:50:00+05:30,181.74,181.83,181.61,181.83,116076,0
2026-06-15T10:55:00+05:30,181.83,182.88,181.8,182.55,608124,0
2026-06-15T11:00:00+05:30,182.58,182.6,182.0,182.04,294597,0
2026-06-15T11:05:00+05:30,182.1,182.5,182.03,182.42,151768,0
2026-06-15T11:10:00+05:30,182.42,182.7,182.27,182.64,253272,0
2026-06-15T11:15:00+05:30,182.63,182.64,182.35,182.42,221972,0
2026-06-15T11:20:00+05:30,182.45,182.69,182.31,182.39,156580,0
2026-06-15T11:25:00+05:30,182.39,182.4,182.27,182.35,75622,0
2026-06-15T11:30:00+05:30,182.35,182.4,182.0,182.06,166194,0
2026-06-15T11:35:00+05:30,182.06,182.14,181.86,182.08,108973,0
2026-06-15T11:40:00+05:30,182.08,182.08,181.83,181.94,108069,0
2026-06-15T11:45:00+05:30,181.94,182.05,181.73,182.0,109057,0
2026-06-15T11:50:00+05:30,182.0,182.0,181.85,181.95,73176,0
2026-06-15T11:55:00+05:30,181.94,182.05,181.8,181.89,138609,0
2026-06-15T12:00:00+05:30,181.89,181.9,181.71,181.73,177729,0
2026-06-15T12:05:00+05:30,181.8,181.8,181.61,181.64,82437,0
2026-06-15T12:10:00+05:30,181.68,181.75,181.6,181.72,56906,0
2026-06-15T12:15:00+05:30,181.72,181.74,181.5,181.55,115755,0
2026-06-15T12:20:00+05:30,181.55,181.6,181.3,181.37,181921,0
2026-06-15T12:25:00+05:30,181.38,181.45,181.12,181.18,185058,0
2026-06-15T12:30:00+05:30,181.18,181.39,181.1,181.33,138496,0
2026-06-15T12:35:00+05:30,181.4,181.6,181.25,181.55,87230,0
2026-06-15T12:40:00+05:30,181.55,181.57,181.37,181.55,94964,0
2026-06-15T12:45:00+05:30,181.55,181.62,181.34,181.43,97777,0
2026-06-15T12:50:00+05:30,181.43,181.54,181.35,181.39,70951,0
2026-06-15T12:55:00+05:30,181.48,181.54,181.34,181.34,80449,0
2026-06-15T13:00:00+05:30,181.4,181.46,181.3,181.37,89301,0
2026-06-15T13:05:00+05:30,181.37,181.47,181.3,181.45,76148,0
2026-06-15T13:10:00+05:30,181.47,181.65,181.45,181.53,98514,0
2026-06-15T13:15:00+05:30,181.53,181.54,181.2,181.35,121449,0
2026-06-15T13:20:00+05:30,181.35,181.45,181.24,181.36,64224,0
2026-06-15T13:25:00+05:30,181.36,181.43,181.24,181.42,111488,0
2026-06-15T13:30:00+05:30,181.42,181.61,181.31,181.5,67332,0
2026-06-15T13:35:00+05:30,181.5,181.6,181.34,181.47,77598,0
2026-06-15T13:40:00+05:30,181.46,181.55,181.31,181.44,79239,0
2026-06-15T13:45:00+05:30,181.45,181.64,181.4,181.56,104243,0
2026-06-15T13:50:00+05:30,181.56,181.65,181.31,181.59,70517,0
2026-06-15T13:55:00+05:30,181.56,181.75,181.49,181.71,71796,0
2026-06-15T14:00:00+05:30,181.72,181.75,181.6,181.66,71107,0
2026-06-15T14:05:00+05:30,181.66,181.68,181.5,181.55,42481,0
2026-06-15T14:10:00+05:30,181.61,181.64,181.5,181.6,42005,0
2026-06-15T14:15:00+05:30,181.62,181.62,181.52,181.62,51376,0
2026-06-15T14:20:00+05:30,181.62,181.74,181.55,181.65,84959,0
2026-06-15T14:25:00+05:30,181.65,181.7,181.55,181.55,96148,0
2026-06-15T14:30:00+05:30,181.61,181.75,181.55,181.65,72418,0
2026-06-15T14:35:00+05:30,181.65,181.77,181.51,181.67,106782,0
2026-06-15T14:40:00+05:30,181.68,181.83,181.55,181.79,124491,0
2026-06-15T14:45:00+05:30,181.79,181.86,181.68,181.83,93289,0
2026-06-15T14:50:00+05:30,181.84,181.89,181.6,181.79,157463,0
2026-06-15T14:55:00+05:30,181.8,181.81,181.5,181.62,115261,0
2026-06-15T15:00:00+05:30,181.62,181.84,181.34,181.52,357372,0
2026-06-15T15:05:00+05:30,181.51,181.56,181.3,181.4,273046,0
2026-06-15T15:10:00+05:30,181.4,181.45,181.2,181.38,383087,0
2026-06-15T15:15:00+05:30,181.36,181.59,181.2,181.55,477666,0
2026-06-15T15:20:00+05:30,181.55,181.55,181.24,181.27,329261,0
2026-06-15T15:25:00+05:30,181.31,181.4,181.05,181.12,503735,0
2026-06-16T09:15:00+05:30,182.39,182.8,181.63,182.75,825043,0
2026-06-16T09:20:00+05:30,182.72,182.95,182.45,182.69,617830,0
2026-06-16T09:25:00+05:30,182.65,182.7,182.35,182.5,278258,0
2026-06-16T09:30:00+05:30,182.5,182.8,182.43,182.62,346158,0
2026-06-16T09:35:00+05:30,182.62,183.2,182.41,183.12,629914,0
2026-06-16T09:40:00+05:30,183.1,183.23,182.75,182.77,394078,0
2026-06-16T09:45:00+05:30,182.8,182.81,182.45,182.5,381969,0
2026-06-16T09:50:00+05:30,182.5,182.56,182.22,182.43,273149,0
2026-06-16T09:55:00+05:30,182.45,182.54,182.34,182.54,152834,0
2026-06-16T10:00:00+05:30,182.53,182.78,182.31,182.39,181387,0
2026-06-16T10:05:00+05:30,182.39,182.58,182.25,182.37,162296,0
2026-06-16T10:10:00+05:30,182.39,182.5,182.3,182.47,132222,0
2026-06-16T10:15:00+05:30,182.47,182.95,182.43,182.86,167343,0
2026-06-16T10:20:00+05:30,182.86,183.38,182.82,183.04,408650,0
2026-06-16T10:25:00+05:30,183.04,183.14,182.8,182.99,167818,0
2026-06-16T10:30:00+05:30,183.0,183.18,182.72,182.79,166560,0
2026-06-16T10:35:00+05:30,182.79,183.0,182.61,182.85,68876,0
2026-06-16T10:40:00+05:30,182.84,182.93,182.65,182.76,68530,0
2026-06-16T10:45:00+05:30,182.77,183.01,182.7,182.78,245410,0
2026-06-16T10:50:00+05:30,182.78,182.83,182.52,182.58,85673,0
2026-06-16T10:55:00+05:30,182.58,182.7,182.53,182.6,60014,0
2026-06-16T11:00:00+05:30,182.6,182.67,182.3,182.42,177094,0
2026-06-16T11:05:00+05:30,182.5,182.61,182.39,182.47,55084,0
2026-06-16T11:10:00+05:30,182.47,182.48,182.1,182.22,164840,0
2026-06-16T11:15:00+05:30,182.22,182.33,182.07,182.1,99011,0
2026-06-16T11:20:00+05:30,182.1,182.25,182.02,182.25,87703,0
2026-06-16T11:25:00+05:30,182.27,182.32,182.05,182.14,100449,0
2026-06-16T11:30:00+05:30,182.13,182.15,182.0,182.02,124448,0
2026-06-16T11:35:00+05:30,182.06,182.06,181.74,181.83,187490,0
2026-06-16T11:40:00+05:30,181.8,181.85,181.65,181.84,68166,0
2026-06-16T11:45:00+05:30,181.81,182.0,181.74,181.99,69246,0
2026-06-16T11:50:00+05:30,181.99,182.11,181.9,182.0,83259,0
2026-06-16T11:55:00+05:30,182.01,182.01,181.85,181.95,69028,0
2026-06-16T12:00:00+05:30,181.95,181.99,181.74,181.8,79468,0
2026-06-16T12:05:00+05:30,181.83,181.99,181.8,181.97,90318,0
2026-06-16T12:10:00+05:30,181.96,182.22,181.89,182.12,76891,0
2026-06-16T12:15:00+05:30,182.11,182.14,182.0,182.02,55997,0
2026-06-16T12:20:00+05:30,182.02,182.1,181.92,182.0,58085,0
2026-06-16T12:25:00+05:30,182.08,182.15,181.96,182.15,24110,0
2026-06-16T12:30:00+05:30,182.15,182.15,182.0,182.03,39097,0
2026-06-16T12:35:00+05:30,182.07,182.25,182.03,182.11,54146,0
2026-06-16T12:40:00+05:30,182.16,182.21,181.9,182.04,62896,0
2026-06-16T12:45:00+05:30,182.1,182.1,181.93,182.06,39416,0
2026-06-16T12:50:00+05:30,182.1,182.2,181.9,181.93,90997,0
2026-06-16T12:55:00+05:30,181.97,182.15,181.85,182.06,51963,0
2026-06-16T13:00:00+05:30,182.06,182.08,181.87,182.05,64181,0
2026-06-16T13:05:00+05:30,182.05,182.18,182.0,182.18,34974,0
2026-06-16T13:10:00+05:30,182.18,182.2,181.97,182.07,72954,0
2026-06-16T13:15:00+05:30,182.07,182.11,181.9,181.96,36147,0
2026-06-16T13:20:00+05:30,182.0,182.15,181.95,182.1,29929,0
2026-06-16T13:25:00+05:30,182.1,182.24,182.06,182.22,38546,0
2026-06-16T13:30:00+05:30,182.22,182.25,182.12,182.24,30544,0
2026-06-16T13:35:00+05:30,182.24,182.4,182.08,182.25,75008,0
2026-06-16T13:40:00+05:30,182.25,182.33,182.21,182.31,25940,0
2026-06-16T13:45:00+05:30,182.33,182.38,182.22,182.33,49271,0
2026-06-16T13:50:00+05:30,182.33,182.47,182.32,182.41,64939,0
2026-06-16T13:55:00+05:30,182.45,182.54,182.4,182.4,122664,0
2026-06-16T14:00:00+05:30,182.42,182.48,182.32,182.45,35872,0
2026-06-16T14:05:00+05:30,182.45,182.52,182.37,182.52,78189,0
2026-06-16T14:10:00+05:30,182.5,182.62,182.5,182.55,64215,0
2026-06-16T14:15:00+05:30,182.56,182.66,182.52,182.59,74655,0
2026-06-16T14:20:00+05:30,182.59,182.6,182.4,182.45,44072,0
2026-06-16T14:25:00+05:30,182.49,182.6,182.45,182.5,105773,0
2026-06-16T14:30:00+05:30,182.53,182.75,182.49,182.71,103628,0
2026-06-16T14:35:00+05:30,182.72,182.83,182.6,182.83,127381,0
2026-06-16T14:40:00+05:30,182.83,183.09,182.69,182.76,295395,0
2026-06-16T14:45:00+05:30,182.77,182.99,182.72,182.98,122341,0
2026-06-16T14:50:00+05:30,182.99,183.02,182.84,182.97,96259,0
2026-06-16T14:55:00+05:30,182.97,182.98,182.77,182.87,89084,0
2026-06-16T15:00:00+05:30,182.89,182.94,182.8,182.87,139478,0
2026-06-16T15:05:00+05:30,182.87,182.9,182.8,182.84,136173,0
2026-06-16T15:10:00+05:30,182.84,182.85,182.59,182.65,181555,0
2026-06-16T15:15:00+05:30,182.65,182.78,182.52,182.7,546522,0
2026-06-16T15:20:00+05:30,182.68,182.7,182.5,182.51,461115,0
2026-06-16T15:25:00+05:30,182.51,182.69,182.4,182.58,475560,0
2026-06-17T09:15:00+05:30,184.0,185.19,183.58,185.08,2068309,0
2026-06-17T09:20:00+05:30,185.08,185.25,184.57,184.7,520816,0
2026-06-17T09:25:00+05:30,184.74,184.99,184.3,184.73,486444,0
2026-06-17T09:30:00+05:30,184.8,184.95,184.61,184.85,283805,0
2026-06-17T09:35:00+05:30,184.85,185.15,184.72,185.09,466475,0
2026-06-17T09:40:00+05:30,185.09,185.1,184.28,184.35,328643,0
2026-06-17T09:45:00+05:30,184.4,184.48,184.19,184.44,297671,0
2026-06-17T09:50:00+05:30,184.45,184.54,184.23,184.51,218053,0
2026-06-17T09:55:00+05:30,184.51,184.6,184.43,184.6,250627,0
2026-06-17T10:00:00+05:30,184.6,184.6,184.11,184.25,251267,0
2026-06-17T10:05:00+05:30,184.25,184.35,184.13,184.33,145176,0
2026-06-17T10:10:00+05:30,184.33,184.35,184.1,184.16,169761,0
2026-06-17T10:15:00+05:30,184.14,184.29,184.0,184.26,176920,0
2026-06-17T10:20:00+05:30,184.28,184.39,184.16,184.32,214605,0
2026-06-17T10:25:00+05:30,184.38,184.5,184.31,184.43,151544,0
2026-06-17T10:30:00+05:30,184.43,184.67,184.37,184.55,193795,0
2026-06-17T10:35:00+05:30,184.55,184.59,184.4,184.47,113531,0
2026-06-17T10:40:00+05:30,184.45,184.62,184.43,184.54,78102,0
2026-06-17T10:45:00+05:30,184.54,184.68,184.46,184.62,135248,0
2026-06-17T10:50:00+05:30,184.63,185.11,184.59,184.99,526102,0
2026-06-17T10:55:00+05:30,185.04,185.09,184.66,184.72,230117,0
2026-06-17T11:00:00+05:30,184.72,184.78,184.5,184.65,90630,0
2026-06-17T11:05:00+05:30,184.65,184.82,184.62,184.7,119926,0
2026-06-17T11:10:00+05:30,184.66,184.82,184.57,184.8,122174,0
2026-06-17T11:15:00+05:30,184.8,184.8,184.63,184.7,59323,0
2026-06-17T11:20:00+05:30,184.73,184.79,184.61,184.7,42049,0
2026-06-17T11:25:00+05:30,184.7,184.8,184.67,184.79,140157,0
2026-06-17T11:30:00+05:30,184.79,184.95,184.71,184.95,127961,0
2026-06-17T11:35:00+05:30,184.93,184.95,184.65,184.72,111036,0
2026-06-17T11:40:00+05:30,184.72,184.77,184.5,184.57,99637,0
2026-06-17T11:45:00+05:30,184.57,184.67,184.5,184.58,80086,0
2026-06-17T11:50:00+05:30,184.58,184.62,184.5,184.6,65303,0
2026-06-17T11:55:00+05:30,184.6,184.65,184.5,184.51,86979,0
2026-06-17T12:00:00+05:30,184.53,184.57,184.27,184.38,284441,0
2026-06-17T12:05:00+05:30,184.39,184.49,184.27,184.34,122882,0
2026-06-17T12:10:00+05:30,184.35,184.69,184.34,184.65,135041,0
2026-06-17T12:15:00+05:30,184.65,184.67,184.48,184.58,206076,0
2026-06-17T12:20:00+05:30,184.56,184.63,184.21,184.21,543137,0
2026-06-17T12:25:00+05:30,184.3,184.5,184.12,184.48,149765,0
2026-06-17T12:30:00+05:30,184.48,184.48,184.21,184.44,182450,0
2026-06-17T12:35:00+05:30,184.42,184.5,184.32,184.43,64556,0
2026-06-17T12:40:00+05:30,184.43,184.64,184.33,184.64,104566,0
2026-06-17T12:45:00+05:30,184.64,184.64,184.3,184.57,617009,0
2026-06-17T12:50:00+05:30,184.57,184.9,184.43,184.75,437313,0
2026-06-17T12:55:00+05:30,184.75,184.9,184.62,184.87,112332,0
2026-06-17T13:00:00+05:30,184.87,184.89,184.76,184.85,76993,0
2026-06-17T13:05:00+05:30,184.85,184.9,184.8,184.87,65170,0
2026-06-17T13:10:00+05:30,184.87,184.88,184.6,184.7,59963,0
2026-06-17T13:15:00+05:30,184.7,184.84,184.7,184.8,65684,0
2026-06-17T13:20:00+05:30,184.85,184.9,184.77,184.86,91372,0
2026-06-17T13:25:00+05:30,184.86,184.95,184.8,184.94,62259,0
2026-06-17T13:30:00+05:30,184.95,185.0,184.9,184.95,98781,0
2026-06-17T13:35:00+05:30,184.95,185.08,184.9,185.06,165294,0
2026-06-17T13:40:00+05:30,185.04,185.07,184.95,184.98,108777,0
2026-06-17T13:45:00+05:30,184.99,185.05,184.95,185.01,83162,0
2026-06-17T13:50:00+05:30,185.01,185.01,184.68,184.77,84814,0
2026-06-17T13:55:00+05:30,184.78,184.8,184.6,184.7,57885,0
2026-06-17T14:00:00+05:30,184.7,184.75,184.6,184.63,119466,0
2026-06-17T14:05:00+05:30,184.69,184.73,184.52,184.66,63332,0
2026-06-17T14:10:00+05:30,184.66,184.66,184.41,184.52,104685,0
2026-06-17T14:15:00+05:30,184.52,184.61,184.46,184.59,88430,0
2026-06-17T14:20:00+05:30,184.59,184.63,184.46,184.54,65911,0
2026-06-17T14:25:00+05:30,184.54,184.54,184.2,184.33,227270,0
2026-06-17T14:30:00+05:30,184.32,184.34,184.15,184.2,130457,0
2026-06-17T14:35:00+05:30,184.2,184.39,184.02,184.35,123378,0
2026-06-17T14:40:00+05:30,184.37,184.5,184.2,184.25,203938,0
2026-06-17T14:45:00+05:30,184.33,184.5,184.21,184.44,210136,0
2026-06-17T14:50:00+05:30,184.48,184.5,184.23,184.39,134854,0
2026-06-17T14:55:00+05:30,184.39,184.7,184.26,184.66,214688,0
2026-06-17T15:00:00+05:30,184.64,184.8,184.52,184.64,251590,0
2026-06-17T15:05:00+05:30,184.62,184.69,184.55,184.68,162376,0
2026-06-17T15:10:00+05:30,184.63,184.69,184.42,184.55,252843,0
2026-06-17T15:15:00+05:30,184.54,184.57,184.37,184.47,419649,0
2026-06-17T15:20:00+05:30,184.47,184.49,184.32,184.38,319585,0
2026-06-17T15:25:00+05:30,184.37,184.45,184.15,184.3,496988,0
