time,open,high,low,close,volume,open_interest
2026-04-20T09:15:00+05:30,1080.3,1089.8,1075.85,1089.8,571579,0
2026-04-20T09:20:00+05:30,1089.1,1098.85,1089.1,1096.45,548478,0
2026-04-20T09:25:00+05:30,1096.6,1103.3,1096.0,1100.6,800865,0
2026-04-20T09:30:00+05:30,1100.7,1102.8,1097.4,1101.95,765089,0
2026-04-20T09:35:00+05:30,1101.95,1105.8,1101.6,1105.5,955929,0
2026-04-20T09:40:00+05:30,1105.2,1105.95,1100.75,1103.0,511855,0
2026-04-20T09:45:00+05:30,1103.0,1105.0,1102.0,1104.95,483635,0
2026-04-20T09:50:00+05:30,1104.95,1105.5,1103.45,1105.2,328267,0
2026-04-20T09:55:00+05:30,1104.95,1105.15,1102.0,1103.9,214239,0
2026-04-20T10:00:00+05:30,1103.45,1107.3,1102.9,1106.3,363913,0
2026-04-20T10:05:00+05:30,1106.2,1108.0,1105.5,1107.95,345886,0
2026-04-20T10:10:00+05:30,1107.95,1109.0,1107.0,1108.95,469857,0
2026-04-20T10:15:00+05:30,1108.9,1110.65,1107.5,1109.9,551868,0
2026-04-20T10:20:00+05:30,1109.9,1111.05,1108.2,1110.1,479137,0
2026-04-20T10:25:00+05:30,1110.0,1110.1,1107.35,1108.3,251150,0
2026-04-20T10:30:00+05:30,1108.35,1111.4,1108.3,1110.7,328546,0
2026-04-20T10:35:00+05:30,1110.6,1115.25,1110.4,1115.05,1423520,0
2026-04-20T10:40:00+05:30,1115.05,1115.85,1113.8,1114.0,843538,0
2026-04-20T10:45:00+05:30,1114.0,1114.9,1112.5,1113.95,397342,0
2026-04-20T10:50:00+05:30,1113.95,1116.4,1113.1,1116.0,401246,0
2026-04-20T10:55:00+05:30,1116.0,1118.3,1115.0,1117.6,532908,0
2026-04-20T11:00:00+05:30,1117.6,1120.95,1116.85,1119.95,605998,0
2026-04-20T11:05:00+05:30,1119.95,1120.3,1116.1,1117.0,548048,0
2026-04-20T11:10:00+05:30,1117.0,1117.7,1114.25,1114.85,753336,0
2026-04-20T11:15:00+05:30,1114.85,1116.5,1114.7,1115.5,237396,0
2026-04-20T11:20:00+05:30,1115.35,1116.9,1114.85,1116.9,621689,0
2026-04-20T11:25:00+05:30,1116.85,1119.75,1116.8,1118.85,402701,0
2026-04-20T11:30:00+05:30,1118.85,1119.7,1115.2,1115.25,423343,0
2026-04-20T11:35:00+05:30,1115.3,1117.05,1114.85,1116.45,827043,0
2026-04-20T11:40:00+05:30,1116.5,1116.8,1115.1,1115.9,421407,0
2026-04-20T11:45:00+05:30,1115.9,1116.5,1115.0,1115.7,189878,0
2026-04-20T11:50:00+05:30,1115.8,1116.7,1115.5,1116.45,179504,0
2026-04-20T11:55:00+05:30,1116.5,1116.5,1115.45,1115.95,155223,0
2026-04-20T12:00:00+05:30,1116.0,1116.9,1115.05,1115.35,207216,0
2026-04-20T12:05:00+05:30,1115.35,1115.45,1112.5,1113.2,355358,0
2026-04-20T12:10:00+05:30,1113.2,1114.0,1111.0,1111.5,357767,0
2026-04-20T12:15:00+05:30,1111.45,1112.0,1110.4,1111.5,304154,0
2026-04-20T12:20:00+05:30,1111.4,1113.9,1111.15,1113.45,300426,0
2026-04-20T12:25:00+05:30,1113.5,1115.0,1113.3,1114.1,398041,0
2026-04-20T12:30:00+05:30,1114.15,1114.5,1112.25,1112.95,273274,0
2026-04-20T12:35:00+05:30,1113.0,1113.85,1111.95,1113.1,235241,0
2026-04-20T12:40:00+05:30,1113.15,1115.05,1112.0,1112.25,543014,0
2026-04-20T12:45:00+05:30,1112.35,1113.25,1111.0,1113.0,257469,0
2026-04-20T12:50:00+05:30,1112.85,1113.7,1112.3,1112.6,172649,0
2026-04-20T12:55:00+05:30,1112.5,1113.2,1110.1,1110.4,272485,0
2026-04-20T13:00:00+05:30,1110.65,1111.0,1107.5,1110.45,307401,0
2026-04-20T13:05:00+05:30,1110.45,1110.5,1108.35,1108.35,256770,0
2026-04-20T13:10:00+05:30,1108.55,1108.95,1106.65,1107.25,403097,0
2026-04-20T13:15:00+05:30,1107.3,1109.3,1106.0,1107.95,277714,0
2026-04-20T13:20:00+05:30,1108.0,1108.25,1105.6,1106.5,413685,0
2026-04-20T13:25:00+05:30,1106.5,1107.0,1104.5,1106.75,386620,0
2026-04-20T13:30:00+05:30,1106.85,1109.0,1106.7,1107.5,272351,0
2026-04-20T13:35:00+05:30,1107.55,1108.0,1104.95,1105.2,413918,0
2026-04-20T13:40:00+05:30,1105.25,1107.85,1105.1,1107.5,175720,0
2026-04-20T13:45:00+05:30,1107.35,1108.3,1107.2,1107.65,272782,0
2026-04-20T13:50:00+05:30,1107.65,1108.4,1107.5,1107.8,308460,0
2026-04-20T13:55:00+05:30,1107.85,1108.5,1107.1,1107.9,317257,0
2026-04-20T14:00:00+05:30,1107.8,1108.65,1105.4,1107.9,455050,0
2026-04-20T14:05:00+05:30,1107.9,1108.0,1106.25,1106.85,280242,0
2026-04-20T14:10:00+05:30,1106.85,1108.0,1106.0,1106.45,279462,0
2026-04-20T14:15:00+05:30,1106.5,1106.75,1106.1,1106.4,206637,0
2026-04-20T14:20:00+05:30,1106.45,1108.45,1106.35,1107.8,338501,0
2026-04-20T14:25:00+05:30,1107.75,1108.5,1106.7,1107.85,611948,0
2026-04-20T14:30:00+05:30,1107.9,1107.95,1105.5,1107.1,255332,0
2026-04-20T14:35:00+05:30,1107.1,1107.9,1106.1,1106.85,279000,0
2026-04-20T14:40:00+05:30,1106.85,1107.45,1106.1,1106.8,242989,0
2026-04-20T14:45:00+05:30,1106.7,1107.5,1106.15,1107.1,260601,0
2026-04-20T14:50:00+05:30,1107.1,1108.0,1107.0,1108.0,184525,0
2026-04-20T14:55:00+05:30,1107.95,1108.1,1107.05,1107.75,302111,0
2026-04-20T15:00:00+05:30,1107.75,1110.8,1107.7,1109.65,476750,0
2026-04-20T15:05:00+05:30,1109.65,1109.8,1108.35,1109.35,416143,0
2026-04-20T15:10:00+05:30,1109.4,1110.05,1108.2,1109.1,588316,0
2026-04-20T15:15:00+05:30,1109.1,1109.4,1105.2,1105.3,656678,0
2026-04-20T15:20:00+05:30,1105.45,1106.35,1105.1,1105.3,520641,0
2026-04-20T15:25:00+05:30,1105.35,1106.5,1103.35,1104.0,352284,0
2026-04-21T09:15:00+05:30,1113.4,1114.0,1107.05,1109.6,907459,0
2026-04-21T09:20:00+05:30,1109.55,1110.0,1107.3,1107.3,224804,0
2026-04-21T09:25:00+05:30,1107.75,1111.0,1107.1,1110.0,226874,0
2026-04-21T09:30:00+05:30,1110.0,1113.0,1109.65,1112.5,574202,0
2026-04-21T09:35:00+05:30,1112.7,1113.6,1110.5,1110.75,184764,0
2026-04-21T09:40:00+05:30,1110.7,1111.0,1108.2,1110.5,135459,0
2026-04-21T09:45:00+05:30,1110.5,1112.55,1110.35,1112.2,197610,0
2026-04-21T09:50:00+05:30,1112.2,1112.6,1109.7,1110.8,133050,0
2026-04-21T09:55:00+05:30,1110.45,1112.0,1110.15,1111.5,127514,0
2026-04-21T10:00:00+05:30,1111.5,1111.8,1110.2,1110.6,52411,0
2026-04-21T10:05:00+05:30,1110.5,1111.1,1108.1,1108.85,152276,0
2026-04-21T10:10:00+05:30,1108.8,1108.95,1107.2,1107.6,127337,0
2026-04-21T10:15:00+05:30,1107.55,1108.7,1107.3,1108.3,80131,0
2026-04-21T10:20:00+05:30,1108.1,1108.3,1107.2,1107.85,92173,0
2026-04-21T10:25:00+05:30,1107.8,1107.95,1105.95,1106.15,147105,0
2026-04-21T10:30:00+05:30,1106.35,1109.5,1106.0,1109.5,174645,0
2026-04-21T10:35:00+05:30,1109.35,1110.25,1109.05,1109.95,219518,0
2026-04-21T10:40:00+05:30,1109.9,1111.0,1109.0,1110.0,263336,0
2026-04-21T10:45:00+05:30,1110.1,1110.15,1108.8,1109.8,76959,0
2026-04-21T10:50:00+05:30,1109.75,1110.45,1109.3,1110.2,103135,0
2026-04-21T10:55:00+05:30,1110.25,1110.85,1109.75,1110.15,230393,0
2026-04-21T11:00:00+05:30,1110.3,1110.65,1109.5,1110.35,171598,0
2026-04-21T11:05:00+05:30,1110.3,1111.75,1109.5,1111.25,310887,0
2026-04-21T11:10:00+05:30,1111.05,1111.6,1110.65,1111.15,184847,0
2026-04-21T11:15:00+05:30,1111.15,1111.3,1109.5,1111.3,60518,0
2026-04-21T11:20:00+05:30,1111.3,1111.8,1110.8,1111.2,149939,0
2026-04-21T11:25:00+05:30,1111.2,1111.2,1110.25,1111.0,102155,0
2026-04-21T11:30:00+05:30,1111.0,1111.0,1108.8,1109.5,116010,0
2026-04-21T11:35:00+05:30,1109.5,1111.85,1108.45,1111.0,146519,0
2026-04-21T11:40:00+05:30,1110.95,1111.1,1109.95,1111.0,120510,0
2026-04-21T11:45:00+05:30,1111.0,1111.1,1109.75,1110.0,123039,0
2026-04-21T11:50:00+05:30,1110.0,1110.7,1108.55,1109.0,168235,0
2026-04-21T11:55:00+05:30,1108.9,1110.05,1108.7,1109.85,103873,0
2026-04-21T12:00:00+05:30,1109.8,1110.65,1109.25,1109.9,146387,0
2026-04-21T12:05:00+05:30,1110.0,1110.55,1109.75,1110.15,84354,0
2026-04-21T12:10:00+05:30,1110.15,1111.7,1110.0,1110.7,385086,0
2026-04-21T12:15:00+05:30,1110.7,1111.15,1108.8,1109.85,136539,0
2026-04-21T12:20:00+05:30,1109.8,1110.5,1109.4,1110.1,101147,0
2026-04-21T12:25:00+05:30,1110.1,1110.75,1109.8,1110.4,208190,0
2026-04-21T12:30:00+05:30,1110.45,1111.25,1110.2,1110.6,297101,0
2026-04-21T12:35:00+05:30,1110.55,1111.0,1110.4,1111.0,67943,0
2026-04-21T12:40:00+05:30,1110.95,1111.35,1110.8,1111.1,79879,0
2026-04-21T12:45:00+05:30,1111.05,1111.2,1111.0,1111.1,106119,0
2026-04-21T12:50:00+05:30,1111.05,1113.6,1111.05,1113.3,486373,0
2026-04-21T12:55:00+05:30,1113.3,1113.95,1111.55,1112.0,510979,0
2026-04-21T13:00:00+05:30,1112.1,1113.05,1111.6,1111.6,136884,0
2026-04-21T13:05:00+05:30,1111.7,1112.6,1110.65,1111.0,229770,0
2026-04-21T13:10:00+05:30,1110.95,1111.3,1110.4,1111.0,79457,0
2026-04-21T13:15:00+05:30,1111.0,1111.8,1110.7,1111.0,103383,0
2026-04-21T13:20:00+05:30,1111.0,1111.0,1110.5,1111.0,120876,0
2026-04-21T13:25:00+05:30,1111.0,1111.8,1110.45,1111.0,182701,0
2026-04-21T13:30:00+05:30,1110.8,1111.0,1110.45,1111.0,96699,0
2026-04-21T13:35:00+05:30,1111.0,1111.75,1109.25,1110.2,264273,0
2026-04-21T13:40:00+05:30,1110.2,1112.0,1109.1,1110.0,277769,0
2026-04-21T13:45:00+05:30,1109.95,1111.9,1109.6,1111.9,142204,0
2026-04-21T13:50:00+05:30,1111.8,1111.9,1110.6,1111.0,161800,0
2026-04-21T13:55:00+05:30,1110.95,1112.0,1110.95,1111.5,179499,0
2026-04-21T14:00:00+05:30,1111.5,1111.7,1110.05,1111.25,285108,0
2026-04-21T14:05:00+05:30,1111.25,1111.3,1110.25,1110.85,75658,0
2026-04-21T14:10:00+05:30,1110.95,1111.55,1109.7,1111.0,155258,0
2026-04-21T14:15:00+05:30,1111.0,1112.5,1110.9,1111.85,194964,0
2026-04-21T14:20:00+05:30,1111.6,1113.3,1110.95,1113.25,174057,0
2026-04-21T14:25:00+05:30,1113.3,1113.3,1112.05,1112.95,312963,0
2026-04-21T14:30:00+05:30,1112.95,1113.5,1111.7,1112.1,154129,0
2026-04-21T14:35:00+05:30,1112.1,1112.35,1111.8,1112.0,108719,0
2026-04-21T14:40:00+05:30,1112.0,1112.65,1111.0,1111.45,183411,0
2026-04-21T14:45:00+05:30,1111.75,1114.75,1111.0,1112.95,711125,0
2026-04-21T14:50:00+05:30,1112.95,1113.8,1111.5,1112.0,206634,0
2026-04-21T14:55:00+05:30,1111.95,1112.75,1111.8,1112.3,129256,0
2026-04-21T15:00:00+05:30,1112.3,1114.2,1110.75,1112.1,932918,0
2026-04-21T15:05:00+05:30,1112.1,1112.5,1111.0,1111.9,469076,0
2026-04-21T15:10:00+05:30,1112.05,1113.3,1110.95,1112.35,537899,0
2026-04-21T15:15:00+05:30,1112.05,1113.0,1109.75,1110.35,516357,0
2026-04-21T15:20:00+05:30,1110.6,1112.8,1110.0,1112.6,468595,0
2026-04-21T15:25:00+05:30,1112.6,1114.0,1108.0,1111.7,517441,0
2026-04-22T09:15:00+05:30,1110.0,1117.85,1107.0,1113.05,452417,0
2026-04-22T09:20:00+05:30,1112.65,1113.65,1111.05,1112.65,225341,0
2026-04-22T09:25:00+05:30,1112.7,1112.9,1110.0,1111.0,204158,0
2026-04-22T09:30:00+05:30,1111.0,1111.0,1107.2,1108.75,125221,0
2026-04-22T09:35:00+05:30,1108.8,1109.35,1105.25,1105.75,446916,0
2026-04-22T09:40:00+05:30,1105.75,1106.3,1103.2,1104.1,199547,0
2026-04-22T09:45:00+05:30,1104.3,1105.65,1103.5,1105.45,89386,0
2026-04-22T09:50:00+05:30,1105.45,1105.55,1104.0,1104.1,143319,0
2026-04-22T09:55:00+05:30,1104.2,1104.65,1102.5,1102.5,93646,0
2026-04-22T10:00:00+05:30,1102.7,1102.75,1100.1,1101.45,148568,0
2026-04-22T10:05:00+05:30,1101.45,1103.45,1100.7,1103.05,111287,0
2026-04-22T10:10:00+05:30,1103.1,1103.9,1101.85,1103.0,128839,0
2026-04-22T10:15:00+05:30,1102.95,1104.15,1102.75,1103.9,61517,0
2026-04-22T10:20:00+05:30,1103.9,1104.0,1102.55,1103.15,62769,0
2026-04-22T10:25:00+05:30,1103.0,1103.4,1101.95,1102.35,53175,0
2026-04-22T10:30:00+05:30,1102.35,1103.5,1102.05,1103.1,46016,0
2026-04-22T10:35:00+05:30,1102.9,1104.45,1102.65,1104.3,72944,0
2026-04-22T10:40:00+05:30,1104.25,1107.6,1104.0,1107.1,471636,0
2026-04-22T10:45:00+05:30,1107.4,1108.5,1106.5,1107.75,473729,0
2026-04-22T10:50:00+05:30,1107.75,1110.25,1107.4,1110.0,517188,0
2026-04-22T10:55:00+05:30,1110.15,1110.5,1109.25,1109.9,296960,0
2026-04-22T11:00:00+05:30,1109.95,1109.95,1108.2,1108.8,120384,0
2026-04-22T11:05:00+05:30,1108.75,1109.0,1108.0,1108.6,115081,0
2026-04-22T11:10:00+05:30,1108.6,1109.0,1108.0,1108.75,113672,0
2026-04-22T11:15:00+05:30,1108.8,1108.95,1108.65,1108.8,93660,0
2026-04-22T11:20:00+05:30,1108.8,1110.15,1108.25,1108.95,256889,0
2026-04-22T11:25:00+05:30,1108.95,1109.0,1107.0,1107.1,98491,0
2026-04-22T11:30:00+05:30,1107.25,1108.1,1107.1,1107.5,156078,0
2026-04-22T11:35:00+05:30,1107.5,1107.7,1105.5,1106.05,108179,0
2026-04-22T11:40:00+05:30,1105.95,1106.95,1105.5,1106.5,76355,0
2026-04-22T11:45:00+05:30,1106.4,1106.45,1104.4,1104.95,85554,0
2026-04-22T11:50:00+05:30,1104.95,1106.0,1104.9,1105.75,233950,0
2026-04-22T11:55:00+05:30,1105.9,1106.2,1104.9,1106.05,294544,0
2026-04-22T12:00:00+05:30,1105.75,1106.2,1104.85,1105.0,291779,0
2026-04-22T12:05:00+05:30,1104.95,1105.0,1103.75,1104.0,102102,0
2026-04-22T12:10:00+05:30,1103.95,1104.15,1101.6,1103.55,146003,0
2026-04-22T12:15:00+05:30,1103.45,1104.0,1103.1,1103.65,67852,0
2026-04-22T12:20:00+05:30,1103.65,1104.25,1102.85,1103.0,127925,0
2026-04-22T12:25:00+05:30,1102.9,1105.0,1102.8,1104.85,207937,0
2026-04-22T12:30:00+05:30,1104.7,1105.0,1104.6,1104.95,114587,0
2026-04-22T12:35:00+05:30,1104.95,1105.0,1103.15,1104.75,89282,0
2026-04-22T12:40:00+05:30,1104.7,1105.0,1104.25,1104.8,48940,0
2026-04-22T12:45:00+05:30,1104.95,1105.0,1103.5,1103.85,122555,0
2026-04-22T12:50:00+05:30,1103.75,1104.0,1103.25,1103.5,80257,0
2026-04-22T12:55:00+05:30,1103.5,1104.1,1103.05,1103.9,53078,0
2026-04-22T13:00:00+05:30,1103.85,1104.1,1103.35,1103.75,51677,0
2026-04-22T13:05:00+05:30,1103.75,1104.95,1103.5,1103.75,101710,0
2026-04-22T13:10:00+05:30,1103.7,1104.4,1103.0,1103.95,280344,0
2026-04-22T13:15:00+05:30,1103.95,1104.4,1103.6,1103.8,75556,0
2026-04-22T13:20:00+05:30,1103.8,1104.1,1102.8,1102.95,117669,0
2026-04-22T13:25:00+05:30,1103.0,1104.5,1102.85,1104.45,184844,0
2026-04-22T13:30:00+05:30,1104.45,1105.7,1103.9,1105.45,135774,0
2026-04-22T13:35:00+05:30,1105.35,1105.65,1104.2,1104.8,126553,0
2026-04-22T13:40:00+05:30,1104.8,1105.5,1104.5,1105.4,72529,0
2026-04-22T13:45:00+05:30,1105.45,1105.65,1105.35,1105.4,110930,0
2026-04-22T13:50:00+05:30,1105.45,1105.65,1103.8,1104.3,147350,0
2026-04-22T13:55:00+05:30,1104.3,1105.0,1104.05,1104.9,85673,0
2026-04-22T14:00:00+05:30,1104.9,1105.0,1102.6,1103.1,120254,0
2026-04-22T14:05:00+05:30,1103.0,1104.3,1102.85,1103.0,164348,0
2026-04-22T14:10:00+05:30,1103.05,1103.95,1102.0,1103.85,148804,0
2026-04-22T14:15:00+05:30,1103.75,1103.95,1102.0,1103.1,119649,0
2026-04-22T14:20:00+05:30,1103.1,1103.85,1102.85,1103.75,58635,0
2026-04-22T14:25:00+05:30,1103.75,1104.45,1103.65,1104.05,80825,0
2026-04-22T14:30:00+05:30,1104.1,1105.0,1103.65,1104.95,90249,0
2026-04-22T14:35:00+05:30,1104.95,1105.3,1103.5,1104.15,373888,0
2026-04-22T14:40:00+05:30,1104.15,1105.0,1103.0,1103.2,115233,0
2026-04-22T14:45:00+05:30,1103.2,1103.95,1102.3,1103.55,151403,0
2026-04-22T14:50:00+05:30,1103.6,1104.0,1102.95,1104.0,136719,0
2026-04-22T14:55:00+05:30,1104.0,1104.45,1103.6,1104.3,133543,0
2026-04-22T15:00:00+05:30,1104.15,1104.4,1102.9,1103.2,263757,0
2026-04-22T15:05:00+05:30,1103.15,1104.5,1102.95,1104.0,251907,0
2026-04-22T15:10:00+05:30,1103.95,1104.35,1103.15,1103.25,208269,0
2026-04-22T15:15:00+05:30,1103.25,1103.6,1102.0,1102.95,269069,0
2026-04-22T15:20:00+05:30,1102.95,1103.6,1101.75,1103.15,276366,0
2026-04-22T15:25:00+05:30,1103.15,1103.95,1101.35,1103.2,283849,0
2026-04-23T09:15:00+05:30,1095.0,1101.85,1093.7,1099.15,489501,0
2026-04-23T09:20:00+05:30,1099.25,1100.4,1096.5,1099.25,257656,0
2026-04-23T09:25:00+05:30,1099.4,1101.0,1098.2,1100.3,165650,0
2026-04-23T09:30:00+05:30,1100.3,1101.9,1097.5,1098.25,181724,0
2026-04-23T09:35:00+05:30,1098.25,1098.8,1096.7,1097.85,129305,0
2026-04-23T09:40:00+05:30,1098.0,1098.45,1096.95,1097.9,124158,0
2026-04-23T09:45:00+05:30,1097.95,1098.75,1097.0,1097.8,132175,0
2026-04-23T09:50:00+05:30,1098.05,1099.8,1097.95,1098.5,429314,0
2026-04-23T09:55:00+05:30,1098.5,1100.9,1098.25,1099.4,205429,0
2026-04-23T10:00:00+05:30,1099.55,1099.65,1098.0,1098.2,123124,0
2026-04-23T10:05:00+05:30,1098.25,1098.6,1096.2,1096.9,240010,0
2026-04-23T10:10:00+05:30,1096.9,1098.0,1095.65,1097.0,161646,0
2026-04-23T10:15:00+05:30,1097.0,1097.35,1095.3,1096.45,111979,0
2026-04-23T10:20:00+05:30,1096.9,1097.35,1096.2,1096.7,49413,0
2026-04-23T10:25:00+05:30,1096.7,1097.45,1096.1,1096.8,33669,0
2026-04-23T10:30:00+05:30,1096.9,1097.3,1096.1,1097.1,65083,0
2026-04-23T10:35:00+05:30,1097.2,1097.7,1095.5,1096.2,241228,0
2026-04-23T10:40:00+05:30,1096.2,1096.6,1095.15,1096.15,316076,0
2026-04-23T10:45:00+05:30,1096.15,1096.6,1094.7,1096.1,302825,0
2026-04-23T10:50:00+05:30,1096.3,1097.05,1095.2,1096.6,196036,0
2026-04-23T10:55:00+05:30,1096.6,1097.85,1096.2,1097.3,148091,0
2026-04-23T11:00:00+05:30,1097.2,1097.55,1095.85,1097.1,181328,0
2026-04-23T11:05:00+05:30,1097.1,1097.5,1096.25,1097.3,72232,0
2026-04-23T11:10:00+05:30,1097.3,1097.65,1096.25,1097.25,108720,0
2026-04-23T11:15:00+05:30,1097.4,1097.9,1096.35,1096.5,167575,0
2026-04-23T11:20:00+05:30,1096.5,1098.45,1096.35,1097.6,292348,0
2026-04-23T11:25:00+05:30,1097.65,1098.9,1097.3,1098.4,319710,0
2026-04-23T11:30:00+05:30,1098.55,1100.0,1098.1,1098.6,137102,0
2026-04-23T11:35:00+05:30,1098.55,1099.65,1098.4,1099.45,126755,0
2026-04-23T11:40:00+05:30,1099.45,1099.8,1098.05,1099.25,150765,0
2026-04-23T11:45:00+05:30,1099.25,1100.0,1098.1,1099.1,83279,0
2026-04-23T11:50:00+05:30,1099.2,1099.6,1098.0,1098.65,42771,0
2026-04-23T11:55:00+05:30,1098.85,1098.85,1096.0,1096.1,91198,0
2026-04-23T12:00:00+05:30,1096.25,1096.6,1095.1,1096.1,54509,0
2026-04-23T12:05:00+05:30,1096.1,1097.35,1095.85,1096.6,67504,0
2026-04-23T12:10:00+05:30,1096.85,1096.95,1095.9,1096.85,38147,0
2026-04-23T12:15:00+05:30,1096.8,1097.75,1096.1,1096.5,34550,0
2026-04-23T12:20:00+05:30,1096.55,1097.8,1096.2,1096.5,58311,0
2026-04-23T12:25:00+05:30,1096.5,1096.5,1090.9,1091.45,186667,0
2026-04-23T12:30:00+05:30,1091.45,1092.2,1090.65,1091.7,141224,0
2026-04-23T12:35:00+05:30,1091.95,1092.4,1088.9,1090.45,226311,0
2026-04-23T12:40:00+05:30,1090.7,1090.7,1088.1,1088.8,103549,0
2026-04-23T12:45:00+05:30,1088.8,1088.8,1085.55,1087.05,121114,0
2026-04-23T12:50:00+05:30,1087.3,1087.9,1082.2,1085.85,153913,0
2026-04-23T12:55:00+05:30,1086.0,1086.65,1085.35,1085.75,69914,0
2026-04-23T13:00:00+05:30,1085.8,1086.05,1084.6,1085.4,75168,0
2026-04-23T13:05:00+05:30,1085.4,1087.8,1085.2,1087.7,92971,0
2026-04-23T13:10:00+05:30,1087.7,1087.9,1086.75,1087.9,69111,0
2026-04-23T13:15:00+05:30,1087.9,1090.0,1086.35,1089.9,237831,0
2026-04-23T13:20:00+05:30,1089.95,1091.55,1089.7,1090.9,199011,0
2026-04-23T13:25:00+05:30,1090.8,1092.55,1090.45,1092.0,300217,0
2026-04-23T13:30:00+05:30,1091.9,1092.0,1089.55,1090.2,186739,0
2026-04-23T13:35:00+05:30,1090.25,1090.25,1086.0,1088.35,232382,0
2026-04-23T13:40:00+05:30,1088.15,1088.8,1086.25,1087.1,59209,0
2026-04-23T13:45:00+05:30,1087.1,1088.1,1086.5,1087.85,159116,0
2026-04-23T13:50:00+05:30,1087.9,1091.0,1087.3,1090.7,96711,0
2026-04-23T13:55:00+05:30,1090.95,1092.15,1090.2,1091.2,85902,0
2026-04-23T14:00:00+05:30,1091.2,1092.0,1090.85,1091.4,209858,0
2026-04-23T14:05:00+05:30,1091.4,1091.95,1090.7,1091.1,65206,0
2026-04-23T14:10:00+05:30,1091.1,1091.1,1089.95,1090.95,202794,0
2026-04-23T14:15:00+05:30,1090.95,1091.85,1090.25,1090.65,115518,0
2026-04-23T14:20:00+05:30,1091.0,1091.3,1090.0,1090.95,166661,0
2026-04-23T14:25:00+05:30,1090.95,1090.95,1089.95,1090.0,158098,0
2026-04-23T14:30:00+05:30,1090.1,1091.2,1090.0,1090.9,89696,0
2026-04-23T14:35:00+05:30,1091.0,1091.9,1090.6,1091.2,123974,0
2026-04-23T14:40:00+05:30,1091.2,1091.95,1090.8,1091.6,129417,0
2026-04-23T14:45:00+05:30,1091.65,1093.0,1091.5,1092.5,170792,0
2026-04-23T14:50:00+05:30,1092.5,1093.9,1092.45,1093.4,303623,0
2026-04-23T14:55:00+05:30,1093.4,1094.4,1093.0,1093.8,127688,0
2026-04-23T15:00:00+05:30,1093.9,1095.5,1092.6,1094.3,1009208,0
2026-04-23T15:05:00+05:30,1094.3,1095.15,1092.5,1093.9,472278,0
2026-04-23T15:10:00+05:30,1093.75,1094.5,1092.75,1094.25,442713,0
2026-04-23T15:15:00+05:30,1094.2,1095.5,1094.0,1095.0,292575,0
2026-04-23T15:20:00+05:30,1095.1,1095.5,1094.2,1095.2,281553,0
2026-04-23T15:25:00+05:30,1095.2,1096.0,1093.05,1095.0,280316,0
2026-04-24T09:15:00+05:30,1091.35,1101.5,1091.35,1100.55,357988,0
2026-04-24T09:20:00+05:30,1100.7,1101.25,1098.45,1099.0,475650,0
2026-04-24T09:25:00+05:30,1099.0,1099.0,1095.5,1095.55,139531,0
2026-04-24T09:30:00+05:30,1095.55,1097.45,1094.45,1096.0,132660,0
2026-04-24T09:35:00+05:30,1096.0,1096.65,1094.25,1095.0,67106,0
2026-04-24T09:40:00+05:30,1095.0,1095.2,1093.2,1093.3,62139,0
2026-04-24T09:45:00+05:30,1093.35,1094.15,1090.05,1093.65,367742,0
2026-04-24T09:50:00+05:30,1093.2,1094.85,1092.2,1093.6,83133,0
2026-04-24T09:55:00+05:30,1093.55,1093.65,1092.0,1093.0,38649,0
2026-04-24T10:00:00+05:30,1093.0,1095.8,1092.8,1094.95,213456,0
2026-04-24T10:05:00+05:30,1094.95,1095.6,1094.5,1094.85,393774,0
2026-04-24T10:10:00+05:30,1095.1,1095.85,1094.5,1095.2,276518,0
2026-04-24T10:15:00+05:30,1095.0,1095.35,1094.2,1094.5,77342,0
2026-04-24T10:20:00+05:30,1094.45,1094.75,1093.0,1093.95,71006,0
2026-04-24T10:25:00+05:30,1093.95,1094.4,1092.6,1093.0,58926,0
2026-04-24T10:30:00+05:30,1092.95,1093.65,1092.6,1093.3,61386,0
2026-04-24T10:35:00+05:30,1093.3,1093.4,1092.1,1092.85,51308,0
2026-04-24T10:40:00+05:30,1093.0,1094.9,1092.3,1094.2,324678,0
2026-04-24T10:45:00+05:30,1094.2,1095.0,1093.6,1094.1,135317,0
2026-04-24T10:50:00+05:30,1094.1,1095.0,1093.65,1095.0,160680,0
2026-04-24T10:55:00+05:30,1095.0,1096.8,1094.5,1095.05,216485,0
2026-04-24T11:00:00+05:30,1095.1,1095.95,1094.5,1095.9,147837,0
2026-04-24T11:05:00+05:30,1095.9,1097.45,1095.5,1096.6,288322,0
2026-04-24T11:10:00+05:30,1096.45,1096.7,1094.55,1095.05,86153,0
2026-04-24T11:15:00+05:30,1095.05,1096.1,1093.65,1095.15,480365,0
2026-04-24T11:20:00+05:30,1095.15,1097.1,1094.95,1096.95,166841,0
2026-04-24T11:25:00+05:30,1096.9,1097.5,1096.4,1096.8,218292,0
2026-04-24T11:30:00+05:30,1096.8,1097.9,1096.55,1096.9,361775,0
2026-04-24T11:35:00+05:30,1096.95,1097.5,1095.55,1096.4,84788,0
2026-04-24T11:40:00+05:30,1096.45,1097.0,1095.3,1095.95,69777,0
2026-04-24T11:45:00+05:30,1095.95,1096.8,1095.3,1095.75,97250,0
2026-04-24T11:50:00+05:30,1095.75,1096.05,1095.05,1096.0,61861,0
2026-04-24T11:55:00+05:30,1096.05,1096.4,1095.05,1095.9,60859,0
2026-04-24T12:00:00+05:30,1095.9,1096.4,1095.5,1095.95,49861,0
2026-04-24T12:05:00+05:30,1095.95,1096.5,1094.3,1095.95,205071,0
2026-04-24T12:10:00+05:30,1095.95,1098.4,1095.7,1097.4,380760,0
2026-04-24T12:15:00+05:30,1097.4,1098.3,1095.0,1096.25,282217,0
2026-04-24T12:20:00+05:30,1096.25,1096.5,1093.35,1093.55,88003,0
2026-04-24T12:25:00+05:30,1093.65,1094.0,1092.1,1092.75,172405,0
2026-04-24T12:30:00+05:30,1092.7,1094.5,1092.4,1093.8,277987,0
2026-04-24T12:35:00+05:30,1093.85,1094.2,1092.45,1093.45,269504,0
2026-04-24T12:40:00+05:30,1093.4,1094.0,1092.5,1092.6,102628,0
2026-04-24T12:45:00+05:30,1092.55,1094.5,1092.5,1094.25,58614,0
2026-04-24T12:50:00+05:30,1094.2,1095.8,1094.2,1095.15,115919,0
2026-04-24T12:55:00+05:30,1095.1,1095.75,1094.7,1095.15,94411,0
2026-04-24T13:00:00+05:30,1095.1,1095.15,1093.75,1094.6,64831,0
2026-04-24T13:05:00+05:30,1094.6,1095.45,1094.5,1095.1,82410,0
2026-04-24T13:10:00+05:30,1095.0,1095.25,1094.1,1095.1,122097,0
2026-04-24T13:15:00+05:30,1094.95,1096.05,1094.7,1095.2,150368,0
2026-04-24T13:20:00+05:30,1095.05,1095.6,1094.5,1094.9,81126,0
2026-04-24T13:25:00+05:30,1094.8,1096.4,1094.5,1096.0,105487,0
2026-04-24T13:30:00+05:30,1095.75,1096.25,1094.8,1095.1,126068,0
2026-04-24T13:35:00+05:30,1095.1,1095.75,1093.5,1094.25,61414,0
2026-04-24T13:40:00+05:30,1094.55,1095.55,1092.7,1093.15,117471,0
2026-04-24T13:45:00+05:30,1093.2,1094.7,1093.0,1094.25,59132,0
2026-04-24T13:50:00+05:30,1094.2,1095.55,1093.7,1095.2,93601,0
2026-04-24T13:55:00+05:30,1095.0,1095.6,1094.45,1095.3,87132,0
2026-04-24T14:00:00+05:30,1095.3,1095.95,1094.9,1095.85,75665,0
2026-04-24T14:05:00+05:30,1095.45,1097.25,1094.8,1096.8,97271,0
2026-04-24T14:10:00+05:30,1096.7,1097.5,1096.6,1097.15,172159,0
2026-04-24T14:15:00+05:30,1096.95,1100.4,1096.95,1099.55,638018,0
2026-04-24T14:20:00+05:30,1099.55,1100.85,1098.2,1099.15,380871,0
2026-04-24T14:25:00+05:30,1099.05,1100.5,1098.3,1099.55,257486,0
2026-04-24T14:30:00+05:30,1099.65,1102.85,1099.55,1102.2,502658,0
2026-04-24T14:35:00+05:30,1102.35,1103.5,1101.35,1102.35,249388,0
2026-04-24T14:40:00+05:30,1102.15,1106.0,1101.1,1105.5,368060,0
2026-04-24T14:45:00+05:30,1105.2,1105.5,1101.55,1102.8,226402,0
2026-04-24T14:50:00+05:30,1102.8,1103.35,1100.35,1101.55,195310,0
2026-04-24T14:55:00+05:30,1101.55,1101.9,1100.2,1101.45,138156,0
2026-04-24T15:00:00+05:30,1101.55,1101.55,1099.1,1099.8,297927,0
2026-04-24T15:05:00+05:30,1099.8,1102.2,1098.3,1101.7,173458,0
2026-04-24T15:10:00+05:30,1101.7,1101.9,1101.25,1101.85,137694,0
2026-04-24T15:15:00+05:30,1101.8,1103.0,1101.5,1101.8,234583,0
2026-04-24T15:20:00+05:30,1101.8,1102.15,1100.5,1101.25,196982,0
2026-04-24T15:25:00+05:30,1101.3,1101.5,1098.3,1100.95,231468,0
2026-04-27T09:15:00+05:30,1110.95,1113.85,1108.2,1111.2,357079,0
2026-04-27T09:20:00+05:30,1111.2,1114.8,1110.35,1111.75,226471,0
2026-04-27T09:25:00+05:30,1111.65,1112.2,1110.1,1111.25,114655,0
2026-04-27T09:30:00+05:30,1111.05,1112.3,1108.9,1109.65,171687,0
2026-04-27T09:35:00+05:30,1109.65,1111.0,1106.65,1110.2,525345,0
2026-04-27T09:40:00+05:30,1110.2,1110.45,1108.25,1108.7,138928,0
2026-04-27T09:45:00+05:30,1108.7,1111.55,1108.45,1111.35,132345,0
2026-04-27T09:50:00+05:30,1111.35,1112.3,1110.7,1111.2,86304,0
2026-04-27T09:55:00+05:30,1111.05,1111.95,1110.2,1110.4,64121,0
2026-04-27T10:00:00+05:30,1110.35,1111.0,1108.2,1108.45,196102,0
2026-04-27T10:05:00+05:30,1108.3,1110.5,1107.05,1110.05,268776,0
2026-04-27T10:10:00+05:30,1110.05,1110.7,1108.6,1108.7,65128,0
2026-04-27T10:15:00+05:30,1108.7,1109.9,1108.3,1108.55,44821,0
2026-04-27T10:20:00+05:30,1108.55,1108.55,1105.25,1105.6,118321,0
2026-04-27T10:25:00+05:30,1105.6,1109.05,1103.4,1108.45,663119,0
2026-04-27T10:30:00+05:30,1108.45,1108.85,1105.9,1108.0,341718,0
2026-04-27T10:35:00+05:30,1108.0,1108.35,1106.3,1106.95,251285,0
2026-04-27T10:40:00+05:30,1106.95,1108.15,1106.5,1108.0,188728,0
2026-04-27T10:45:00+05:30,1107.75,1108.5,1105.2,1108.25,270093,0
2026-04-27T10:50:00+05:30,1108.25,1109.3,1108.15,1108.75,84680,0
2026-04-27T10:55:00+05:30,1108.6,1110.05,1107.95,1108.9,105629,0
2026-04-27T11:00:00+05:30,1108.9,1109.15,1107.6,1108.9,130949,0
2026-04-27T11:05:00+05:30,1108.9,1109.1,1105.75,1105.9,62291,0
2026-04-27T11:10:00+05:30,1106.1,1109.45,1105.9,1109.35,211156,0
2026-04-27T11:15:00+05:30,1109.35,1110.7,1108.85,1109.6,72992,0
2026-04-27T11:20:00+05:30,1109.5,1109.6,1107.0,1107.9,62769,0
2026-04-27T11:25:00+05:30,1107.5,1108.85,1107.15,1108.3,162240,0
2026-04-27T11:30:00+05:30,1108.3,1108.5,1106.75,1107.65,188256,0
2026-04-27T11:35:00+05:30,1107.65,1107.65,1104.1,1105.1,346956,0
2026-04-27T11:40:00+05:30,1105.0,1107.95,1104.6,1105.55,316386,0
2026-04-27T11:45:00+05:30,1105.95,1108.15,1105.35,1107.55,225269,0
2026-04-27T11:50:00+05:30,1107.55,1107.8,1106.05,1107.1,83220,0
2026-04-27T11:55:00+05:30,1107.0,1108.05,1106.25,1107.8,86812,0
2026-04-27T12:00:00+05:30,1107.8,1108.0,1106.1,1107.1,181534,0
2026-04-27T12:05:00+05:30,1107.1,1108.4,1106.9,1107.05,121721,0
2026-04-27T12:10:00+05:30,1107.05,1108.75,1106.9,1108.35,110820,0
2026-04-27T12:15:00+05:30,1108.35,1108.5,1107.45,1107.85,53154,0
2026-04-27T12:20:00+05:30,1107.85,1108.0,1106.2,1107.05,139616,0
2026-04-27T12:25:00+05:30,1107.05,1107.25,1106.0,1106.85,44761,0
2026-04-27T12:30:00+05:30,1106.85,1108.2,1106.15,1108.1,41165,0
2026-04-27T12:35:00+05:30,1108.1,1108.5,1106.4,1107.0,52860,0
2026-04-27T12:40:00+05:30,1107.0,1107.5,1106.2,1107.2,50962,0
2026-04-27T12:45:00+05:30,1107.2,1107.5,1106.1,1107.45,45601,0
2026-04-27T12:50:00+05:30,1107.45,1107.5,1105.75,1106.1,133488,0
2026-04-27T12:55:00+05:30,1106.05,1106.15,1104.5,1105.0,169169,0
2026-04-27T13:00:00+05:30,1104.85,1106.4,1104.6,1106.25,86830,0
2026-04-27T13:05:00+05:30,1106.25,1107.15,1105.0,1107.05,61684,0
2026-04-27T13:10:00+05:30,1106.9,1107.8,1106.05,1107.8,45193,0
2026-04-27T13:15:00+05:30,1107.8,1109.45,1107.45,1108.35,69408,0
2026-04-27T13:20:00+05:30,1108.1,1112.6,1107.8,1112.4,185966,0
2026-04-27T13:25:00+05:30,1112.4,1114.25,1112.0,1112.35,177984,0
2026-04-27T13:30:00+05:30,1112.6,1114.8,1112.15,1113.65,105969,0
2026-04-27T13:35:00+05:30,1113.5,1114.8,1110.95,1111.95,251124,0
2026-04-27T13:40:00+05:30,1111.8,1112.95,1111.6,1112.2,54949,0
2026-04-27T13:45:00+05:30,1112.15,1113.8,1111.65,1112.15,54208,0
2026-04-27T13:50:00+05:30,1112.15,1112.4,1111.0,1112.0,78842,0
2026-04-27T13:55:00+05:30,1111.9,1112.5,1110.4,1111.2,131529,0
2026-04-27T14:00:00+05:30,1111.2,1111.9,1111.05,1111.8,44489,0
2026-04-27T14:05:00+05:30,1111.45,1112.65,1110.7,1110.85,110517,0
2026-04-27T14:10:00+05:30,1110.8,1112.5,1110.8,1112.2,77024,0
2026-04-27T14:15:00+05:30,1112.1,1113.4,1111.3,1113.35,101399,0
2026-04-27T14:20:00+05:30,1113.35,1113.35,1112.0,1112.6,68794,0
2026-04-27T14:25:00+05:30,1112.5,1112.65,1111.3,1111.55,109829,0
2026-04-27T14:30:00+05:30,1111.4,1111.55,1110.0,1110.55,115632,0
2026-04-27T14:35:00+05:30,1110.4,1111.95,1110.0,1110.95,154841,0
2026-04-27T14:40:00+05:30,1110.65,1111.55,1110.2,1110.75,116185,0
2026-04-27T14:45:00+05:30,1110.9,1111.4,1110.15,1111.15,156371,0
2026-04-27T14:50:00+05:30,1111.15,1113.95,1111.0,1113.45,219274,0
2026-04-27T14:55:00+05:30,1113.45,1113.5,1112.6,1113.2,137232,0
2026-04-27T15:00:00+05:30,1113.15,1113.6,1111.45,1112.3,224214,0
2026-04-27T15:05:00+05:30,1112.3,1112.9,1111.8,1112.3,211034,0
2026-04-27T15:10:00+05:30,1112.3,1114.25,1112.0,1113.5,252528,0
2026-04-27T15:15:00+05:30,1113.65,1113.65,1110.0,1110.9,250504,0
2026-04-27T15:20:00+05:30,1111.0,1111.55,1110.0,1110.4,250669,0
2026-04-27T15:25:00+05:30,1110.6,1112.5,1110.0,1112.0,177277,0
2026-04-28T09:15:00+05:30,1102.3,1104.0,1096.7,1100.8,665516,0
2026-04-28T09:20:00+05:30,1100.8,1102.4,1096.0,1096.55,454730,0
2026-04-28T09:25:00+05:30,1096.45,1101.65,1096.1,1100.45,197120,0
2026-04-28T09:30:00+05:30,1100.85,1106.25,1099.05,1103.85,403121,0
2026-04-28T09:35:00+05:30,1103.75,1105.5,1102.25,1103.45,226675,0
2026-04-28T09:40:00+05:30,1103.8,1104.95,1101.55,1103.15,154068,0
2026-04-28T09:45:00+05:30,1103.45,1106.0,1103.2,1104.3,148217,0
2026-04-28T09:50:00+05:30,1104.3,1104.75,1101.65,1103.8,93731,0
2026-04-28T09:55:00+05:30,1103.75,1109.45,1103.6,1108.7,216967,0
2026-04-28T10:00:00+05:30,1109.0,1110.5,1107.5,1108.15,329940,0
2026-04-28T10:05:00+05:30,1108.05,1108.45,1107.0,1108.25,107494,0
2026-04-28T10:10:00+05:30,1108.25,1108.5,1105.5,1105.5,83249,0
2026-04-28T10:15:00+05:30,1105.65,1107.7,1105.0,1106.9,131293,0
2026-04-28T10:20:00+05:30,1107.05,1107.5,1106.2,1106.8,33802,0
2026-04-28T10:25:00+05:30,1106.65,1106.85,1106.05,1106.3,30530,0
2026-04-28T10:30:00+05:30,1106.25,1107.1,1106.15,1106.7,53561,0
2026-04-28T10:35:00+05:30,1106.75,1106.8,1105.1,1106.2,58304,0
2026-04-28T10:40:00+05:30,1106.2,1106.75,1105.0,1106.7,55593,0
2026-04-28T10:45:00+05:30,1106.7,1109.75,1105.9,1108.95,121584,0
2026-04-28T10:50:00+05:30,1108.95,1109.45,1108.35,1109.0,90621,0
2026-04-28T10:55:00+05:30,1109.0,1109.2,1107.4,1108.5,83969,0
2026-04-28T11:00:00+05:30,1108.75,1109.2,1108.0,1108.25,49678,0
2026-04-28T11:05:00+05:30,1108.25,1108.4,1105.55,1106.5,81205,0
2026-04-28T11:10:00+05:30,1106.5,1107.15,1105.0,1106.8,55324,0
2026-04-28T11:15:00+05:30,1106.8,1106.8,1104.4,1105.25,67289,0
2026-04-28T11:20:00+05:30,1105.25,1106.4,1104.05,1104.8,56139,0
2026-04-28T11:25:00+05:30,1105.0,1105.0,1102.5,1102.65,105984,0
2026-04-28T11:30:00+05:30,1102.95,1103.0,1099.35,1100.7,208062,0
2026-04-28T11:35:00+05:30,1100.6,1100.9,1098.45,1100.5,118727,0
2026-04-28T11:40:00+05:30,1100.5,1101.7,1100.0,1101.2,69157,0
2026-04-28T11:45:00+05:30,1101.65,1101.8,1100.0,1101.25,108516,0
2026-04-28T11:50:00+05:30,1101.25,1101.3,1098.75,1099.3,91237,0
2026-04-28T11:55:00+05:30,1099.3,1099.85,1096.7,1096.7,216246,0
2026-04-28T12:00:00+05:30,1097.15,1097.55,1095.5,1096.0,89437,0
2026-04-28T12:05:00+05:30,1096.0,1096.0,1095.15,1095.7,67373,0
2026-04-28T12:10:00+05:30,1095.7,1095.95,1095.0,1095.6,82758,0
2026-04-28T12:15:00+05:30,1095.6,1097.35,1095.3,1095.65,107171,0
2026-04-28T12:20:00+05:30,1095.85,1096.1,1093.1,1094.55,113264,0
2026-04-28T12:25:00+05:30,1094.55,1095.7,1094.25,1094.8,46895,0
2026-04-28T12:30:00+05:30,1094.8,1095.0,1093.65,1094.8,73077,0
2026-04-28T12:35:00+05:30,1094.8,1095.7,1093.2,1093.3,167932,0
2026-04-28T12:40:00+05:30,1093.3,1094.5,1093.2,1094.1,67850,0
2026-04-28T12:45:00+05:30,1094.15,1095.65,1093.9,1095.5,92764,0
2026-04-28T12:50:00+05:30,1095.5,1095.65,1094.1,1094.45,83830,0
2026-04-28T12:55:00+05:30,1094.65,1095.15,1091.8,1092.25,184532,0
2026-04-28T13:00:00+05:30,1092.25,1093.4,1091.0,1092.1,117276,0
2026-04-28T13:05:00+05:30,1092.15,1093.0,1092.0,1092.35,80824,0
2026-04-28T13:10:00+05:30,1092.35,1092.9,1091.95,1092.0,80472,0
2026-04-28T13:15:00+05:30,1092.1,1094.65,1091.8,1094.3,80788,0
2026-04-28T13:20:00+05:30,1094.3,1095.15,1093.25,1094.4,110219,0
2026-04-28T13:25:00+05:30,1094.4,1094.9,1093.3,1093.45,50775,0
2026-04-28T13:30:00+05:30,1093.7,1093.75,1092.0,1092.7,72397,0
2026-04-28T13:35:00+05:30,1092.7,1093.0,1090.7,1092.55,174739,0
2026-04-28T13:40:00+05:30,1092.55,1093.0,1092.0,1092.25,77255,0
2026-04-28T13:45:00+05:30,1092.35,1093.3,1091.5,1093.3,57522,0
2026-04-28T13:50:00+05:30,1093.3,1095.0,1092.85,1094.45,83907,0
2026-04-28T13:55:00+05:30,1094.65,1095.45,1093.0,1093.8,95069,0
2026-04-28T14:00:00+05:30,1094.0,1095.0,1093.0,1094.25,63920,0
2026-04-28T14:05:00+05:30,1094.55,1094.75,1093.0,1094.0,102999,0
2026-04-28T14:10:00+05:30,1093.95,1094.05,1092.05,1092.65,109995,0
2026-04-28T14:15:00+05:30,1092.65,1093.25,1091.7,1092.5,82649,0
2026-04-28T14:20:00+05:30,1092.55,1093.05,1092.0,1092.6,77256,0
2026-04-28T14:25:00+05:30,1092.5,1092.8,1090.0,1090.35,172460,0
2026-04-28T14:30:00+05:30,1090.4,1093.6,1089.4,1092.25,235907,0
2026-04-28T14:35:00+05:30,1092.3,1092.75,1091.55,1092.0,98303,0
2026-04-28T14:40:00+05:30,1091.95,1093.3,1091.6,1093.3,127880,0
2026-04-28T14:45:00+05:30,1093.3,1094.0,1092.7,1093.1,134615,0
2026-04-28T14:50:00+05:30,1093.2,1093.5,1092.05,1093.1,101421,0
2026-04-28T14:55:00+05:30,1093.5,1093.75,1091.45,1092.8,162750,0
2026-04-28T15:00:00+05:30,1092.55,1093.1,1091.3,1092.65,240688,0
2026-04-28T15:05:00+05:30,1092.45,1092.95,1089.65,1091.3,415470,0
2026-04-28T15:10:00+05:30,1091.3,1092.8,1090.55,1092.2,153661,0
2026-04-28T15:15:00+05:30,1092.2,1092.2,1089.15,1090.95,360238,0
2026-04-28T15:20:00+05:30,1090.95,1091.5,1089.5,1091.4,314195,0
2026-04-28T15:25:00+05:30,1091.4,1093.8,1089.75,1093.4,483282,0
2026-04-29T09:15:00+05:30,1094.0,1098.9,1091.5,1093.6,393738,0
2026-04-29T09:20:00+05:30,1093.6,1094.95,1091.5,1092.35,153444,0
2026-04-29T09:25:00+05:30,1092.35,1093.0,1091.2,1092.25,115199,0
2026-04-29T09:30:00+05:30,1092.25,1094.8,1092.2,1092.5,121280,0
2026-04-29T09:35:00+05:30,1092.6,1093.1,1088.45,1089.6,202992,0
2026-04-29T09:40:00+05:30,1089.9,1092.85,1089.0,1092.85,111505,0
2026-04-29T09:45:00+05:30,1092.85,1094.95,1092.85,1093.5,135618,0
2026-04-29T09:50:00+05:30,1093.65,1094.3,1092.2,1094.2,74371,0
2026-04-29T09:55:00+05:30,1094.2,1094.9,1093.25,1094.45,120789,0
2026-04-29T10:00:00+05:30,1094.5,1096.85,1094.45,1095.6,271884,0
2026-04-29T10:05:00+05:30,1095.6,1097.35,1095.5,1096.1,106760,0
2026-04-29T10:10:00+05:30,1096.2,1098.55,1096.1,1098.15,184934,0
2026-04-29T10:15:00+05:30,1098.3,1101.0,1098.1,1099.75,321476,0
2026-04-29T10:20:00+05:30,1099.75,1105.0,1099.3,1100.25,305213,0
2026-04-29T10:25:00+05:30,1100.3,1101.7,1099.3,1099.95,303557,0
2026-04-29T10:30:00+05:30,1099.95,1099.95,1098.0,1098.4,157930,0
2026-04-29T10:35:00+05:30,1098.4,1099.3,1097.55,1098.4,148102,0
2026-04-29T10:40:00+05:30,1098.45,1098.85,1097.4,1097.8,68302,0
2026-04-29T10:45:00+05:30,1097.85,1098.2,1097.05,1098.15,148262,0
2026-04-29T10:50:00+05:30,1098.15,1099.75,1097.65,1099.6,109787,0
2026-04-29T10:55:00+05:30,1099.6,1100.35,1098.65,1099.0,91533,0
2026-04-29T11:00:00+05:30,1099.0,1099.5,1097.5,1097.5,124382,0
2026-04-29T11:05:00+05:30,1097.5,1098.1,1097.4,1097.9,90591,0
2026-04-29T11:10:00+05:30,1097.9,1097.95,1096.05,1096.9,107030,0
2026-04-29T11:15:00+05:30,1096.95,1097.2,1096.8,1097.0,111815,0
2026-04-29T11:20:00+05:30,1097.0,1097.7,1096.1,1097.0,320309,0
2026-04-29T11:25:00+05:30,1097.0,1098.85,1096.45,1097.0,287928,0
2026-04-29T11:30:00+05:30,1097.1,1098.7,1096.1,1096.2,67515,0
2026-04-29T11:35:00+05:30,1096.25,1097.0,1095.5,1096.5,62185,0
2026-04-29T11:40:00+05:30,1096.7,1097.0,1095.35,1095.55,101228,0
2026-04-29T11:45:00+05:30,1095.55,1096.0,1095.05,1095.25,43312,0
2026-04-29T11:50:00+05:30,1095.45,1097.1,1095.1,1096.05,190690,0
2026-04-29T11:55:00+05:30,1096.15,1097.0,1095.05,1097.0,219504,0
2026-04-29T12:00:00+05:30,1097.0,1097.2,1096.3,1097.0,299423,0
2026-04-29T12:05:00+05:30,1097.0,1097.2,1096.35,1097.0,79783,0
2026-04-29T12:10:00+05:30,1097.0,1101.3,1096.95,1100.7,233633,0
2026-04-29T12:15:00+05:30,1100.75,1102.5,1100.15,1102.05,117142,0
2026-04-29T12:20:00+05:30,1102.15,1102.15,1100.75,1101.85,55098,0
2026-04-29T12:25:00+05:30,1101.85,1102.4,1100.2,1100.2,48955,0
2026-04-29T12:30:00+05:30,1100.6,1102.5,1100.2,1102.3,80972,0
2026-04-29T12:35:00+05:30,1102.5,1103.0,1101.75,1102.95,104626,0
2026-04-29T12:40:00+05:30,1102.95,1103.4,1101.8,1102.3,70648,0
2026-04-29T12:45:00+05:30,1102.55,1103.0,1101.45,1101.6,66599,0
2026-04-29T12:50:00+05:30,1101.7,1102.45,1101.25,1101.6,55713,0
2026-04-29T12:55:00+05:30,1101.6,1101.95,1099.95,1100.05,181605,0
2026-04-29T13:00:00+05:30,1100.15,1100.95,1099.6,1100.0,115890,0
2026-04-29T13:05:00+05:30,1100.05,1101.0,1099.8,1100.6,59513,0
2026-04-29T13:10:00+05:30,1100.6,1102.3,1100.0,1101.0,115720,0
2026-04-29T13:15:00+05:30,1101.05,1101.65,1100.5,1100.95,85324,0
2026-04-29T13:20:00+05:30,1101.0,1101.55,1100.45,1100.9,96974,0
2026-04-29T13:25:00+05:30,1100.95,1101.1,1099.8,1100.1,97561,0
2026-04-29T13:30:00+05:30,1100.15,1101.3,1100.15,1100.6,56790,0
2026-04-29T13:35:00+05:30,1100.7,1101.0,1098.1,1098.55,76326,0
2026-04-29T13:40:00+05:30,1098.55,1099.5,1098.0,1098.85,54957,0
2026-04-29T13:45:00+05:30,1098.85,1099.3,1097.8,1098.3,48257,0
2026-04-29T13:50:00+05:30,1098.35,1098.75,1097.1,1097.65,121666,0
2026-04-29T13:55:00+05:30,1097.65,1098.35,1096.3,1096.9,158237,0
2026-04-29T14:00:00+05:30,1096.75,1096.85,1092.2,1092.5,195980,0
2026-04-29T14:05:00+05:30,1092.5,1094.4,1091.5,1091.75,129396,0
2026-04-29T14:10:00+05:30,1091.85,1092.0,1089.8,1091.05,205159,0
2026-04-29T14:15:00+05:30,1091.35,1091.35,1088.65,1088.75,122487,0
2026-04-29T14:20:00+05:30,1088.8,1091.7,1087.3,1091.45,216254,0
2026-04-29T14:25:00+05:30,1091.45,1091.45,1088.0,1088.3,154797,0
2026-04-29T14:30:00+05:30,1088.3,1090.55,1087.85,1088.8,169187,0
2026-04-29T14:35:00+05:30,1088.8,1089.9,1087.6,1089.75,61261,0
2026-04-29T14:40:00+05:30,1089.9,1090.0,1089.1,1090.0,49024,0
2026-04-29T14:45:00+05:30,1089.95,1090.65,1088.65,1089.3,95797,0
2026-04-29T14:50:00+05:30,1089.3,1090.7,1089.0,1089.6,68545,0
2026-04-29T14:55:00+05:30,1089.75,1090.0,1088.45,1088.65,112480,0
2026-04-29T15:00:00+05:30,1088.3,1089.2,1087.5,1087.8,249599,0
2026-04-29T15:05:00+05:30,1087.7,1088.9,1087.65,1088.6,162352,0
2026-04-29T15:10:00+05:30,1088.55,1088.55,1085.6,1085.6,182226,0
2026-04-29T15:15:00+05:30,1085.9,1085.95,1084.25,1085.5,199617,0
2026-04-29T15:20:00+05:30,1085.3,1087.15,1085.3,1086.85,176132,0
2026-04-29T15:25:00+05:30,1086.55,1088.4,1085.1,1088.4,167230,0
2026-04-30T09:15:00+05:30,1075.0,1076.9,1070.0,1076.15,417818,0
2026-04-30T09:20:00+05:30,1076.1,1076.9,1072.65,1072.65,146278,0
2026-04-30T09:25:00+05:30,1072.65,1073.65,1072.0,1073.4,151700,0
2026-04-30T09:30:00+05:30,1073.4,1075.95,1072.7,1075.5,101281,0
2026-04-30T09:35:00+05:30,1075.45,1076.15,1073.75,1074.75,73802,0
2026-04-30T09:40:00+05:30,1074.95,1075.75,1072.7,1075.0,100331,0
2026-04-30T09:45:00+05:30,1075.0,1077.7,1074.1,1076.45,127898,0
2026-04-30T09:50:00+05:30,1076.55,1076.55,1074.25,1074.8,96431,0
2026-04-30T09:55:00+05:30,1074.8,1075.7,1074.5,1075.6,70205,0
2026-04-30T10:00:00+05:30,1075.3,1075.85,1074.0,1074.95,81184,0
2026-04-30T10:05:00+05:30,1074.65,1075.9,1074.05,1075.0,57909,0
2026-04-30T10:10:00+05:30,1075.25,1075.9,1074.75,1075.45,74788,0
2026-04-30T10:15:00+05:30,1075.5,1075.5,1071.75,1074.8,162844,0
2026-04-30T10:20:00+05:30,1074.5,1075.1,1071.6,1072.1,276333,0
2026-04-30T10:25:00+05:30,1072.1,1072.3,1070.5,1071.15,146932,0
2026-04-30T10:30:00+05:30,1071.1,1071.8,1070.6,1071.15,105468,0
2026-04-30T10:35:00+05:30,1071.45,1071.5,1069.3,1071.2,171163,0
2026-04-30T10:40:00+05:30,1071.3,1072.4,1070.1,1070.5,67250,0
2026-04-30T10:45:00+05:30,1070.35,1070.45,1068.2,1068.4,86120,0
2026-04-30T10:50:00+05:30,1068.5,1069.4,1068.0,1068.5,91507,0
2026-04-30T10:55:00+05:30,1068.5,1069.2,1067.0,1069.2,99873,0
2026-04-30T11:00:00+05:30,1069.2,1069.6,1068.0,1068.8,81278,0
2026-04-30T11:05:00+05:30,1068.7,1071.0,1068.5,1070.9,248193,0
2026-04-30T11:10:00+05:30,1070.9,1071.0,1068.45,1068.55,93010,0
2026-04-30T11:15:00+05:30,1068.55,1070.95,1068.35,1070.0,173632,0
2026-04-30T11:20:00+05:30,1070.0,1070.5,1069.05,1069.95,82240,0
2026-04-30T11:25:00+05:30,1069.95,1070.9,1069.5,1070.9,48978,0
2026-04-30T11:30:00+05:30,1070.9,1072.0,1069.55,1071.0,79429,0
2026-04-30T11:35:00+05:30,1071.0,1072.3,1070.25,1071.5,170933,0
2026-04-30T11:40:00+05:30,1071.5,1071.6,1064.25,1064.75,399812,0
2026-04-30T11:45:00+05:30,1064.5,1065.1,1064.25,1064.8,432064,0
2026-04-30T11:50:00+05:30,1064.8,1065.0,1063.35,1064.05,231030,0
2026-04-30T11:55:00+05:30,1064.0,1065.65,1063.4,1064.7,377496,0
2026-04-30T12:00:00+05:30,1064.65,1067.4,1063.0,1066.6,437843,0
2026-04-30T12:05:00+05:30,1066.55,1067.75,1066.0,1067.25,112952,0
2026-04-30T12:10:00+05:30,1067.25,1068.8,1067.0,1068.6,124245,0
2026-04-30T12:15:00+05:30,1068.6,1070.65,1068.05,1068.05,167226,0
2026-04-30T12:20:00+05:30,1068.05,1070.1,1067.3,1070.0,136177,0
2026-04-30T12:25:00+05:30,1070.0,1071.2,1069.7,1071.0,174045,0
2026-04-30T12:30:00+05:30,1070.95,1073.0,1070.5,1072.4,223343,0
2026-04-30T12:35:00+05:30,1072.3,1072.5,1070.05,1070.5,237290,0
2026-04-30T12:40:00+05:30,1070.7,1071.05,1068.7,1069.5,121233,0
2026-04-30T12:45:00+05:30,1069.5,1070.3,1068.15,1068.85,136369,0
2026-04-30T12:50:00+05:30,1068.6,1069.45,1068.5,1069.3,97906,0
2026-04-30T12:55:00+05:30,1069.3,1071.0,1068.8,1070.2,127451,0
2026-04-30T13:00:00+05:30,1070.25,1071.0,1068.25,1068.7,105104,0
2026-04-30T13:05:00+05:30,1068.7,1068.9,1067.0,1068.05,158601,0
2026-04-30T13:10:00+05:30,1068.3,1069.1,1067.3,1068.4,133947,0
2026-04-30T13:15:00+05:30,1068.5,1068.9,1067.1,1067.15,133735,0
2026-04-30T13:20:00+05:30,1067.1,1070.45,1067.05,1069.15,198550,0
2026-04-30T13:25:00+05:30,1069.2,1069.7,1068.1,1068.25,264468,0
2026-04-30T13:30:00+05:30,1068.15,1068.9,1067.2,1068.25,85227,0
2026-04-30T13:35:00+05:30,1068.1,1069.6,1067.7,1068.65,102008,0
2026-04-30T13:40:00+05:30,1068.3,1072.65,1068.2,1072.15,235672,0
2026-04-30T13:45:00+05:30,1072.5,1073.25,1070.65,1071.95,206397,0
2026-04-30T13:50:00+05:30,1071.9,1072.0,1069.7,1070.25,96882,0
2026-04-30T13:55:00+05:30,1070.0,1071.3,1069.9,1070.6,120189,0
2026-04-30T14:00:00+05:30,1070.6,1071.0,1069.3,1069.85,115584,0
2026-04-30T14:05:00+05:30,1069.7,1070.3,1068.45,1070.3,145799,0
2026-04-30T14:10:00+05:30,1070.3,1070.75,1068.95,1069.65,199179,0
2026-04-30T14:15:00+05:30,1069.35,1070.5,1068.0,1068.75,128292,0
2026-04-30T14:20:00+05:30,1068.4,1070.05,1067.55,1069.3,323449,0
2026-04-30T14:25:00+05:30,1069.3,1070.5,1068.85,1070.1,173876,0
2026-04-30T14:30:00+05:30,1069.95,1070.55,1069.2,1070.4,134176,0
2026-04-30T14:35:00+05:30,1070.35,1071.0,1069.15,1071.0,187239,0
2026-04-30T14:40:00+05:30,1070.9,1072.45,1070.4,1072.35,244276,0
2026-04-30T14:45:00+05:30,1072.25,1072.45,1070.3,1070.5,211912,0
2026-04-30T14:50:00+05:30,1070.55,1071.15,1069.0,1070.3,302181,0
2026-04-30T14:55:00+05:30,1070.3,1072.45,1070.05,1072.1,142219,0
2026-04-30T15:00:00+05:30,1072.0,1072.0,1066.8,1068.45,690001,0
2026-04-30T15:05:00+05:30,1068.35,1069.0,1067.0,1067.15,406611,0
2026-04-30T15:10:00+05:30,1067.2,1068.1,1065.5,1067.85,469544,0
2026-04-30T15:15:00+05:30,1067.85,1069.8,1067.45,1068.85,415363,0
2026-04-30T15:20:00+05:30,1068.85,1070.2,1068.0,1069.7,524839,0
2026-04-30T15:25:00+05:30,1069.85,1072.0,1068.65,1071.95,337286,0
2026-05-04T09:15:00+05:30,1063.6,1083.9,1063.6,1079.0,775775,0
2026-05-04T09:20:00+05:30,1079.0,1080.0,1074.3,1075.9,376629,0
2026-05-04T09:25:00+05:30,1076.0,1079.5,1076.0,1078.8,173168,0
2026-05-04T09:30:00+05:30,1079.0,1081.2,1078.7,1081.0,249197,0
2026-05-04T09:35:00+05:30,1080.9,1087.6,1079.6,1087.2,334690,0
2026-05-04T09:40:00+05:30,1087.2,1089.1,1084.8,1085.9,379743,0
2026-05-04T09:45:00+05:30,1085.9,1086.2,1084.1,1085.5,174095,0
2026-05-04T09:50:00+05:30,1085.5,1085.5,1082.0,1082.9,104209,0
2026-05-04T09:55:00+05:30,1083.0,1084.5,1082.8,1083.5,111785,0
2026-05-04T10:00:00+05:30,1083.5,1083.8,1081.2,1082.6,117987,0
2026-05-04T10:05:00+05:30,1082.6,1083.2,1080.5,1080.8,74633,0
2026-05-04T10:10:00+05:30,1080.4,1081.3,1079.4,1079.8,60092,0
2026-05-04T10:15:00+05:30,1079.8,1079.9,1077.5,1078.7,122215,0
2026-05-04T10:20:00+05:30,1078.7,1079.4,1077.1,1077.1,109860,0
2026-05-04T10:25:00+05:30,1077.1,1079.6,1077.1,1079.5,120838,0
2026-05-04T10:30:00+05:30,1079.5,1081.2,1078.6,1079.3,120358,0
2026-05-04T10:35:00+05:30,1079.5,1080.3,1079.1,1080.3,103015,0
2026-05-04T10:40:00+05:30,1080.3,1081.0,1079.0,1080.2,83375,0
2026-05-04T10:45:00+05:30,1080.2,1081.5,1079.8,1081.0,96805,0
2026-05-04T10:50:00+05:30,1080.9,1082.0,1080.4,1081.5,52826,0
2026-05-04T10:55:00+05:30,1081.6,1081.8,1079.2,1079.6,33128,0
2026-05-04T11:00:00+05:30,1079.6,1080.6,1078.6,1080.4,44735,0
2026-05-04T11:05:00+05:30,1080.4,1081.6,1080.3,1081.1,43750,0
2026-05-04T11:10:00+05:30,1081.1,1082.2,1080.7,1082.2,50111,0
2026-05-04T11:15:00+05:30,1081.9,1082.9,1081.6,1081.8,57444,0
2026-05-04T11:20:00+05:30,1081.8,1085.3,1081.7,1084.5,264774,0
2026-05-04T11:25:00+05:30,1084.5,1086.2,1083.4,1086.1,101462,0
2026-05-04T11:30:00+05:30,1086.1,1087.7,1084.1,1084.7,231038,0
2026-05-04T11:35:00+05:30,1084.7,1085.6,1082.7,1085.1,460905,0
2026-05-04T11:40:00+05:30,1085.1,1086.3,1083.5,1084.7,758363,0
2026-05-04T11:45:00+05:30,1084.6,1086.5,1082.6,1082.9,166795,0
2026-05-04T11:50:00+05:30,1082.5,1083.8,1081.0,1082.2,70045,0
2026-05-04T11:55:00+05:30,1082.5,1083.1,1081.0,1081.3,77696,0
2026-05-04T12:00:00+05:30,1081.3,1081.4,1078.0,1078.9,121372,0
2026-05-04T12:05:00+05:30,1078.9,1079.1,1076.8,1077.9,102996,0
2026-05-04T12:10:00+05:30,1077.9,1078.0,1073.1,1073.9,132234,0
2026-05-04T12:15:00+05:30,1073.8,1076.0,1073.0,1076.0,83185,0
2026-05-04T12:20:00+05:30,1075.8,1076.9,1074.5,1075.9,73486,0
2026-05-04T12:25:00+05:30,1075.9,1076.6,1075.0,1075.3,91542,0
2026-05-04T12:30:00+05:30,1075.2,1075.8,1074.4,1074.9,89994,0
2026-05-04T12:35:00+05:30,1074.9,1075.7,1073.4,1074.9,71367,0
2026-05-04T12:40:00+05:30,1074.9,1075.5,1073.2,1073.7,68510,0
2026-05-04T12:45:00+05:30,1073.7,1074.7,1072.0,1072.7,75909,0
2026-05-04T12:50:00+05:30,1072.7,1074.1,1072.2,1073.8,46678,0
2026-05-04T12:55:00+05:30,1073.8,1074.4,1072.4,1073.1,118190,0
2026-05-04T13:00:00+05:30,1073.1,1073.7,1072.0,1073.2,28725,0
2026-05-04T13:05:00+05:30,1073.2,1073.8,1072.6,1073.8,43352,0
2026-05-04T13:10:00+05:30,1073.7,1074.6,1073.2,1074.0,37300,0
2026-05-04T13:15:00+05:30,1074.0,1074.1,1072.0,1073.5,36868,0
2026-05-04T13:20:00+05:30,1073.5,1073.5,1071.4,1071.5,47206,0
2026-05-04T13:25:00+05:30,1072.0,1072.7,1068.2,1068.9,96289,0
2026-05-04T13:30:00+05:30,1068.7,1069.6,1067.2,1068.7,116815,0
2026-05-04T13:35:00+05:30,1069.0,1069.2,1067.2,1069.2,42923,0
2026-05-04T13:40:00+05:30,1068.9,1071.4,1068.5,1070.7,140602,0
2026-05-04T13:45:00+05:30,1071.1,1071.4,1070.0,1070.8,82457,0
2026-05-04T13:50:00+05:30,1071.0,1072.2,1068.5,1069.0,120644,0
2026-05-04T13:55:00+05:30,1069.0,1069.8,1067.1,1068.1,78801,0
2026-05-04T14:00:00+05:30,1068.2,1069.6,1068.0,1069.6,50389,0
2026-05-04T14:05:00+05:30,1069.6,1070.5,1068.9,1070.3,38882,0
2026-05-04T14:10:00+05:30,1070.3,1072.5,1070.2,1071.0,81457,0
2026-05-04T14:15:00+05:30,1071.0,1073.8,1070.6,1073.7,96377,0
2026-05-04T14:20:00+05:30,1073.7,1074.1,1072.4,1073.1,54452,0
2026-05-04T14:25:00+05:30,1073.1,1073.4,1071.8,1072.2,34410,0
2026-05-04T14:30:00+05:30,1072.4,1073.1,1070.7,1071.2,396259,0
2026-05-04T14:35:00+05:30,1071.2,1071.7,1068.7,1070.2,223418,0
2026-05-04T14:40:00+05:30,1070.2,1070.7,1068.1,1069.7,153565,0
2026-05-04T14:45:00+05:30,1069.6,1070.3,1069.0,1069.5,77663,0
2026-05-04T14:50:00+05:30,1069.5,1070.6,1069.0,1069.9,109173,0
2026-05-04T14:55:00+05:30,1070.3,1071.1,1068.3,1069.2,79479,0
2026-05-04T15:00:00+05:30,1069.1,1069.6,1067.6,1068.6,246202,0
2026-05-04T15:05:00+05:30,1069.0,1070.1,1068.5,1069.0,258384,0
2026-05-04T15:10:00+05:30,1069.1,1069.9,1068.2,1068.7,238149,0
2026-05-04T15:15:00+05:30,1068.8,1069.4,1067.1,1068.5,354937,0
2026-05-04T15:20:00+05:30,1068.5,1068.9,1066.4,1067.7,512833,0
2026-05-04T15:25:00+05:30,1067.1,1069.0,1065.2,1067.5,477510,0
2026-05-05T09:15:00+05:30,1060.6,1066.9,1060.0,1066.6,253295,0
2026-05-05T09:20:00+05:30,1066.6,1068.0,1063.3,1065.8,150230,0
2026-05-05T09:25:00+05:30,1065.8,1066.0,1063.1,1065.7,136371,0
2026-05-05T09:30:00+05:30,1065.2,1068.5,1065.0,1067.1,104337,0
2026-05-05T09:35:00+05:30,1067.1,1068.5,1066.2,1066.2,65811,0
2026-05-05T09:40:00+05:30,1066.1,1066.9,1064.7,1066.7,105099,0
2026-05-05T09:45:00+05:30,1066.5,1066.9,1064.4,1066.5,57251,0
2026-05-05T09:50:00+05:30,1066.3,1067.1,1065.0,1066.9,46120,0
2026-05-05T09:55:00+05:30,1066.9,1067.7,1066.3,1067.1,45377,0
2026-05-05T10:00:00+05:30,1067.0,1067.5,1064.6,1065.5,93091,0
2026-05-05T10:05:00+05:30,1065.7,1065.7,1062.3,1063.1,99383,0
2026-05-05T10:10:00+05:30,1063.1,1064.0,1062.6,1063.1,73241,0
2026-05-05T10:15:00+05:30,1063.4,1064.8,1061.6,1064.3,67885,0
2026-05-05T10:20:00+05:30,1064.3,1064.4,1061.7,1062.5,88698,0
2026-05-05T10:25:00+05:30,1062.5,1062.8,1060.4,1061.0,86220,0
2026-05-05T10:30:00+05:30,1060.8,1061.6,1060.0,1060.1,101074,0
2026-05-05T10:35:00+05:30,1060.3,1061.0,1058.7,1059.2,120258,0
2026-05-05T10:40:00+05:30,1059.2,1059.2,1057.0,1057.7,102772,0
2026-05-05T10:45:00+05:30,1057.6,1058.5,1057.2,1058.2,42619,0
2026-05-05T10:50:00+05:30,1058.2,1058.4,1054.6,1056.3,115998,0
2026-05-05T10:55:00+05:30,1056.3,1057.4,1055.0,1057.0,78554,0
2026-05-05T11:00:00+05:30,1057.3,1057.3,1055.0,1056.0,175217,0
2026-05-05T11:05:00+05:30,1056.0,1056.5,1054.2,1054.7,220997,0
2026-05-05T11:10:00+05:30,1054.6,1056.2,1054.5,1056.0,121732,0
2026-05-05T11:15:00+05:30,1056.0,1059.1,1055.9,1056.5,198858,0
2026-05-05T11:20:00+05:30,1056.5,1056.6,1053.4,1054.8,224984,0
2026-05-05T11:25:00+05:30,1054.8,1055.9,1053.5,1053.7,330526,0
2026-05-05T11:30:00+05:30,1053.7,1053.9,1051.5,1052.6,290310,0
2026-05-05T11:35:00+05:30,1052.6,1054.1,1052.6,1053.9,68756,0
2026-05-05T11:40:00+05:30,1053.9,1053.9,1051.1,1052.3,158413,0
2026-05-05T11:45:00+05:30,1052.4,1052.8,1050.0,1050.4,190682,0
2026-05-05T11:50:00+05:30,1050.3,1051.5,1049.4,1050.1,148125,0
2026-05-05T11:55:00+05:30,1050.0,1052.8,1050.0,1051.0,85232,0
2026-05-05T12:00:00+05:30,1051.3,1052.9,1051.0,1052.0,80465,0
2026-05-05T12:05:00+05:30,1052.0,1052.7,1051.2,1052.0,77237,0
2026-05-05T12:10:00+05:30,1052.1,1053.7,1052.0,1053.4,137436,0
2026-05-05T12:15:00+05:30,1053.5,1055.2,1053.4,1054.5,93818,0
2026-05-05T12:20:00+05:30,1054.8,1057.5,1054.3,1057.5,137585,0
2026-05-05T12:25:00+05:30,1057.4,1057.9,1055.6,1056.3,141625,0
2026-05-05T12:30:00+05:30,1056.3,1057.5,1055.9,1056.6,160081,0
2026-05-05T12:35:00+05:30,1056.9,1058.0,1056.3,1057.4,151940,0
2026-05-05T12:40:00+05:30,1057.4,1058.0,1055.1,1055.5,113728,0
2026-05-05T12:45:00+05:30,1055.3,1057.0,1055.0,1056.8,94771,0
2026-05-05T12:50:00+05:30,1056.8,1060.4,1056.5,1059.4,154923,0
2026-05-05T12:55:00+05:30,1059.5,1061.7,1059.1,1061.1,207569,0
2026-05-05T13:00:00+05:30,1061.3,1062.7,1060.1,1061.4,198867,0
2026-05-05T13:05:00+05:30,1061.2,1064.0,1060.8,1063.7,223481,0
2026-05-05T13:10:00+05:30,1063.7,1065.8,1063.4,1065.2,235140,0
2026-05-05T13:15:00+05:30,1065.2,1066.8,1064.0,1064.8,195739,0
2026-05-05T13:20:00+05:30,1064.5,1066.0,1063.4,1064.5,99738,0
2026-05-05T13:25:00+05:30,1064.9,1066.3,1064.2,1066.0,175569,0
2026-05-05T13:30:00+05:30,1066.0,1066.1,1062.5,1063.2,187485,0
2026-05-05T13:35:00+05:30,1063.6,1064.7,1062.8,1062.9,92225,0
2026-05-05T13:40:00+05:30,1063.0,1065.1,1062.0,1064.7,179725,0
2026-05-05T13:45:00+05:30,1064.6,1065.3,1063.5,1064.9,131692,0
2026-05-05T13:50:00+05:30,1064.6,1066.2,1063.6,1064.2,193456,0
2026-05-05T13:55:00+05:30,1064.6,1067.0,1063.6,1066.0,275212,0
2026-05-05T14:00:00+05:30,1066.0,1066.9,1064.7,1065.4,57816,0
2026-05-05T14:05:00+05:30,1065.4,1065.6,1063.5,1064.7,68805,0
2026-05-05T14:10:00+05:30,1064.7,1065.0,1063.1,1063.6,68041,0
2026-05-05T14:15:00+05:30,1064.0,1065.1,1063.5,1064.7,152106,0
2026-05-05T14:20:00+05:30,1064.7,1067.6,1064.4,1066.2,172953,0
2026-05-05T14:25:00+05:30,1066.2,1067.7,1065.3,1067.1,121069,0
2026-05-05T14:30:00+05:30,1067.3,1067.5,1064.0,1064.5,151880,0
2026-05-05T14:35:00+05:30,1064.3,1065.4,1063.2,1064.2,311003,0
2026-05-05T14:40:00+05:30,1064.2,1065.0,1063.6,1064.3,94838,0
2026-05-05T14:45:00+05:30,1064.3,1064.3,1062.0,1062.2,199496,0
2026-05-05T14:50:00+05:30,1062.1,1062.9,1061.3,1062.5,193571,0
2026-05-05T14:55:00+05:30,1062.6,1063.4,1060.3,1060.9,195897,0
2026-05-05T15:00:00+05:30,1060.7,1061.1,1059.0,1059.7,461388,0
2026-05-05T15:05:00+05:30,1059.8,1062.0,1058.4,1061.7,531241,0
2026-05-05T15:10:00+05:30,1061.4,1061.7,1058.6,1059.9,497121,0
2026-05-05T15:15:00+05:30,1059.7,1061.0,1059.3,1060.3,282019,0
2026-05-05T15:20:00+05:30,1060.1,1060.7,1058.3,1059.1,359198,0
2026-05-05T15:25:00+05:30,1059.1,1060.5,1059.0,1060.0,249684,0
2026-05-06T09:15:00+05:30,1072.0,1079.2,1072.0,1076.6,572885,0
2026-05-06T09:20:00+05:30,1076.6,1079.5,1074.6,1077.2,327616,0
2026-05-06T09:25:00+05:30,1077.3,1077.5,1075.0,1075.6,122953,0
2026-05-06T09:30:00+05:30,1075.7,1076.5,1070.3,1070.9,213291,0
2026-05-06T09:35:00+05:30,1070.9,1071.2,1068.7,1070.3,160652,0
2026-05-06T09:40:00+05:30,1070.3,1071.0,1068.0,1068.8,132573,0
2026-05-06T09:45:00+05:30,1068.8,1071.0,1068.5,1070.2,116657,0
2026-05-06T09:50:00+05:30,1070.4,1071.8,1069.3,1071.6,206598,0
2026-05-06T09:55:00+05:30,1071.6,1071.7,1067.1,1067.2,193930,0
2026-05-06T10:00:00+05:30,1067.4,1067.9,1066.5,1067.7,114993,0
2026-05-06T10:05:00+05:30,1067.7,1068.0,1066.3,1066.9,63312,0
2026-05-06T10:10:00+05:30,1066.9,1068.7,1066.3,1068.4,79411,0
2026-05-06T10:15:00+05:30,1068.4,1068.5,1066.0,1068.3,95068,0
2026-05-06T10:20:00+05:30,1068.3,1069.5,1067.7,1068.0,121925,0
2026-05-06T10:25:00+05:30,1067.9,1068.8,1067.3,1068.7,68881,0
2026-05-06T10:30:00+05:30,1068.6,1069.0,1067.0,1068.4,79542,0
2026-05-06T10:35:00+05:30,1068.4,1068.9,1067.3,1068.5,56789,0
2026-05-06T10:40:00+05:30,1068.5,1071.0,1068.3,1070.2,84942,0
2026-05-06T10:45:00+05:30,1070.3,1070.4,1069.0,1069.9,66019,0
2026-05-06T10:50:00+05:30,1069.7,1070.0,1068.2,1068.5,37079,0
2026-05-06T10:55:00+05:30,1068.5,1069.8,1068.0,1069.0,62485,0
2026-05-06T11:00:00+05:30,1069.0,1069.1,1065.2,1065.2,118805,0
2026-05-06T11:05:00+05:30,1065.6,1067.7,1065.2,1066.9,80200,0
2026-05-06T11:10:00+05:30,1067.0,1067.0,1065.2,1065.7,94443,0
2026-05-06T11:15:00+05:30,1065.7,1067.3,1065.1,1065.7,151964,0
2026-05-06T11:20:00+05:30,1065.7,1066.4,1064.5,1064.8,109316,0
2026-05-06T11:25:00+05:30,1064.8,1066.2,1064.3,1066.0,86479,0
2026-05-06T11:30:00+05:30,1066.2,1067.4,1065.5,1067.1,87123,0
2026-05-06T11:35:00+05:30,1067.1,1067.1,1064.6,1065.5,99511,0
2026-05-06T11:40:00+05:30,1065.5,1067.7,1065.0,1067.7,170584,0
2026-05-06T11:45:00+05:30,1067.7,1068.6,1066.3,1068.5,142655,0
2026-05-06T11:50:00+05:30,1068.5,1070.0,1067.2,1069.2,187244,0
2026-05-06T11:55:00+05:30,1069.2,1070.3,1067.8,1069.0,202652,0
2026-05-06T12:00:00+05:30,1069.0,1069.0,1067.3,1068.2,58846,0
2026-05-06T12:05:00+05:30,1068.2,1068.8,1066.3,1068.5,184588,0
2026-05-06T12:10:00+05:30,1068.5,1068.5,1067.2,1067.5,43616,0
2026-05-06T12:15:00+05:30,1067.5,1067.6,1066.0,1067.6,141514,0
2026-05-06T12:20:00+05:30,1067.6,1067.6,1066.0,1066.5,48056,0
2026-05-06T12:25:00+05:30,1066.5,1068.0,1066.1,1067.7,82587,0
2026-05-06T12:30:00+05:30,1067.7,1067.7,1066.1,1066.5,46000,0
2026-05-06T12:35:00+05:30,1066.7,1067.0,1065.0,1065.2,69098,0
2026-05-06T12:40:00+05:30,1065.2,1065.5,1063.7,1064.3,91173,0
2026-05-06T12:45:00+05:30,1064.3,1064.5,1063.2,1064.2,58294,0
2026-05-06T12:50:00+05:30,1064.2,1065.2,1063.0,1063.8,133416,0
2026-05-06T12:55:00+05:30,1063.8,1064.0,1063.0,1063.4,68319,0
2026-05-06T13:00:00+05:30,1063.5,1063.5,1061.5,1061.5,124222,0
2026-05-06T13:05:00+05:30,1061.8,1063.9,1061.2,1063.5,106635,0
2026-05-06T13:10:00+05:30,1063.5,1065.0,1063.1,1064.5,101246,0
2026-05-06T13:15:00+05:30,1064.7,1066.3,1064.2,1065.6,102678,0
2026-05-06T13:20:00+05:30,1065.6,1068.0,1065.1,1068.0,111175,0
2026-05-06T13:25:00+05:30,1068.0,1068.4,1067.5,1067.9,100985,0
2026-05-06T13:30:00+05:30,1067.9,1071.4,1067.8,1071.0,222776,0
2026-05-06T13:35:00+05:30,1071.1,1072.5,1069.9,1071.2,222023,0
2026-05-06T13:40:00+05:30,1071.1,1071.7,1069.1,1069.5,108466,0
2026-05-06T13:45:00+05:30,1069.9,1071.5,1069.5,1071.0,111760,0
2026-05-06T13:50:00+05:30,1071.0,1071.0,1067.6,1069.0,215984,0
2026-05-06T13:55:00+05:30,1069.0,1069.7,1067.4,1068.0,77153,0
2026-05-06T14:00:00+05:30,1068.0,1069.3,1066.7,1067.8,233698,0
2026-05-06T14:05:00+05:30,1067.8,1068.9,1067.2,1067.7,92385,0
2026-05-06T14:10:00+05:30,1067.7,1071.6,1067.2,1071.5,156235,0
2026-05-06T14:15:00+05:30,1071.5,1075.7,1071.4,1075.3,487274,0
2026-05-06T14:20:00+05:30,1075.5,1085.5,1075.2,1084.8,742846,0
2026-05-06T14:25:00+05:30,1084.8,1087.1,1084.2,1085.7,607724,0
2026-05-06T14:30:00+05:30,1086.0,1090.5,1085.8,1088.8,598567,0
2026-05-06T14:35:00+05:30,1089.0,1090.2,1086.0,1088.1,368932,0
2026-05-06T14:40:00+05:30,1088.2,1092.0,1088.0,1092.0,338590,0
2026-05-06T14:45:00+05:30,1092.0,1093.0,1089.4,1091.7,230267,0
2026-05-06T14:50:00+05:30,1091.7,1092.5,1090.0,1091.0,234130,0
2026-05-06T14:55:00+05:30,1091.0,1092.9,1089.4,1092.6,294542,0
2026-05-06T15:00:00+05:30,1092.6,1098.8,1092.0,1097.5,714729,0
2026-05-06T15:05:00+05:30,1097.2,1097.6,1092.9,1093.4,497807,0
2026-05-06T15:10:00+05:30,1093.4,1096.3,1093.2,1093.3,347762,0
2026-05-06T15:15:00+05:30,1093.3,1096.3,1092.0,1095.9,467027,0
2026-05-06T15:20:00+05:30,1095.9,1100.0,1095.0,1099.3,425748,0
2026-05-06T15:25:00+05:30,1099.5,1101.1,1098.0,1099.0,342541,0
2026-05-07T09:15:00+05:30,1106.0,1108.0,1096.1,1097.0,672384,0
2026-05-07T09:20:00+05:30,1097.3,1098.1,1094.9,1095.0,285706,0
2026-05-07T09:25:00+05:30,1095.5,1097.0,1092.5,1096.3,273510,0
2026-05-07T09:30:00+05:30,1096.0,1096.3,1093.5,1095.9,217117,0
2026-05-07T09:35:00+05:30,1095.9,1098.9,1095.8,1098.9,233388,0
2026-05-07T09:40:00+05:30,1098.9,1100.8,1098.5,1099.1,266214,0
2026-05-07T09:45:00+05:30,1099.2,1099.4,1096.2,1096.5,168563,0
2026-05-07T09:50:00+05:30,1096.7,1097.0,1094.6,1096.3,154285,0
2026-05-07T09:55:00+05:30,1096.2,1096.7,1094.6,1095.8,205468,0
2026-05-07T10:00:00+05:30,1095.5,1097.9,1095.2,1097.4,120123,0
2026-05-07T10:05:00+05:30,1097.4,1097.6,1093.0,1094.8,190925,0
2026-05-07T10:10:00+05:30,1094.7,1095.6,1092.2,1093.3,134848,0
2026-05-07T10:15:00+05:30,1093.4,1095.0,1092.5,1094.7,124455,0
2026-05-07T10:20:00+05:30,1094.7,1095.2,1093.3,1093.9,115194,0
2026-05-07T10:25:00+05:30,1093.7,1096.0,1093.0,1094.9,92211,0
2026-05-07T10:30:00+05:30,1095.0,1095.6,1094.0,1094.3,100235,0
2026-05-07T10:35:00+05:30,1094.3,1095.2,1093.3,1095.2,74677,0
2026-05-07T10:40:00+05:30,1095.2,1097.8,1095.0,1097.3,129671,0
2026-05-07T10:45:00+05:30,1097.5,1097.9,1094.7,1095.4,140603,0
2026-05-07T10:50:00+05:30,1095.6,1096.0,1094.0,1095.3,94783,0
2026-05-07T10:55:00+05:30,1095.4,1096.0,1094.5,1095.3,45309,0
2026-05-07T11:00:00+05:30,1095.4,1095.4,1094.2,1094.5,54440,0
2026-05-07T11:05:00+05:30,1094.7,1094.8,1092.0,1092.7,128169,0
2026-05-07T11:10:00+05:30,1093.0,1093.0,1091.0,1091.9,229853,0
2026-05-07T11:15:00+05:30,1092.0,1092.9,1089.8,1090.8,367021,0
2026-05-07T11:20:00+05:30,1091.0,1091.5,1089.6,1089.8,269764,0
2026-05-07T11:25:00+05:30,1089.7,1090.0,1087.6,1089.0,464630,0
2026-05-07T11:30:00+05:30,1088.9,1090.0,1087.5,1087.8,428416,0
2026-05-07T11:35:00+05:30,1087.7,1088.1,1086.7,1087.7,124144,0
2026-05-07T11:40:00+05:30,1087.6,1087.7,1086.1,1087.0,140165,0
2026-05-07T11:45:00+05:30,1086.9,1088.0,1086.5,1087.7,127830,0
2026-05-07T11:50:00+05:30,1087.6,1088.7,1087.2,1087.7,234608,0
2026-05-07T11:55:00+05:30,1087.7,1091.0,1087.4,1090.6,351852,0
2026-05-07T12:00:00+05:30,1090.5,1091.5,1089.4,1089.7,146735,0
2026-05-07T12:05:00+05:30,1089.7,1091.5,1089.7,1090.4,228322,0
2026-05-07T12:10:00+05:30,1090.4,1091.7,1090.0,1091.0,154902,0
2026-05-07T12:15:00+05:30,1090.9,1092.0,1090.4,1090.6,211168,0
2026-05-07T12:20:00+05:30,1090.5,1091.5,1090.0,1091.3,134839,0
2026-05-07T12:25:00+05:30,1091.3,1092.0,1090.5,1090.7,116445,0
2026-05-07T12:30:00+05:30,1090.6,1090.9,1088.8,1089.4,148188,0
2026-05-07T12:35:00+05:30,1089.3,1095.5,1088.0,1095.3,333011,0
2026-05-07T12:40:00+05:30,1095.2,1101.8,1095.0,1101.4,612958,0
2026-05-07T12:45:00+05:30,1101.4,1103.5,1098.7,1099.9,454310,0
2026-05-07T12:50:00+05:30,1100.0,1100.3,1096.4,1098.5,216622,0
2026-05-07T12:55:00+05:30,1098.5,1098.7,1095.5,1097.0,140514,0
2026-05-07T13:00:00+05:30,1097.2,1098.5,1096.5,1097.0,106583,0
2026-05-07T13:05:00+05:30,1097.0,1098.0,1096.0,1096.3,73698,0
2026-05-07T13:10:00+05:30,1096.5,1097.5,1096.0,1096.7,82214,0
2026-05-07T13:15:00+05:30,1096.5,1097.8,1092.0,1094.5,186372,0
2026-05-07T13:20:00+05:30,1094.4,1095.8,1093.8,1094.2,177972,0
2026-05-07T13:25:00+05:30,1094.4,1095.8,1094.2,1095.5,60202,0
2026-05-07T13:30:00+05:30,1095.4,1098.7,1094.8,1098.0,102190,0
2026-05-07T13:35:00+05:30,1098.1,1098.6,1095.4,1095.8,101240,0
2026-05-07T13:40:00+05:30,1095.8,1096.9,1095.0,1095.1,148475,0
2026-05-07T13:45:00+05:30,1095.1,1097.2,1093.9,1097.2,124063,0
2026-05-07T13:50:00+05:30,1097.2,1097.7,1095.8,1097.4,64786,0
2026-05-07T13:55:00+05:30,1097.4,1098.0,1096.0,1098.0,69279,0
2026-05-07T14:00:00+05:30,1098.0,1099.5,1096.1,1097.1,125135,0
2026-05-07T14:05:00+05:30,1097.2,1097.7,1095.3,1095.9,140161,0
2026-05-07T14:10:00+05:30,1095.9,1096.2,1094.0,1094.1,115965,0
2026-05-07T14:15:00+05:30,1094.3,1094.7,1093.3,1093.7,103808,0
2026-05-07T14:20:00+05:30,1093.6,1094.9,1092.7,1094.5,143378,0
2026-05-07T14:25:00+05:30,1094.5,1096.3,1094.0,1094.2,164994,0
2026-05-07T14:30:00+05:30,1094.3,1096.7,1094.1,1095.6,221147,0
2026-05-07T14:35:00+05:30,1095.7,1096.1,1094.6,1094.7,192000,0
2026-05-07T14:40:00+05:30,1094.8,1095.2,1093.1,1093.5,119026,0
2026-05-07T14:45:00+05:30,1093.5,1094.5,1092.5,1092.9,174108,0
2026-05-07T14:50:00+05:30,1092.7,1094.9,1092.7,1094.4,128728,0
2026-05-07T14:55:00+05:30,1094.1,1096.8,1094.1,1095.4,137291,0
2026-05-07T15:00:00+05:30,1095.4,1096.0,1090.4,1092.8,1144382,0
2026-05-07T15:05:00+05:30,1092.8,1093.0,1089.6,1091.4,519506,0
2026-05-07T15:10:00+05:30,1091.4,1092.1,1090.2,1091.4,377994,0
2026-05-07T15:15:00+05:30,1091.4,1093.4,1090.8,1093.1,467181,0
2026-05-07T15:20:00+05:30,1093.1,1093.2,1090.1,1091.7,474936,0
2026-05-07T15:25:00+05:30,1091.8,1093.0,1091.5,1092.9,281242,0
2026-05-08T09:15:00+05:30,1090.0,1093.4,1082.9,1086.3,537672,0
2026-05-08T09:20:00+05:30,1086.3,1088.4,1085.6,1087.0,195523,0
2026-05-08T09:25:00+05:30,1087.0,1089.2,1086.0,1089.0,75819,0
2026-05-08T09:30:00+05:30,1088.7,1090.9,1087.7,1089.6,138249,0
2026-05-08T09:35:00+05:30,1089.6,1091.0,1088.2,1089.7,94832,0
2026-05-08T09:40:00+05:30,1089.6,1089.8,1087.0,1087.4,82289,0
2026-05-08T09:45:00+05:30,1087.2,1087.6,1084.0,1087.0,170095,0
2026-05-08T09:50:00+05:30,1087.0,1089.0,1085.5,1088.6,78344,0
2026-05-08T09:55:00+05:30,1088.6,1089.6,1088.1,1089.5,61114,0
2026-05-08T10:00:00+05:30,1089.5,1089.5,1088.0,1089.0,45396,0
2026-05-08T10:05:00+05:30,1089.0,1090.0,1088.5,1089.8,63965,0
2026-05-08T10:10:00+05:30,1089.7,1091.9,1088.0,1091.4,68142,0
2026-05-08T10:15:00+05:30,1091.7,1092.4,1089.6,1091.4,111899,0
2026-05-08T10:20:00+05:30,1091.5,1093.0,1091.0,1093.0,107933,0
2026-05-08T10:25:00+05:30,1093.0,1093.9,1091.2,1091.5,110341,0
2026-05-08T10:30:00+05:30,1091.5,1091.7,1089.3,1089.7,138298,0
2026-05-08T10:35:00+05:30,1089.7,1090.7,1089.1,1089.6,93516,0
2026-05-08T10:40:00+05:30,1089.7,1090.9,1089.2,1089.7,71409,0
2026-05-08T10:45:00+05:30,1089.7,1090.5,1088.3,1088.8,56859,0
2026-05-08T10:50:00+05:30,1089.0,1089.1,1088.0,1088.6,66791,0
2026-05-08T10:55:00+05:30,1088.7,1088.7,1087.1,1087.1,55054,0
2026-05-08T11:00:00+05:30,1087.2,1090.4,1086.0,1090.4,165964,0
2026-05-08T11:05:00+05:30,1090.4,1091.9,1089.7,1091.6,149451,0
2026-05-08T11:10:00+05:30,1091.8,1093.9,1091.5,1093.9,128950,0
2026-05-08T11:15:00+05:30,1093.9,1095.0,1091.9,1092.2,211682,0
2026-05-08T11:20:00+05:30,1092.4,1093.5,1090.0,1091.0,71876,0
2026-05-08T11:25:00+05:30,1091.0,1091.0,1089.1,1090.0,65667,0
2026-05-08T11:30:00+05:30,1090.0,1090.1,1088.6,1090.0,85413,0
2026-05-08T11:35:00+05:30,1089.7,1091.2,1089.1,1091.0,53274,0
2026-05-08T11:40:00+05:30,1091.0,1091.6,1089.5,1089.5,89507,0
2026-05-08T11:45:00+05:30,1089.6,1090.4,1089.0,1089.3,50995,0
2026-05-08T11:50:00+05:30,1089.3,1090.1,1088.5,1089.3,74610,0
2026-05-08T11:55:00+05:30,1089.3,1090.1,1088.0,1090.0,69775,0
2026-05-08T12:00:00+05:30,1090.1,1090.8,1088.5,1089.6,84543,0
2026-05-08T12:05:00+05:30,1089.9,1089.9,1080.1,1082.0,404626,0
2026-05-08T12:10:00+05:30,1082.1,1082.8,1077.9,1081.2,366419,0
2026-05-08T12:15:00+05:30,1081.2,1081.8,1078.0,1081.5,251137,0
2026-05-08T12:20:00+05:30,1081.4,1084.8,1081.0,1084.0,197880,0
2026-05-08T12:25:00+05:30,1084.4,1084.9,1083.5,1084.8,76019,0
2026-05-08T12:30:00+05:30,1084.4,1085.0,1082.3,1083.6,66699,0
2026-05-08T12:35:00+05:30,1083.6,1084.8,1083.0,1084.4,76894,0
2026-05-08T12:40:00+05:30,1084.4,1086.9,1083.5,1083.6,137014,0
2026-05-08T12:45:00+05:30,1083.7,1084.1,1082.0,1084.0,89479,0
2026-05-08T12:50:00+05:30,1084.0,1084.5,1079.1,1082.1,238938,0
2026-05-08T12:55:00+05:30,1082.0,1084.3,1080.9,1083.3,85395,0
2026-05-08T13:00:00+05:30,1082.7,1083.7,1080.0,1080.2,75973,0
2026-05-08T13:05:00+05:30,1080.2,1082.9,1079.0,1081.2,177610,0
2026-05-08T13:10:00+05:30,1081.3,1081.9,1076.0,1078.3,296997,0
2026-05-08T13:15:00+05:30,1078.3,1079.5,1076.5,1078.4,109186,0
2026-05-08T13:20:00+05:30,1078.4,1078.9,1074.5,1077.0,294926,0
2026-05-08T13:25:00+05:30,1077.0,1079.3,1076.2,1078.9,92653,0
2026-05-08T13:30:00+05:30,1078.9,1079.9,1076.2,1079.1,163064,0
2026-05-08T13:35:00+05:30,1079.1,1079.3,1076.0,1076.9,118978,0
2026-05-08T13:40:00+05:30,1076.9,1078.4,1074.1,1077.4,177523,0
2026-05-08T13:45:00+05:30,1077.6,1079.1,1077.3,1078.5,65894,0
2026-05-08T13:50:00+05:30,1078.5,1078.8,1077.0,1078.5,76565,0
2026-05-08T13:55:00+05:30,1078.4,1079.0,1045.8,1052.0,3077135,0
2026-05-08T14:00:00+05:30,1052.6,1054.6,1032.6,1033.6,3154178,0
2026-05-08T14:05:00+05:30,1034.1,1040.0,1027.0,1038.0,3051253,0
2026-05-08T14:10:00+05:30,1037.6,1040.6,1020.1,1020.9,3886534,0
2026-05-08T14:15:00+05:30,1020.9,1029.4,1017.3,1017.9,2660054,0
2026-05-08T14:20:00+05:30,1017.9,1022.5,1010.9,1014.5,3840293,0
2026-05-08T14:25:00+05:30,1014.5,1023.9,1013.2,1021.0,2229172,0
2026-05-08T14:30:00+05:30,1021.4,1033.4,1020.8,1026.4,2632561,0
2026-05-08T14:35:00+05:30,1026.4,1031.6,1022.0,1028.9,1855115,0
2026-05-08T14:40:00+05:30,1028.9,1034.0,1027.4,1029.2,2101242,0
2026-05-08T14:45:00+05:30,1029.3,1033.4,1027.8,1029.5,1177651,0
2026-05-08T14:50:00+05:30,1029.5,1031.5,1028.3,1029.1,725170,0
2026-05-08T14:55:00+05:30,1029.2,1029.9,1024.2,1025.6,1326993,0
2026-05-08T15:00:00+05:30,1025.4,1025.7,1021.3,1021.7,1371465,0
2026-05-08T15:05:00+05:30,1021.7,1024.1,1020.5,1022.3,1139955,0
2026-05-08T15:10:00+05:30,1022.4,1022.8,1020.1,1020.5,1047688,0
2026-05-08T15:15:00+05:30,1020.3,1022.2,1015.5,1015.8,1770308,0
2026-05-08T15:20:00+05:30,1015.8,1016.7,1012.4,1013.1,1666693,0
2026-05-08T15:25:00+05:30,1013.1,1020.2,1013.0,1018.4,1862639,0
2026-05-11T09:15:00+05:30,1007.0,1007.0,984.3,984.8,3733301,0
2026-05-11T09:20:00+05:30,984.8,990.5,984.2,990.0,1429322,0
2026-05-11T09:25:00+05:30,990.0,992.7,989.8,992.2,944560,0
2026-05-11T09:30:00+05:30,992.2,993.7,985.0,987.7,1452083,0
2026-05-11T09:35:00+05:30,987.7,988.8,984.0,984.9,865458,0
2026-05-11T09:40:00+05:30,984.9,985.0,983.2,983.4,667596,0
2026-05-11T09:45:00+05:30,983.4,983.7,981.0,982.0,1170332,0
2026-05-11T09:50:00+05:30,982.0,982.7,980.2,981.9,470890,0
2026-05-11T09:55:00+05:30,981.9,982.3,977.3,978.6,932233,0
2026-05-11T10:00:00+05:30,978.7,980.5,978.0,980.0,438191,0
2026-05-11T10:05:00+05:30,980.0,980.4,979.0,979.5,332099,0
2026-05-11T10:10:00+05:30,979.5,981.7,979.0,979.8,686572,0
2026-05-11T10:15:00+05:30,979.9,981.2,976.1,977.0,769436,0
2026-05-11T10:20:00+05:30,976.8,978.5,975.8,978.4,697019,0
2026-05-11T10:25:00+05:30,978.4,978.6,976.5,977.9,342551,0
2026-05-11T10:30:00+05:30,977.9,978.9,977.0,978.7,282412,0
2026-05-11T10:35:00+05:30,978.7,980.2,977.1,977.5,585140,0
2026-05-11T10:40:00+05:30,977.5,979.3,977.2,979.2,270827,0
2026-05-11T10:45:00+05:30,979.1,979.5,978.3,979.3,212945,0
2026-05-11T10:50:00+05:30,979.2,983.6,978.0,980.6,2287035,0
2026-05-11T10:55:00+05:30,980.8,981.1,978.0,978.4,358252,0
2026-05-11T11:00:00+05:30,978.3,978.4,976.2,977.2,428498,0
2026-05-11T11:05:00+05:30,977.1,978.0,977.0,977.7,279695,0
2026-05-11T11:10:00+05:30,977.7,978.6,976.0,976.3,1008982,0
2026-05-11T11:15:00+05:30,976.3,977.5,976.0,976.5,245228,0
2026-05-11T11:20:00+05:30,976.4,978.0,976.2,976.4,283184,0
2026-05-11T11:25:00+05:30,976.5,976.6,975.0,976.3,462611,0
2026-05-11T11:30:00+05:30,976.3,976.6,975.5,976.3,213409,0
2026-05-11T11:35:00+05:30,976.3,978.0,976.1,977.9,239105,0
2026-05-11T11:40:00+05:30,977.8,980.3,977.4,979.9,1102882,0
2026-05-11T11:45:00+05:30,979.9,981.0,979.6,980.6,488742,0
2026-05-11T11:50:00+05:30,980.5,981.6,980.2,980.2,781279,0
2026-05-11T11:55:00+05:30,980.4,980.4,978.5,979.4,282831,0
2026-05-11T12:00:00+05:30,979.4,979.7,978.6,979.1,288266,0
2026-05-11T12:05:00+05:30,979.1,981.0,978.9,980.7,341890,0
2026-05-11T12:10:00+05:30,980.7,980.9,980.0,980.3,257875,0
2026-05-11T12:15:00+05:30,980.3,980.4,978.2,978.6,284611,0
2026-05-11T12:20:00+05:30,978.7,979.0,977.3,978.2,461211,0
2026-05-11T12:25:00+05:30,978.1,978.5,977.7,977.9,253062,0
2026-05-11T12:30:00+05:30,977.9,978.9,976.4,978.1,837891,0
2026-05-11T12:35:00+05:30,978.1,978.2,976.0,976.1,386242,0
2026-05-11T12:40:00+05:30,976.0,977.9,976.0,977.6,260765,0
2026-05-11T12:45:00+05:30,977.6,979.0,977.5,978.1,293047,0
2026-05-11T12:50:00+05:30,978.1,979.9,978.0,979.3,321068,0
2026-05-11T12:55:00+05:30,979.2,980.2,979.1,980.0,494862,0
2026-05-11T13:00:00+05:30,980.0,980.0,977.0,977.1,450511,0
2026-05-11T13:05:00+05:30,977.1,980.6,977.0,980.5,691784,0
2026-05-11T13:10:00+05:30,980.3,981.8,979.0,981.5,464248,0
2026-05-11T13:15:00+05:30,981.6,982.0,979.2,979.9,545360,0
2026-05-11T13:20:00+05:30,979.8,980.7,979.0,980.3,267889,0
2026-05-11T13:25:00+05:30,980.3,980.9,979.1,979.6,216610,0
2026-05-11T13:30:00+05:30,979.5,982.2,979.2,982.0,490586,0
2026-05-11T13:35:00+05:30,982.2,985.0,981.4,981.7,847386,0
2026-05-11T13:40:00+05:30,981.6,982.1,980.1,980.2,401185,0
2026-05-11T13:45:00+05:30,980.1,982.0,980.1,981.7,311081,0
2026-05-11T13:50:00+05:30,981.7,982.0,981.1,981.9,445980,0
2026-05-11T13:55:00+05:30,982.0,982.0,980.5,980.9,494081,0
2026-05-11T14:00:00+05:30,980.8,981.8,980.3,981.0,432029,0
2026-05-11T14:05:00+05:30,981.0,982.0,980.7,980.7,388080,0
2026-05-11T14:10:00+05:30,980.8,980.8,979.0,979.1,486435,0
2026-05-11T14:15:00+05:30,979.2,979.8,979.0,979.3,378785,0
2026-05-11T14:20:00+05:30,979.3,980.2,979.2,980.0,309080,0
2026-05-11T14:25:00+05:30,980.0,980.0,978.2,979.2,400802,0
2026-05-11T14:30:00+05:30,979.2,980.1,978.7,980.1,352954,0
2026-05-11T14:35:00+05:30,980.1,980.4,977.6,978.8,582621,0
2026-05-11T14:40:00+05:30,978.8,979.4,978.3,979.3,345426,0
2026-05-11T14:45:00+05:30,979.3,979.4,976.0,976.4,529465,0
2026-05-11T14:50:00+05:30,976.4,977.9,976.0,976.3,391160,0
2026-05-11T14:55:00+05:30,976.3,976.8,974.2,975.0,1297142,0
2026-05-11T15:00:00+05:30,975.0,975.1,971.9,972.8,1021442,0
2026-05-11T15:05:00+05:30,972.6,972.8,971.3,971.9,601922,0
2026-05-11T15:10:00+05:30,971.7,972.9,971.1,971.3,670671,0
2026-05-11T15:15:00+05:30,971.3,975.5,971.1,974.6,1503662,0
2026-05-11T15:20:00+05:30,974.6,975.6,973.1,975.0,1136945,0
2026-05-11T15:25:00+05:30,974.8,977.2,973.1,974.9,913734,0
2026-05-12T09:15:00+05:30,976.9,980.9,972.9,979.9,1170449,0
2026-05-12T09:20:00+05:30,979.9,980.3,976.0,976.2,598652,0
2026-05-12T09:25:00+05:30,976.0,976.6,973.2,975.9,468788,0
2026-05-12T09:30:00+05:30,975.6,975.9,972.4,973.7,443529,0
2026-05-12T09:35:00+05:30,973.7,976.5,973.2,975.3,285634,0
2026-05-12T09:40:00+05:30,975.2,978.0,974.5,977.1,294195,0
2026-05-12T09:45:00+05:30,977.0,978.9,976.1,977.7,421489,0
2026-05-12T09:50:00+05:30,977.5,981.4,976.0,980.8,376552,0
2026-05-12T09:55:00+05:30,980.7,981.1,977.2,978.4,377537,0
2026-05-12T10:00:00+05:30,978.4,979.0,977.6,978.7,124721,0
2026-05-12T10:05:00+05:30,978.3,979.9,977.7,978.8,282184,0
2026-05-12T10:10:00+05:30,978.8,979.5,978.3,979.4,145141,0
2026-05-12T10:15:00+05:30,979.0,980.5,978.8,979.8,174427,0
2026-05-12T10:20:00+05:30,979.4,980.0,977.0,977.6,189584,0
2026-05-12T10:25:00+05:30,977.7,978.0,976.0,976.4,209579,0
2026-05-12T10:30:00+05:30,976.3,976.9,975.2,975.5,171934,0
2026-05-12T10:35:00+05:30,975.2,976.2,974.6,975.8,227838,0
2026-05-12T10:40:00+05:30,975.9,977.4,974.5,974.8,194900,0
2026-05-12T10:45:00+05:30,974.8,975.0,970.0,970.3,548808,0
2026-05-12T10:50:00+05:30,970.2,970.7,968.1,969.0,304818,0
2026-05-12T10:55:00+05:30,969.0,970.2,968.4,970.1,544032,0
2026-05-12T11:00:00+05:30,970.1,970.4,965.3,966.2,489274,0
2026-05-12T11:05:00+05:30,966.1,967.0,964.1,965.9,685093,0
2026-05-12T11:10:00+05:30,965.8,966.0,964.4,964.8,271458,0
2026-05-12T11:15:00+05:30,964.8,967.3,964.5,966.8,502489,0
2026-05-12T11:20:00+05:30,966.8,967.8,964.9,965.5,405900,0
2026-05-12T11:25:00+05:30,965.4,967.0,964.4,964.7,407394,0
2026-05-12T11:30:00+05:30,964.7,966.8,964.4,966.2,378624,0
2026-05-12T11:35:00+05:30,966.2,966.4,964.8,966.3,175055,0
2026-05-12T11:40:00+05:30,966.1,967.0,965.7,966.8,133264,0
2026-05-12T11:45:00+05:30,966.7,967.5,965.8,967.5,183569,0
2026-05-12T11:50:00+05:30,967.4,969.8,967.2,969.4,267919,0
2026-05-12T11:55:00+05:30,969.0,969.6,968.2,968.9,221957,0
2026-05-12T12:00:00+05:30,968.6,969.7,967.3,968.5,221328,0
2026-05-12T12:05:00+05:30,968.5,968.5,967.5,967.6,159052,0
2026-05-12T12:10:00+05:30,967.6,968.8,967.1,968.2,216620,0
2026-05-12T12:15:00+05:30,968.1,969.0,967.0,967.9,217621,0
2026-05-12T12:20:00+05:30,967.8,968.7,967.0,967.7,218824,0
2026-05-12T12:25:00+05:30,967.6,967.7,965.3,966.5,332681,0
2026-05-12T12:30:00+05:30,966.2,966.5,963.1,963.6,261696,0
2026-05-12T12:35:00+05:30,963.4,965.3,963.0,964.7,147399,0
2026-05-12T12:40:00+05:30,964.7,966.0,964.6,965.7,127079,0
2026-05-12T12:45:00+05:30,965.5,965.8,963.2,963.4,176848,0
2026-05-12T12:50:00+05:30,963.6,964.4,962.4,963.5,207447,0
2026-05-12T12:55:00+05:30,963.3,964.1,963.2,963.6,120888,0
2026-05-12T13:00:00+05:30,963.6,965.8,963.3,965.5,110021,0
2026-05-12T13:05:00+05:30,965.4,967.1,965.4,966.1,193338,0
2026-05-12T13:10:00+05:30,966.0,967.5,965.9,967.2,254963,0
2026-05-12T13:15:00+05:30,967.2,968.9,966.5,968.6,308868,0
2026-05-12T13:20:00+05:30,968.2,969.4,968.0,969.0,376889,0
2026-05-12T13:25:00+05:30,968.9,972.7,968.5,972.0,537840,0
2026-05-12T13:30:00+05:30,972.4,973.4,971.6,972.0,418172,0
2026-05-12T13:35:00+05:30,972.0,973.4,971.0,972.0,250773,0
2026-05-12T13:40:00+05:30,972.0,972.0,969.5,970.7,567740,0
2026-05-12T13:45:00+05:30,970.8,973.7,970.7,973.3,257936,0
2026-05-12T13:50:00+05:30,973.3,975.0,972.5,972.8,267483,0
2026-05-12T13:55:00+05:30,973.2,974.0,972.2,972.6,306952,0
2026-05-12T14:00:00+05:30,972.4,974.6,971.4,974.0,467377,0
2026-05-12T14:05:00+05:30,974.0,974.4,973.0,973.4,338047,0
2026-05-12T14:10:00+05:30,973.4,973.5,972.0,972.5,191131,0
2026-05-12T14:15:00+05:30,972.5,973.7,972.0,973.1,216967,0
2026-05-12T14:20:00+05:30,973.1,974.9,972.9,974.7,190575,0
2026-05-12T14:25:00+05:30,974.5,975.0,973.4,974.5,245345,0
2026-05-12T14:30:00+05:30,974.5,975.5,973.1,973.5,350780,0
2026-05-12T14:35:00+05:30,973.5,975.5,973.0,975.2,311297,0
2026-05-12T14:40:00+05:30,975.1,976.9,974.5,976.4,456748,0
2026-05-12T14:45:00+05:30,976.5,978.5,975.5,977.5,603041,0
2026-05-12T14:50:00+05:30,977.5,978.6,973.6,973.7,620258,0
2026-05-12T14:55:00+05:30,973.8,975.6,973.1,975.3,267563,0
2026-05-12T15:00:00+05:30,975.2,975.4,973.5,975.0,545834,0
2026-05-12T15:05:00+05:30,974.6,975.0,972.4,972.7,701883,0
2026-05-12T15:10:00+05:30,972.7,974.0,972.0,973.5,613150,0
2026-05-12T15:15:00+05:30,973.5,976.5,973.2,976.0,579545,0
2026-05-12T15:20:00+05:30,976.0,977.4,974.8,976.1,726200,0
2026-05-12T15:25:00+05:30,976.1,976.6,974.0,976.1,323724,0
2026-05-13T09:15:00+05:30,978.0,981.2,971.6,973.5,767075,0
2026-05-13T09:20:00+05:30,973.1,974.7,972.1,974.2,229544,0
2026-05-13T09:25:00+05:30,974.2,974.2,969.0,969.0,317561,0
2026-05-13T09:30:00+05:30,969.3,970.4,965.5,965.9,366069,0
2026-05-13T09:35:00+05:30,965.9,966.5,963.2,963.8,414648,0
2026-05-13T09:40:00+05:30,963.7,965.4,963.0,964.0,236340,0
2026-05-13T09:45:00+05:30,964.0,965.0,961.2,961.7,308920,0
2026-05-13T09:50:00+05:30,961.9,965.8,961.9,965.4,175687,0
2026-05-13T09:55:00+05:30,965.4,966.7,964.2,966.2,224186,0
2026-05-13T10:00:00+05:30,966.2,968.3,965.4,968.2,235303,0
2026-05-13T10:05:00+05:30,968.2,969.4,967.0,967.6,255417,0
2026-05-13T10:10:00+05:30,967.8,968.3,966.4,967.6,164729,0
2026-05-13T10:15:00+05:30,967.6,970.8,967.1,970.0,196517,0
2026-05-13T10:20:00+05:30,970.0,971.8,969.9,971.2,188518,0
2026-05-13T10:25:00+05:30,971.2,973.5,970.8,971.2,374741,0
2026-05-13T10:30:00+05:30,971.2,974.6,970.4,974.6,320548,0
2026-05-13T10:35:00+05:30,974.6,974.8,971.4,972.0,171260,0
2026-05-13T10:40:00+05:30,972.3,974.9,972.0,973.6,157252,0
2026-05-13T10:45:00+05:30,973.7,973.9,972.5,972.5,109278,0
2026-05-13T10:50:00+05:30,972.7,972.8,971.0,972.4,183498,0
2026-05-13T10:55:00+05:30,972.4,972.5,967.0,967.0,212648,0
2026-05-13T11:00:00+05:30,967.0,970.7,967.0,969.6,249355,0
2026-05-13T11:05:00+05:30,969.3,970.5,967.5,970.2,318342,0
2026-05-13T11:10:00+05:30,970.0,970.4,968.1,969.7,139705,0
2026-05-13T11:15:00+05:30,969.7,973.5,969.3,971.3,197908,0
2026-05-13T11:20:00+05:30,971.2,971.7,969.1,970.5,81704,0
2026-05-13T11:25:00+05:30,970.2,971.8,969.9,971.0,196518,0
2026-05-13T11:30:00+05:30,971.0,972.7,970.4,972.5,161280,0
2026-05-13T11:35:00+05:30,972.3,977.5,972.3,977.0,364901,0
2026-05-13T11:40:00+05:30,976.8,979.6,976.0,978.5,378104,0
2026-05-13T11:45:00+05:30,978.5,979.9,975.5,976.0,290119,0
2026-05-13T11:50:00+05:30,976.0,978.4,976.0,976.4,213771,0
2026-05-13T11:55:00+05:30,976.4,977.0,974.3,975.3,186419,0
2026-05-13T12:00:00+05:30,975.1,976.3,974.1,974.7,186336,0
2026-05-13T12:05:00+05:30,974.7,976.1,974.4,975.4,91944,0
2026-05-13T12:10:00+05:30,975.4,976.8,974.8,976.7,93891,0
2026-05-13T12:15:00+05:30,976.7,977.6,976.0,976.7,160678,0
2026-05-13T12:20:00+05:30,976.7,977.0,975.2,976.3,81365,0
2026-05-13T12:25:00+05:30,976.3,978.2,975.0,977.6,317642,0
2026-05-13T12:30:00+05:30,977.6,978.0,973.3,974.1,349855,0
2026-05-13T12:35:00+05:30,974.3,974.7,972.6,974.3,274404,0
2026-05-13T12:40:00+05:30,974.3,974.6,970.7,971.0,320843,0
2026-05-13T12:45:00+05:30,971.0,973.6,970.9,973.6,207728,0
2026-05-13T12:50:00+05:30,973.5,976.4,973.5,976.2,333536,0
2026-05-13T12:55:00+05:30,976.4,980.6,976.1,979.6,750546,0
2026-05-13T13:00:00+05:30,979.6,980.0,976.5,978.3,416290,0
2026-05-13T13:05:00+05:30,978.1,978.8,976.5,977.0,231093,0
2026-05-13T13:10:00+05:30,977.0,977.7,975.7,976.5,114777,0
2026-05-13T13:15:00+05:30,976.5,977.0,973.1,974.0,246387,0
2026-05-13T13:20:00+05:30,973.6,974.5,973.5,973.7,140229,0
2026-05-13T13:25:00+05:30,973.6,974.0,971.6,972.0,181259,0
2026-05-13T13:30:00+05:30,972.0,976.2,972.0,975.7,207716,0
2026-05-13T13:35:00+05:30,975.8,976.0,974.0,976.0,89982,0
2026-05-13T13:40:00+05:30,975.8,976.3,975.1,975.5,66422,0
2026-05-13T13:45:00+05:30,975.5,976.0,974.0,974.8,92482,0
2026-05-13T13:50:00+05:30,974.7,975.2,973.5,973.9,85253,0
2026-05-13T13:55:00+05:30,973.9,974.0,972.1,973.8,104951,0
2026-05-13T14:00:00+05:30,973.8,974.8,972.1,973.0,129522,0
2026-05-13T14:05:00+05:30,973.0,974.6,973.0,974.5,82672,0
2026-05-13T14:10:00+05:30,974.4,975.2,974.0,974.4,89348,0
2026-05-13T14:15:00+05:30,974.4,975.3,972.1,972.2,150697,0
2026-05-13T14:20:00+05:30,972.1,973.6,971.0,973.3,184703,0
2026-05-13T14:25:00+05:30,973.3,973.7,972.3,972.9,106745,0
2026-05-13T14:30:00+05:30,972.9,973.8,972.5,973.7,109692,0
2026-05-13T14:35:00+05:30,973.7,973.8,972.5,972.8,107636,0
2026-05-13T14:40:00+05:30,973.0,973.2,971.5,971.7,176365,0
2026-05-13T14:45:00+05:30,971.6,974.3,971.0,973.2,409762,0
2026-05-13T14:50:00+05:30,973.4,974.0,973.0,973.7,123892,0
2026-05-13T14:55:00+05:30,973.6,973.7,973.0,973.3,99986,0
2026-05-13T15:00:00+05:30,973.2,973.3,971.0,971.3,303438,0
2026-05-13T15:05:00+05:30,971.4,971.6,969.7,970.1,476469,0
2026-05-13T15:10:00+05:30,970.1,971.5,969.7,971.4,344456,0
2026-05-13T15:15:00+05:30,971.3,971.5,970.0,970.3,223195,0
2026-05-13T15:20:00+05:30,970.1,970.7,968.1,968.7,463767,0
2026-05-13T15:25:00+05:30,968.5,971.0,966.2,971.0,422213,0
2026-05-14T09:15:00+05:30,973.5,979.0,972.6,976.0,605278,0
2026-05-14T09:20:00+05:30,976.0,977.3,975.0,977.2,221788,0
2026-05-14T09:25:00+05:30,977.2,978.0,976.4,976.8,142617,0
2026-05-14T09:30:00+05:30,976.9,977.1,975.5,976.1,342806,0
2026-05-14T09:35:00+05:30,976.1,976.3,974.3,975.1,252749,0
2026-05-14T09:40:00+05:30,975.1,975.4,973.0,973.5,325352,0
2026-05-14T09:45:00+05:30,973.6,974.9,973.0,973.5,126711,0
2026-05-14T09:50:00+05:30,973.5,973.8,972.1,972.5,151695,0
2026-05-14T09:55:00+05:30,972.5,972.6,971.1,972.2,253650,0
2026-05-14T10:00:00+05:30,972.2,973.6,970.7,972.8,364187,0
2026-05-14T10:05:00+05:30,972.8,973.5,971.0,972.6,163658,0
2026-05-14T10:10:00+05:30,972.6,973.7,971.5,973.7,153931,0
2026-05-14T10:15:00+05:30,973.5,973.8,972.0,973.8,116521,0
2026-05-14T10:20:00+05:30,973.9,974.0,971.3,971.9,141494,0
2026-05-14T10:25:00+05:30,971.9,973.0,971.5,972.1,83542,0
2026-05-14T10:30:00+05:30,972.3,972.9,972.0,972.9,83802,0
2026-05-14T10:35:00+05:30,972.9,973.3,971.6,972.0,114091,0
2026-05-14T10:40:00+05:30,972.0,972.9,970.1,970.1,204489,0
2026-05-14T10:45:00+05:30,970.3,970.4,966.1,966.3,505434,0
2026-05-14T10:50:00+05:30,966.3,968.7,965.4,967.2,264775,0
2026-05-14T10:55:00+05:30,967.2,967.3,963.6,963.7,326313,0
2026-05-14T11:00:00+05:30,963.8,965.0,963.7,964.7,124267,0
2026-05-14T11:05:00+05:30,964.7,965.6,964.6,965.4,94138,0
2026-05-14T11:10:00+05:30,965.4,967.8,965.0,967.5,151307,0
2026-05-14T11:15:00+05:30,967.5,971.2,967.2,971.0,215161,0
2026-05-14T11:20:00+05:30,971.2,972.3,970.2,971.7,261087,0
2026-05-14T11:25:00+05:30,971.7,973.0,970.1,972.2,263469,0
2026-05-14T11:30:00+05:30,972.2,975.9,972.0,975.2,392638,0
2026-05-14T11:35:00+05:30,975.3,976.5,974.8,976.5,341343,0
2026-05-14T11:40:00+05:30,976.4,978.9,975.2,977.0,441080,0
2026-05-14T11:45:00+05:30,977.4,979.3,976.1,978.6,310461,0
2026-05-14T11:50:00+05:30,978.6,979.3,977.5,977.7,224268,0
2026-05-14T11:55:00+05:30,977.7,979.0,976.6,978.8,166708,0
2026-05-14T12:00:00+05:30,978.8,979.0,976.2,976.7,224476,0
2026-05-14T12:05:00+05:30,976.8,977.6,976.1,976.7,134269,0
2026-05-14T12:10:00+05:30,976.6,978.6,976.2,978.3,164490,0
2026-05-14T12:15:00+05:30,978.3,986.5,977.9,982.0,759439,0
2026-05-14T12:20:00+05:30,982.1,982.9,980.2,982.6,180396,0
2026-05-14T12:25:00+05:30,982.6,983.0,981.1,981.6,149051,0
2026-05-14T12:30:00+05:30,981.6,982.9,981.1,981.9,129355,0
2026-05-14T12:35:00+05:30,982.0,983.7,981.6,983.4,195466,0
2026-05-14T12:40:00+05:30,983.5,985.3,983.0,985.0,267311,0
2026-05-14T12:45:00+05:30,985.2,986.0,984.0,984.9,291844,0
2026-05-14T12:50:00+05:30,984.8,984.9,981.8,982.6,186703,0
2026-05-14T12:55:00+05:30,982.7,985.0,982.4,983.5,157033,0
2026-05-14T13:00:00+05:30,983.6,986.4,983.5,986.0,272045,0
2026-05-14T13:05:00+05:30,986.0,987.0,985.1,985.2,179088,0
2026-05-14T13:10:00+05:30,985.4,985.9,984.0,985.6,142657,0
2026-05-14T13:15:00+05:30,985.6,986.0,984.5,985.2,106817,0
2026-05-14T13:20:00+05:30,985.2,985.6,983.5,983.6,127924,0
2026-05-14T13:25:00+05:30,983.7,984.2,983.0,983.0,141351,0
2026-05-14T13:30:00+05:30,983.4,983.9,982.2,983.5,141543,0
2026-05-14T13:35:00+05:30,983.4,985.0,982.5,983.1,145233,0
2026-05-14T13:40:00+05:30,982.7,983.9,982.7,983.4,77710,0
2026-05-14T13:45:00+05:30,983.8,984.0,982.4,982.9,112774,0
2026-05-14T13:50:00+05:30,982.9,983.1,980.7,982.2,143879,0
2026-05-14T13:55:00+05:30,982.2,982.8,981.0,982.8,85688,0
2026-05-14T14:00:00+05:30,982.8,984.1,982.4,983.8,101596,0
2026-05-14T14:05:00+05:30,983.9,985.3,983.6,984.7,129329,0
2026-05-14T14:10:00+05:30,984.7,986.0,984.0,984.0,158147,0
2026-05-14T14:15:00+05:30,984.1,985.0,982.0,982.3,154768,0
2026-05-14T14:20:00+05:30,982.3,983.9,982.0,982.9,113847,0
2026-05-14T14:25:00+05:30,983.0,983.4,982.7,982.9,115559,0
2026-05-14T14:30:00+05:30,983.0,984.0,981.6,983.0,253839,0
2026-05-14T14:35:00+05:30,983.2,983.4,981.2,981.8,203446,0
2026-05-14T14:40:00+05:30,981.8,981.9,980.5,981.3,171705,0
2026-05-14T14:45:00+05:30,981.3,981.8,979.0,979.0,211456,0
2026-05-14T14:50:00+05:30,979.1,980.5,978.8,980.1,320591,0
2026-05-14T14:55:00+05:30,980.0,982.0,979.2,981.5,154530,0
2026-05-14T15:00:00+05:30,981.5,981.6,978.5,980.5,351250,0
2026-05-14T15:05:00+05:30,980.7,981.0,978.4,978.4,359594,0
2026-05-14T15:10:00+05:30,978.9,980.2,978.3,979.4,374806,0
2026-05-14T15:15:00+05:30,979.3,980.1,978.6,979.7,220095,0
2026-05-14T15:20:00+05:30,979.8,980.1,979.4,980.0,254239,0
2026-05-14T15:25:00+05:30,979.9,982.5,979.5,982.3,328529,0
2026-05-15T09:15:00+05:30,971.2,972.4,957.0,965.8,2329081,0
2026-05-15T09:20:00+05:30,965.8,966.4,963.2,965.1,699849,0
2026-05-15T09:25:00+05:30,965.1,971.0,964.1,970.5,737039,0
2026-05-15T09:30:00+05:30,970.5,971.9,966.3,969.5,1213587,0
2026-05-15T09:35:00+05:30,969.3,970.0,966.9,969.7,540182,0
2026-05-15T09:40:00+05:30,969.7,970.5,968.4,969.6,385104,0
2026-05-15T09:45:00+05:30,969.6,970.5,967.5,968.2,263623,0
2026-05-15T09:50:00+05:30,968.2,970.8,967.8,969.1,273005,0
2026-05-15T09:55:00+05:30,969.1,970.5,969.0,969.3,182549,0
2026-05-15T10:00:00+05:30,969.3,969.3,966.1,968.5,401318,0
2026-05-15T10:05:00+05:30,968.5,968.7,966.5,966.7,166919,0
2026-05-15T10:10:00+05:30,966.7,967.6,966.5,966.9,118156,0
2026-05-15T10:15:00+05:30,966.9,968.6,966.7,968.1,267095,0
2026-05-15T10:20:00+05:30,968.1,969.4,967.1,968.9,332947,0
2026-05-15T10:25:00+05:30,968.9,969.4,965.7,967.1,266029,0
2026-05-15T10:30:00+05:30,967.1,969.5,967.0,969.0,288111,0
2026-05-15T10:35:00+05:30,969.0,969.3,967.3,967.9,476388,0
2026-05-15T10:40:00+05:30,967.9,968.7,967.5,968.6,251179,0
2026-05-15T10:45:00+05:30,968.7,968.7,968.0,968.1,73838,0
2026-05-15T10:50:00+05:30,968.1,968.8,967.0,968.7,93033,0
2026-05-15T10:55:00+05:30,968.6,968.7,967.5,967.8,44358,0
2026-05-15T11:00:00+05:30,967.8,969.2,966.5,967.5,1029524,0
2026-05-15T11:05:00+05:30,967.4,967.5,965.0,966.1,654358,0
2026-05-15T11:10:00+05:30,966.1,968.0,965.7,966.4,377705,0
2026-05-15T11:15:00+05:30,966.4,968.0,965.4,967.7,308639,0
2026-05-15T11:20:00+05:30,967.6,967.8,966.5,967.1,98737,0
2026-05-15T11:25:00+05:30,967.1,967.9,966.5,967.1,188259,0
2026-05-15T11:30:00+05:30,967.1,968.5,966.1,968.1,208793,0
2026-05-15T11:35:00+05:30,968.1,969.8,967.0,969.8,239682,0
2026-05-15T11:40:00+05:30,969.7,970.0,967.0,968.8,341868,0
2026-05-15T11:45:00+05:30,968.7,969.7,968.3,969.4,908989,0
2026-05-15T11:50:00+05:30,969.2,970.0,968.1,969.4,116726,0
2026-05-15T11:55:00+05:30,969.4,970.5,968.4,970.0,188831,0
2026-05-15T12:00:00+05:30,970.2,971.0,969.6,970.2,149953,0
2026-05-15T12:05:00+05:30,970.2,970.5,968.8,969.9,418320,0
2026-05-15T12:10:00+05:30,969.5,970.2,969.4,969.9,119986,0
2026-05-15T12:15:00+05:30,969.8,970.0,968.0,968.2,126019,0
2026-05-15T12:20:00+05:30,968.5,968.8,967.6,968.4,84743,0
2026-05-15T12:25:00+05:30,968.5,969.2,967.2,967.7,86543,0
2026-05-15T12:30:00+05:30,967.6,968.5,967.2,968.4,74258,0
2026-05-15T12:35:00+05:30,968.3,968.9,967.8,968.5,85455,0
2026-05-15T12:40:00+05:30,968.4,969.7,968.1,969.2,86378,0
2026-05-15T12:45:00+05:30,969.5,970.7,969.1,970.6,186527,0
2026-05-15T12:50:00+05:30,970.4,972.0,970.2,971.8,221066,0
2026-05-15T12:55:00+05:30,971.7,972.5,971.5,972.0,144962,0
2026-05-15T13:00:00+05:30,971.9,972.4,971.5,971.8,94996,0
2026-05-15T13:05:00+05:30,971.9,972.0,969.0,969.7,194490,0
2026-05-15T13:10:00+05:30,969.7,970.5,969.3,970.4,83108,0
2026-05-15T13:15:00+05:30,970.0,970.8,970.0,970.7,83466,0
2026-05-15T13:20:00+05:30,970.8,971.5,970.4,971.0,102292,0
2026-05-15T13:25:00+05:30,971.0,971.4,970.5,970.7,104757,0
2026-05-15T13:30:00+05:30,970.8,971.0,969.5,970.0,183031,0
2026-05-15T13:35:00+05:30,970.4,970.4,963.4,966.4,1313892,0
2026-05-15T13:40:00+05:30,966.4,967.5,964.2,967.4,329673,0
2026-05-15T13:45:00+05:30,967.5,967.8,965.0,965.7,181880,0
2026-05-15T13:50:00+05:30,965.7,967.5,965.0,967.1,283948,0
2026-05-15T13:55:00+05:30,966.8,967.5,965.1,965.8,208239,0
2026-05-15T14:00:00+05:30,965.8,966.4,965.0,965.8,282790,0
2026-05-15T14:05:00+05:30,965.8,966.8,965.1,966.8,314514,0
2026-05-15T14:10:00+05:30,966.3,967.0,966.0,966.9,136343,0
2026-05-15T14:15:00+05:30,966.5,967.2,966.0,966.5,253958,0
2026-05-15T14:20:00+05:30,966.5,967.1,965.6,967.0,296601,0
2026-05-15T14:25:00+05:30,967.0,967.0,966.0,966.4,300692,0
2026-05-15T14:30:00+05:30,966.4,967.8,965.0,965.7,476973,0
2026-05-15T14:35:00+05:30,965.7,966.8,962.3,964.6,572189,0
2026-05-15T14:40:00+05:30,964.4,966.1,963.8,965.1,389031,0
2026-05-15T14:45:00+05:30,965.1,965.1,963.0,963.1,333523,0
2026-05-15T14:50:00+05:30,963.0,965.1,962.0,963.7,1283842,0
2026-05-15T14:55:00+05:30,963.7,965.2,962.4,964.7,446474,0
2026-05-15T15:00:00+05:30,964.6,965.6,963.7,965.5,368443,0
2026-05-15T15:05:00+05:30,965.6,965.7,963.0,963.2,349098,0
2026-05-15T15:10:00+05:30,963.2,963.7,962.9,963.0,375482,0
2026-05-15T15:15:00+05:30,963.0,963.6,962.0,963.6,532076,0
2026-05-15T15:20:00+05:30,963.6,964.1,961.9,962.1,496104,0
2026-05-15T15:25:00+05:30,962.1,963.0,960.0,961.6,502453,0
2026-05-18T09:15:00+05:30,952.0,954.9,944.4,948.5,709106,0
2026-05-18T09:20:00+05:30,948.5,949.0,946.5,948.0,217142,0
2026-05-18T09:25:00+05:30,947.9,948.0,943.8,944.4,356044,0
2026-05-18T09:30:00+05:30,944.5,945.8,942.6,943.6,285617,0
2026-05-18T09:35:00+05:30,943.6,944.4,941.5,942.0,236243,0
2026-05-18T09:40:00+05:30,942.1,942.6,941.0,941.8,224999,0
2026-05-18T09:45:00+05:30,941.7,942.3,938.5,939.5,437446,0
2026-05-18T09:50:00+05:30,939.4,939.7,935.4,935.9,421041,0
2026-05-18T09:55:00+05:30,935.7,936.4,933.9,935.8,395168,0
2026-05-18T10:00:00+05:30,935.9,936.8,935.0,935.1,263516,0
2026-05-18T10:05:00+05:30,935.4,937.7,934.5,937.5,259704,0
2026-05-18T10:10:00+05:30,937.5,939.5,937.0,938.5,288935,0
2026-05-18T10:15:00+05:30,938.8,939.9,937.9,939.4,128887,0
2026-05-18T10:20:00+05:30,939.3,940.2,938.0,939.1,278715,0
2026-05-18T10:25:00+05:30,939.1,939.9,938.0,939.2,179216,0
2026-05-18T10:30:00+05:30,939.2,940.0,936.0,939.6,191319,0
2026-05-18T10:35:00+05:30,939.6,940.2,937.8,937.9,183363,0
2026-05-18T10:40:00+05:30,937.9,938.0,936.4,937.1,101707,0
2026-05-18T10:45:00+05:30,937.1,937.8,936.5,936.6,96157,0
2026-05-18T10:50:00+05:30,936.6,938.4,936.5,938.0,68317,0
2026-05-18T10:55:00+05:30,938.2,938.9,937.8,938.5,112748,0
2026-05-18T11:00:00+05:30,938.5,938.9,937.5,937.8,75208,0
2026-05-18T11:05:00+05:30,937.9,940.0,937.5,938.9,109365,0
2026-05-18T11:10:00+05:30,938.8,939.0,938.0,938.0,67597,0
2026-05-18T11:15:00+05:30,938.1,939.3,937.6,938.7,91824,0
2026-05-18T11:20:00+05:30,938.8,939.2,937.5,939.1,109223,0
2026-05-18T11:25:00+05:30,939.0,939.5,935.5,936.8,295448,0
2026-05-18T11:30:00+05:30,936.7,938.1,936.4,937.0,191230,0
2026-05-18T11:35:00+05:30,936.8,938.5,936.4,938.3,169935,0
2026-05-18T11:40:00+05:30,938.3,938.3,936.1,936.5,152061,0
2026-05-18T11:45:00+05:30,936.5,936.7,935.2,936.2,180584,0
2026-05-18T11:50:00+05:30,936.3,936.7,936.0,936.3,105647,0
2026-05-18T11:55:00+05:30,936.3,936.9,935.1,935.1,122829,0
2026-05-18T12:00:00+05:30,935.1,936.4,935.0,936.2,230757,0
2026-05-18T12:05:00+05:30,936.3,936.6,935.8,936.2,78688,0
2026-05-18T12:10:00+05:30,936.1,938.0,936.1,937.6,153404,0
2026-05-18T12:15:00+05:30,937.6,938.0,937.0,937.1,67538,0
2026-05-18T12:20:00+05:30,937.1,937.7,936.4,937.2,78630,0
2026-05-18T12:25:00+05:30,937.2,938.6,937.1,938.3,158608,0
2026-05-18T12:30:00+05:30,938.3,939.7,938.3,939.2,204569,0
2026-05-18T12:35:00+05:30,939.4,940.0,939.1,939.1,162887,0
2026-05-18T12:40:00+05:30,939.1,939.5,937.0,937.8,160978,0
2026-05-18T12:45:00+05:30,937.9,938.5,937.2,938.1,90385,0
2026-05-18T12:50:00+05:30,938.1,939.3,938.0,939.0,142743,0
2026-05-18T12:55:00+05:30,939.0,942.0,939.0,942.0,308657,0
2026-05-18T13:00:00+05:30,941.9,943.6,941.8,942.3,279910,0
2026-05-18T13:05:00+05:30,942.3,942.5,940.6,941.1,249534,0
2026-05-18T13:10:00+05:30,941.1,941.5,939.4,940.7,212276,0
2026-05-18T13:15:00+05:30,940.6,941.9,940.6,941.5,116721,0
2026-05-18T13:20:00+05:30,941.5,941.7,939.6,940.9,128564,0
2026-05-18T13:25:00+05:30,941.0,941.5,940.4,941.0,135574,0
2026-05-18T13:30:00+05:30,941.1,941.9,940.9,941.6,108123,0
2026-05-18T13:35:00+05:30,941.7,941.9,940.0,940.5,123415,0
2026-05-18T13:40:00+05:30,940.5,941.3,940.2,941.0,94824,0
2026-05-18T13:45:00+05:30,941.0,941.1,940.0,941.1,105468,0
2026-05-18T13:50:00+05:30,941.1,941.8,940.8,941.6,102867,0
2026-05-18T13:55:00+05:30,941.6,942.0,940.3,941.2,127617,0
2026-05-18T14:00:00+05:30,941.2,943.1,940.7,942.0,268374,0
2026-05-18T14:05:00+05:30,942.0,942.3,940.4,941.4,169992,0
2026-05-18T14:10:00+05:30,941.5,942.1,940.8,941.9,173250,0
2026-05-18T14:15:00+05:30,941.9,941.9,940.7,941.0,133078,0
2026-05-18T14:20:00+05:30,941.0,941.8,940.3,940.9,218066,0
2026-05-18T14:25:00+05:30,940.9,941.2,940.0,941.0,241828,0
2026-05-18T14:30:00+05:30,941.0,941.1,940.0,940.3,158687,0
2026-05-18T14:35:00+05:30,940.5,940.7,939.1,939.3,178127,0
2026-05-18T14:40:00+05:30,939.4,940.8,939.0,940.7,225978,0
2026-05-18T14:45:00+05:30,940.7,940.8,937.9,938.1,234136,0
2026-05-18T14:50:00+05:30,938.0,938.7,937.1,938.3,379559,0
2026-05-18T14:55:00+05:30,938.3,939.0,937.5,938.5,329585,0
2026-05-18T15:00:00+05:30,938.5,943.6,938.5,942.2,812132,0
2026-05-18T15:05:00+05:30,941.9,942.5,939.0,939.5,416168,0
2026-05-18T15:10:00+05:30,939.5,939.6,937.9,938.5,434593,0
2026-05-18T15:15:00+05:30,938.5,938.5,937.0,937.7,462480,0
2026-05-18T15:20:00+05:30,937.6,938.6,937.4,938.0,485140,0
2026-05-18T15:25:00+05:30,937.9,938.8,937.0,938.8,391219,0
2026-05-19T09:15:00+05:30,942.0,945.4,941.5,944.6,552651,0
2026-05-19T09:20:00+05:30,944.9,945.0,940.6,943.9,376237,0
2026-05-19T09:25:00+05:30,943.8,944.3,941.7,944.3,414134,0
2026-05-19T09:30:00+05:30,944.2,944.5,941.4,941.6,304236,0
2026-05-19T09:35:00+05:30,941.5,945.1,939.5,944.4,580334,0
2026-05-19T09:40:00+05:30,944.4,947.3,944.1,946.0,364680,0
2026-05-19T09:45:00+05:30,946.0,946.7,944.7,945.5,185722,0
2026-05-19T09:50:00+05:30,945.3,946.3,945.0,945.9,212060,0
2026-05-19T09:55:00+05:30,945.9,946.4,943.7,944.5,231937,0
2026-05-19T10:00:00+05:30,944.8,946.5,944.5,946.3,173979,0
2026-05-19T10:05:00+05:30,946.3,947.6,945.6,946.7,243427,0
2026-05-19T10:10:00+05:30,947.0,948.4,946.5,947.9,179229,0
2026-05-19T10:15:00+05:30,948.0,949.0,946.6,946.7,221236,0
2026-05-19T10:20:00+05:30,946.8,947.4,946.4,947.0,149158,0
2026-05-19T10:25:00+05:30,947.1,948.0,947.0,947.0,93590,0
2026-05-19T10:30:00+05:30,947.4,947.7,946.2,946.9,163117,0
2026-05-19T10:35:00+05:30,947.1,948.1,946.5,948.0,131520,0
2026-05-19T10:40:00+05:30,948.1,950.0,947.7,949.9,351494,0
2026-05-19T10:45:00+05:30,949.9,950.5,948.0,949.6,250537,0
2026-05-19T10:50:00+05:30,949.6,950.0,947.0,948.3,209525,0
2026-05-19T10:55:00+05:30,948.2,950.0,948.0,949.2,214027,0
2026-05-19T11:00:00+05:30,949.6,949.7,947.2,948.0,88188,0
2026-05-19T11:05:00+05:30,948.1,948.1,947.0,947.5,100357,0
2026-05-19T11:10:00+05:30,947.5,948.5,947.2,948.0,238951,0
2026-05-19T11:15:00+05:30,948.0,948.1,946.4,947.3,135640,0
2026-05-19T11:20:00+05:30,947.3,947.8,946.8,947.4,64984,0
2026-05-19T11:25:00+05:30,947.3,947.8,946.5,947.8,92282,0
2026-05-19T11:30:00+05:30,947.8,948.0,946.5,946.6,148767,0
2026-05-19T11:35:00+05:30,946.6,947.0,945.6,946.8,175950,0
2026-05-19T11:40:00+05:30,946.7,947.5,946.4,947.1,128973,0
2026-05-19T11:45:00+05:30,947.1,947.1,944.9,946.4,273693,0
2026-05-19T11:50:00+05:30,946.4,946.5,945.7,946.5,85913,0
2026-05-19T11:55:00+05:30,946.5,947.2,945.6,946.3,112464,0
2026-05-19T12:00:00+05:30,946.3,946.4,945.0,945.9,158614,0
2026-05-19T12:05:00+05:30,945.9,946.1,944.8,945.1,306857,0
2026-05-19T12:10:00+05:30,945.1,946.9,945.0,946.5,108694,0
2026-05-19T12:15:00+05:30,946.8,946.8,945.3,946.4,109498,0
2026-05-19T12:20:00+05:30,946.5,947.1,946.0,946.5,107989,0
2026-05-19T12:25:00+05:30,946.5,947.4,945.6,947.4,183325,0
2026-05-19T12:30:00+05:30,947.2,947.4,946.6,947.2,67954,0
2026-05-19T12:35:00+05:30,947.2,948.3,946.5,948.3,114451,0
2026-05-19T12:40:00+05:30,948.3,948.4,947.3,948.2,130120,0
2026-05-19T12:45:00+05:30,948.3,948.8,947.7,948.0,130202,0
2026-05-19T12:50:00+05:30,948.2,948.2,946.9,948.1,163490,0
2026-05-19T12:55:00+05:30,948.1,948.6,947.3,948.0,104932,0
2026-05-19T13:00:00+05:30,948.1,948.3,947.0,947.3,110370,0
2026-05-19T13:05:00+05:30,947.4,948.7,947.0,948.2,141234,0
2026-05-19T13:10:00+05:30,948.3,948.8,947.8,948.3,72324,0
2026-05-19T13:15:00+05:30,948.5,949.0,947.6,948.9,127301,0
2026-05-19T13:20:00+05:30,949.0,949.0,948.1,948.6,90447,0
2026-05-19T13:25:00+05:30,948.7,948.9,948.1,948.2,126080,0
2026-05-19T13:30:00+05:30,948.5,949.5,948.2,949.3,160390,0
2026-05-19T13:35:00+05:30,949.4,949.5,946.1,947.5,312873,0
2026-05-19T13:40:00+05:30,947.5,947.8,946.6,947.2,118426,0
2026-05-19T13:45:00+05:30,947.2,947.9,946.5,946.9,176349,0
2026-05-19T13:50:00+05:30,946.9,947.2,946.4,946.9,203758,0
2026-05-19T13:55:00+05:30,946.9,947.3,945.9,946.9,271458,0
2026-05-19T14:00:00+05:30,947.1,947.9,946.5,947.7,177417,0
2026-05-19T14:05:00+05:30,947.8,948.4,947.1,947.1,178491,0
2026-05-19T14:10:00+05:30,947.5,952.4,947.0,952.3,454252,0
2026-05-19T14:15:00+05:30,952.3,956.6,952.2,954.2,764974,0
2026-05-19T14:20:00+05:30,954.4,955.1,952.7,953.4,344584,0
2026-05-19T14:25:00+05:30,953.4,954.5,952.5,953.1,362359,0
2026-05-19T14:30:00+05:30,953.1,954.4,953.0,954.4,183395,0
2026-05-19T14:35:00+05:30,954.4,954.5,952.2,952.5,187520,0
2026-05-19T14:40:00+05:30,952.5,952.9,949.0,949.7,296834,0
2026-05-19T14:45:00+05:30,949.7,949.8,948.0,949.6,223533,0
2026-05-19T14:50:00+05:30,949.6,950.6,948.7,949.0,240839,0
2026-05-19T14:55:00+05:30,949.0,950.5,948.9,950.2,124147,0
2026-05-19T15:00:00+05:30,950.2,950.8,948.8,949.4,633138,0
2026-05-19T15:05:00+05:30,949.2,950.6,948.2,948.7,718604,0
2026-05-19T15:10:00+05:30,948.8,948.8,947.8,948.5,326545,0
2026-05-19T15:15:00+05:30,948.5,948.7,947.3,947.8,346040,0
2026-05-19T15:20:00+05:30,947.9,948.6,947.2,948.5,515893,0
2026-05-19T15:25:00+05:30,948.5,948.6,946.1,946.9,315219,0
2026-05-20T09:15:00+05:30,941.1,941.4,935.0,938.9,529232,0
2026-05-20T09:20:00+05:30,938.9,938.9,935.4,937.9,373750,0
2026-05-20T09:25:00+05:30,937.5,938.7,937.3,938.3,145089,0
2026-05-20T09:30:00+05:30,938.1,938.4,937.1,938.2,169620,0
2026-05-20T09:35:00+05:30,938.2,938.4,936.0,937.3,147645,0
2026-05-20T09:40:00+05:30,937.3,937.5,935.4,937.1,179628,0
2026-05-20T09:45:00+05:30,937.1,937.9,936.4,937.0,163280,0
2026-05-20T09:50:00+05:30,937.0,938.1,937.0,937.9,105012,0
2026-05-20T09:55:00+05:30,937.9,938.8,936.6,938.8,140541,0
2026-05-20T10:00:00+05:30,938.7,939.0,937.1,938.1,136922,0
2026-05-20T10:05:00+05:30,938.1,938.1,936.8,937.3,64758,0
2026-05-20T10:10:00+05:30,937.3,938.9,936.7,938.5,97949,0
2026-05-20T10:15:00+05:30,938.5,939.4,938.0,939.1,139808,0
2026-05-20T10:20:00+05:30,938.9,939.3,938.0,938.0,94027,0
2026-05-20T10:25:00+05:30,938.2,939.8,937.7,939.6,128213,0
2026-05-20T10:30:00+05:30,939.3,943.2,939.3,942.4,380900,0
2026-05-20T10:35:00+05:30,942.6,943.7,941.5,941.5,134528,0
2026-05-20T10:40:00+05:30,941.5,942.0,940.8,941.2,128137,0
2026-05-20T10:45:00+05:30,941.2,941.5,940.2,940.7,207716,0
2026-05-20T10:50:00+05:30,940.7,942.9,940.4,942.6,84541,0
2026-05-20T10:55:00+05:30,942.6,945.8,942.0,945.6,324822,0
2026-05-20T11:00:00+05:30,945.8,949.4,945.6,948.2,376033,0
2026-05-20T11:05:00+05:30,948.2,950.2,947.2,949.0,423236,0
2026-05-20T11:10:00+05:30,949.0,950.0,948.1,948.5,152790,0
2026-05-20T11:15:00+05:30,948.5,949.7,948.0,948.5,145333,0
2026-05-20T11:20:00+05:30,948.8,950.4,948.3,949.0,156489,0
2026-05-20T11:25:00+05:30,949.2,950.1,948.9,949.8,119599,0
2026-05-20T11:30:00+05:30,949.8,950.7,948.0,948.9,147526,0
2026-05-20T11:35:00+05:30,948.8,949.6,947.4,948.4,294676,0
2026-05-20T11:40:00+05:30,948.4,948.4,946.2,946.5,264330,0
2026-05-20T11:45:00+05:30,946.5,947.7,946.2,947.0,96379,0
2026-05-20T11:50:00+05:30,947.0,947.8,946.3,947.5,85028,0
2026-05-20T11:55:00+05:30,947.5,948.0,946.6,946.9,56433,0
2026-05-20T12:00:00+05:30,946.8,947.6,945.9,946.0,102026,0
2026-05-20T12:05:00+05:30,946.0,946.4,945.2,946.1,83216,0
2026-05-20T12:10:00+05:30,946.0,946.4,945.1,945.6,60488,0
2026-05-20T12:15:00+05:30,945.4,946.5,945.3,945.7,40318,0
2026-05-20T12:20:00+05:30,945.6,947.9,945.5,947.7,70771,0
2026-05-20T12:25:00+05:30,947.5,947.7,946.0,946.1,78869,0
2026-05-20T12:30:00+05:30,946.5,947.2,946.1,946.4,50993,0
2026-05-20T12:35:00+05:30,946.4,947.5,946.3,947.1,56300,0
2026-05-20T12:40:00+05:30,947.1,947.4,946.3,946.9,92018,0
2026-05-20T12:45:00+05:30,946.9,947.0,945.3,946.5,75389,0
2026-05-20T12:50:00+05:30,946.5,947.9,946.3,947.8,81379,0
2026-05-20T12:55:00+05:30,947.8,949.6,947.6,948.7,116212,0
2026-05-20T13:00:00+05:30,948.5,949.5,947.9,948.3,112697,0
2026-05-20T13:05:00+05:30,948.3,948.6,946.1,947.1,52383,0
2026-05-20T13:10:00+05:30,947.0,947.8,946.5,947.0,44613,0
2026-05-20T13:15:00+05:30,946.7,947.4,946.0,946.1,69215,0
2026-05-20T13:20:00+05:30,946.0,946.9,946.0,946.2,47822,0
2026-05-20T13:25:00+05:30,946.3,947.3,945.2,945.4,55228,0
2026-05-20T13:30:00+05:30,945.2,947.0,945.2,946.9,55764,0
2026-05-20T13:35:00+05:30,946.9,948.3,946.2,947.3,77577,0
2026-05-20T13:40:00+05:30,947.3,947.6,946.4,947.0,36234,0
2026-05-20T13:45:00+05:30,947.0,947.5,946.9,947.5,53516,0
2026-05-20T13:50:00+05:30,947.5,948.0,946.8,948.0,46147,0
2026-05-20T13:55:00+05:30,948.0,949.2,947.5,949.2,55551,0
2026-05-20T14:00:00+05:30,949.3,950.7,949.0,949.4,165234,0
2026-05-20T14:05:00+05:30,949.4,952.3,949.0,952.0,238047,0
2026-05-20T14:10:00+05:30,952.0,952.7,951.1,951.2,234477,0
2026-05-20T14:15:00+05:30,951.1,951.9,951.0,951.3,87992,0
2026-05-20T14:20:00+05:30,951.3,954.4,951.1,954.0,256601,0
2026-05-20T14:25:00+05:30,954.0,954.2,952.4,953.7,93246,0
2026-05-20T14:30:00+05:30,953.7,955.0,952.6,953.1,151407,0
2026-05-20T14:35:00+05:30,953.0,953.5,952.1,953.0,77339,0
2026-05-20T14:40:00+05:30,952.9,953.5,952.4,953.4,72268,0
2026-05-20T14:45:00+05:30,953.3,953.4,952.2,952.8,116664,0
2026-05-20T14:50:00+05:30,952.8,953.0,952.1,952.4,144371,0
2026-05-20T14:55:00+05:30,952.4,952.6,951.6,952.2,206091,0
2026-05-20T15:00:00+05:30,952.2,952.3,950.0,950.7,254011,0
2026-05-20T15:05:00+05:30,950.5,952.0,950.2,952.0,326639,0
2026-05-20T15:10:00+05:30,952.0,952.3,950.5,951.2,298251,0
2026-05-20T15:15:00+05:30,951.2,951.9,950.0,950.8,449310,0
2026-05-20T15:20:00+05:30,950.8,951.6,949.7,951.0,420182,0
2026-05-20T15:25:00+05:30,950.8,951.5,948.2,950.0,448474,0
2026-05-21T09:15:00+05:30,957.0,960.9,955.5,956.3,373425,0
2026-05-21T09:20:00+05:30,956.3,957.0,954.3,955.1,252092,0
2026-05-21T09:25:00+05:30,955.5,957.5,954.5,954.8,122960,0
2026-05-21T09:30:00+05:30,954.8,955.4,953.0,953.7,176045,0
2026-05-21T09:35:00+05:30,953.7,955.7,953.2,955.0,135421,0
2026-05-21T09:40:00+05:30,955.0,955.6,953.8,954.6,93580,0
2026-05-21T09:45:00+05:30,954.8,955.5,954.0,954.4,95929,0
2026-05-21T09:50:00+05:30,954.4,955.7,954.0,955.7,79077,0
2026-05-21T09:55:00+05:30,955.7,955.7,953.2,953.6,100851,0
2026-05-21T10:00:00+05:30,953.7,954.7,953.4,954.3,58063,0
2026-05-21T10:05:00+05:30,954.3,954.3,952.2,953.1,103953,0
2026-05-21T10:10:00+05:30,953.1,954.0,952.4,953.4,76031,0
2026-05-21T10:15:00+05:30,953.4,954.0,953.0,953.5,55622,0
2026-05-21T10:20:00+05:30,953.5,954.5,953.1,954.5,108071,0
2026-05-21T10:25:00+05:30,954.5,956.9,954.4,956.4,155398,0
2026-05-21T10:30:00+05:30,956.5,957.0,955.5,956.1,135031,0
2026-05-21T10:35:00+05:30,956.1,956.4,955.0,955.4,148421,0
2026-05-21T10:40:00+05:30,955.8,957.6,955.4,957.3,150266,0
2026-05-21T10:45:00+05:30,957.3,958.0,956.3,957.1,190646,0
2026-05-21T10:50:00+05:30,957.2,957.7,956.5,957.5,84019,0
2026-05-21T10:55:00+05:30,957.5,957.9,955.5,955.7,124315,0
2026-05-21T11:00:00+05:30,955.8,956.0,954.6,954.9,114022,0
2026-05-21T11:05:00+05:30,954.9,955.0,953.8,954.6,108029,0
2026-05-21T11:10:00+05:30,954.7,954.9,953.2,953.4,97783,0
2026-05-21T11:15:00+05:30,953.5,953.5,951.2,952.7,199999,0
2026-05-21T11:20:00+05:30,952.7,954.3,952.2,954.2,70123,0
2026-05-21T11:25:00+05:30,954.3,955.5,953.9,955.3,76307,0
2026-05-21T11:30:00+05:30,955.0,955.4,953.3,953.5,85427,0
2026-05-21T11:35:00+05:30,953.4,953.7,951.5,951.8,130747,0
2026-05-21T11:40:00+05:30,951.9,952.3,951.6,952.0,74626,0
2026-05-21T11:45:00+05:30,952.0,952.3,951.1,951.4,69397,0
2026-05-21T11:50:00+05:30,951.6,952.4,951.2,951.5,72607,0
2026-05-21T11:55:00+05:30,951.5,952.5,951.2,952.1,68777,0
2026-05-21T12:00:00+05:30,952.4,953.2,952.0,952.5,53351,0
2026-05-21T12:05:00+05:30,952.7,952.7,951.5,952.2,63622,0
2026-05-21T12:10:00+05:30,952.2,952.9,951.3,951.7,71080,0
2026-05-21T12:15:00+05:30,951.7,951.7,949.4,950.4,219783,0
2026-05-21T12:20:00+05:30,950.7,951.7,950.3,950.3,115517,0
2026-05-21T12:25:00+05:30,950.4,950.7,948.0,949.4,174107,0
2026-05-21T12:30:00+05:30,949.4,950.3,948.3,949.9,71840,0
2026-05-21T12:35:00+05:30,949.9,950.1,948.2,948.7,131036,0
2026-05-21T12:40:00+05:30,949.1,950.0,948.1,949.7,132594,0
2026-05-21T12:45:00+05:30,949.7,950.0,948.5,949.6,77267,0
2026-05-21T12:50:00+05:30,949.9,950.8,949.7,950.5,50993,0
2026-05-21T12:55:00+05:30,950.5,950.6,948.5,949.0,60105,0
2026-05-21T13:00:00+05:30,949.3,949.3,946.5,948.7,160662,0
2026-05-21T13:05:00+05:30,948.7,949.3,947.7,948.7,63364,0
2026-05-21T13:10:00+05:30,949.0,949.7,948.5,948.7,58218,0
2026-05-21T13:15:00+05:30,948.9,949.7,948.1,948.9,121738,0
2026-05-21T13:20:00+05:30,948.9,949.3,948.0,948.2,67143,0
2026-05-21T13:25:00+05:30,948.5,948.5,947.1,947.8,89851,0
2026-05-21T13:30:00+05:30,948.1,949.2,947.0,949.2,75183,0
2026-05-21T13:35:00+05:30,949.3,950.6,949.0,950.5,87082,0
2026-05-21T13:40:00+05:30,950.5,952.0,950.2,951.2,94285,0
2026-05-21T13:45:00+05:30,951.5,952.5,951.2,951.7,68272,0
2026-05-21T13:50:00+05:30,951.7,951.7,950.3,951.0,59895,0
2026-05-21T13:55:00+05:30,951.4,952.0,950.7,951.9,40388,0
2026-05-21T14:00:00+05:30,951.9,952.0,950.0,950.4,57268,0
2026-05-21T14:05:00+05:30,950.4,951.4,950.1,950.8,58221,0
2026-05-21T14:10:00+05:30,950.8,951.8,950.2,951.2,169771,0
2026-05-21T14:15:00+05:30,951.2,951.3,950.0,950.7,87682,0
2026-05-21T14:20:00+05:30,950.6,952.9,950.6,952.8,377800,0
2026-05-21T14:25:00+05:30,952.8,953.3,952.4,952.4,235248,0
2026-05-21T14:30:00+05:30,952.5,952.9,952.0,952.4,319528,0
2026-05-21T14:35:00+05:30,952.4,952.9,952.3,952.3,168902,0
2026-05-21T14:40:00+05:30,952.5,953.3,951.0,951.7,159597,0
2026-05-21T14:45:00+05:30,951.8,952.7,951.2,951.8,113910,0
2026-05-21T14:50:00+05:30,951.8,953.5,951.5,952.7,292330,0
2026-05-21T14:55:00+05:30,952.7,953.2,951.5,952.5,357292,0
2026-05-21T15:00:00+05:30,952.5,953.5,949.7,953.5,622552,0
2026-05-21T15:05:00+05:30,953.3,953.9,949.9,951.1,853577,0
2026-05-21T15:10:00+05:30,951.1,952.6,949.4,949.8,550807,0
2026-05-21T15:15:00+05:30,949.9,950.3,949.1,949.9,393323,0
2026-05-21T15:20:00+05:30,949.7,950.9,949.2,950.0,366122,0
2026-05-21T15:25:00+05:30,950.0,950.2,949.1,950.0,323038,0
2026-05-22T09:15:00+05:30,950.9,955.7,950.9,955.1,190330,0
2026-05-22T09:20:00+05:30,955.1,957.0,955.0,956.4,143698,0
2026-05-22T09:25:00+05:30,956.4,957.0,955.6,955.7,113649,0
2026-05-22T09:30:00+05:30,956.0,958.2,955.7,957.9,137026,0
2026-05-22T09:35:00+05:30,957.7,958.0,956.4,956.5,84744,0
2026-05-22T09:40:00+05:30,956.7,957.5,956.0,957.0,101314,0
2026-05-22T09:45:00+05:30,956.9,957.8,956.4,957.0,65087,0
2026-05-22T09:50:00+05:30,957.0,958.2,956.4,957.0,94603,0
2026-05-22T09:55:00+05:30,957.0,957.1,955.3,956.5,77851,0
2026-05-22T10:00:00+05:30,956.5,956.9,955.8,956.8,79105,0
2026-05-22T10:05:00+05:30,956.8,958.0,956.2,957.7,76477,0
2026-05-22T10:10:00+05:30,957.7,958.6,957.5,957.9,105678,0
2026-05-22T10:15:00+05:30,957.9,958.1,956.3,956.3,65646,0
2026-05-22T10:20:00+05:30,956.6,956.7,953.8,953.9,311154,0
2026-05-22T10:25:00+05:30,953.8,954.5,953.5,953.7,138309,0
2026-05-22T10:30:00+05:30,953.8,954.9,953.7,954.5,79511,0
2026-05-22T10:35:00+05:30,954.5,954.7,953.4,953.8,100198,0
2026-05-22T10:40:00+05:30,953.8,955.3,953.6,954.9,128809,0
2026-05-22T10:45:00+05:30,954.9,955.5,954.3,954.9,53723,0
2026-05-22T10:50:00+05:30,954.8,955.0,954.1,955.0,52670,0
2026-05-22T10:55:00+05:30,955.0,955.0,954.0,954.1,40106,0
2026-05-22T11:00:00+05:30,954.2,954.3,953.6,954.3,43807,0
2026-05-22T11:05:00+05:30,954.3,954.3,952.5,953.0,55890,0
2026-05-22T11:10:00+05:30,952.9,953.7,952.6,953.7,87184,0
2026-05-22T11:15:00+05:30,953.7,953.7,952.1,952.4,55154,0
2026-05-22T11:20:00+05:30,952.5,954.0,952.2,953.9,100837,0
2026-05-22T11:25:00+05:30,953.9,954.1,952.1,952.2,78577,0
2026-05-22T11:30:00+05:30,952.1,952.6,951.3,952.5,121472,0
2026-05-22T11:35:00+05:30,952.6,952.7,952.1,952.5,24637,0
2026-05-22T11:40:00+05:30,952.5,953.7,952.2,953.7,61670,0
2026-05-22T11:45:00+05:30,953.7,954.8,953.1,954.4,79150,0
2026-05-22T11:50:00+05:30,954.5,954.6,953.6,953.7,36292,0
2026-05-22T11:55:00+05:30,953.7,953.8,953.2,953.8,21062,0
2026-05-22T12:00:00+05:30,953.8,953.8,953.2,953.3,17589,0
2026-05-22T12:05:00+05:30,953.6,954.0,953.2,953.3,22466,0
2026-05-22T12:10:00+05:30,953.4,954.2,953.2,953.5,65979,0
2026-05-22T12:15:00+05:30,953.5,954.1,953.3,953.3,33543,0
2026-05-22T12:20:00+05:30,953.4,953.6,952.0,952.0,66672,0
2026-05-22T12:25:00+05:30,952.1,952.5,951.2,952.2,97916,0
2026-05-22T12:30:00+05:30,952.1,952.5,951.6,952.3,43192,0
2026-05-22T12:35:00+05:30,952.3,952.7,951.7,952.6,33272,0
2026-05-22T12:40:00+05:30,952.6,953.2,952.0,952.6,69213,0
2026-05-22T12:45:00+05:30,952.6,953.0,952.1,953.0,33245,0
2026-05-22T12:50:00+05:30,953.0,954.2,952.8,953.8,101138,0
2026-05-22T12:55:00+05:30,953.8,953.9,952.2,952.5,51679,0
2026-05-22T13:00:00+05:30,952.7,953.3,952.2,952.4,65537,0
2026-05-22T13:05:00+05:30,952.3,952.9,952.1,952.2,39492,0
2026-05-22T13:10:00+05:30,952.2,954.0,952.1,953.5,162741,0
2026-05-22T13:15:00+05:30,953.6,953.8,953.2,953.5,49659,0
2026-05-22T13:20:00+05:30,953.6,953.6,951.0,952.6,313007,0
2026-05-22T13:25:00+05:30,952.4,953.1,952.0,953.0,74730,0
2026-05-22T13:30:00+05:30,952.9,953.3,952.5,953.3,53728,0
2026-05-22T13:35:00+05:30,953.3,953.4,952.6,952.8,55807,0
2026-05-22T13:40:00+05:30,952.9,953.3,952.5,953.1,113699,0
2026-05-22T13:45:00+05:30,953.0,954.0,952.7,953.2,91032,0
2026-05-22T13:50:00+05:30,953.2,953.8,952.6,952.8,42100,0
2026-05-22T13:55:00+05:30,953.0,953.7,952.2,953.2,93884,0
2026-05-22T14:00:00+05:30,953.5,953.5,952.0,952.1,47001,0
2026-05-22T14:05:00+05:30,952.0,952.3,950.2,952.0,117821,0
2026-05-22T14:10:00+05:30,952.0,952.1,951.3,951.7,49289,0
2026-05-22T14:15:00+05:30,951.8,952.0,950.6,950.6,47855,0
2026-05-22T14:20:00+05:30,950.8,951.2,950.1,950.6,79971,0
2026-05-22T14:25:00+05:30,951.0,951.0,950.1,950.2,83608,0
2026-05-22T14:30:00+05:30,950.3,950.3,948.7,950.0,212701,0
2026-05-22T14:35:00+05:30,950.0,950.0,949.1,949.9,102003,0
2026-05-22T14:40:00+05:30,949.9,950.0,948.1,948.6,95650,0
2026-05-22T14:45:00+05:30,948.6,949.3,948.2,949.0,80645,0
2026-05-22T14:50:00+05:30,949.2,950.0,948.7,949.7,99939,0
2026-05-22T14:55:00+05:30,949.7,950.0,949.0,949.6,99816,0
2026-05-22T15:00:00+05:30,949.6,949.6,947.7,948.7,286449,0
2026-05-22T15:05:00+05:30,948.6,949.8,948.1,948.2,218617,0
2026-05-22T15:10:00+05:30,948.2,949.5,947.7,949.1,372221,0
2026-05-22T15:15:00+05:30,949.0,949.8,948.5,949.5,338716,0
2026-05-22T15:20:00+05:30,949.5,950.1,949.0,949.9,338115,0
2026-05-22T15:25:00+05:30,949.9,950.6,949.1,949.6,317119,0
2026-05-25T09:15:00+05:30,959.9,963.3,958.0,960.6,576804,0
2026-05-25T09:20:00+05:30,960.7,962.6,959.2,961.9,390424,0
2026-05-25T09:25:00+05:30,961.9,962.5,960.7,961.4,332080,0
2026-05-25T09:30:00+05:30,961.4,962.3,959.9,960.5,423972,0
2026-05-25T09:35:00+05:30,960.5,962.3,959.9,960.9,561711,0
2026-05-25T09:40:00+05:30,960.9,960.9,959.3,960.0,150945,0
2026-05-25T09:45:00+05:30,960.0,960.4,958.5,958.8,146745,0
2026-05-25T09:50:00+05:30,959.0,959.4,957.5,959.4,157878,0
2026-05-25T09:55:00+05:30,959.1,959.4,958.4,958.9,68487,0
2026-05-25T10:00:00+05:30,958.9,961.6,958.8,961.2,147896,0
2026-05-25T10:05:00+05:30,961.4,963.8,961.2,962.3,285596,0
2026-05-25T10:10:00+05:30,962.5,962.5,961.3,961.9,163785,0
2026-05-25T10:15:00+05:30,961.9,962.0,960.7,961.3,110657,0
2026-05-25T10:20:00+05:30,961.3,961.5,960.4,960.7,81801,0
2026-05-25T10:25:00+05:30,960.7,961.1,960.1,960.7,66412,0
2026-05-25T10:30:00+05:30,960.8,962.8,960.3,962.2,156463,0
2026-05-25T10:35:00+05:30,962.4,962.5,961.2,961.4,146305,0
2026-05-25T10:40:00+05:30,961.4,962.0,961.2,961.2,120690,0
2026-05-25T10:45:00+05:30,961.4,963.0,961.2,962.1,162456,0
2026-05-25T10:50:00+05:30,962.4,962.5,961.5,962.3,73199,0
2026-05-25T10:55:00+05:30,962.4,962.4,961.5,961.7,44696,0
2026-05-25T11:00:00+05:30,961.7,963.1,961.5,962.8,192708,0
2026-05-25T11:05:00+05:30,962.9,963.0,961.7,962.2,63468,0
2026-05-25T11:10:00+05:30,962.2,962.6,961.9,962.6,77258,0
2026-05-25T11:15:00+05:30,962.6,964.6,962.2,964.4,202085,0
2026-05-25T11:20:00+05:30,964.4,964.5,963.3,963.9,100274,0
2026-05-25T11:25:00+05:30,963.9,964.5,963.1,964.1,104939,0
2026-05-25T11:30:00+05:30,964.4,964.4,962.7,963.0,85804,0
2026-05-25T11:35:00+05:30,963.0,964.5,962.7,964.3,106971,0
2026-05-25T11:40:00+05:30,964.3,964.6,962.9,963.6,131071,0
2026-05-25T11:45:00+05:30,963.6,964.6,962.9,964.5,242905,0
2026-05-25T11:50:00+05:30,964.5,964.5,963.4,963.9,79512,0
2026-05-25T11:55:00+05:30,963.9,963.9,963.3,963.6,54829,0
2026-05-25T12:00:00+05:30,963.7,963.7,963.1,963.2,54913,0
2026-05-25T12:05:00+05:30,963.3,963.3,961.7,961.7,115567,0
2026-05-25T12:10:00+05:30,961.9,962.3,961.7,961.8,42690,0
2026-05-25T12:15:00+05:30,961.8,962.0,961.7,961.9,50948,0
2026-05-25T12:20:00+05:30,962.0,962.4,961.8,962.4,55409,0
2026-05-25T12:25:00+05:30,962.4,962.4,961.8,962.0,40897,0
2026-05-25T12:30:00+05:30,962.0,962.2,961.8,962.1,36443,0
2026-05-25T12:35:00+05:30,962.1,962.6,960.1,960.3,125230,0
2026-05-25T12:40:00+05:30,960.4,961.3,960.1,961.1,67170,0
2026-05-25T12:45:00+05:30,961.1,961.2,960.0,960.3,80743,0
2026-05-25T12:50:00+05:30,960.3,960.9,959.6,960.6,133528,0
2026-05-25T12:55:00+05:30,960.6,961.4,959.9,960.8,73316,0
2026-05-25T13:00:00+05:30,960.8,962.0,960.5,961.2,73006,0
2026-05-25T13:05:00+05:30,961.5,961.5,960.7,960.7,30070,0
2026-05-25T13:10:00+05:30,960.9,961.1,960.3,960.4,59544,0
2026-05-25T13:15:00+05:30,960.5,961.2,960.2,961.2,53389,0
2026-05-25T13:20:00+05:30,961.2,961.3,961.0,961.3,49012,0
2026-05-25T13:25:00+05:30,961.3,961.9,961.1,961.7,70716,0
2026-05-25T13:30:00+05:30,961.8,962.1,961.4,961.6,71269,0
2026-05-25T13:35:00+05:30,961.8,961.8,961.0,961.1,51249,0
2026-05-25T13:40:00+05:30,961.1,961.3,960.0,960.2,53854,0
2026-05-25T13:45:00+05:30,960.4,961.1,960.1,960.5,44260,0
2026-05-25T13:50:00+05:30,960.7,961.6,960.5,960.8,80871,0
2026-05-25T13:55:00+05:30,960.8,960.8,960.1,960.3,40083,0
2026-05-25T14:00:00+05:30,960.5,961.5,960.2,961.3,64189,0
2026-05-25T14:05:00+05:30,961.4,961.4,960.7,961.0,38905,0
2026-05-25T14:10:00+05:30,961.0,961.1,960.2,960.6,56739,0
2026-05-25T14:15:00+05:30,960.6,961.0,960.3,960.7,53119,0
2026-05-25T14:20:00+05:30,960.7,960.7,960.1,960.3,52786,0
2026-05-25T14:25:00+05:30,960.3,961.0,960.1,960.7,82543,0
2026-05-25T14:30:00+05:30,960.7,960.7,960.1,960.5,62116,0
2026-05-25T14:35:00+05:30,960.5,961.2,960.4,961.0,102489,0
2026-05-25T14:40:00+05:30,961.0,962.7,960.8,962.4,140035,0
2026-05-25T14:45:00+05:30,962.5,966.4,962.4,965.4,415390,0
2026-05-25T14:50:00+05:30,965.4,966.0,965.1,965.5,130904,0
2026-05-25T14:55:00+05:30,965.5,967.6,965.3,967.4,254991,0
2026-05-25T15:00:00+05:30,967.4,968.6,967.0,968.4,290205,0
2026-05-25T15:05:00+05:30,968.6,968.6,967.5,968.2,255181,0
2026-05-25T15:10:00+05:30,968.0,969.8,967.8,969.7,480944,0
2026-05-25T15:15:00+05:30,969.7,971.0,969.4,970.6,420977,0
2026-05-25T15:20:00+05:30,970.6,971.3,970.2,970.6,300881,0
2026-05-25T15:25:00+05:30,970.8,972.5,970.4,972.3,296581,0
2026-05-26T09:15:00+05:30,969.9,976.8,968.0,975.2,1778887,0
2026-05-26T09:20:00+05:30,975.2,976.0,974.0,974.6,256306,0
2026-05-26T09:25:00+05:30,974.7,975.7,973.0,975.7,239150,0
2026-05-26T09:30:00+05:30,975.7,975.8,974.9,975.1,231642,0
2026-05-26T09:35:00+05:30,975.0,978.4,974.9,977.7,430150,0
2026-05-26T09:40:00+05:30,977.4,978.4,975.1,976.3,248900,0
2026-05-26T09:45:00+05:30,976.3,976.8,975.6,975.9,132365,0
2026-05-26T09:50:00+05:30,975.9,976.0,975.0,975.0,137949,0
2026-05-26T09:55:00+05:30,975.0,975.6,974.4,975.4,687346,0
2026-05-26T10:00:00+05:30,975.6,977.3,975.3,977.0,291039,0
2026-05-26T10:05:00+05:30,977.0,977.1,975.0,976.1,121039,0
2026-05-26T10:10:00+05:30,976.1,977.0,975.0,975.7,153746,0
2026-05-26T10:15:00+05:30,975.7,976.0,974.2,975.1,342487,0
2026-05-26T10:20:00+05:30,975.0,975.1,974.0,974.3,188926,0
2026-05-26T10:25:00+05:30,974.2,975.2,973.8,974.4,122065,0
2026-05-26T10:30:00+05:30,974.4,975.2,974.0,975.0,100293,0
2026-05-26T10:35:00+05:30,975.0,977.0,974.6,976.5,136120,0
2026-05-26T10:40:00+05:30,976.5,976.5,975.7,976.1,73623,0
2026-05-26T10:45:00+05:30,976.1,978.2,976.0,977.6,158488,0
2026-05-26T10:50:00+05:30,977.6,978.1,976.5,977.2,128025,0
2026-05-26T10:55:00+05:30,977.1,978.8,976.5,977.0,198881,0
2026-05-26T11:00:00+05:30,977.3,977.3,976.0,976.2,128774,0
2026-05-26T11:05:00+05:30,976.2,976.6,975.0,975.7,110485,0
2026-05-26T11:10:00+05:30,975.9,976.2,972.1,972.4,235741,0
2026-05-26T11:15:00+05:30,972.2,972.4,970.5,970.6,203085,0
2026-05-26T11:20:00+05:30,970.6,970.9,970.0,970.1,188040,0
2026-05-26T11:25:00+05:30,970.2,971.5,970.1,971.2,119083,0
2026-05-26T11:30:00+05:30,971.4,971.9,970.3,971.8,90173,0
2026-05-26T11:35:00+05:30,971.9,973.1,971.6,972.4,112097,0
2026-05-26T11:40:00+05:30,972.4,972.8,972.0,972.1,82439,0
2026-05-26T11:45:00+05:30,972.0,972.3,970.5,970.9,94129,0
2026-05-26T11:50:00+05:30,971.2,972.4,970.8,971.9,107326,0
2026-05-26T11:55:00+05:30,971.9,972.0,970.5,970.5,102575,0
2026-05-26T12:00:00+05:30,970.7,970.7,969.4,970.6,173894,0
2026-05-26T12:05:00+05:30,970.7,971.0,969.7,970.8,84676,0
2026-05-26T12:10:00+05:30,970.8,970.8,970.0,970.2,63962,0
2026-05-26T12:15:00+05:30,970.2,971.0,969.5,970.4,75529,0
2026-05-26T12:20:00+05:30,970.3,971.0,969.6,969.6,71997,0
2026-05-26T12:25:00+05:30,969.8,970.1,969.0,969.2,78667,0
2026-05-26T12:30:00+05:30,969.3,969.5,968.6,969.0,79550,0
2026-05-26T12:35:00+05:30,969.2,969.7,968.6,968.9,67357,0
2026-05-26T12:40:00+05:30,969.0,969.4,968.0,968.3,126154,0
2026-05-26T12:45:00+05:30,968.3,968.4,967.0,967.4,172306,0
2026-05-26T12:50:00+05:30,967.4,968.2,966.2,968.2,129038,0
2026-05-26T12:55:00+05:30,968.0,968.2,966.6,967.0,170536,0
2026-05-26T13:00:00+05:30,967.0,967.2,965.4,966.0,155319,0
2026-05-26T13:05:00+05:30,966.3,967.3,965.7,966.4,97806,0
2026-05-26T13:10:00+05:30,966.4,967.5,966.0,966.6,72499,0
2026-05-26T13:15:00+05:30,966.8,967.0,965.6,966.9,107893,0
2026-05-26T13:20:00+05:30,966.9,967.0,966.1,966.7,79038,0
2026-05-26T13:25:00+05:30,966.5,967.6,966.2,966.6,157466,0
2026-05-26T13:30:00+05:30,966.7,967.2,966.0,966.2,138334,0
2026-05-26T13:35:00+05:30,966.1,966.4,965.3,965.4,77535,0
2026-05-26T13:40:00+05:30,965.5,966.4,964.2,965.3,234898,0
2026-05-26T13:45:00+05:30,965.3,966.0,965.0,965.2,157595,0
2026-05-26T13:50:00+05:30,965.6,965.6,963.7,964.4,168436,0
2026-05-26T13:55:00+05:30,964.4,964.8,963.5,964.0,130112,0
2026-05-26T14:00:00+05:30,964.1,964.2,962.3,962.7,164697,0
2026-05-26T14:05:00+05:30,962.4,964.0,962.3,963.7,170026,0
2026-05-26T14:10:00+05:30,963.7,963.7,962.1,963.5,297119,0
2026-05-26T14:15:00+05:30,963.6,964.9,962.5,964.6,249325,0
2026-05-26T14:20:00+05:30,964.5,965.3,963.1,964.8,225079,0
2026-05-26T14:25:00+05:30,964.5,965.6,963.8,965.4,177817,0
2026-05-26T14:30:00+05:30,965.3,966.9,964.7,966.8,233003,0
2026-05-26T14:35:00+05:30,966.8,966.8,965.5,966.0,204073,0
2026-05-26T14:40:00+05:30,966.1,966.6,965.6,966.2,162507,0
2026-05-26T14:45:00+05:30,966.2,966.4,965.6,966.0,127950,0
2026-05-26T14:50:00+05:30,966.1,966.4,965.0,965.9,221888,0
2026-05-26T14:55:00+05:30,965.9,967.2,965.5,967.2,131673,0
2026-05-26T15:00:00+05:30,967.2,969.0,967.0,968.0,1034590,0
2026-05-26T15:05:00+05:30,967.8,968.9,967.3,968.2,624267,0
2026-05-26T15:10:00+05:30,968.2,969.1,967.9,969.1,498312,0
2026-05-26T15:15:00+05:30,969.1,969.2,968.4,969.0,492463,0
2026-05-26T15:20:00+05:30,969.1,969.4,968.6,969.3,431007,0
2026-05-26T15:25:00+05:30,969.3,969.8,969.0,969.8,179758,0
2026-05-27T09:15:00+05:30,969.8,973.0,968.6,972.1,363439,0
2026-05-27T09:20:00+05:30,972.1,974.5,971.1,972.3,180436,0
2026-05-27T09:25:00+05:30,972.2,972.5,970.2,970.8,96726,0
2026-05-27T09:30:00+05:30,970.4,971.2,969.6,971.2,132793,0
2026-05-27T09:35:00+05:30,971.0,971.5,969.1,970.7,166364,0
2026-05-27T09:40:00+05:30,970.4,970.8,969.2,970.6,71077,0
2026-05-27T09:45:00+05:30,970.6,970.7,967.7,969.6,162182,0
2026-05-27T09:50:00+05:30,969.6,969.6,968.0,968.8,60030,0
2026-05-27T09:55:00+05:30,969.2,970.0,968.8,969.8,41270,0
2026-05-27T10:00:00+05:30,969.8,971.0,968.0,970.8,85924,0
2026-05-27T10:05:00+05:30,970.9,973.8,970.6,972.9,183722,0
2026-05-27T10:10:00+05:30,972.9,974.5,972.2,974.2,152409,0
2026-05-27T10:15:00+05:30,974.2,975.9,973.5,975.3,210648,0
2026-05-27T10:20:00+05:30,975.2,975.3,971.4,972.1,243689,0
2026-05-27T10:25:00+05:30,972.0,972.9,971.5,971.9,84709,0
2026-05-27T10:30:00+05:30,971.7,972.4,970.6,971.8,99321,0
2026-05-27T10:35:00+05:30,971.7,973.2,971.6,971.8,95750,0
2026-05-27T10:40:00+05:30,972.0,972.0,970.5,971.0,52986,0
2026-05-27T10:45:00+05:30,971.0,971.0,969.6,970.9,186676,0
2026-05-27T10:50:00+05:30,971.0,972.4,970.8,972.0,48561,0
2026-05-27T10:55:00+05:30,972.3,972.7,970.7,971.6,143502,0
2026-05-27T11:00:00+05:30,971.8,971.9,969.6,970.2,79537,0
2026-05-27T11:05:00+05:30,970.1,971.3,970.0,971.2,53318,0
2026-05-27T11:10:00+05:30,971.2,971.3,970.3,970.9,25108,0
2026-05-27T11:15:00+05:30,970.9,971.9,970.6,971.9,42573,0
2026-05-27T11:20:00+05:30,971.8,972.0,971.0,971.6,35711,0
2026-05-27T11:25:00+05:30,971.6,971.8,970.8,971.0,45545,0
2026-05-27T11:30:00+05:30,971.1,971.5,970.2,971.0,121092,0
2026-05-27T11:35:00+05:30,971.4,971.5,970.0,970.1,80813,0
2026-05-27T11:40:00+05:30,970.2,971.0,970.1,970.2,42332,0
2026-05-27T11:45:00+05:30,970.2,970.9,969.1,969.6,95178,0
2026-05-27T11:50:00+05:30,969.6,969.8,969.0,969.0,56706,0
2026-05-27T11:55:00+05:30,969.0,969.7,968.5,969.1,73289,0
2026-05-27T12:00:00+05:30,969.2,969.7,968.6,969.7,39481,0
2026-05-27T12:05:00+05:30,969.7,970.8,969.0,970.6,54942,0
2026-05-27T12:10:00+05:30,970.6,970.8,969.7,970.0,59908,0
2026-05-27T12:15:00+05:30,970.0,971.5,969.9,971.5,85495,0
2026-05-27T12:20:00+05:30,971.4,971.6,970.3,971.2,97515,0
2026-05-27T12:25:00+05:30,971.3,971.6,970.0,970.2,52894,0
2026-05-27T12:30:00+05:30,970.2,971.5,970.2,971.3,72688,0
2026-05-27T12:35:00+05:30,971.4,972.0,971.0,971.7,59546,0
2026-05-27T12:40:00+05:30,971.6,971.9,970.5,971.0,62571,0
2026-05-27T12:45:00+05:30,970.9,971.0,970.2,970.7,32448,0
2026-05-27T12:50:00+05:30,970.8,970.9,969.1,969.7,59417,0
2026-05-27T12:55:00+05:30,969.8,970.3,969.2,969.6,40156,0
2026-05-27T13:00:00+05:30,969.6,969.6,968.2,969.1,75188,0
2026-05-27T13:05:00+05:30,969.1,970.1,968.8,969.6,57436,0
2026-05-27T13:10:00+05:30,969.5,970.3,969.3,969.9,59888,0
2026-05-27T13:15:00+05:30,970.0,970.0,969.0,969.1,59920,0
2026-05-27T13:20:00+05:30,969.0,969.8,968.6,969.4,57343,0
2026-05-27T13:25:00+05:30,969.4,969.8,968.7,969.3,79267,0
2026-05-27T13:30:00+05:30,969.4,969.9,969.2,969.8,32560,0
2026-05-27T13:35:00+05:30,969.7,970.0,969.0,969.4,45251,0
2026-05-27T13:40:00+05:30,969.3,969.7,968.5,969.0,43365,0
2026-05-27T13:45:00+05:30,969.0,969.6,968.0,968.8,88414,0
2026-05-27T13:50:00+05:30,968.8,969.6,968.3,969.4,48437,0
2026-05-27T13:55:00+05:30,969.4,970.0,969.2,969.8,49311,0
2026-05-27T14:00:00+05:30,969.8,970.6,969.5,970.3,92734,0
2026-05-27T14:05:00+05:30,970.2,970.5,969.2,969.7,105354,0
2026-05-27T14:10:00+05:30,969.9,969.9,968.4,968.4,146635,0
2026-05-27T14:15:00+05:30,968.5,969.4,968.2,968.9,83995,0
2026-05-27T14:20:00+05:30,968.8,969.8,968.6,969.6,102410,0
2026-05-27T14:25:00+05:30,969.6,969.7,968.5,969.4,91557,0
2026-05-27T14:30:00+05:30,969.4,969.4,968.7,968.7,62578,0
2026-05-27T14:35:00+05:30,968.7,969.6,968.5,969.2,120424,0
2026-05-27T14:40:00+05:30,969.3,969.6,968.5,968.9,98257,0
2026-05-27T14:45:00+05:30,969.0,969.4,968.5,969.0,69704,0
2026-05-27T14:50:00+05:30,969.0,969.3,967.3,967.8,257069,0
2026-05-27T14:55:00+05:30,968.0,969.0,967.6,968.8,125037,0
2026-05-27T15:00:00+05:30,968.9,968.9,966.6,967.9,228591,0
2026-05-27T15:05:00+05:30,968.0,968.4,967.2,968.2,356664,0
2026-05-27T15:10:00+05:30,968.3,968.5,967.3,968.0,372710,0
2026-05-27T15:15:00+05:30,967.9,968.5,966.6,967.9,390833,0
2026-05-27T15:20:00+05:30,967.9,968.0,967.2,967.5,151771,0
2026-05-27T15:25:00+05:30,967.9,967.9,966.8,967.3,172674,0
2026-05-29T09:15:00+05:30,967.8,972.7,967.8,971.7,461822,0
2026-05-29T09:20:00+05:30,972.0,973.7,970.7,972.6,520373,0
2026-05-29T09:25:00+05:30,972.5,972.6,968.0,968.8,315921,0
2026-05-29T09:30:00+05:30,968.8,971.3,968.5,969.2,157344,0
2026-05-29T09:35:00+05:30,969.2,970.7,967.8,969.1,188511,0
2026-05-29T09:40:00+05:30,969.1,969.5,966.5,967.0,197333,0
2026-05-29T09:45:00+05:30,966.8,968.2,966.6,967.5,103403,0
2026-05-29T09:50:00+05:30,967.6,967.7,966.6,966.7,102645,0
2026-05-29T09:55:00+05:30,966.7,966.7,965.6,966.2,119983,0
2026-05-29T10:00:00+05:30,966.1,967.7,966.0,967.5,105463,0
2026-05-29T10:05:00+05:30,967.5,969.5,967.2,968.3,204728,0
2026-05-29T10:10:00+05:30,968.3,969.7,968.0,969.7,168156,0
2026-05-29T10:15:00+05:30,969.7,969.8,969.1,969.2,70009,0
2026-05-29T10:20:00+05:30,969.2,970.9,969.0,970.4,221517,0
2026-05-29T10:25:00+05:30,970.3,970.8,969.2,969.5,108165,0
2026-05-29T10:30:00+05:30,969.5,969.5,968.0,968.5,79425,0
2026-05-29T10:35:00+05:30,968.5,969.7,967.8,967.8,151476,0
2026-05-29T10:40:00+05:30,967.9,967.9,966.3,966.3,139379,0
2026-05-29T10:45:00+05:30,966.3,966.4,965.0,966.1,198752,0
2026-05-29T10:50:00+05:30,966.1,966.7,965.6,966.1,75565,0
2026-05-29T10:55:00+05:30,966.1,967.2,966.0,967.2,62250,0
2026-05-29T11:00:00+05:30,967.2,967.4,967.0,967.2,57468,0
2026-05-29T11:05:00+05:30,967.2,967.3,966.4,966.6,55119,0
2026-05-29T11:10:00+05:30,966.6,966.6,965.0,965.8,120627,0
2026-05-29T11:15:00+05:30,965.8,966.9,965.6,966.3,112725,0
2026-05-29T11:20:00+05:30,966.4,967.2,966.2,966.8,57847,0
2026-05-29T11:25:00+05:30,966.8,966.8,966.1,966.1,40408,0
2026-05-29T11:30:00+05:30,966.1,966.5,965.6,966.2,683728,0
2026-05-29T11:35:00+05:30,966.2,967.5,966.1,967.1,145691,0
2026-05-29T11:40:00+05:30,967.4,969.0,966.7,968.7,93382,0
2026-05-29T11:45:00+05:30,968.7,969.9,968.4,969.7,137501,0
2026-05-29T11:50:00+05:30,969.9,970.0,969.3,969.3,174950,0
2026-05-29T11:55:00+05:30,969.4,969.4,968.4,968.7,90010,0
2026-05-29T12:00:00+05:30,968.7,969.0,968.0,968.5,63327,0
2026-05-29T12:05:00+05:30,968.5,968.6,967.5,967.8,67609,0
2026-05-29T12:10:00+05:30,967.8,967.8,965.9,967.0,147800,0
2026-05-29T12:15:00+05:30,966.8,967.4,965.7,966.6,99250,0
2026-05-29T12:20:00+05:30,966.9,967.1,966.2,967.0,57571,0
2026-05-29T12:25:00+05:30,967.0,968.1,966.9,968.1,56856,0
2026-05-29T12:30:00+05:30,968.1,968.4,968.0,968.1,68068,0
2026-05-29T12:35:00+05:30,968.1,968.5,967.5,967.8,114142,0
2026-05-29T12:40:00+05:30,967.9,968.0,967.6,967.8,49866,0
2026-05-29T12:45:00+05:30,967.8,967.9,967.2,967.4,81970,0
2026-05-29T12:50:00+05:30,967.4,967.6,965.8,966.0,101085,0
2026-05-29T12:55:00+05:30,966.0,967.3,965.8,967.0,251233,0
2026-05-29T13:00:00+05:30,967.0,967.0,966.1,966.3,65385,0
2026-05-29T13:05:00+05:30,966.2,966.4,965.5,965.9,115979,0
2026-05-29T13:10:00+05:30,965.9,966.0,964.8,965.0,292312,0
2026-05-29T13:15:00+05:30,965.1,965.1,962.4,964.6,422532,0
2026-05-29T13:20:00+05:30,964.4,965.5,964.3,964.8,108890,0
2026-05-29T13:25:00+05:30,965.0,965.6,964.0,964.2,103187,0
2026-05-29T13:30:00+05:30,964.1,964.8,963.7,963.7,82312,0
2026-05-29T13:35:00+05:30,963.9,963.9,962.7,963.1,104002,0
2026-05-29T13:40:00+05:30,963.1,963.5,962.8,963.5,163389,0
2026-05-29T13:45:00+05:30,963.5,963.9,962.8,963.1,105627,0
2026-05-29T13:50:00+05:30,963.0,963.1,961.1,961.1,170589,0
2026-05-29T13:55:00+05:30,961.3,962.9,961.1,962.4,111260,0
2026-05-29T14:00:00+05:30,962.2,962.4,961.2,961.2,81959,0
2026-05-29T14:05:00+05:30,961.3,962.5,960.3,962.1,140853,0
2026-05-29T14:10:00+05:30,962.0,962.1,961.2,961.5,70720,0
2026-05-29T14:15:00+05:30,961.6,962.3,960.8,961.5,130813,0
2026-05-29T14:20:00+05:30,961.5,962.5,961.3,962.1,117175,0
2026-05-29T14:25:00+05:30,962.1,963.6,961.7,963.4,173121,0
2026-05-29T14:30:00+05:30,963.4,965.0,963.4,964.3,217493,0
2026-05-29T14:35:00+05:30,964.3,964.6,963.7,964.2,101415,0
2026-05-29T14:40:00+05:30,964.1,965.5,963.8,965.0,171218,0
2026-05-29T14:45:00+05:30,965.0,967.0,964.4,967.0,242503,0
2026-05-29T14:50:00+05:30,967.0,967.0,965.2,965.6,150700,0
2026-05-29T14:55:00+05:30,965.6,965.7,963.8,964.8,181778,0
2026-05-29T15:00:00+05:30,965.0,968.5,964.4,964.6,2688966,0
2026-05-29T15:05:00+05:30,964.7,965.9,961.5,962.6,2239882,0
2026-05-29T15:10:00+05:30,962.8,964.0,961.9,962.5,1661761,0
2026-05-29T15:15:00+05:30,962.5,965.3,962.2,964.4,2131921,0
2026-05-29T15:20:00+05:30,964.4,965.9,963.5,963.5,1781979,0
2026-05-29T15:25:00+05:30,963.6,967.0,963.1,965.3,1373706,0
2026-06-01T09:15:00+05:30,966.25,970.25,962.35,968.55,495691,0
2026-06-01T09:20:00+05:30,969.0,969.5,966.1,967.15,464329,0
2026-06-01T09:25:00+05:30,967.3,967.4,965.0,965.25,157518,0
2026-06-01T09:30:00+05:30,965.25,967.0,965.0,965.15,164760,0
2026-06-01T09:35:00+05:30,965.55,966.55,963.15,966.4,192469,0
2026-06-01T09:40:00+05:30,966.4,967.5,963.55,964.2,133135,0
2026-06-01T09:45:00+05:30,964.15,965.3,963.7,965.0,161877,0
2026-06-01T09:50:00+05:30,964.9,966.9,964.8,965.8,173109,0
2026-06-01T09:55:00+05:30,965.75,966.3,963.2,963.55,107284,0
2026-06-01T10:00:00+05:30,963.35,964.1,962.1,963.55,172243,0
2026-06-01T10:05:00+05:30,963.5,964.9,963.4,964.45,97000,0
2026-06-01T10:10:00+05:30,964.45,964.8,963.1,964.0,118281,0
2026-06-01T10:15:00+05:30,964.0,966.25,963.9,965.55,353643,0
2026-06-01T10:20:00+05:30,965.5,965.55,962.2,962.3,122326,0
2026-06-01T10:25:00+05:30,962.25,963.0,961.05,961.2,163344,0
2026-06-01T10:30:00+05:30,961.45,961.8,960.0,960.5,152508,0
2026-06-01T10:35:00+05:30,960.5,961.0,959.7,961.0,78462,0
2026-06-01T10:40:00+05:30,961.0,961.9,960.1,960.1,80969,0
2026-06-01T10:45:00+05:30,960.1,963.0,959.9,962.95,156461,0
2026-06-01T10:50:00+05:30,962.95,963.8,961.8,963.8,81021,0
2026-06-01T10:55:00+05:30,963.5,963.8,962.25,962.35,76577,0
2026-06-01T11:00:00+05:30,962.45,963.75,962.3,963.45,63974,0
2026-06-01T11:05:00+05:30,963.35,964.9,963.05,964.9,54760,0
2026-06-01T11:10:00+05:30,964.9,965.4,964.1,965.4,81577,0
2026-06-01T11:15:00+05:30,965.25,968.05,964.85,966.7,257598,0
2026-06-01T11:20:00+05:30,966.9,966.9,965.1,965.45,109334,0
2026-06-01T11:25:00+05:30,965.2,965.65,962.55,962.8,156071,0
2026-06-01T11:30:00+05:30,962.6,963.0,960.0,961.15,169790,0
2026-06-01T11:35:00+05:30,961.15,963.9,960.65,963.9,172099,0
2026-06-01T11:40:00+05:30,963.9,964.2,961.5,962.05,99644,0
2026-06-01T11:45:00+05:30,962.05,962.55,961.2,962.25,74335,0
2026-06-01T11:50:00+05:30,962.1,963.0,962.0,962.8,59624,0
2026-06-01T11:55:00+05:30,962.8,963.5,960.0,960.4,143703,0
2026-06-01T12:00:00+05:30,960.5,960.65,958.5,960.15,191770,0
2026-06-01T12:05:00+05:30,960.0,961.8,959.5,959.8,144301,0
2026-06-01T12:10:00+05:30,959.8,960.55,959.15,960.4,80007,0
2026-06-01T12:15:00+05:30,960.4,960.4,959.25,959.3,50777,0
2026-06-01T12:20:00+05:30,959.3,959.55,958.2,958.95,114208,0
2026-06-01T12:25:00+05:30,958.85,959.5,958.4,958.85,59013,0
2026-06-01T12:30:00+05:30,958.85,958.9,958.0,958.1,74226,0
2026-06-01T12:35:00+05:30,958.0,958.45,957.05,957.5,73250,0
2026-06-01T12:40:00+05:30,957.5,957.6,956.05,957.4,138863,0
2026-06-01T12:45:00+05:30,957.4,958.55,956.55,958.45,69167,0
2026-06-01T12:50:00+05:30,958.25,958.45,957.0,957.4,44064,0
2026-06-01T12:55:00+05:30,957.15,957.85,955.8,956.55,75453,0
2026-06-01T13:00:00+05:30,956.3,956.7,954.1,954.85,219036,0
2026-06-01T13:05:00+05:30,954.8,956.65,954.8,955.8,166543,0
2026-06-01T13:10:00+05:30,955.8,956.0,954.65,955.5,67784,0
2026-06-01T13:15:00+05:30,955.25,956.0,954.7,955.9,77041,0
2026-06-01T13:20:00+05:30,956.0,956.75,955.6,956.0,125753,0
2026-06-01T13:25:00+05:30,956.0,956.75,955.45,956.75,46951,0
2026-06-01T13:30:00+05:30,956.5,957.05,955.4,956.2,67098,0
2026-06-01T13:35:00+05:30,956.0,956.65,955.8,956.05,65515,0
2026-06-01T13:40:00+05:30,956.0,957.0,955.85,956.35,85610,0
2026-06-01T13:45:00+05:30,956.25,956.35,954.45,954.9,108589,0
2026-06-01T13:50:00+05:30,954.65,955.0,954.0,954.2,62216,0
2026-06-01T13:55:00+05:30,954.2,955.5,954.05,954.8,80687,0
2026-06-01T14:00:00+05:30,954.6,954.8,952.6,953.3,96834,0
2026-06-01T14:05:00+05:30,953.2,953.5,951.65,951.8,114591,0
2026-06-01T14:10:00+05:30,951.8,952.5,951.1,952.0,87338,0
2026-06-01T14:15:00+05:30,952.0,952.75,951.1,952.35,135612,0
2026-06-01T14:20:00+05:30,952.25,952.25,950.4,950.8,107086,0
2026-06-01T14:25:00+05:30,950.7,952.0,950.3,950.65,116005,0
2026-06-01T14:30:00+05:30,950.55,951.7,950.1,950.85,140167,0
2026-06-01T14:35:00+05:30,950.7,953.3,950.7,952.65,121416,0
2026-06-01T14:40:00+05:30,952.55,953.45,951.95,952.75,114744,0
2026-06-01T14:45:00+05:30,952.5,953.8,951.6,952.2,100525,0
2026-06-01T14:50:00+05:30,952.2,952.2,950.5,951.1,109290,0
2026-06-01T14:55:00+05:30,951.0,951.6,950.1,951.3,101082,0
2026-06-01T15:00:00+05:30,951.3,954.9,950.8,954.9,502889,0
2026-06-01T15:05:00+05:30,954.9,954.9,953.25,954.6,450591,0
2026-06-01T15:10:00+05:30,954.6,955.45,954.5,954.8,455948,0
2026-06-01T15:15:00+05:30,954.8,954.85,954.1,954.55,264962,0
2026-06-01T15:20:00+05:30,954.55,954.55,954.35,954.55,356182,0
2026-06-01T15:25:00+05:30,954.5,954.95,953.0,954.5,286650,0
2026-06-02T09:15:00+05:30,950.95,950.95,942.85,946.85,556355,0
2026-06-02T09:20:00+05:30,946.85,948.5,946.15,947.25,206097,0
2026-06-02T09:25:00+05:30,947.25,949.75,946.2,949.15,216039,0
2026-06-02T09:30:00+05:30,949.15,949.25,946.4,948.2,130225,0
2026-06-02T09:35:00+05:30,948.2,950.5,948.0,949.45,161839,0
2026-06-02T09:40:00+05:30,949.7,949.7,947.2,948.05,99851,0
2026-06-02T09:45:00+05:30,948.2,948.6,946.95,948.15,76178,0
2026-06-02T09:50:00+05:30,948.3,950.5,947.5,950.2,148876,0
2026-06-02T09:55:00+05:30,950.3,951.5,949.2,951.45,126535,0
2026-06-02T10:00:00+05:30,951.45,951.85,950.0,951.25,88666,0
2026-06-02T10:05:00+05:30,951.25,951.85,948.45,948.5,257706,0
2026-06-02T10:10:00+05:30,948.4,948.55,946.5,946.5,148113,0
2026-06-02T10:15:00+05:30,946.5,948.0,945.75,946.8,233947,0
2026-06-02T10:20:00+05:30,946.8,948.65,946.5,948.05,265460,0
2026-06-02T10:25:00+05:30,948.05,949.8,947.4,949.3,249400,0
2026-06-02T10:30:00+05:30,949.3,949.4,945.0,945.7,220556,0
2026-06-02T10:35:00+05:30,945.85,947.2,945.0,946.35,285470,0
2026-06-02T10:40:00+05:30,946.35,946.9,944.4,945.0,224409,0
2026-06-02T10:45:00+05:30,944.7,945.95,944.5,944.6,324230,0
2026-06-02T10:50:00+05:30,944.65,944.95,943.15,943.85,115738,0
2026-06-02T10:55:00+05:30,943.85,945.25,943.15,944.45,209647,0
2026-06-02T11:00:00+05:30,944.65,945.6,944.35,944.4,82729,0
2026-06-02T11:05:00+05:30,944.4,945.1,944.15,944.25,58543,0
2026-06-02T11:10:00+05:30,944.4,946.0,944.2,945.85,123554,0
2026-06-02T11:15:00+05:30,945.85,946.15,944.9,945.3,81372,0
2026-06-02T11:20:00+05:30,945.3,947.55,945.25,947.45,151678,0
2026-06-02T11:25:00+05:30,947.4,947.5,945.55,946.1,84069,0
2026-06-02T11:30:00+05:30,946.1,947.0,945.7,945.75,70352,0
2026-06-02T11:35:00+05:30,945.75,945.9,943.8,943.85,77939,0
2026-06-02T11:40:00+05:30,943.85,945.05,943.8,944.55,109223,0
2026-06-02T11:45:00+05:30,944.55,945.1,944.25,944.75,76444,0
2026-06-02T11:50:00+05:30,945.0,945.2,944.35,945.05,70080,0
2026-06-02T11:55:00+05:30,945.0,945.3,943.2,943.75,101429,0
2026-06-02T12:00:00+05:30,943.7,944.7,943.2,944.35,150278,0
2026-06-02T12:05:00+05:30,944.3,944.5,943.7,944.0,95489,0
2026-06-02T12:10:00+05:30,944.25,944.55,943.3,943.55,115187,0
2026-06-02T12:15:00+05:30,943.75,944.6,943.25,944.1,114697,0
2026-06-02T12:20:00+05:30,944.25,944.8,942.5,942.7,252991,0
2026-06-02T12:25:00+05:30,942.7,943.15,940.55,940.7,234968,0
2026-06-02T12:30:00+05:30,940.7,943.8,939.9,943.45,637679,0
2026-06-02T12:35:00+05:30,943.1,944.0,942.0,943.75,338309,0
2026-06-02T12:40:00+05:30,943.7,946.0,943.4,945.85,255102,0
2026-06-02T12:45:00+05:30,945.85,949.8,945.85,949.65,601452,0
2026-06-02T12:50:00+05:30,949.8,953.9,949.25,952.25,626966,0
2026-06-02T12:55:00+05:30,952.25,954.9,951.8,953.8,183861,0
2026-06-02T13:00:00+05:30,954.15,954.8,952.4,954.7,132556,0
2026-06-02T13:05:00+05:30,954.45,955.6,954.0,954.15,155231,0
2026-06-02T13:10:00+05:30,954.45,957.5,954.0,956.05,163890,0
2026-06-02T13:15:00+05:30,956.2,956.95,955.25,955.6,158275,0
2026-06-02T13:20:00+05:30,955.6,955.9,954.05,955.8,113414,0
2026-06-02T13:25:00+05:30,955.85,956.9,955.0,956.7,135365,0
2026-06-02T13:30:00+05:30,956.7,959.45,956.7,959.15,221398,0
2026-06-02T13:35:00+05:30,958.95,959.35,958.05,958.75,240975,0
2026-06-02T13:40:00+05:30,958.75,959.1,956.95,957.95,175613,0
2026-06-02T13:45:00+05:30,957.95,959.95,957.85,959.95,165000,0
2026-06-02T13:50:00+05:30,959.95,961.3,959.6,960.1,244891,0
2026-06-02T13:55:00+05:30,960.2,960.5,958.3,959.55,151410,0
2026-06-02T14:00:00+05:30,959.5,960.0,959.1,960.0,79798,0
2026-06-02T14:05:00+05:30,960.0,961.0,959.6,961.0,113832,0
2026-06-02T14:10:00+05:30,960.95,961.0,959.0,959.55,139314,0
2026-06-02T14:15:00+05:30,959.55,960.15,957.6,958.35,172388,0
2026-06-02T14:20:00+05:30,958.4,961.25,958.35,960.4,265063,0
2026-06-02T14:25:00+05:30,960.3,961.0,958.85,959.8,496638,0
2026-06-02T14:30:00+05:30,959.85,960.45,958.85,959.7,336546,0
2026-06-02T14:35:00+05:30,960.0,960.25,957.6,957.9,136588,0
2026-06-02T14:40:00+05:30,957.7,957.95,956.2,957.2,311956,0
2026-06-02T14:45:00+05:30,957.3,957.55,954.9,956.35,222653,0
2026-06-02T14:50:00+05:30,956.4,957.25,956.1,956.8,162406,0
2026-06-02T14:55:00+05:30,956.95,956.95,955.5,955.5,122346,0
2026-06-02T15:00:00+05:30,955.5,955.9,953.05,954.8,623080,0
2026-06-02T15:05:00+05:30,954.8,956.5,954.7,955.9,445636,0
2026-06-02T15:10:00+05:30,955.9,957.9,955.75,957.85,256898,0
2026-06-02T15:15:00+05:30,957.8,960.4,957.75,958.1,316572,0
2026-06-02T15:20:00+05:30,958.05,959.4,958.05,959.15,281236,0
2026-06-02T15:25:00+05:30,959.15,960.0,957.3,960.0,260854,0
2026-06-03T09:15:00+05:30,953.75,956.5,944.15,945.0,558286,0
2026-06-03T09:20:00+05:30,945.0,946.65,943.2,944.1,375639,0
2026-06-03T09:25:00+05:30,944.25,944.8,943.35,944.25,124858,0
2026-06-03T09:30:00+05:30,944.25,944.45,942.55,943.4,140684,0
2026-06-03T09:35:00+05:30,943.45,944.4,943.05,944.2,135448,0
2026-06-03T09:40:00+05:30,944.2,944.35,943.7,944.25,114608,0
2026-06-03T09:45:00+05:30,944.3,944.5,942.3,944.1,489327,0
2026-06-03T09:50:00+05:30,944.1,944.7,943.05,943.4,399193,0
2026-06-03T09:55:00+05:30,943.65,946.75,943.1,946.0,181642,0
2026-06-03T10:00:00+05:30,946.05,946.5,945.1,945.5,151603,0
2026-06-03T10:05:00+05:30,945.65,945.65,944.0,944.15,70175,0
2026-06-03T10:10:00+05:30,944.15,944.25,943.15,943.6,154032,0
2026-06-03T10:15:00+05:30,943.8,944.45,943.6,943.8,126250,0
2026-06-03T10:20:00+05:30,944.0,944.7,943.45,943.5,63672,0
2026-06-03T10:25:00+05:30,943.55,945.6,938.95,939.85,3023611,0
2026-06-03T10:30:00+05:30,940.0,940.0,937.2,937.5,374240,0
2026-06-03T10:35:00+05:30,937.5,939.5,937.4,939.5,178192,0
2026-06-03T10:40:00+05:30,939.45,940.45,939.1,939.9,133538,0
2026-06-03T10:45:00+05:30,939.9,940.8,939.1,940.7,146681,0
2026-06-03T10:50:00+05:30,940.7,940.9,939.25,940.9,123839,0
2026-06-03T10:55:00+05:30,940.9,941.6,939.8,941.1,96975,0
2026-06-03T11:00:00+05:30,941.1,941.5,939.9,940.0,128564,0
2026-06-03T11:05:00+05:30,940.0,940.0,938.05,938.4,102436,0
2026-06-03T11:10:00+05:30,938.55,939.85,938.45,939.1,156195,0
2026-06-03T11:15:00+05:30,939.05,941.45,939.0,940.75,100713,0
2026-06-03T11:20:00+05:30,940.75,941.05,940.2,940.35,90636,0
2026-06-03T11:25:00+05:30,940.35,940.75,939.6,940.0,57309,0
2026-06-03T11:30:00+05:30,939.7,940.0,939.6,940.0,95158,0
2026-06-03T11:35:00+05:30,940.0,940.0,939.4,939.6,53813,0
2026-06-03T11:40:00+05:30,939.75,939.95,939.1,939.5,54838,0
2026-06-03T11:45:00+05:30,939.5,939.9,938.3,938.5,387127,0
2026-06-03T11:50:00+05:30,938.5,939.9,938.4,939.75,309248,0
2026-06-03T11:55:00+05:30,939.6,940.0,938.55,938.55,108044,0
2026-06-03T12:00:00+05:30,938.6,938.95,937.65,938.15,125386,0
2026-06-03T12:05:00+05:30,938.4,939.5,938.15,939.45,81607,0
2026-06-03T12:10:00+05:30,939.4,939.75,938.25,939.15,59462,0
2026-06-03T12:15:00+05:30,939.0,939.25,938.9,939.05,37186,0
2026-06-03T12:20:00+05:30,939.0,940.8,938.95,940.45,87953,0
2026-06-03T12:25:00+05:30,940.4,943.7,940.15,943.0,517774,0
2026-06-03T12:30:00+05:30,943.25,946.7,942.4,943.15,1165618,0
2026-06-03T12:35:00+05:30,943.3,950.25,943.3,945.0,7346713,0
2026-06-03T12:40:00+05:30,945.0,950.6,944.95,949.4,541758,0
2026-06-03T12:45:00+05:30,949.7,952.2,948.55,948.75,400782,0
2026-06-03T12:50:00+05:30,948.7,950.5,947.45,948.2,130361,0
2026-06-03T12:55:00+05:30,948.5,949.35,948.0,948.65,141975,0
2026-06-03T13:00:00+05:30,948.75,950.7,948.4,949.75,85558,0
2026-06-03T13:05:00+05:30,949.8,949.9,948.35,949.45,96337,0
2026-06-03T13:10:00+05:30,949.3,950.0,948.35,950.0,134111,0
2026-06-03T13:15:00+05:30,950.7,953.35,950.7,951.7,258489,0
2026-06-03T13:20:00+05:30,952.5,957.5,952.5,956.05,349986,0
2026-06-03T13:25:00+05:30,956.35,957.85,954.95,955.45,153354,0
2026-06-03T13:30:00+05:30,955.8,956.5,954.0,955.2,134688,0
2026-06-03T13:35:00+05:30,955.25,957.5,954.5,955.95,151614,0
2026-06-03T13:40:00+05:30,955.55,957.0,955.55,955.9,80032,0
2026-06-03T13:45:00+05:30,956.0,959.1,955.6,957.85,768183,0
2026-06-03T13:50:00+05:30,957.9,957.95,956.0,956.9,105753,0
2026-06-03T13:55:00+05:30,957.0,958.4,954.9,958.15,362109,0
2026-06-03T14:00:00+05:30,958.4,960.6,958.1,960.5,147980,0
2026-06-03T14:05:00+05:30,960.6,963.0,960.25,961.95,233384,0
2026-06-03T14:10:00+05:30,962.0,962.45,960.0,961.75,167387,0
2026-06-03T14:15:00+05:30,961.8,963.55,961.75,963.0,205420,0
2026-06-03T14:20:00+05:30,962.95,963.75,961.5,962.7,154350,0
2026-06-03T14:25:00+05:30,962.75,963.0,959.8,960.65,173990,0
2026-06-03T14:30:00+05:30,960.75,964.8,960.65,964.65,188525,0
2026-06-03T14:35:00+05:30,964.8,965.7,963.0,964.25,270324,0
2026-06-03T14:40:00+05:30,964.2,968.8,964.0,967.1,364466,0
2026-06-03T14:45:00+05:30,967.25,968.0,966.0,967.75,139467,0
2026-06-03T14:50:00+05:30,967.9,968.7,967.5,967.5,138780,0
2026-06-03T14:55:00+05:30,967.55,968.45,966.5,968.45,221405,0
2026-06-03T15:00:00+05:30,968.5,971.0,966.5,970.7,656463,0
2026-06-03T15:05:00+05:30,970.65,972.2,966.5,967.5,766661,0
2026-06-03T15:10:00+05:30,967.35,971.5,967.05,971.0,632421,0
2026-06-03T15:15:00+05:30,971.0,974.0,970.25,971.6,616324,0
2026-06-03T15:20:00+05:30,971.8,972.7,971.2,971.9,372149,0
2026-06-03T15:25:00+05:30,971.9,973.0,971.3,971.5,332068,0
2026-06-04T09:15:00+05:30,969.9,973.4,961.1,971.1,767347,0
2026-06-04T09:20:00+05:30,971.0,971.6,967.0,968.5,340131,0
2026-06-04T09:25:00+05:30,968.4,971.25,968.0,970.3,190760,0
2026-06-04T09:30:00+05:30,970.3,971.5,968.1,971.2,222273,0
2026-06-04T09:35:00+05:30,971.2,975.0,970.5,971.05,373625,0
2026-06-04T09:40:00+05:30,971.0,974.8,969.9,974.0,313352,0
2026-06-04T09:45:00+05:30,974.25,977.7,971.7,977.5,430023,0
2026-06-04T09:50:00+05:30,977.5,977.7,974.75,977.25,353967,0
2026-06-04T09:55:00+05:30,977.2,979.0,976.15,976.6,276856,0
2026-06-04T10:00:00+05:30,976.55,982.9,975.8,982.0,584026,0
2026-06-04T10:05:00+05:30,982.1,982.85,980.3,980.55,320664,0
2026-06-04T10:10:00+05:30,980.55,981.9,980.0,980.05,252451,0
2026-06-04T10:15:00+05:30,980.35,981.0,979.5,981.0,201445,0
2026-06-04T10:20:00+05:30,980.95,983.4,980.95,982.55,598987,0
2026-06-04T10:25:00+05:30,982.35,983.85,982.35,982.6,259024,0
2026-06-04T10:30:00+05:30,982.6,983.0,980.3,980.5,343100,0
2026-06-04T10:35:00+05:30,980.55,981.45,980.0,980.7,188389,0
2026-06-04T10:40:00+05:30,980.6,982.9,980.3,982.9,150275,0
2026-06-04T10:45:00+05:30,982.7,985.8,982.6,985.0,478276,0
2026-06-04T10:50:00+05:30,984.9,985.75,983.05,983.05,111419,0
2026-06-04T10:55:00+05:30,983.05,985.35,983.05,984.8,332651,0
2026-06-04T11:00:00+05:30,984.8,985.8,983.4,983.95,235734,0
2026-06-04T11:05:00+05:30,983.95,984.2,981.55,982.4,206548,0
2026-06-04T11:10:00+05:30,982.3,983.75,982.3,983.15,114141,0
2026-06-04T11:15:00+05:30,983.15,983.35,981.45,981.45,103859,0
2026-06-04T11:20:00+05:30,981.65,982.4,981.05,981.8,148498,0
2026-06-04T11:25:00+05:30,981.7,981.9,980.6,980.85,128890,0
2026-06-04T11:30:00+05:30,980.75,982.35,980.0,982.35,245318,0
2026-06-04T11:35:00+05:30,982.35,984.7,982.2,984.25,193911,0
2026-06-04T11:40:00+05:30,984.5,985.35,983.6,983.9,148111,0
2026-06-04T11:45:00+05:30,983.9,984.0,982.9,982.9,102062,0
2026-06-04T11:50:00+05:30,982.9,983.0,979.55,980.2,187662,0
2026-06-04T11:55:00+05:30,980.1,980.9,979.6,980.55,189619,0
2026-06-04T12:00:00+05:30,980.25,981.15,980.0,980.55,93455,0
2026-06-04T12:05:00+05:30,980.4,980.55,978.0,979.15,306370,0
2026-06-04T12:10:00+05:30,978.95,979.95,977.85,978.2,159216,0
2026-06-04T12:15:00+05:30,978.1,978.65,977.25,977.65,113886,0
2026-06-04T12:20:00+05:30,977.65,978.95,977.4,978.75,127599,0
2026-06-04T12:25:00+05:30,978.7,979.35,978.45,978.6,116508,0
2026-06-04T12:30:00+05:30,978.6,979.55,977.5,977.75,140952,0
2026-06-04T12:35:00+05:30,977.75,979.0,977.1,979.0,130128,0
2026-06-04T12:40:00+05:30,978.75,978.95,978.0,978.05,89853,0
2026-06-04T12:45:00+05:30,978.0,979.65,978.0,979.2,117446,0
2026-06-04T12:50:00+05:30,979.0,979.3,978.0,978.55,75106,0
2026-06-04T12:55:00+05:30,978.6,978.9,978.0,978.9,77449,0
2026-06-04T13:00:00+05:30,978.85,978.9,977.5,977.6,93893,0
2026-06-04T13:05:00+05:30,977.5,977.6,975.55,976.3,360797,0
2026-06-04T13:10:00+05:30,976.3,976.4,973.2,974.65,576114,0
2026-06-04T13:15:00+05:30,974.55,975.9,974.0,975.25,609581,0
2026-06-04T13:20:00+05:30,975.0,975.8,974.1,974.95,136473,0
2026-06-04T13:25:00+05:30,974.95,975.3,973.2,974.7,144476,0
2026-06-04T13:30:00+05:30,974.45,975.3,974.05,975.1,170644,0
2026-06-04T13:35:00+05:30,974.9,975.7,974.65,975.0,146354,0
2026-06-04T13:40:00+05:30,974.95,975.1,974.05,974.85,73725,0
2026-06-04T13:45:00+05:30,974.75,975.35,974.2,975.1,62838,0
2026-06-04T13:50:00+05:30,975.1,976.15,974.5,975.6,137405,0
2026-06-04T13:55:00+05:30,975.6,975.95,974.4,975.25,81332,0
2026-06-04T14:00:00+05:30,975.35,979.2,975.25,977.25,333306,0
2026-06-04T14:05:00+05:30,977.3,977.8,976.7,977.6,124846,0
2026-06-04T14:10:00+05:30,977.25,977.75,976.1,976.1,84051,0
2026-06-04T14:15:00+05:30,976.1,977.6,976.1,976.75,220629,0
2026-06-04T14:20:00+05:30,976.75,977.65,976.4,976.95,110223,0
2026-06-04T14:25:00+05:30,977.25,977.45,976.15,976.4,50991,0
2026-06-04T14:30:00+05:30,976.35,976.6,975.15,975.55,138915,0
2026-06-04T14:35:00+05:30,975.5,977.0,975.5,976.75,225079,0
2026-06-04T14:40:00+05:30,976.45,976.8,975.8,975.9,176051,0
2026-06-04T14:45:00+05:30,976.2,978.9,975.75,976.7,318310,0
2026-06-04T14:50:00+05:30,976.4,976.7,975.2,975.75,112237,0
2026-06-04T14:55:00+05:30,975.75,977.05,975.5,976.2,128043,0
2026-06-04T15:00:00+05:30,976.25,979.3,975.15,979.3,1048655,0
2026-06-04T15:05:00+05:30,979.3,981.3,978.65,980.5,682252,0
2026-06-04T15:10:00+05:30,980.6,981.5,979.75,980.45,414395,0
2026-06-04T15:15:00+05:30,980.4,981.75,979.4,980.8,503810,0
2026-06-04T15:20:00+05:30,980.8,981.05,978.1,980.3,452555,0
2026-06-04T15:25:00+05:30,980.25,980.95,979.0,979.25,326751,0
2026-06-05T09:15:00+05:30,980.0,983.0,977.45,978.5,1039115,0
2026-06-05T09:20:00+05:30,978.45,982.5,978.0,982.35,338918,0
2026-06-05T09:25:00+05:30,982.25,986.7,981.85,986.45,692642,0
2026-06-05T09:30:00+05:30,986.45,987.7,981.95,985.45,552373,0
2026-06-05T09:35:00+05:30,985.25,987.0,984.5,986.75,787534,0
2026-06-05T09:40:00+05:30,986.75,988.0,985.4,987.5,442843,0
2026-06-05T09:45:00+05:30,987.55,988.7,984.95,988.5,756512,0
2026-06-05T09:50:00+05:30,988.55,989.95,987.6,989.9,366184,0
2026-06-05T09:55:00+05:30,989.9,991.8,989.9,991.25,444768,0
2026-06-05T10:00:00+05:30,991.25,991.5,987.0,990.75,380783,0
2026-06-05T10:05:00+05:30,990.45,992.6,987.0,990.45,437822,0
2026-06-05T10:10:00+05:30,990.45,990.9,984.0,985.25,409959,0
2026-06-05T10:15:00+05:30,985.25,988.9,983.6,987.1,283511,0
2026-06-05T10:20:00+05:30,987.45,988.95,986.0,988.75,291921,0
2026-06-05T10:25:00+05:30,988.75,989.15,984.0,984.7,316452,0
2026-06-05T10:30:00+05:30,984.5,986.85,984.0,985.35,161891,0
2026-06-05T10:35:00+05:30,985.35,985.55,980.25,980.5,402172,0
2026-06-05T10:40:00+05:30,980.75,980.75,974.7,976.3,463620,0
2026-06-05T10:45:00+05:30,976.7,978.1,972.15,978.05,416558,0
2026-06-05T10:50:00+05:30,978.05,981.3,977.8,980.85,296307,0
2026-06-05T10:55:00+05:30,980.5,983.45,980.35,982.45,197390,0
2026-06-05T11:00:00+05:30,982.6,986.0,981.2,985.8,248647,0
2026-06-05T11:05:00+05:30,985.9,991.85,985.5,988.0,556410,0
2026-06-05T11:10:00+05:30,988.25,990.0,985.45,986.7,238390,0
2026-06-05T11:15:00+05:30,986.7,989.7,986.7,987.4,199812,0
2026-06-05T11:20:00+05:30,987.4,987.75,984.0,984.55,224029,0
2026-06-05T11:25:00+05:30,984.5,985.5,984.0,984.55,234047,0
2026-06-05T11:30:00+05:30,984.7,986.5,984.35,985.3,154226,0
2026-06-05T11:35:00+05:30,985.3,985.55,983.6,985.15,162856,0
2026-06-05T11:40:00+05:30,985.15,986.0,984.0,985.2,192203,0
2026-06-05T11:45:00+05:30,985.2,987.8,984.85,987.05,196217,0
2026-06-05T11:50:00+05:30,987.1,987.75,985.4,985.4,156047,0
2026-06-05T11:55:00+05:30,985.5,985.75,983.45,984.0,120316,0
2026-06-05T12:00:00+05:30,984.0,986.55,983.75,986.55,73664,0
2026-06-05T12:05:00+05:30,986.5,987.5,986.05,986.05,105513,0
2026-06-05T12:10:00+05:30,986.05,986.7,984.7,986.35,92504,0
2026-06-05T12:15:00+05:30,986.35,986.9,985.2,986.2,70566,0
2026-06-05T12:20:00+05:30,986.2,986.4,984.65,984.85,226064,0
2026-06-05T12:25:00+05:30,984.85,985.85,984.0,984.05,325570,0
2026-06-05T12:30:00+05:30,984.0,984.9,982.5,983.55,160816,0
2026-06-05T12:35:00+05:30,983.65,984.1,981.0,982.2,222656,0
2026-06-05T12:40:00+05:30,982.55,982.8,980.8,981.4,107641,0
2026-06-05T12:45:00+05:30,981.6,982.6,981.0,981.5,100711,0
2026-06-05T12:50:00+05:30,981.5,982.0,980.3,981.1,137224,0
2026-06-05T12:55:00+05:30,981.15,981.45,980.0,980.05,103344,0
2026-06-05T13:00:00+05:30,980.05,980.75,979.2,980.2,174662,0
2026-06-05T13:05:00+05:30,980.5,980.65,978.5,979.25,204739,0
2026-06-05T13:10:00+05:30,979.3,980.0,978.5,979.0,74059,0
2026-06-05T13:15:00+05:30,979.2,980.3,978.4,978.45,217095,0
2026-06-05T13:20:00+05:30,978.45,979.5,974.6,975.45,393437,0
2026-06-05T13:25:00+05:30,975.35,975.75,973.45,973.45,504614,0
2026-06-05T13:30:00+05:30,973.45,973.65,971.05,972.5,503662,0
2026-06-05T13:35:00+05:30,972.5,974.75,972.1,973.5,273503,0
2026-06-05T13:40:00+05:30,973.55,974.1,970.6,972.45,215055,0
2026-06-05T13:45:00+05:30,972.45,973.95,972.0,973.3,130702,0
2026-06-05T13:50:00+05:30,973.3,973.65,972.0,973.45,144809,0
2026-06-05T13:55:00+05:30,973.05,974.95,972.7,974.8,108005,0
2026-06-05T14:00:00+05:30,974.8,975.6,972.5,973.7,214121,0
2026-06-05T14:05:00+05:30,973.7,974.45,973.1,973.85,242545,0
2026-06-05T14:10:00+05:30,973.95,974.25,971.65,971.85,292530,0
2026-06-05T14:15:00+05:30,972.1,972.65,971.5,971.75,148594,0
2026-06-05T14:20:00+05:30,971.75,974.15,971.5,973.95,224544,0
2026-06-05T14:25:00+05:30,973.95,977.85,973.95,977.25,266744,0
2026-06-05T14:30:00+05:30,977.5,978.0,976.65,977.3,107573,0
2026-06-05T14:35:00+05:30,977.3,977.5,975.25,976.5,137614,0
2026-06-05T14:40:00+05:30,976.5,979.8,976.35,979.65,157609,0
2026-06-05T14:45:00+05:30,979.7,980.4,977.8,978.65,220035,0
2026-06-05T14:50:00+05:30,978.65,979.85,978.4,978.9,230605,0
2026-06-05T14:55:00+05:30,978.9,979.4,977.3,978.75,226382,0
2026-06-05T15:00:00+05:30,978.85,979.0,976.2,978.7,332868,0
2026-06-05T15:05:00+05:30,978.7,978.95,977.5,978.5,213811,0
2026-06-05T15:10:00+05:30,978.3,978.6,977.1,978.15,210698,0
2026-06-05T15:15:00+05:30,977.7,978.5,977.1,977.65,272099,0
2026-06-05T15:20:00+05:30,977.65,977.85,976.55,977.25,299142,0
2026-06-05T15:25:00+05:30,977.0,977.8,976.5,977.0,285001,0
2026-06-08T09:15:00+05:30,966.0,973.95,965.15,973.95,440674,0
2026-06-08T09:20:00+05:30,973.9,977.35,971.0,975.25,318759,0
2026-06-08T09:25:00+05:30,975.25,982.7,974.7,981.85,342774,0
2026-06-08T09:30:00+05:30,981.9,986.85,981.3,986.8,446688,0
2026-06-08T09:35:00+05:30,986.75,986.8,983.2,985.45,238412,0
2026-06-08T09:40:00+05:30,985.5,986.35,983.25,984.0,210144,0
2026-06-08T09:45:00+05:30,984.0,985.9,982.6,985.15,281897,0
2026-06-08T09:50:00+05:30,985.15,985.6,984.0,984.9,212010,0
2026-06-08T09:55:00+05:30,984.9,988.65,984.65,986.6,483639,0
2026-06-08T10:00:00+05:30,986.6,986.8,983.15,983.3,160320,0
2026-06-08T10:05:00+05:30,983.4,983.45,980.2,981.65,267577,0
2026-06-08T10:10:00+05:30,981.65,982.7,980.55,980.8,98318,0
2026-06-08T10:15:00+05:30,980.8,982.45,980.3,981.7,241804,0
2026-06-08T10:20:00+05:30,981.7,982.2,980.6,981.1,89333,0
2026-06-08T10:25:00+05:30,981.1,981.1,979.0,979.6,180510,0
2026-06-08T10:30:00+05:30,979.6,982.0,979.55,981.2,193784,0
2026-06-08T10:35:00+05:30,981.2,981.75,980.8,981.5,91250,0
2026-06-08T10:40:00+05:30,981.5,983.0,978.35,978.7,121165,0
2026-06-08T10:45:00+05:30,978.7,980.0,977.85,979.75,216395,0
2026-06-08T10:50:00+05:30,979.75,980.15,978.55,978.9,136035,0
2026-06-08T10:55:00+05:30,978.85,980.8,978.7,980.5,107656,0
2026-06-08T11:00:00+05:30,980.45,980.95,979.35,980.5,73294,0
2026-06-08T11:05:00+05:30,980.35,980.55,979.45,980.05,64607,0
2026-06-08T11:10:00+05:30,980.05,980.75,979.45,980.05,61711,0
2026-06-08T11:15:00+05:30,980.05,980.25,977.6,978.0,125277,0
2026-06-08T11:20:00+05:30,977.9,979.5,977.2,978.45,137136,0
2026-06-08T11:25:00+05:30,978.45,978.8,976.0,977.1,242882,0
2026-06-08T11:30:00+05:30,977.05,978.5,976.7,977.2,126085,0
2026-06-08T11:35:00+05:30,977.2,978.85,977.15,978.3,66435,0
2026-06-08T11:40:00+05:30,978.3,979.8,978.05,979.15,50972,0
2026-06-08T11:45:00+05:30,979.15,980.4,978.7,979.95,100082,0
2026-06-08T11:50:00+05:30,980.0,980.3,979.25,979.8,62720,0
2026-06-08T11:55:00+05:30,979.8,980.6,979.45,980.0,71638,0
2026-06-08T12:00:00+05:30,980.0,980.5,978.7,980.05,77230,0
2026-06-08T12:05:00+05:30,980.05,980.75,979.55,980.1,114731,0
2026-06-08T12:10:00+05:30,980.1,981.95,980.0,981.7,124380,0
2026-06-08T12:15:00+05:30,981.7,982.75,981.4,982.5,130626,0
2026-06-08T12:20:00+05:30,982.5,985.0,982.25,984.5,212545,0
2026-06-08T12:25:00+05:30,984.45,984.5,982.25,982.4,89719,0
2026-06-08T12:30:00+05:30,982.4,983.95,982.15,983.55,112817,0
2026-06-08T12:35:00+05:30,983.55,984.4,982.65,982.85,85116,0
2026-06-08T12:40:00+05:30,982.85,984.0,982.45,983.6,72654,0
2026-06-08T12:45:00+05:30,983.6,983.6,982.35,982.7,75088,0
2026-06-08T12:50:00+05:30,982.65,984.0,982.2,982.85,100898,0
2026-06-08T12:55:00+05:30,982.85,983.15,981.6,982.0,121588,0
2026-06-08T13:00:00+05:30,982.0,982.85,980.95,981.55,137394,0
2026-06-08T13:05:00+05:30,981.55,981.9,980.6,981.6,82893,0
2026-06-08T13:10:00+05:30,981.6,983.25,981.3,982.35,155092,0
2026-06-08T13:15:00+05:30,982.35,982.35,981.15,981.2,56700,0
2026-06-08T13:20:00+05:30,981.25,983.35,981.0,983.15,85054,0
2026-06-08T13:25:00+05:30,983.15,983.7,982.0,983.7,124354,0
2026-06-08T13:30:00+05:30,983.7,984.35,982.35,982.8,140547,0
2026-06-08T13:35:00+05:30,982.8,983.0,981.65,982.95,108985,0
2026-06-08T13:40:00+05:30,982.95,982.95,980.15,980.7,152577,0
2026-06-08T13:45:00+05:30,980.7,981.0,978.1,979.95,319120,0
2026-06-08T13:50:00+05:30,979.95,980.8,979.65,980.3,92015,0
2026-06-08T13:55:00+05:30,980.25,981.5,979.7,981.5,128099,0
2026-06-08T14:00:00+05:30,981.5,983.25,980.0,983.25,259908,0
2026-06-08T14:05:00+05:30,983.25,983.6,981.2,981.55,125689,0
2026-06-08T14:10:00+05:30,981.55,982.1,980.5,980.7,158523,0
2026-06-08T14:15:00+05:30,980.7,982.3,979.6,981.9,228828,0
2026-06-08T14:20:00+05:30,981.9,981.9,980.3,980.5,72137,0
2026-06-08T14:25:00+05:30,980.5,981.0,980.0,980.4,90843,0
2026-06-08T14:30:00+05:30,980.4,981.8,980.2,980.95,82040,0
2026-06-08T14:35:00+05:30,980.95,981.9,980.5,981.25,85530,0
2026-06-08T14:40:00+05:30,981.25,983.5,980.9,983.5,158398,0
2026-06-08T14:45:00+05:30,983.5,985.35,982.1,985.35,630297,0
2026-06-08T14:50:00+05:30,985.35,985.45,983.55,984.45,247607,0
2026-06-08T14:55:00+05:30,984.35,984.5,982.1,983.45,163404,0
2026-06-08T15:00:00+05:30,983.5,983.8,980.8,981.25,206357,0
2026-06-08T15:05:00+05:30,981.25,983.25,980.65,982.75,212631,0
2026-06-08T15:10:00+05:30,982.75,983.7,982.35,983.4,174258,0
2026-06-08T15:15:00+05:30,983.4,983.5,982.4,983.2,276556,0
2026-06-08T15:20:00+05:30,983.35,983.5,980.0,980.4,343091,0
2026-06-08T15:25:00+05:30,980.8,980.8,978.9,980.0,301909,0
2026-06-09T09:15:00+05:30,985.0,987.9,983.0,987.5,611524,0
2026-06-09T09:20:00+05:30,987.7,990.0,987.3,989.5,392900,0
2026-06-09T09:25:00+05:30,989.5,989.6,987.05,987.25,206096,0
2026-06-09T09:30:00+05:30,987.2,988.35,986.25,986.8,218471,0
2026-06-09T09:35:00+05:30,986.8,988.65,986.55,987.1,147073,0
2026-06-09T09:40:00+05:30,987.1,988.3,986.5,987.65,104360,0
2026-06-09T09:45:00+05:30,987.65,987.8,985.5,986.1,147762,0
2026-06-09T09:50:00+05:30,986.15,989.05,985.9,988.2,329561,0
2026-06-09T09:55:00+05:30,988.2,988.45,986.0,986.55,162283,0
2026-06-09T10:00:00+05:30,986.55,986.7,985.25,985.35,74838,0
2026-06-09T10:05:00+05:30,985.4,986.4,985.1,986.1,102348,0
2026-06-09T10:10:00+05:30,986.2,986.9,985.05,986.5,113599,0
2026-06-09T10:15:00+05:30,986.5,988.75,986.3,988.1,291649,0
2026-06-09T10:20:00+05:30,988.25,990.5,987.2,987.6,453736,0
2026-06-09T10:25:00+05:30,987.65,988.7,987.2,987.4,248298,0
2026-06-09T10:30:00+05:30,987.4,988.8,987.3,988.1,129268,0
2026-06-09T10:35:00+05:30,988.2,988.3,987.8,987.95,341751,0
2026-06-09T10:40:00+05:30,988.0,989.9,987.8,989.3,135036,0
2026-06-09T10:45:00+05:30,989.3,989.75,987.7,987.75,199589,0
2026-06-09T10:50:00+05:30,987.75,989.35,987.6,989.1,217666,0
2026-06-09T10:55:00+05:30,989.2,990.5,988.5,989.95,188966,0
2026-06-09T11:00:00+05:30,990.0,990.4,989.3,989.95,101229,0
2026-06-09T11:05:00+05:30,990.0,991.95,989.5,991.4,211484,0
2026-06-09T11:10:00+05:30,991.55,991.8,989.5,989.9,137506,0
2026-06-09T11:15:00+05:30,989.85,991.0,988.7,991.0,118782,0
2026-06-09T11:20:00+05:30,991.0,991.35,988.5,989.25,169173,0
2026-06-09T11:25:00+05:30,989.25,989.9,988.7,989.55,143307,0
2026-06-09T11:30:00+05:30,989.65,990.0,988.95,990.0,103998,0
2026-06-09T11:35:00+05:30,990.05,991.7,990.0,991.45,211402,0
2026-06-09T11:40:00+05:30,991.45,992.0,990.25,991.95,438809,0
2026-06-09T11:45:00+05:30,991.95,994.5,991.35,993.5,559702,0
2026-06-09T11:50:00+05:30,993.5,997.8,993.3,997.7,609861,0
2026-06-09T11:55:00+05:30,997.7,998.0,994.6,997.45,330793,0
2026-06-09T12:00:00+05:30,997.3,997.45,995.75,996.1,243690,0
2026-06-09T12:05:00+05:30,996.1,997.0,995.7,996.25,129518,0
2026-06-09T12:10:00+05:30,996.25,1000.5,996.0,999.5,679436,0
2026-06-09T12:15:00+05:30,999.75,1001.0,998.9,1000.0,357800,0
2026-06-09T12:20:00+05:30,1000.2,1001.0,999.1,999.75,341731,0
2026-06-09T12:25:00+05:30,999.8,999.9,999.05,999.3,204066,0
2026-06-09T12:30:00+05:30,999.55,999.9,999.1,999.45,202317,0
2026-06-09T12:35:00+05:30,999.5,1000.5,999.4,1000.45,257780,0
2026-06-09T12:40:00+05:30,1000.45,1001.75,999.75,1000.85,356791,0
2026-06-09T12:45:00+05:30,1000.85,1002.7,1000.85,1001.9,650878,0
2026-06-09T12:50:00+05:30,1001.9,1002.7,1001.25,1001.75,346964,0
2026-06-09T12:55:00+05:30,1001.9,1001.9,999.55,1000.9,324559,0
2026-06-09T13:00:00+05:30,1000.9,1001.9,1000.25,1001.0,215913,0
2026-06-09T13:05:00+05:30,1001.0,1001.9,1000.65,1001.3,188743,0
2026-06-09T13:10:00+05:30,1001.25,1001.95,1000.75,1001.45,259915,0
2026-06-09T13:15:00+05:30,1001.35,1002.0,1000.75,1001.8,215084,0
2026-06-09T13:20:00+05:30,1001.8,1002.0,1000.85,1001.1,274746,0
2026-06-09T13:25:00+05:30,1001.1,1001.65,1000.65,1001.1,171553,0
2026-06-09T13:30:00+05:30,1001.2,1002.3,1000.25,1002.0,348729,0
2026-06-09T13:35:00+05:30,1002.0,1003.4,1001.3,1003.2,316633,0
2026-06-09T13:40:00+05:30,1003.15,1004.0,1002.4,1003.95,255313,0
2026-06-09T13:45:00+05:30,1003.8,1004.6,1003.15,1004.3,373167,0
2026-06-09T13:50:00+05:30,1004.3,1004.4,1002.5,1003.35,288419,0
2026-06-09T13:55:00+05:30,1003.35,1004.0,1002.6,1004.0,252924,0
2026-06-09T14:00:00+05:30,1004.0,1005.45,1003.85,1004.7,567293,0
2026-06-09T14:05:00+05:30,1004.7,1005.6,1004.4,1005.5,241564,0
2026-06-09T14:10:00+05:30,1005.5,1005.55,1004.15,1004.5,245587,0
2026-06-09T14:15:00+05:30,1004.65,1004.95,1003.6,1003.8,319197,0
2026-06-09T14:20:00+05:30,1003.95,1004.5,1003.0,1003.55,256350,0
2026-06-09T14:25:00+05:30,1003.5,1005.5,1003.5,1004.95,386864,0
2026-06-09T14:30:00+05:30,1005.0,1005.5,1004.0,1005.5,197845,0
2026-06-09T14:35:00+05:30,1005.5,1007.6,1005.2,1007.0,501059,0
2026-06-09T14:40:00+05:30,1007.0,1008.8,1006.5,1008.65,324463,0
2026-06-09T14:45:00+05:30,1008.5,1009.0,1007.45,1007.95,297801,0
2026-06-09T14:50:00+05:30,1007.95,1008.6,1006.1,1007.4,484923,0
2026-06-09T14:55:00+05:30,1007.45,1008.0,1005.6,1006.05,381259,0
2026-06-09T15:00:00+05:30,1006.0,1006.05,1001.85,1002.3,556442,0
2026-06-09T15:05:00+05:30,1002.3,1002.9,1001.05,1001.6,532610,0
2026-06-09T15:10:00+05:30,1001.6,1002.7,1001.1,1001.8,403010,0
2026-06-09T15:15:00+05:30,1001.8,1004.25,1001.5,1003.3,495341,0
2026-06-09T15:20:00+05:30,1003.2,1005.0,1002.85,1004.4,384615,0
2026-06-09T15:25:00+05:30,1004.55,1005.0,1003.55,1004.1,287649,0
2026-06-10T09:15:00+05:30,1002.7,1009.75,1000.85,1008.0,840033,0
2026-06-10T09:20:00+05:30,1008.25,1009.5,1007.0,1008.65,427433,0
2026-06-10T09:25:00+05:30,1008.65,1010.65,1007.75,1009.1,497642,0
2026-06-10T09:30:00+05:30,1009.1,1009.6,1008.0,1009.0,237417,0
2026-06-10T09:35:00+05:30,1009.15,1011.75,1008.85,1011.7,318138,0
2026-06-10T09:40:00+05:30,1011.35,1011.8,1009.35,1010.3,240840,0
2026-06-10T09:45:00+05:30,1010.3,1011.0,1008.5,1009.0,250197,0
2026-06-10T09:50:00+05:30,1009.05,1009.55,1006.0,1006.6,323215,0
2026-06-10T09:55:00+05:30,1006.6,1007.9,1005.75,1006.05,275512,0
2026-06-10T10:00:00+05:30,1006.15,1006.35,1004.6,1004.9,233259,0
2026-06-10T10:05:00+05:30,1004.75,1006.55,1004.55,1006.0,182649,0
2026-06-10T10:10:00+05:30,1006.0,1006.95,1005.0,1005.0,189560,0
2026-06-10T10:15:00+05:30,1005.15,1006.65,1004.4,1006.2,164100,0
2026-06-10T10:20:00+05:30,1006.25,1006.9,1005.2,1006.7,198024,0
2026-06-10T10:25:00+05:30,1006.7,1007.8,1006.5,1007.75,188157,0
2026-06-10T10:30:00+05:30,1007.75,1009.85,1007.65,1009.7,234126,0
2026-06-10T10:35:00+05:30,1009.7,1010.5,1008.8,1009.1,197821,0
2026-06-10T10:40:00+05:30,1009.1,1009.65,1008.0,1008.05,140833,0
2026-06-10T10:45:00+05:30,1008.05,1008.8,1007.05,1008.45,155971,0
2026-06-10T10:50:00+05:30,1008.15,1009.7,1007.5,1009.65,195867,0
2026-06-10T10:55:00+05:30,1009.65,1010.7,1008.5,1010.2,353468,0
2026-06-10T11:00:00+05:30,1010.2,1010.65,1009.1,1009.15,125117,0
2026-06-10T11:05:00+05:30,1009.3,1009.55,1008.0,1008.45,111063,0
2026-06-10T11:10:00+05:30,1008.4,1009.0,1007.5,1008.05,138632,0
2026-06-10T11:15:00+05:30,1007.9,1009.2,1007.8,1008.8,320730,0
2026-06-10T11:20:00+05:30,1008.8,1008.9,1008.0,1008.45,115546,0
2026-06-10T11:25:00+05:30,1008.25,1009.65,1008.0,1009.0,129602,0
2026-06-10T11:30:00+05:30,1009.0,1009.2,1008.3,1009.2,87818,0
2026-06-10T11:35:00+05:30,1009.2,1009.2,1007.7,1008.55,149696,0
2026-06-10T11:40:00+05:30,1008.45,1008.7,1007.5,1008.5,171730,0
2026-06-10T11:45:00+05:30,1008.5,1009.0,1007.65,1008.8,219197,0
2026-06-10T11:50:00+05:30,1008.55,1009.1,1008.3,1008.75,86726,0
2026-06-10T11:55:00+05:30,1008.75,1010.0,1008.65,1009.95,118908,0
2026-06-10T12:00:00+05:30,1009.95,1009.95,1008.8,1009.1,65213,0
2026-06-10T12:05:00+05:30,1009.2,1010.0,1008.9,1009.85,76269,0
2026-06-10T12:10:00+05:30,1009.85,1010.0,1009.0,1009.9,70683,0
2026-06-10T12:15:00+05:30,1009.9,1011.0,1008.8,1010.7,213761,0
2026-06-10T12:20:00+05:30,1010.7,1012.4,1010.65,1011.4,317020,0
2026-06-10T12:25:00+05:30,1011.45,1012.1,1010.1,1011.25,213460,0
2026-06-10T12:30:00+05:30,1011.3,1011.65,1010.25,1010.7,129437,0
2026-06-10T12:35:00+05:30,1010.9,1011.0,1009.55,1010.45,164004,0
2026-06-10T12:40:00+05:30,1010.45,1010.65,1008.5,1008.5,196562,0
2026-06-10T12:45:00+05:30,1008.85,1009.6,1008.0,1009.05,226950,0
2026-06-10T12:50:00+05:30,1009.4,1009.75,1008.75,1009.55,125547,0
2026-06-10T12:55:00+05:30,1009.45,1009.8,1008.6,1009.3,160729,0
2026-06-10T13:00:00+05:30,1009.35,1009.9,1008.9,1009.9,103211,0
2026-06-10T13:05:00+05:30,1009.6,1010.0,1007.75,1007.75,161300,0
2026-06-10T13:10:00+05:30,1008.0,1008.0,1005.8,1006.95,303601,0
2026-06-10T13:15:00+05:30,1006.95,1007.6,1006.3,1007.3,143801,0
2026-06-10T13:20:00+05:30,1007.3,1007.3,1006.0,1006.65,204480,0
2026-06-10T13:25:00+05:30,1006.6,1007.7,1006.0,1007.5,133192,0
2026-06-10T13:30:00+05:30,1007.5,1008.4,1006.15,1007.35,160767,0
2026-06-10T13:35:00+05:30,1007.2,1007.55,1006.45,1007.1,107275,0
2026-06-10T13:40:00+05:30,1007.25,1007.9,1006.5,1007.0,121538,0
2026-06-10T13:45:00+05:30,1006.85,1007.6,1006.6,1007.35,124165,0
2026-06-10T13:50:00+05:30,1007.35,1008.0,1006.1,1007.55,157317,0
2026-06-10T13:55:00+05:30,1007.55,1007.7,1006.85,1007.45,95244,0
2026-06-10T14:00:00+05:30,1007.4,1007.9,1006.5,1007.85,131950,0
2026-06-10T14:05:00+05:30,1007.7,1008.05,1005.25,1005.55,165377,0
2026-06-10T14:10:00+05:30,1005.55,1005.7,1003.0,1003.85,214869,0
2026-06-10T14:15:00+05:30,1003.85,1007.3,1003.65,1007.3,245173,0
2026-06-10T14:20:00+05:30,1007.3,1008.85,1006.75,1007.05,285800,0
2026-06-10T14:25:00+05:30,1006.95,1007.75,1006.2,1006.5,220860,0
2026-06-10T14:30:00+05:30,1006.5,1006.9,1004.55,1005.35,322903,0
2026-06-10T14:35:00+05:30,1005.3,1005.7,1001.5,1002.05,332791,0
2026-06-10T14:40:00+05:30,1002.05,1002.6,1000.55,1000.8,383497,0
2026-06-10T14:45:00+05:30,1000.75,1002.75,999.75,1001.95,352485,0
2026-06-10T14:50:00+05:30,1001.95,1004.65,1001.7,1004.5,540669,0
2026-06-10T14:55:00+05:30,1004.5,1005.75,1004.0,1004.85,429171,0
2026-06-10T15:00:00+05:30,1004.85,1005.95,1003.6,1004.05,715908,0
2026-06-10T15:05:00+05:30,1004.2,1004.8,1003.35,1004.4,761183,0
2026-06-10T15:10:00+05:30,1004.4,1004.45,1003.2,1003.9,787360,0
2026-06-10T15:15:00+05:30,1003.9,1004.0,1002.45,1003.45,793817,0
2026-06-10T15:20:00+05:30,1003.75,1003.9,999.5,1000.5,598554,0
2026-06-10T15:25:00+05:30,1000.5,1001.95,999.75,1000.85,368340,0
2026-06-11T09:15:00+05:30,998.1,1001.6,993.0,1000.25,514179,0
2026-06-11T09:20:00+05:30,1000.45,1004.55,999.6,1003.3,256683,0
2026-06-11T09:25:00+05:30,1003.3,1003.5,1000.5,1002.85,145858,0
2026-06-11T09:30:00+05:30,1003.0,1003.25,1000.0,1000.35,147093,0
2026-06-11T09:35:00+05:30,1000.55,1002.3,999.0,1001.55,146723,0
2026-06-11T09:40:00+05:30,1001.7,1004.6,1000.05,1004.3,142302,0
2026-06-11T09:45:00+05:30,1004.3,1005.6,1003.7,1004.2,260379,0
2026-06-11T09:50:00+05:30,1004.2,1005.45,1003.2,1004.15,272717,0
2026-06-11T09:55:00+05:30,1004.2,1004.2,1000.05,1000.75,198970,0
2026-06-11T10:00:00+05:30,1000.85,1003.2,1000.8,1001.2,270355,0
2026-06-11T10:05:00+05:30,1001.5,1004.3,1001.0,1003.5,134352,0
2026-06-11T10:10:00+05:30,1003.6,1004.2,1003.0,1003.5,98921,0
2026-06-11T10:15:00+05:30,1003.6,1005.3,1003.05,1005.15,139233,0
2026-06-11T10:20:00+05:30,1005.3,1005.9,1003.0,1003.3,252412,0
2026-06-11T10:25:00+05:30,1003.3,1005.7,1003.25,1005.4,110103,0
2026-06-11T10:30:00+05:30,1005.5,1005.5,1004.3,1004.75,116456,0
2026-06-11T10:35:00+05:30,1004.9,1005.25,1003.4,1003.75,141787,0
2026-06-11T10:40:00+05:30,1004.05,1004.1,1002.25,1002.8,119126,0
2026-06-11T10:45:00+05:30,1002.8,1002.85,1002.1,1002.45,102413,0
2026-06-11T10:50:00+05:30,1002.45,1002.45,1000.3,1000.85,158590,0
2026-06-11T10:55:00+05:30,1001.0,1001.7,1000.1,1001.4,106834,0
2026-06-11T11:00:00+05:30,1001.4,1001.45,1000.25,1001.15,89290,0
2026-06-11T11:05:00+05:30,1001.2,1002.8,1000.65,1001.4,163108,0
2026-06-11T11:10:00+05:30,1001.75,1001.95,1001.0,1001.15,52546,0
2026-06-11T11:15:00+05:30,1001.15,1002.95,1001.0,1002.45,52281,0
2026-06-11T11:20:00+05:30,1002.45,1003.8,1001.5,1002.4,98976,0
2026-06-11T11:25:00+05:30,1002.4,1003.5,1002.3,1003.2,54396,0
2026-06-11T11:30:00+05:30,1003.2,1003.5,1001.8,1001.9,135684,0
2026-06-11T11:35:00+05:30,1002.0,1002.3,1000.0,1000.9,168066,0
2026-06-11T11:40:00+05:30,1000.95,1001.5,1000.25,1001.2,57576,0
2026-06-11T11:45:00+05:30,1001.35,1001.95,1000.85,1001.6,75111,0
2026-06-11T11:50:00+05:30,1001.7,1002.65,1001.6,1002.5,51804,0
2026-06-11T11:55:00+05:30,1002.5,1004.35,1002.35,1003.25,110869,0
2026-06-11T12:00:00+05:30,1003.3,1003.9,1002.85,1003.3,68587,0
2026-06-11T12:05:00+05:30,1003.4,1003.5,1002.5,1003.1,87588,0
2026-06-11T12:10:00+05:30,1003.1,1003.6,1002.8,1003.25,96507,0
2026-06-11T12:15:00+05:30,1003.3,1004.9,1003.0,1003.5,130763,0
2026-06-11T12:20:00+05:30,1003.55,1004.0,1002.05,1003.65,197552,0
2026-06-11T12:25:00+05:30,1003.9,1006.6,1003.1,1006.45,195998,0
2026-06-11T12:30:00+05:30,1006.45,1008.75,1006.05,1008.2,259662,0
2026-06-11T12:35:00+05:30,1008.2,1009.4,1007.0,1009.2,372378,0
2026-06-11T12:40:00+05:30,1009.2,1009.35,1007.5,1008.5,149029,0
2026-06-11T12:45:00+05:30,1008.5,1009.15,1006.75,1007.0,162503,0
2026-06-11T12:50:00+05:30,1007.0,1007.95,1006.5,1006.85,104513,0
2026-06-11T12:55:00+05:30,1006.95,1008.8,1006.7,1008.5,89116,0
2026-06-11T13:00:00+05:30,1008.55,1009.2,1008.0,1008.95,142370,0
2026-06-11T13:05:00+05:30,1008.95,1009.35,1007.45,1007.45,155897,0
2026-06-11T13:10:00+05:30,1007.55,1007.6,1005.85,1006.3,156928,0
2026-06-11T13:15:00+05:30,1006.35,1006.85,1005.55,1006.0,132936,0
2026-06-11T13:20:00+05:30,1006.0,1006.25,1004.15,1004.9,193343,0
2026-06-11T13:25:00+05:30,1004.9,1005.9,1004.35,1005.55,101461,0
2026-06-11T13:30:00+05:30,1005.55,1006.95,1005.15,1005.4,98327,0
2026-06-11T13:35:00+05:30,1005.4,1006.1,1004.45,1004.6,113482,0
2026-06-11T13:40:00+05:30,1004.55,1006.1,1004.1,1005.8,258992,0
2026-06-11T13:45:00+05:30,1006.05,1006.3,1004.4,1005.45,210262,0
2026-06-11T13:50:00+05:30,1005.5,1006.05,1004.65,1005.6,172530,0
2026-06-11T13:55:00+05:30,1005.65,1006.9,1005.25,1005.6,107920,0
2026-06-11T14:00:00+05:30,1005.6,1006.65,1005.0,1006.3,156159,0
2026-06-11T14:05:00+05:30,1006.35,1006.4,1005.15,1005.4,156835,0
2026-06-11T14:10:00+05:30,1005.4,1005.45,1002.9,1004.3,265046,0
2026-06-11T14:15:00+05:30,1004.3,1005.15,1003.45,1005.05,122052,0
2026-06-11T14:20:00+05:30,1005.15,1006.0,1004.35,1004.6,135550,0
2026-06-11T14:25:00+05:30,1004.6,1008.6,1004.55,1008.05,238159,0
2026-06-11T14:30:00+05:30,1008.05,1008.05,1005.9,1006.3,110892,0
2026-06-11T14:35:00+05:30,1006.3,1007.25,1004.7,1005.8,294287,0
2026-06-11T14:40:00+05:30,1005.65,1005.7,1003.95,1003.95,179429,0
2026-06-11T14:45:00+05:30,1004.05,1004.05,1000.0,1002.65,514379,0
2026-06-11T14:50:00+05:30,1002.7,1003.0,1001.5,1001.6,119099,0
2026-06-11T14:55:00+05:30,1001.65,1001.85,1001.2,1001.85,97438,0
2026-06-11T15:00:00+05:30,1001.85,1002.85,1000.45,1001.15,579037,0
2026-06-11T15:05:00+05:30,1001.2,1001.3,1000.0,1000.25,458891,0
2026-06-11T15:10:00+05:30,1000.3,1001.0,999.5,1000.45,407865,0
2026-06-11T15:15:00+05:30,1000.45,1001.95,999.65,1000.65,375376,0
2026-06-11T15:20:00+05:30,1000.6,1001.1,999.75,1000.7,409558,0
2026-06-11T15:25:00+05:30,1000.65,1001.1,999.55,1001.1,340376,0
2026-06-12T09:15:00+05:30,1018.0,1018.0,1010.0,1013.0,651879,0
2026-06-12T09:20:00+05:30,1013.0,1013.45,1012.0,1012.6,169858,0
2026-06-12T09:25:00+05:30,1012.6,1013.0,1011.2,1011.65,189783,0
2026-06-12T09:30:00+05:30,1011.35,1012.4,1010.0,1010.2,180922,0
2026-06-12T09:35:00+05:30,1010.2,1011.55,1009.45,1010.1,156102,0
2026-06-12T09:40:00+05:30,1010.1,1010.3,1008.45,1009.5,112637,0
2026-06-12T09:45:00+05:30,1009.5,1011.25,1009.25,1010.85,112757,0
2026-06-12T09:50:00+05:30,1010.85,1011.0,1010.0,1010.55,91664,0
2026-06-12T09:55:00+05:30,1010.55,1010.8,1008.0,1008.55,133054,0
2026-06-12T10:00:00+05:30,1008.55,1009.2,1008.0,1009.2,83510,0
2026-06-12T10:05:00+05:30,1009.2,1010.1,1008.1,1008.5,162837,0
2026-06-12T10:10:00+05:30,1008.3,1009.0,1007.15,1007.7,84278,0
2026-06-12T10:15:00+05:30,1007.75,1008.3,1006.2,1006.8,234354,0
2026-06-12T10:20:00+05:30,1006.45,1011.5,1006.0,1011.5,591736,0
2026-06-12T10:25:00+05:30,1011.5,1012.0,1010.35,1010.95,624010,0
2026-06-12T10:30:00+05:30,1010.95,1012.5,1010.75,1011.75,113475,0
2026-06-12T10:35:00+05:30,1011.8,1012.3,1011.55,1012.15,93332,0
2026-06-12T10:40:00+05:30,1012.25,1013.55,1011.95,1013.0,195139,0
2026-06-12T10:45:00+05:30,1013.05,1013.5,1011.2,1013.15,261295,0
2026-06-12T10:50:00+05:30,1013.15,1016.7,1012.9,1016.55,554953,0
2026-06-12T10:55:00+05:30,1016.5,1016.75,1012.7,1012.75,219440,0
2026-06-12T11:00:00+05:30,1012.75,1013.0,1010.3,1011.25,128154,0
2026-06-12T11:05:00+05:30,1011.25,1011.5,1010.0,1010.45,96507,0
2026-06-12T11:10:00+05:30,1010.45,1012.2,1010.05,1012.0,91829,0
2026-06-12T11:15:00+05:30,1012.0,1012.5,1010.5,1010.55,99111,0
2026-06-12T11:20:00+05:30,1010.6,1011.0,1010.0,1010.8,53213,0
2026-06-12T11:25:00+05:30,1010.65,1010.9,1009.3,1009.7,53120,0
2026-06-12T11:30:00+05:30,1009.7,1010.3,1009.3,1009.8,61330,0
2026-06-12T11:35:00+05:30,1009.9,1010.0,1009.0,1009.95,55743,0
2026-06-12T11:40:00+05:30,1010.0,1010.5,1009.6,1010.1,47349,0
2026-06-12T11:45:00+05:30,1010.1,1011.95,1009.4,1011.65,125596,0
2026-06-12T11:50:00+05:30,1011.7,1011.7,1010.05,1010.45,73424,0
2026-06-12T11:55:00+05:30,1010.45,1010.8,1010.0,1010.3,41793,0
2026-06-12T12:00:00+05:30,1010.25,1010.3,1009.6,1010.05,46174,0
2026-06-12T12:05:00+05:30,1010.1,1011.05,1010.0,1010.35,48023,0
2026-06-12T12:10:00+05:30,1010.35,1010.35,1006.5,1007.0,294324,0
2026-06-12T12:15:00+05:30,1007.15,1007.95,1007.0,1007.3,123756,0
2026-06-12T12:20:00+05:30,1007.3,1007.95,1007.15,1007.75,46385,0
2026-06-12T12:25:00+05:30,1007.75,1008.95,1007.65,1008.45,55776,0
2026-06-12T12:30:00+05:30,1008.35,1008.65,1007.7,1008.35,39883,0
2026-06-12T12:35:00+05:30,1008.35,1008.5,1007.0,1007.45,55962,0
2026-06-12T12:40:00+05:30,1007.45,1007.65,1005.2,1005.6,137715,0
2026-06-12T12:45:00+05:30,1005.6,1006.4,1005.0,1005.1,90996,0
2026-06-12T12:50:00+05:30,1005.1,1006.0,1004.35,1005.6,137800,0
2026-06-12T12:55:00+05:30,1005.6,1006.5,1005.45,1005.7,40898,0
2026-06-12T13:00:00+05:30,1005.7,1006.55,1005.5,1006.4,31087,0
2026-06-12T13:05:00+05:30,1006.35,1006.95,1005.5,1006.2,40957,0
2026-06-12T13:10:00+05:30,1006.2,1006.9,1005.8,1006.3,43525,0
2026-06-12T13:15:00+05:30,1006.3,1006.95,1006.1,1006.6,39185,0
2026-06-12T13:20:00+05:30,1006.65,1007.3,1006.05,1006.15,38014,0
2026-06-12T13:25:00+05:30,1006.15,1008.65,1005.15,1008.35,101425,0
2026-06-12T13:30:00+05:30,1008.35,1010.1,1007.7,1009.7,148846,0
2026-06-12T13:35:00+05:30,1009.85,1011.1,1009.4,1010.75,150818,0
2026-06-12T13:40:00+05:30,1010.75,1011.5,1010.0,1011.0,139373,0
2026-06-12T13:45:00+05:30,1011.0,1011.6,1010.2,1011.35,104191,0
2026-06-12T13:50:00+05:30,1011.35,1011.6,1010.0,1011.15,99322,0
2026-06-12T13:55:00+05:30,1011.15,1011.9,1010.5,1011.85,109309,0
2026-06-12T14:00:00+05:30,1011.85,1012.6,1011.5,1012.4,113915,0
2026-06-12T14:05:00+05:30,1012.4,1012.4,1011.4,1012.0,58958,0
2026-06-12T14:10:00+05:30,1012.0,1013.8,1011.1,1013.6,131473,0
2026-06-12T14:15:00+05:30,1013.4,1015.75,1013.35,1015.0,205605,0
2026-06-12T14:20:00+05:30,1015.0,1015.0,1013.65,1014.35,88184,0
2026-06-12T14:25:00+05:30,1014.5,1014.9,1014.0,1014.25,65959,0
2026-06-12T14:30:00+05:30,1014.25,1016.0,1013.6,1014.0,135563,0
2026-06-12T14:35:00+05:30,1014.0,1015.5,1013.05,1015.4,165395,0
2026-06-12T14:40:00+05:30,1015.4,1016.95,1015.05,1016.95,214878,0
2026-06-12T14:45:00+05:30,1016.9,1017.9,1016.45,1017.65,179531,0
2026-06-12T14:50:00+05:30,1017.5,1018.0,1015.6,1017.15,171214,0
2026-06-12T14:55:00+05:30,1017.15,1017.5,1016.3,1016.95,126342,0
2026-06-12T15:00:00+05:30,1016.95,1018.5,1015.55,1018.15,335038,0
2026-06-12T15:05:00+05:30,1018.15,1018.7,1016.85,1017.35,243141,0
2026-06-12T15:10:00+05:30,1017.35,1018.0,1016.5,1017.5,154888,0
2026-06-12T15:15:00+05:30,1017.5,1017.85,1016.85,1017.35,153913,0
2026-06-12T15:20:00+05:30,1017.35,1017.35,1015.7,1016.5,168015,0
2026-06-12T15:25:00+05:30,1016.35,1017.0,1015.9,1016.4,153728,0
2026-06-15T09:15:00+05:30,1034.0,1034.0,1026.4,1027.7,1038160,0
2026-06-15T09:20:00+05:30,1027.85,1029.2,1026.5,1027.15,428560,0
2026-06-15T09:25:00+05:30,1027.45,1029.6,1026.1,1028.9,378478,0
2026-06-15T09:30:00+05:30,1029.0,1029.0,1024.35,1024.75,428057,0
2026-06-15T09:35:00+05:30,1024.75,1026.2,1024.2,1025.25,240207,0
2026-06-15T09:40:00+05:30,1025.25,1026.25,1024.5,1025.05,226862,0
2026-06-15T09:45:00+05:30,1025.2,1026.4,1024.7,1025.45,184425,0
2026-06-15T09:50:00+05:30,1025.45,1026.7,1025.0,1026.3,170686,0
2026-06-15T09:55:00+05:30,1026.2,1027.5,1025.55,1027.35,179392,0
2026-06-15T10:00:00+05:30,1027.35,1028.0,1026.15,1027.15,164762,0
2026-06-15T10:05:00+05:30,1027.15,1027.5,1025.45,1026.0,171114,0
2026-06-15T10:10:00+05:30,1026.0,1027.0,1025.4,1027.0,152821,0
2026-06-15T10:15:00+05:30,1027.0,1028.0,1026.05,1026.6,140315,0
2026-06-15T10:20:00+05:30,1026.6,1028.0,1026.15,1026.6,146445,0
2026-06-15T10:25:00+05:30,1026.6,1026.6,1025.35,1026.2,136239,0
2026-06-15T10:30:00+05:30,1026.2,1026.85,1025.95,1026.45,92167,0
2026-06-15T10:35:00+05:30,1026.2,1026.55,1024.05,1024.5,284363,0
2026-06-15T10:40:00+05:30,1024.55,1025.5,1024.0,1024.75,166839,0
2026-06-15T10:45:00+05:30,1024.75,1027.85,1024.05,1027.75,222450,0
2026-06-15T10:50:00+05:30,1027.75,1028.65,1027.3,1027.75,158780,0
2026-06-15T10:55:00+05:30,1027.75,1027.75,1026.5,1027.2,162534,0
2026-06-15T11:00:00+05:30,1027.2,1027.5,1025.5,1026.25,134577,0
2026-06-15T11:05:00+05:30,1026.25,1026.55,1025.0,1025.65,79274,0
2026-06-15T11:10:00+05:30,1025.65,1026.25,1024.5,1024.95,72077,0
2026-06-15T11:15:00+05:30,1024.95,1026.25,1024.7,1025.95,65142,0
2026-06-15T11:20:00+05:30,1025.95,1026.3,1024.5,1024.75,73784,0
2026-06-15T11:25:00+05:30,1024.75,1026.0,1024.55,1025.75,44086,0
2026-06-15T11:30:00+05:30,1025.75,1025.95,1025.0,1025.9,46622,0
2026-06-15T11:35:00+05:30,1025.9,1027.25,1025.5,1026.95,76523,0
2026-06-15T11:40:00+05:30,1027.2,1029.45,1026.85,1028.5,185361,0
2026-06-15T11:45:00+05:30,1028.5,1028.5,1027.5,1028.0,57607,0
2026-06-15T11:50:00+05:30,1028.0,1029.3,1027.75,1029.3,61303,0
2026-06-15T11:55:00+05:30,1029.3,1031.5,1029.1,1031.05,236199,0
2026-06-15T12:00:00+05:30,1031.4,1031.55,1030.2,1030.9,89505,0
2026-06-15T12:05:00+05:30,1030.95,1030.95,1029.35,1029.5,84418,0
2026-06-15T12:10:00+05:30,1029.85,1030.45,1029.1,1029.45,134040,0
2026-06-15T12:15:00+05:30,1029.45,1029.5,1027.1,1027.95,133920,0
2026-06-15T12:20:00+05:30,1027.95,1028.2,1026.4,1027.15,91228,0
2026-06-15T12:25:00+05:30,1027.15,1027.15,1025.5,1025.6,101275,0
2026-06-15T12:30:00+05:30,1025.7,1027.05,1025.55,1025.8,60552,0
2026-06-15T12:35:00+05:30,1025.9,1026.45,1024.35,1025.1,118071,0
2026-06-15T12:40:00+05:30,1025.15,1025.85,1024.85,1025.2,64366,0
2026-06-15T12:45:00+05:30,1025.4,1025.4,1024.2,1024.3,91075,0
2026-06-15T12:50:00+05:30,1024.45,1024.9,1023.15,1023.85,155618,0
2026-06-15T12:55:00+05:30,1023.9,1026.0,1023.8,1025.55,75163,0
2026-06-15T13:00:00+05:30,1025.75,1026.0,1025.0,1025.55,107403,0
2026-06-15T13:05:00+05:30,1025.55,1026.95,1025.5,1026.95,84361,0
2026-06-15T13:10:00+05:30,1026.95,1027.8,1026.35,1026.5,221117,0
2026-06-15T13:15:00+05:30,1026.7,1026.75,1024.8,1025.0,129292,0
2026-06-15T13:20:00+05:30,1025.0,1025.75,1024.8,1025.6,54572,0
2026-06-15T13:25:00+05:30,1025.7,1025.75,1024.75,1025.0,61104,0
2026-06-15T13:30:00+05:30,1025.05,1025.05,1023.65,1024.45,88567,0
2026-06-15T13:35:00+05:30,1024.45,1025.0,1023.8,1023.9,59836,0
2026-06-15T13:40:00+05:30,1023.9,1024.5,1023.4,1023.85,55075,0
2026-06-15T13:45:00+05:30,1023.85,1024.9,1023.35,1024.55,155665,0
2026-06-15T13:50:00+05:30,1024.55,1024.7,1023.0,1024.25,117440,0
2026-06-15T13:55:00+05:30,1024.25,1025.45,1023.0,1024.5,109526,0
2026-06-15T14:00:00+05:30,1024.8,1025.45,1024.05,1024.45,130648,0
2026-06-15T14:05:00+05:30,1024.45,1025.4,1023.3,1024.1,297923,0
2026-06-15T14:10:00+05:30,1024.1,1024.9,1022.0,1022.85,184305,0
2026-06-15T14:15:00+05:30,1022.85,1024.4,1022.1,1023.95,111298,0
2026-06-15T14:20:00+05:30,1023.95,1024.5,1023.0,1024.1,96680,0
2026-06-15T14:25:00+05:30,1024.1,1024.8,1023.5,1024.1,117456,0
2026-06-15T14:30:00+05:30,1024.2,1025.0,1023.6,1024.25,82411,0
2026-06-15T14:35:00+05:30,1024.35,1025.75,1024.25,1025.15,183095,0
2026-06-15T14:40:00+05:30,1025.15,1025.35,1023.55,1023.75,64341,0
2026-06-15T14:45:00+05:30,1023.75,1024.7,1022.85,1023.9,91757,0
2026-06-15T14:50:00+05:30,1023.95,1024.1,1022.1,1022.6,119949,0
2026-06-15T14:55:00+05:30,1022.6,1023.5,1022.0,1023.0,106112,0
2026-06-15T15:00:00+05:30,1023.1,1024.25,1021.05,1021.5,322655,0
2026-06-15T15:05:00+05:30,1021.8,1023.15,1020.2,1020.4,360376,0
2026-06-15T15:10:00+05:30,1020.6,1020.9,1018.5,1020.0,326903,0
2026-06-15T15:15:00+05:30,1020.2,1021.95,1019.6,1020.6,371184,0
2026-06-15T15:20:00+05:30,1020.85,1021.5,1020.0,1020.55,305264,0
2026-06-15T15:25:00+05:30,1020.55,1021.5,1020.0,1021.0,213274,0
2026-06-16T09:15:00+05:30,1023.8,1026.55,1020.05,1020.8,301806,0
2026-06-16T09:20:00+05:30,1021.0,1021.0,1018.3,1019.0,139012,0
2026-06-16T09:25:00+05:30,1019.15,1021.7,1019.15,1021.25,130841,0
2026-06-16T09:30:00+05:30,1021.15,1021.4,1019.15,1020.2,119089,0
2026-06-16T09:35:00+05:30,1020.45,1020.5,1018.5,1018.75,71714,0
2026-06-16T09:40:00+05:30,1018.95,1019.4,1017.1,1017.7,115288,0
2026-06-16T09:45:00+05:30,1017.6,1018.9,1017.2,1017.8,98837,0
2026-06-16T09:50:00+05:30,1017.75,1018.65,1017.1,1017.7,67462,0
2026-06-16T09:55:00+05:30,1017.85,1018.4,1017.55,1018.4,43864,0
2026-06-16T10:00:00+05:30,1018.4,1019.0,1016.3,1016.5,104856,0
2026-06-16T10:05:00+05:30,1016.4,1017.55,1016.05,1016.85,63559,0
2026-06-16T10:10:00+05:30,1016.8,1017.55,1015.8,1017.0,79762,0
2026-06-16T10:15:00+05:30,1017.0,1017.7,1016.6,1017.3,49610,0
2026-06-16T10:20:00+05:30,1017.25,1018.1,1016.8,1017.1,51026,0
2026-06-16T10:25:00+05:30,1017.15,1018.5,1016.65,1018.15,63616,0
2026-06-16T10:30:00+05:30,1018.1,1020.1,1017.9,1020.1,80843,0
2026-06-16T10:35:00+05:30,1020.1,1021.0,1019.7,1020.25,93537,0
2026-06-16T10:40:00+05:30,1020.25,1020.95,1018.9,1019.55,121182,0
2026-06-16T10:45:00+05:30,1019.55,1019.65,1018.65,1019.15,86179,0
2026-06-16T10:50:00+05:30,1019.15,1019.15,1017.2,1017.4,71533,0
2026-06-16T10:55:00+05:30,1017.6,1018.0,1014.7,1015.3,217105,0
2026-06-16T11:00:00+05:30,1015.1,1015.55,1014.2,1014.4,125449,0
2026-06-16T11:05:00+05:30,1014.6,1015.5,1014.1,1014.3,127868,0
2026-06-16T11:10:00+05:30,1014.2,1014.35,1012.5,1013.55,140943,0
2026-06-16T11:15:00+05:30,1013.75,1014.9,1013.5,1013.7,113367,0
2026-06-16T11:20:00+05:30,1013.7,1013.95,1012.1,1013.5,102415,0
2026-06-16T11:25:00+05:30,1013.7,1013.85,1011.2,1011.75,111196,0
2026-06-16T11:30:00+05:30,1011.8,1012.35,1011.2,1012.05,80394,0
2026-06-16T11:35:00+05:30,1012.15,1012.5,1010.1,1010.3,200703,0
2026-06-16T11:40:00+05:30,1010.4,1011.15,1010.0,1010.45,85824,0
2026-06-16T11:45:00+05:30,1010.55,1011.45,1009.0,1010.25,244485,0
2026-06-16T11:50:00+05:30,1010.45,1011.85,1010.2,1011.75,136873,0
2026-06-16T11:55:00+05:30,1011.6,1012.0,1009.85,1011.5,116393,0
2026-06-16T12:00:00+05:30,1011.65,1012.15,1009.55,1010.15,126297,0
2026-06-16T12:05:00+05:30,1010.5,1011.1,1010.0,1010.8,38177,0
2026-06-16T12:10:00+05:30,1010.95,1011.25,1010.3,1010.3,45184,0
2026-06-16T12:15:00+05:30,1010.45,1011.15,1010.0,1010.7,63822,0
2026-06-16T12:20:00+05:30,1010.55,1011.0,1009.75,1010.3,147048,0
2026-06-16T12:25:00+05:30,1010.45,1012.2,1010.0,1011.95,138395,0
2026-06-16T12:30:00+05:30,1012.0,1013.2,1010.8,1010.8,112564,0
2026-06-16T12:35:00+05:30,1010.85,1012.55,1010.75,1011.6,158221,0
2026-06-16T12:40:00+05:30,1011.65,1011.7,1007.4,1008.1,274461,0
2026-06-16T12:45:00+05:30,1008.35,1009.6,1007.5,1008.9,215054,0
2026-06-16T12:50:00+05:30,1009.25,1009.4,1008.0,1008.1,159485,0
2026-06-16T12:55:00+05:30,1008.25,1009.8,1008.0,1009.3,94538,0
2026-06-16T13:00:00+05:30,1009.5,1009.95,1007.85,1008.0,64951,0
2026-06-16T13:05:00+05:30,1008.15,1009.0,1008.0,1008.9,56012,0
2026-06-16T13:10:00+05:30,1008.9,1009.4,1008.25,1008.4,60804,0
2026-06-16T13:15:00+05:30,1008.4,1009.35,1008.4,1008.65,49936,0
2026-06-16T13:20:00+05:30,1008.7,1009.85,1008.05,1009.65,72015,0
2026-06-16T13:25:00+05:30,1009.65,1010.75,1009.65,1010.5,59364,0
2026-06-16T13:30:00+05:30,1010.7,1010.7,1009.45,1010.05,52635,0
2026-06-16T13:35:00+05:30,1010.2,1010.8,1009.8,1010.0,63160,0
2026-06-16T13:40:00+05:30,1010.15,1011.2,1009.7,1010.5,103163,0
2026-06-16T13:45:00+05:30,1010.5,1012.6,1010.4,1012.2,74281,0
2026-06-16T13:50:00+05:30,1012.55,1012.85,1010.65,1011.85,108028,0
2026-06-16T13:55:00+05:30,1011.9,1013.5,1011.1,1011.15,140672,0
2026-06-16T14:00:00+05:30,1011.15,1012.1,1010.7,1011.3,100694,0
2026-06-16T14:05:00+05:30,1011.45,1011.9,1010.9,1011.55,76000,0
2026-06-16T14:10:00+05:30,1011.55,1013.9,1011.55,1013.8,112166,0
2026-06-16T14:15:00+05:30,1013.75,1014.0,1013.25,1013.45,142523,0
2026-06-16T14:20:00+05:30,1013.6,1013.7,1012.5,1013.6,116310,0
2026-06-16T14:25:00+05:30,1013.7,1013.85,1012.0,1012.45,125667,0
2026-06-16T14:30:00+05:30,1012.75,1013.95,1012.45,1013.8,73137,0
2026-06-16T14:35:00+05:30,1013.9,1014.4,1013.35,1014.1,134679,0
2026-06-16T14:40:00+05:30,1014.1,1014.4,1011.1,1011.1,248357,0
2026-06-16T14:45:00+05:30,1011.15,1013.25,1011.1,1013.0,140780,0
2026-06-16T14:50:00+05:30,1013.05,1014.5,1012.5,1014.45,166927,0
2026-06-16T14:55:00+05:30,1014.4,1015.1,1014.15,1014.45,183589,0
2026-06-16T15:00:00+05:30,1014.8,1015.25,1014.0,1014.8,210714,0
2026-06-16T15:05:00+05:30,1014.85,1015.25,1013.95,1014.85,434268,0
2026-06-16T15:10:00+05:30,1015.05,1016.5,1014.85,1016.25,414813,0
2026-06-16T15:15:00+05:30,1016.25,1016.5,1014.85,1015.4,293752,0
2026-06-16T15:20:00+05:30,1015.45,1015.7,1015.05,1015.5,205773,0
2026-06-16T15:25:00+05:30,1015.55,1017.0,1015.0,1016.05,234931,0
2026-06-17T09:15:00+05:30,1017.0,1019.5,1014.55,1015.85,206131,0
2026-06-17T09:20:00+05:30,1016.0,1017.5,1015.1,1015.45,99049,0
2026-06-17T09:25:00+05:30,1015.5,1016.0,1014.75,1015.3,97396,0
2026-06-17T09:30:00+05:30,1015.3,1016.5,1015.15,1016.35,64586,0
2026-06-17T09:35:00+05:30,1016.3,1016.5,1015.1,1015.5,46239,0
2026-06-17T09:40:00+05:30,1015.55,1016.1,1015.05,1016.0,55436,0
2026-06-17T09:45:00+05:30,1016.05,1016.35,1014.65,1015.3,127014,0
2026-06-17T09:50:00+05:30,1015.5,1016.6,1014.55,1016.35,122006,0
2026-06-17T09:55:00+05:30,1016.45,1016.45,1015.0,1015.85,123520,0
2026-06-17T10:00:00+05:30,1015.85,1016.2,1014.0,1014.05,164067,0
2026-06-17T10:05:00+05:30,1014.35,1015.9,1013.45,1015.85,142644,0
2026-06-17T10:10:00+05:30,1015.85,1016.2,1015.0,1015.0,56163,0
2026-06-17T10:15:00+05:30,1015.15,1017.4,1014.1,1016.7,129731,0
2026-06-17T10:20:00+05:30,1016.85,1019.0,1016.85,1018.8,120776,0
2026-06-17T10:25:00+05:30,1018.8,1018.8,1016.25,1016.65,84452,0
2026-06-17T10:30:00+05:30,1016.7,1017.2,1015.6,1015.85,101597,0
2026-06-17T10:35:00+05:30,1016.0,1017.85,1015.85,1017.5,160822,0
2026-06-17T10:40:00+05:30,1017.55,1018.3,1017.0,1017.9,44855,0
2026-06-17T10:45:00+05:30,1017.9,1018.4,1016.8,1016.85,76312,0
2026-06-17T10:50:00+05:30,1017.1,1018.0,1016.7,1017.9,61828,0
2026-06-17T10:55:00+05:30,1017.95,1018.7,1016.75,1017.55,119383,0
2026-06-17T11:00:00+05:30,1017.5,1018.3,1017.05,1017.75,60156,0
2026-06-17T11:05:00+05:30,1017.75,1018.65,1017.3,1018.4,56726,0
2026-06-17T11:10:00+05:30,1018.45,1021.0,1018.35,1020.1,185431,0
2026-06-17T11:15:00+05:30,1020.05,1020.85,1018.65,1019.55,98654,0
2026-06-17T11:20:00+05:30,1019.55,1019.95,1018.3,1018.9,76798,0
2026-06-17T11:25:00+05:30,1018.9,1019.35,1018.0,1019.05,97590,0
2026-06-17T11:30:00+05:30,1019.1,1020.25,1018.7,1019.25,61186,0
2026-06-17T11:35:00+05:30,1019.25,1019.25,1017.4,1017.4,111757,0
2026-06-17T11:40:00+05:30,1017.55,1018.9,1017.0,1018.45,100446,0
2026-06-17T11:45:00+05:30,1018.65,1019.65,1018.3,1019.55,98539,0
2026-06-17T11:50:00+05:30,1019.55,1019.55,1018.4,1019.1,66316,0
2026-06-17T11:55:00+05:30,1018.9,1019.25,1018.25,1018.35,81714,0
2026-06-17T12:00:00+05:30,1018.35,1020.95,1018.1,1020.55,101817,0
2026-06-17T12:05:00+05:30,1020.55,1022.0,1019.9,1021.1,147258,0
2026-06-17T12:10:00+05:30,1021.15,1021.55,1019.5,1019.85,117684,0
2026-06-17T12:15:00+05:30,1019.9,1021.1,1019.6,1020.95,65541,0
2026-06-17T12:20:00+05:30,1020.95,1021.3,1020.2,1020.55,99504,0
2026-06-17T12:25:00+05:30,1020.55,1021.1,1019.5,1021.0,147384,0
2026-06-17T12:30:00+05:30,1021.0,1021.15,1020.1,1021.1,59796,0
2026-06-17T12:35:00+05:30,1021.15,1021.75,1020.8,1021.55,73469,0
2026-06-17T12:40:00+05:30,1021.3,1022.5,1021.0,1021.65,81708,0
2026-06-17T12:45:00+05:30,1021.75,1023.0,1021.6,1022.05,86598,0
2026-06-17T12:50:00+05:30,1022.05,1022.3,1020.8,1020.95,65716,0
2026-06-17T12:55:00+05:30,1021.1,1021.55,1020.35,1020.5,62146,0
2026-06-17T13:00:00+05:30,1020.8,1021.95,1020.35,1021.9,71330,0
2026-06-17T13:05:00+05:30,1021.9,1022.9,1021.3,1022.5,70130,0
2026-06-17T13:10:00+05:30,1022.55,1022.95,1021.0,1021.0,78752,0
2026-06-17T13:15:00+05:30,1021.3,1022.1,1020.6,1020.9,85587,0
2026-06-17T13:20:00+05:30,1021.05,1022.0,1020.9,1021.25,48453,0
2026-06-17T13:25:00+05:30,1021.4,1022.1,1021.2,1021.25,45591,0
2026-06-17T13:30:00+05:30,1021.35,1022.2,1021.05,1022.2,48762,0
2026-06-17T13:35:00+05:30,1022.0,1023.0,1021.6,1022.4,84639,0
2026-06-17T13:40:00+05:30,1022.55,1023.0,1021.65,1022.85,112840,0
2026-06-17T13:45:00+05:30,1022.85,1024.0,1022.3,1024.0,115510,0
2026-06-17T13:50:00+05:30,1023.8,1024.0,1022.25,1023.85,168406,0
2026-06-17T13:55:00+05:30,1023.85,1024.0,1023.25,1024.0,75910,0
2026-06-17T14:00:00+05:30,1024.0,1025.0,1023.65,1024.15,161660,0
2026-06-17T14:05:00+05:30,1024.45,1024.5,1022.95,1023.3,129379,0
2026-06-17T14:10:00+05:30,1023.35,1024.55,1023.0,1024.2,82855,0
2026-06-17T14:15:00+05:30,1024.2,1024.75,1023.35,1024.6,109732,0
2026-06-17T14:20:00+05:30,1024.6,1025.0,1023.1,1023.9,130982,0
2026-06-17T14:25:00+05:30,1023.95,1024.05,1022.1,1022.55,102012,0
2026-06-17T14:30:00+05:30,1022.55,1023.8,1021.75,1023.5,105459,0
2026-06-17T14:35:00+05:30,1023.5,1024.0,1023.05,1023.8,88257,0
2026-06-17T14:40:00+05:30,1024.0,1024.5,1023.8,1024.25,66000,0
2026-06-17T14:45:00+05:30,1024.25,1024.5,1023.2,1023.45,57991,0
2026-06-17T14:50:00+05:30,1023.5,1023.95,1022.8,1023.8,82507,0
2026-06-17T14:55:00+05:30,1023.8,1025.2,1023.55,1025.15,131532,0
2026-06-17T15:00:00+05:30,1025.15,1025.75,1024.6,1024.85,256875,0
2026-06-17T15:05:00+05:30,1024.75,1026.75,1024.7,1026.65,240775,0
2026-06-17T15:10:00+05:30,1026.65,1026.7,1025.7,1026.0,113498,0
2026-06-17T15:15:00+05:30,1026.0,1027.5,1025.1,1027.35,346382,0
2026-06-17T15:20:00+05:30,1027.35,1028.1,1026.45,1027.3,424859,0
2026-06-17T15:25:00+05:30,1027.3,1027.45,1025.95,1026.5,128505,0
