time,open,high,low,close,volume,open_interest
2026-04-20T09:15:00+05:30,1364.7,1369.4,1355.1,1362.7,1495867,0
2026-04-20T09:20:00+05:30,1362.7,1368.0,1358.1,1367.6,1111973,0
2026-04-20T09:25:00+05:30,1367.5,1371.9,1366.0,1371.5,708102,0
2026-04-20T09:30:00+05:30,1371.5,1374.4,1370.0,1373.7,1513645,0
2026-04-20T09:35:00+05:30,1374.1,1376.4,1372.0,1372.0,511198,0
2026-04-20T09:40:00+05:30,1372.4,1374.0,1368.0,1370.4,498055,0
2026-04-20T09:45:00+05:30,1370.4,1371.4,1366.7,1369.6,381486,0
2026-04-20T09:50:00+05:30,1369.6,1369.7,1366.2,1367.0,161515,0
2026-04-20T09:55:00+05:30,1367.2,1368.1,1365.0,1366.8,211877,0
2026-04-20T10:00:00+05:30,1366.7,1372.4,1364.8,1371.0,534212,0
2026-04-20T10:05:00+05:30,1371.0,1375.0,1370.5,1373.7,517284,0
2026-04-20T10:10:00+05:30,1373.6,1373.7,1370.7,1371.1,222117,0
2026-04-20T10:15:00+05:30,1371.1,1371.6,1368.5,1369.0,172407,0
2026-04-20T10:20:00+05:30,1369.2,1369.2,1366.4,1367.1,158751,0
2026-04-20T10:25:00+05:30,1367.1,1367.8,1363.7,1364.8,261917,0
2026-04-20T10:30:00+05:30,1364.3,1367.9,1364.2,1365.7,124151,0
2026-04-20T10:35:00+05:30,1365.7,1366.3,1365.0,1365.5,134265,0
2026-04-20T10:40:00+05:30,1365.4,1367.0,1365.1,1365.8,106728,0
2026-04-20T10:45:00+05:30,1365.7,1365.8,1362.3,1364.8,238633,0
2026-04-20T10:50:00+05:30,1364.7,1364.8,1360.1,1361.2,197813,0
2026-04-20T10:55:00+05:30,1361.1,1363.4,1359.9,1363.0,173628,0
2026-04-20T11:00:00+05:30,1362.9,1363.3,1361.0,1362.8,214099,0
2026-04-20T11:05:00+05:30,1363.0,1365.0,1357.9,1358.3,370287,0
2026-04-20T11:10:00+05:30,1358.2,1359.6,1356.6,1357.0,457821,0
2026-04-20T11:15:00+05:30,1356.7,1360.0,1356.0,1359.0,214280,0
2026-04-20T11:20:00+05:30,1359.1,1363.0,1358.8,1363.0,116531,0
2026-04-20T11:25:00+05:30,1363.0,1364.0,1361.4,1362.5,165899,0
2026-04-20T11:30:00+05:30,1362.5,1363.2,1359.9,1361.0,338586,0
2026-04-20T11:35:00+05:30,1360.8,1362.9,1359.2,1362.8,302866,0
2026-04-20T11:40:00+05:30,1362.6,1364.1,1362.0,1362.8,399254,0
2026-04-20T11:45:00+05:30,1363.0,1364.5,1362.7,1363.9,279067,0
2026-04-20T11:50:00+05:30,1364.2,1364.2,1361.6,1362.3,139397,0
2026-04-20T11:55:00+05:30,1362.2,1363.8,1362.1,1363.2,56848,0
2026-04-20T12:00:00+05:30,1363.2,1363.9,1361.7,1362.1,79547,0
2026-04-20T12:05:00+05:30,1362.0,1362.8,1360.0,1360.6,182711,0
2026-04-20T12:10:00+05:30,1360.6,1361.0,1357.0,1358.6,470221,0
2026-04-20T12:15:00+05:30,1358.6,1358.8,1357.0,1358.0,89990,0
2026-04-20T12:20:00+05:30,1357.9,1359.6,1357.5,1358.9,139213,0
2026-04-20T12:25:00+05:30,1359.0,1362.0,1358.6,1361.7,153574,0
2026-04-20T12:30:00+05:30,1361.7,1362.0,1360.5,1361.5,96625,0
2026-04-20T12:35:00+05:30,1361.4,1361.8,1360.3,1360.8,67888,0
2026-04-20T12:40:00+05:30,1360.8,1361.4,1359.2,1360.7,97816,0
2026-04-20T12:45:00+05:30,1360.7,1361.8,1360.0,1361.3,78214,0
2026-04-20T12:50:00+05:30,1361.2,1362.3,1361.0,1362.0,77361,0
2026-04-20T12:55:00+05:30,1361.7,1362.2,1360.1,1360.5,89556,0
2026-04-20T13:00:00+05:30,1360.4,1360.8,1358.2,1360.3,124630,0
2026-04-20T13:05:00+05:30,1360.2,1360.5,1357.7,1357.7,123261,0
2026-04-20T13:10:00+05:30,1357.7,1358.9,1356.0,1358.2,130007,0
2026-04-20T13:15:00+05:30,1358.2,1358.4,1356.6,1357.8,105564,0
2026-04-20T13:20:00+05:30,1357.8,1357.9,1354.1,1355.5,210945,0
2026-04-20T13:25:00+05:30,1355.5,1356.4,1353.0,1356.4,220638,0
2026-04-20T13:30:00+05:30,1356.1,1357.0,1355.1,1357.0,108455,0
2026-04-20T13:35:00+05:30,1356.8,1357.0,1355.0,1356.2,122601,0
2026-04-20T13:40:00+05:30,1356.0,1359.0,1355.4,1358.4,189554,0
2026-04-20T13:45:00+05:30,1358.3,1358.9,1357.1,1357.3,278529,0
2026-04-20T13:50:00+05:30,1357.2,1358.6,1355.7,1358.3,355495,0
2026-04-20T13:55:00+05:30,1358.1,1359.3,1356.8,1358.8,146990,0
2026-04-20T14:00:00+05:30,1358.6,1359.2,1357.2,1358.5,81012,0
2026-04-20T14:05:00+05:30,1358.4,1358.5,1356.4,1357.4,102821,0
2026-04-20T14:10:00+05:30,1357.3,1358.5,1357.0,1358.5,91865,0
2026-04-20T14:15:00+05:30,1358.4,1358.6,1357.2,1357.9,90987,0
2026-04-20T14:20:00+05:30,1357.8,1358.5,1356.7,1358.3,96596,0
2026-04-20T14:25:00+05:30,1358.1,1360.3,1358.1,1359.3,422862,0
2026-04-20T14:30:00+05:30,1359.6,1359.6,1356.1,1358.3,297558,0
2026-04-20T14:35:00+05:30,1358.2,1358.7,1354.3,1355.1,330156,0
2026-04-20T14:40:00+05:30,1355.0,1356.6,1353.6,1356.4,262086,0
2026-04-20T14:45:00+05:30,1356.3,1357.2,1354.0,1357.0,307733,0
2026-04-20T14:50:00+05:30,1357.0,1357.9,1356.1,1357.9,270162,0
2026-04-20T14:55:00+05:30,1357.8,1358.2,1356.0,1357.6,337024,0
2026-04-20T15:00:00+05:30,1357.6,1358.4,1357.5,1357.7,327293,0
2026-04-20T15:05:00+05:30,1357.7,1358.0,1356.2,1356.3,357420,0
2026-04-20T15:10:00+05:30,1356.8,1358.2,1356.5,1357.4,515086,0
2026-04-20T15:15:00+05:30,1357.4,1358.0,1353.3,1354.0,522627,0
2026-04-20T15:20:00+05:30,1354.2,1355.0,1353.0,1353.7,366222,0
2026-04-20T15:25:00+05:30,1353.7,1356.0,1353.0,1354.3,319181,0
2026-04-21T09:15:00+05:30,1368.0,1375.0,1360.0,1374.9,1301473,0
2026-04-21T09:20:00+05:30,1374.8,1379.8,1371.5,1371.6,661884,0
2026-04-21T09:25:00+05:30,1371.9,1372.0,1367.9,1368.0,209863,0
2026-04-21T09:30:00+05:30,1368.0,1369.8,1366.6,1367.0,146392,0
2026-04-21T09:35:00+05:30,1367.0,1367.9,1365.7,1367.1,107541,0
2026-04-21T09:40:00+05:30,1367.3,1368.0,1366.7,1367.9,154504,0
2026-04-21T09:45:00+05:30,1367.6,1370.9,1367.1,1370.0,968450,0
2026-04-21T09:50:00+05:30,1370.1,1370.8,1369.5,1370.7,134988,0
2026-04-21T09:55:00+05:30,1370.7,1370.8,1369.9,1370.5,74085,0
2026-04-21T10:00:00+05:30,1370.8,1372.2,1370.5,1371.9,59943,0
2026-04-21T10:05:00+05:30,1371.9,1372.6,1371.3,1371.6,160437,0
2026-04-21T10:10:00+05:30,1372.0,1373.0,1370.7,1372.0,238141,0
2026-04-21T10:15:00+05:30,1371.9,1374.0,1371.6,1373.9,239225,0
2026-04-21T10:20:00+05:30,1373.4,1374.4,1373.2,1374.0,82083,0
2026-04-21T10:25:00+05:30,1374.0,1374.5,1373.1,1374.5,139871,0
2026-04-21T10:30:00+05:30,1374.4,1377.4,1374.0,1377.2,242644,0
2026-04-21T10:35:00+05:30,1377.2,1379.5,1377.0,1379.4,153238,0
2026-04-21T10:40:00+05:30,1379.3,1381.7,1377.9,1380.2,935199,0
2026-04-21T10:45:00+05:30,1380.2,1380.9,1377.3,1379.9,148204,0
2026-04-21T10:50:00+05:30,1379.9,1381.0,1379.0,1380.6,118210,0
2026-04-21T10:55:00+05:30,1380.6,1381.9,1380.2,1380.8,161034,0
2026-04-21T11:00:00+05:30,1380.8,1381.4,1379.9,1380.8,214665,0
2026-04-21T11:05:00+05:30,1380.8,1383.0,1380.0,1381.2,381958,0
2026-04-21T11:10:00+05:30,1381.0,1382.0,1380.1,1382.0,52086,0
2026-04-21T11:15:00+05:30,1381.9,1382.0,1380.8,1382.0,43584,0
2026-04-21T11:20:00+05:30,1381.9,1382.1,1381.0,1381.9,66313,0
2026-04-21T11:25:00+05:30,1381.9,1382.7,1381.2,1381.9,95294,0
2026-04-21T11:30:00+05:30,1381.3,1381.9,1379.7,1380.2,107659,0
2026-04-21T11:35:00+05:30,1380.1,1381.5,1379.7,1380.5,224315,0
2026-04-21T11:40:00+05:30,1380.3,1380.9,1379.2,1380.3,186919,0
2026-04-21T11:45:00+05:30,1380.3,1382.2,1379.9,1380.5,223629,0
2026-04-21T11:50:00+05:30,1380.4,1381.6,1380.3,1381.0,65280,0
2026-04-21T11:55:00+05:30,1380.9,1381.8,1380.4,1381.5,40900,0
2026-04-21T12:00:00+05:30,1381.7,1381.8,1380.5,1381.5,54538,0
2026-04-21T12:05:00+05:30,1381.4,1381.5,1380.7,1381.0,35907,0
2026-04-21T12:10:00+05:30,1381.0,1383.2,1380.8,1382.0,249209,0
2026-04-21T12:15:00+05:30,1382.0,1382.0,1380.5,1381.9,73939,0
2026-04-21T12:20:00+05:30,1381.3,1383.0,1381.3,1381.8,103146,0
2026-04-21T12:25:00+05:30,1381.7,1383.0,1381.0,1381.2,153399,0
2026-04-21T12:30:00+05:30,1381.6,1384.8,1381.0,1383.2,396523,0
2026-04-21T12:35:00+05:30,1383.4,1384.9,1382.1,1383.1,208833,0
2026-04-21T12:40:00+05:30,1383.1,1383.8,1381.0,1383.7,299841,0
2026-04-21T12:45:00+05:30,1383.5,1384.6,1382.4,1383.5,139909,0
2026-04-21T12:50:00+05:30,1383.4,1384.9,1382.2,1384.9,297428,0
2026-04-21T12:55:00+05:30,1384.8,1386.0,1383.9,1384.3,229866,0
2026-04-21T13:00:00+05:30,1384.6,1385.7,1383.7,1385.1,196428,0
2026-04-21T13:05:00+05:30,1385.0,1386.4,1384.8,1386.0,168379,0
2026-04-21T13:10:00+05:30,1385.9,1386.9,1385.4,1386.5,84353,0
2026-04-21T13:15:00+05:30,1386.5,1387.6,1385.2,1386.2,121829,0
2026-04-21T13:20:00+05:30,1385.9,1386.9,1385.1,1385.5,198951,0
2026-04-21T13:25:00+05:30,1385.5,1388.1,1385.0,1387.1,297057,0
2026-04-21T13:30:00+05:30,1387.1,1388.7,1387.0,1387.9,270804,0
2026-04-21T13:35:00+05:30,1387.5,1388.3,1386.7,1388.0,214667,0
2026-04-21T13:40:00+05:30,1387.8,1388.1,1385.9,1387.2,405384,0
2026-04-21T13:45:00+05:30,1387.1,1388.0,1386.0,1387.7,364078,0
2026-04-21T13:50:00+05:30,1387.7,1388.6,1387.0,1388.1,160119,0
2026-04-21T13:55:00+05:30,1388.6,1390.9,1387.0,1387.7,477300,0
2026-04-21T14:00:00+05:30,1388.0,1388.3,1382.6,1383.6,743538,0
2026-04-21T14:05:00+05:30,1383.6,1384.8,1383.1,1384.6,123711,0
2026-04-21T14:10:00+05:30,1384.6,1385.7,1383.1,1385.4,178659,0
2026-04-21T14:15:00+05:30,1385.4,1387.7,1385.0,1385.5,408736,0
2026-04-21T14:20:00+05:30,1385.5,1389.2,1385.1,1389.2,196321,0
2026-04-21T14:25:00+05:30,1389.1,1389.2,1387.2,1388.8,282573,0
2026-04-21T14:30:00+05:30,1388.8,1389.3,1387.6,1389.0,162298,0
2026-04-21T14:35:00+05:30,1389.0,1389.0,1388.1,1388.2,143956,0
2026-04-21T14:40:00+05:30,1388.4,1389.2,1386.4,1386.8,194625,0
2026-04-21T14:45:00+05:30,1386.9,1388.9,1386.4,1386.9,152831,0
2026-04-21T14:50:00+05:30,1387.4,1388.9,1386.7,1388.8,117616,0
2026-04-21T14:55:00+05:30,1388.8,1390.0,1388.5,1389.2,249704,0
2026-04-21T15:00:00+05:30,1389.2,1393.1,1383.4,1384.6,2610259,0
2026-04-21T15:05:00+05:30,1384.7,1392.6,1384.0,1389.1,2137139,0
2026-04-21T15:10:00+05:30,1389.5,1391.4,1388.3,1389.7,747999,0
2026-04-21T15:15:00+05:30,1389.7,1390.9,1387.5,1388.0,706518,0
2026-04-21T15:20:00+05:30,1388.0,1388.9,1385.1,1385.5,546906,0
2026-04-21T15:25:00+05:30,1385.7,1388.0,1384.1,1385.6,183296,0
2026-04-22T09:15:00+05:30,1380.0,1380.1,1372.0,1375.3,505206,0
2026-04-22T09:20:00+05:30,1375.3,1375.8,1371.1,1372.0,261625,0
2026-04-22T09:25:00+05:30,1371.9,1372.2,1370.2,1370.9,175597,0
2026-04-22T09:30:00+05:30,1370.6,1371.7,1369.5,1370.0,338236,0
2026-04-22T09:35:00+05:30,1370.0,1370.1,1368.0,1368.8,173196,0
2026-04-22T09:40:00+05:30,1368.8,1369.6,1368.1,1368.3,98947,0
2026-04-22T09:45:00+05:30,1368.5,1369.3,1368.0,1369.2,117438,0
2026-04-22T09:50:00+05:30,1369.2,1371.1,1368.0,1369.6,768461,0
2026-04-22T09:55:00+05:30,1369.6,1370.1,1366.2,1366.5,242391,0
2026-04-22T10:00:00+05:30,1366.5,1367.8,1365.0,1367.4,127828,0
2026-04-22T10:05:00+05:30,1367.4,1367.7,1365.5,1366.1,120078,0
2026-04-22T10:10:00+05:30,1366.1,1368.2,1366.0,1368.0,100495,0
2026-04-22T10:15:00+05:30,1368.0,1369.8,1368.0,1369.5,97506,0
2026-04-22T10:20:00+05:30,1369.6,1369.7,1368.2,1369.2,70967,0
2026-04-22T10:25:00+05:30,1369.2,1371.2,1368.0,1368.5,594722,0
2026-04-22T10:30:00+05:30,1368.5,1369.2,1367.0,1368.0,64317,0
2026-04-22T10:35:00+05:30,1368.0,1370.0,1367.4,1369.9,116989,0
2026-04-22T10:40:00+05:30,1370.0,1371.0,1369.1,1370.3,393195,0
2026-04-22T10:45:00+05:30,1370.3,1372.7,1370.0,1370.2,503947,0
2026-04-22T10:50:00+05:30,1370.2,1371.9,1370.1,1370.8,98282,0
2026-04-22T10:55:00+05:30,1370.8,1371.1,1370.2,1370.6,51334,0
2026-04-22T11:00:00+05:30,1370.6,1372.5,1370.2,1372.3,61962,0
2026-04-22T11:05:00+05:30,1372.3,1372.4,1370.0,1370.4,62751,0
2026-04-22T11:10:00+05:30,1370.4,1370.7,1369.4,1370.7,98156,0
2026-04-22T11:15:00+05:30,1370.7,1371.7,1369.7,1370.9,136975,0
2026-04-22T11:20:00+05:30,1370.9,1372.2,1370.0,1372.2,96117,0
2026-04-22T11:25:00+05:30,1372.0,1372.8,1370.5,1372.0,170880,0
2026-04-22T11:30:00+05:30,1372.0,1372.0,1370.7,1371.2,161492,0
2026-04-22T11:35:00+05:30,1371.4,1371.4,1370.5,1370.5,98304,0
2026-04-22T11:40:00+05:30,1370.5,1370.9,1369.1,1370.0,119991,0
2026-04-22T11:45:00+05:30,1370.0,1370.6,1368.2,1370.0,222703,0
2026-04-22T11:50:00+05:30,1370.3,1370.7,1369.6,1370.0,144951,0
2026-04-22T11:55:00+05:30,1370.0,1371.0,1369.9,1370.6,152957,0
2026-04-22T12:00:00+05:30,1370.6,1371.0,1370.3,1370.4,66173,0
2026-04-22T12:05:00+05:30,1370.4,1371.0,1369.7,1370.5,179155,0
2026-04-22T12:10:00+05:30,1370.5,1371.4,1370.0,1370.6,246852,0
2026-04-22T12:15:00+05:30,1370.6,1370.6,1369.1,1369.1,52379,0
2026-04-22T12:20:00+05:30,1369.1,1370.9,1369.1,1369.6,93596,0
2026-04-22T12:25:00+05:30,1369.7,1370.9,1369.0,1369.5,99523,0
2026-04-22T12:30:00+05:30,1369.7,1371.5,1369.3,1370.5,117128,0
2026-04-22T12:35:00+05:30,1370.5,1370.5,1368.8,1370.0,103838,0
2026-04-22T12:40:00+05:30,1370.3,1370.7,1369.6,1370.7,40666,0
2026-04-22T12:45:00+05:30,1370.7,1371.3,1370.2,1370.3,49291,0
2026-04-22T12:50:00+05:30,1370.6,1371.4,1370.2,1370.5,66956,0
2026-04-22T12:55:00+05:30,1371.0,1371.5,1370.5,1370.5,49135,0
2026-04-22T13:00:00+05:30,1370.9,1371.8,1370.5,1371.3,52539,0
2026-04-22T13:05:00+05:30,1371.8,1372.6,1370.5,1372.2,279861,0
2026-04-22T13:10:00+05:30,1372.2,1372.3,1370.8,1371.8,68544,0
2026-04-22T13:15:00+05:30,1371.6,1372.0,1371.0,1371.4,39669,0
2026-04-22T13:20:00+05:30,1371.4,1372.8,1370.1,1371.1,506327,0
2026-04-22T13:25:00+05:30,1371.2,1372.6,1370.8,1372.2,480238,0
2026-04-22T13:30:00+05:30,1372.2,1372.7,1371.1,1372.3,252213,0
2026-04-22T13:35:00+05:30,1372.3,1372.5,1371.6,1372.0,148429,0
2026-04-22T13:40:00+05:30,1372.2,1372.3,1371.7,1372.1,58918,0
2026-04-22T13:45:00+05:30,1372.2,1372.5,1371.7,1371.8,81563,0
2026-04-22T13:50:00+05:30,1372.0,1372.5,1371.8,1372.0,118869,0
2026-04-22T13:55:00+05:30,1372.0,1373.0,1372.0,1372.5,118073,0
2026-04-22T14:00:00+05:30,1372.6,1373.2,1371.2,1371.3,115283,0
2026-04-22T14:05:00+05:30,1371.6,1372.9,1371.4,1372.0,72279,0
2026-04-22T14:10:00+05:30,1372.0,1372.3,1370.7,1372.0,152008,0
2026-04-22T14:15:00+05:30,1372.0,1372.2,1370.5,1371.1,290820,0
2026-04-22T14:20:00+05:30,1371.2,1372.9,1370.4,1372.0,120612,0
2026-04-22T14:25:00+05:30,1372.1,1372.4,1370.5,1370.9,118027,0
2026-04-22T14:30:00+05:30,1370.9,1372.5,1370.8,1371.0,148732,0
2026-04-22T14:35:00+05:30,1371.1,1372.0,1370.0,1370.3,140240,0
2026-04-22T14:40:00+05:30,1370.4,1370.9,1368.8,1368.8,155369,0
2026-04-22T14:45:00+05:30,1369.0,1369.0,1367.4,1367.5,114591,0
2026-04-22T14:50:00+05:30,1367.6,1368.7,1367.1,1368.4,193148,0
2026-04-22T14:55:00+05:30,1368.4,1369.4,1368.2,1368.6,142738,0
2026-04-22T15:00:00+05:30,1368.8,1369.3,1368.3,1368.4,252356,0
2026-04-22T15:05:00+05:30,1368.5,1368.6,1367.7,1368.0,302341,0
2026-04-22T15:10:00+05:30,1368.2,1368.2,1366.0,1367.5,369302,0
2026-04-22T15:15:00+05:30,1367.5,1368.0,1366.9,1367.3,342982,0
2026-04-22T15:20:00+05:30,1367.5,1367.9,1366.2,1366.6,345854,0
2026-04-22T15:25:00+05:30,1366.5,1368.4,1366.0,1367.8,244759,0
2026-04-23T09:15:00+05:30,1348.4,1353.7,1347.0,1349.7,456450,0
2026-04-23T09:20:00+05:30,1349.9,1350.9,1346.0,1347.7,401095,0
2026-04-23T09:25:00+05:30,1347.7,1348.1,1343.5,1347.6,362130,0
2026-04-23T09:30:00+05:30,1347.6,1349.8,1346.9,1348.0,270791,0
2026-04-23T09:35:00+05:30,1348.1,1348.1,1345.2,1346.7,164108,0
2026-04-23T09:40:00+05:30,1346.9,1351.0,1346.0,1350.1,707119,0
2026-04-23T09:45:00+05:30,1350.1,1351.0,1349.0,1350.6,364308,0
2026-04-23T09:50:00+05:30,1350.6,1352.5,1349.8,1350.0,852856,0
2026-04-23T09:55:00+05:30,1350.0,1351.6,1349.7,1351.4,147649,0
2026-04-23T10:00:00+05:30,1351.4,1353.3,1351.4,1353.2,199903,0
2026-04-23T10:05:00+05:30,1353.2,1354.0,1351.4,1352.7,277963,0
2026-04-23T10:10:00+05:30,1352.7,1353.1,1351.5,1352.3,101439,0
2026-04-23T10:15:00+05:30,1352.5,1353.3,1351.0,1353.0,168645,0
2026-04-23T10:20:00+05:30,1353.1,1353.2,1351.0,1352.3,86296,0
2026-04-23T10:25:00+05:30,1352.3,1353.0,1351.6,1352.4,71023,0
2026-04-23T10:30:00+05:30,1352.4,1352.5,1351.0,1351.1,73917,0
2026-04-23T10:35:00+05:30,1351.1,1351.8,1350.6,1351.0,233224,0
2026-04-23T10:40:00+05:30,1351.1,1351.9,1350.7,1351.1,159453,0
2026-04-23T10:45:00+05:30,1351.1,1351.1,1347.0,1348.5,408708,0
2026-04-23T10:50:00+05:30,1348.5,1348.5,1346.0,1346.8,137242,0
2026-04-23T10:55:00+05:30,1346.9,1348.8,1346.0,1346.7,147403,0
2026-04-23T11:00:00+05:30,1347.0,1348.2,1345.8,1348.2,682161,0
2026-04-23T11:05:00+05:30,1348.2,1348.3,1346.2,1347.0,252277,0
2026-04-23T11:10:00+05:30,1347.0,1347.7,1345.7,1346.6,200714,0
2026-04-23T11:15:00+05:30,1346.8,1348.2,1345.1,1345.5,244325,0
2026-04-23T11:20:00+05:30,1345.5,1347.0,1345.3,1346.5,203319,0
2026-04-23T11:25:00+05:30,1346.7,1347.0,1345.0,1346.8,170004,0
2026-04-23T11:30:00+05:30,1346.9,1348.0,1346.5,1347.4,156421,0
2026-04-23T11:35:00+05:30,1347.4,1348.4,1346.2,1347.7,128973,0
2026-04-23T11:40:00+05:30,1347.8,1348.4,1346.0,1346.0,168268,0
2026-04-23T11:45:00+05:30,1346.2,1347.1,1345.0,1346.2,87866,0
2026-04-23T11:50:00+05:30,1346.7,1348.0,1346.1,1347.5,73029,0
2026-04-23T11:55:00+05:30,1347.6,1348.2,1346.7,1347.2,165285,0
2026-04-23T12:00:00+05:30,1347.2,1347.4,1346.6,1347.1,58840,0
2026-04-23T12:05:00+05:30,1347.1,1348.7,1345.7,1348.3,153573,0
2026-04-23T12:10:00+05:30,1348.3,1349.3,1348.2,1349.2,97558,0
2026-04-23T12:15:00+05:30,1349.3,1349.8,1348.8,1349.5,118194,0
2026-04-23T12:20:00+05:30,1349.6,1349.8,1349.3,1349.5,151186,0
2026-04-23T12:25:00+05:30,1349.6,1349.6,1346.4,1347.1,193070,0
2026-04-23T12:30:00+05:30,1347.1,1348.4,1346.8,1347.2,239529,0
2026-04-23T12:35:00+05:30,1347.3,1348.6,1347.1,1348.6,147642,0
2026-04-23T12:40:00+05:30,1348.7,1350.6,1348.2,1350.3,449578,0
2026-04-23T12:45:00+05:30,1350.3,1350.8,1349.5,1350.1,436992,0
2026-04-23T12:50:00+05:30,1350.1,1350.2,1349.5,1350.1,148703,0
2026-04-23T12:55:00+05:30,1350.1,1350.3,1350.0,1350.2,117762,0
2026-04-23T13:00:00+05:30,1350.2,1350.2,1349.4,1349.5,175946,0
2026-04-23T13:05:00+05:30,1349.6,1350.5,1349.3,1349.6,171615,0
2026-04-23T13:10:00+05:30,1349.5,1349.6,1348.0,1348.5,120009,0
2026-04-23T13:15:00+05:30,1348.6,1349.7,1348.5,1349.6,139336,0
2026-04-23T13:20:00+05:30,1349.6,1350.9,1349.5,1350.8,381811,0
2026-04-23T13:25:00+05:30,1350.8,1351.8,1350.0,1350.8,234655,0
2026-04-23T13:30:00+05:30,1350.8,1350.9,1350.0,1350.1,75040,0
2026-04-23T13:35:00+05:30,1350.2,1350.4,1347.9,1349.0,250511,0
2026-04-23T13:40:00+05:30,1349.2,1349.5,1347.8,1349.1,199433,0
2026-04-23T13:45:00+05:30,1349.1,1350.5,1348.8,1349.5,372174,0
2026-04-23T13:50:00+05:30,1349.6,1351.0,1349.5,1350.6,111721,0
2026-04-23T13:55:00+05:30,1350.6,1351.9,1350.2,1351.1,111736,0
2026-04-23T14:00:00+05:30,1351.1,1351.1,1350.0,1350.2,88372,0
2026-04-23T14:05:00+05:30,1350.2,1351.2,1350.0,1350.1,146792,0
2026-04-23T14:10:00+05:30,1350.1,1350.9,1350.0,1350.0,163567,0
2026-04-23T14:15:00+05:30,1350.3,1351.3,1349.5,1349.6,257130,0
2026-04-23T14:20:00+05:30,1349.8,1351.4,1349.4,1350.0,233753,0
2026-04-23T14:25:00+05:30,1350.3,1351.1,1350.0,1350.0,513307,0
2026-04-23T14:30:00+05:30,1350.2,1350.2,1349.1,1349.5,183374,0
2026-04-23T14:35:00+05:30,1349.6,1350.5,1349.1,1350.0,165507,0
2026-04-23T14:40:00+05:30,1350.1,1350.7,1350.0,1350.2,140745,0
2026-04-23T14:45:00+05:30,1350.2,1350.2,1348.2,1349.8,443556,0
2026-04-23T14:50:00+05:30,1349.9,1350.3,1347.8,1348.2,380185,0
2026-04-23T14:55:00+05:30,1348.2,1348.3,1347.3,1348.1,180037,0
2026-04-23T15:00:00+05:30,1348.2,1351.7,1347.9,1349.5,1252760,0
2026-04-23T15:05:00+05:30,1349.8,1350.3,1347.2,1348.3,686733,0
2026-04-23T15:10:00+05:30,1348.7,1348.7,1344.3,1344.5,621961,0
2026-04-23T15:15:00+05:30,1344.5,1347.5,1343.9,1347.0,555560,0
2026-04-23T15:20:00+05:30,1347.0,1348.8,1345.8,1345.9,455897,0
2026-04-23T15:25:00+05:30,1345.9,1347.9,1345.1,1347.0,256874,0
2026-04-24T09:15:00+05:30,1336.3,1348.8,1336.3,1338.6,743996,0
2026-04-24T09:20:00+05:30,1338.6,1340.0,1336.0,1336.5,241777,0
2026-04-24T09:25:00+05:30,1336.5,1339.3,1335.0,1338.2,196935,0
2026-04-24T09:30:00+05:30,1338.1,1338.2,1333.5,1335.2,212633,0
2026-04-24T09:35:00+05:30,1335.0,1336.0,1334.0,1335.5,91140,0
2026-04-24T09:40:00+05:30,1335.5,1337.0,1334.8,1335.6,76146,0
2026-04-24T09:45:00+05:30,1335.6,1336.7,1333.2,1336.7,101249,0
2026-04-24T09:50:00+05:30,1336.5,1336.7,1333.5,1334.5,49557,0
2026-04-24T09:55:00+05:30,1334.3,1334.5,1332.5,1333.3,67482,0
2026-04-24T10:00:00+05:30,1333.3,1336.2,1333.0,1335.7,608540,0
2026-04-24T10:05:00+05:30,1335.7,1336.8,1335.5,1336.4,36915,0
2026-04-24T10:10:00+05:30,1336.4,1337.0,1334.1,1334.3,251293,0
2026-04-24T10:15:00+05:30,1334.3,1334.3,1331.4,1331.7,123732,0
2026-04-24T10:20:00+05:30,1331.7,1332.7,1331.0,1331.3,161846,0
2026-04-24T10:25:00+05:30,1331.3,1331.9,1329.7,1329.9,103666,0
2026-04-24T10:30:00+05:30,1329.8,1334.2,1329.4,1333.8,116782,0
2026-04-24T10:35:00+05:30,1333.8,1334.2,1332.5,1333.9,53485,0
2026-04-24T10:40:00+05:30,1333.9,1334.2,1332.6,1334.0,42885,0
2026-04-24T10:45:00+05:30,1333.8,1335.0,1333.4,1334.2,84499,0
2026-04-24T10:50:00+05:30,1334.1,1336.2,1333.6,1334.6,392988,0
2026-04-24T10:55:00+05:30,1334.6,1335.1,1333.1,1334.3,67743,0
2026-04-24T11:00:00+05:30,1334.3,1334.9,1333.6,1333.8,152152,0
2026-04-24T11:05:00+05:30,1333.6,1335.9,1333.4,1333.5,437287,0
2026-04-24T11:10:00+05:30,1333.6,1334.5,1333.0,1333.5,58639,0
2026-04-24T11:15:00+05:30,1333.5,1334.0,1332.5,1333.1,52757,0
2026-04-24T11:20:00+05:30,1333.0,1334.0,1332.8,1333.2,38185,0
2026-04-24T11:25:00+05:30,1333.1,1334.8,1332.9,1333.4,128594,0
2026-04-24T11:30:00+05:30,1333.6,1334.2,1332.7,1333.0,137919,0
2026-04-24T11:35:00+05:30,1333.0,1333.9,1332.6,1333.5,58415,0
2026-04-24T11:40:00+05:30,1333.5,1333.7,1332.5,1332.9,151809,0
2026-04-24T11:45:00+05:30,1332.8,1333.5,1332.6,1332.7,36301,0
2026-04-24T11:50:00+05:30,1332.8,1333.9,1332.6,1333.6,53184,0
2026-04-24T11:55:00+05:30,1333.6,1334.6,1333.4,1334.2,1620329,0
2026-04-24T12:00:00+05:30,1334.2,1334.2,1333.1,1333.9,101289,0
2026-04-24T12:05:00+05:30,1333.9,1334.9,1333.5,1334.5,290968,0
2026-04-24T12:10:00+05:30,1334.5,1334.9,1333.6,1334.2,166140,0
2026-04-24T12:15:00+05:30,1334.2,1335.0,1333.1,1333.9,460312,0
2026-04-24T12:20:00+05:30,1333.9,1334.0,1332.8,1333.1,107007,0
2026-04-24T12:25:00+05:30,1333.1,1333.3,1331.7,1331.9,143338,0
2026-04-24T12:30:00+05:30,1331.8,1334.1,1330.9,1334.0,226028,0
2026-04-24T12:35:00+05:30,1334.0,1334.0,1331.3,1332.8,177996,0
2026-04-24T12:40:00+05:30,1332.8,1333.1,1331.6,1331.7,66593,0
2026-04-24T12:45:00+05:30,1331.8,1332.7,1331.6,1332.3,54062,0
2026-04-24T12:50:00+05:30,1332.4,1332.8,1331.4,1332.1,87178,0
2026-04-24T12:55:00+05:30,1332.1,1333.6,1331.6,1333.1,116508,0
2026-04-24T13:00:00+05:30,1333.1,1333.2,1332.3,1332.6,50450,0
2026-04-24T13:05:00+05:30,1332.6,1333.2,1331.6,1331.9,61922,0
2026-04-24T13:10:00+05:30,1332.0,1332.2,1330.3,1330.9,128072,0
2026-04-24T13:15:00+05:30,1331.0,1331.3,1329.7,1330.4,85797,0
2026-04-24T13:20:00+05:30,1330.4,1331.6,1329.7,1330.3,53687,0
2026-04-24T13:25:00+05:30,1330.3,1330.6,1329.6,1330.0,52064,0
2026-04-24T13:30:00+05:30,1330.0,1330.0,1329.0,1329.3,120192,0
2026-04-24T13:35:00+05:30,1329.1,1330.0,1328.4,1328.9,99570,0
2026-04-24T13:40:00+05:30,1328.8,1328.9,1327.8,1328.4,125490,0
2026-04-24T13:45:00+05:30,1328.4,1330.1,1328.2,1329.2,115507,0
2026-04-24T13:50:00+05:30,1329.2,1329.8,1328.4,1328.6,102606,0
2026-04-24T13:55:00+05:30,1328.8,1328.9,1327.6,1328.0,117100,0
2026-04-24T14:00:00+05:30,1328.0,1328.3,1326.2,1326.5,140745,0
2026-04-24T14:05:00+05:30,1326.5,1327.0,1325.1,1326.9,132017,0
2026-04-24T14:10:00+05:30,1326.9,1327.5,1326.5,1326.8,102883,0
2026-04-24T14:15:00+05:30,1326.8,1328.1,1326.5,1327.7,103897,0
2026-04-24T14:20:00+05:30,1327.6,1329.0,1327.5,1328.0,198536,0
2026-04-24T14:25:00+05:30,1328.0,1329.0,1326.7,1328.5,237559,0
2026-04-24T14:30:00+05:30,1328.4,1330.8,1328.3,1330.0,320204,0
2026-04-24T14:35:00+05:30,1329.7,1330.4,1329.1,1329.6,298100,0
2026-04-24T14:40:00+05:30,1329.6,1330.9,1329.0,1330.2,125583,0
2026-04-24T14:45:00+05:30,1330.2,1331.1,1329.1,1330.1,258104,0
2026-04-24T14:50:00+05:30,1330.2,1331.9,1329.8,1330.5,280731,0
2026-04-24T14:55:00+05:30,1330.6,1331.2,1329.9,1330.7,145554,0
2026-04-24T15:00:00+05:30,1330.7,1330.8,1325.3,1325.7,280431,0
2026-04-24T15:05:00+05:30,1325.8,1326.0,1324.0,1325.9,273244,0
2026-04-24T15:10:00+05:30,1325.9,1326.0,1324.3,1325.3,200285,0
2026-04-24T15:15:00+05:30,1325.3,1327.7,1325.1,1326.6,295365,0
2026-04-24T15:20:00+05:30,1326.5,1327.6,1325.5,1327.2,354447,0
2026-04-24T15:25:00+05:30,1327.3,1327.7,1324.0,1325.8,252142,0
2026-04-27T09:15:00+05:30,1327.9,1335.9,1326.1,1331.6,590511,0
2026-04-27T09:20:00+05:30,1331.6,1332.2,1329.6,1330.9,199602,0
2026-04-27T09:25:00+05:30,1330.8,1331.4,1328.4,1330.0,132801,0
2026-04-27T09:30:00+05:30,1330.0,1330.5,1327.0,1328.6,133889,0
2026-04-27T09:35:00+05:30,1328.6,1329.3,1326.5,1327.4,100500,0
2026-04-27T09:40:00+05:30,1327.2,1330.6,1327.2,1330.0,202647,0
2026-04-27T09:45:00+05:30,1330.0,1330.9,1329.4,1330.7,127463,0
2026-04-27T09:50:00+05:30,1330.3,1331.3,1329.8,1330.7,120231,0
2026-04-27T09:55:00+05:30,1330.5,1330.7,1329.4,1330.5,103370,0
2026-04-27T10:00:00+05:30,1330.0,1331.4,1329.3,1329.3,130620,0
2026-04-27T10:05:00+05:30,1329.6,1330.1,1328.4,1329.4,87567,0
2026-04-27T10:10:00+05:30,1329.1,1330.0,1327.5,1327.8,74624,0
2026-04-27T10:15:00+05:30,1327.6,1329.3,1327.0,1328.4,65974,0
2026-04-27T10:20:00+05:30,1328.4,1328.5,1321.4,1321.6,132748,0
2026-04-27T10:25:00+05:30,1321.7,1322.3,1319.3,1320.6,137182,0
2026-04-27T10:30:00+05:30,1320.0,1320.7,1315.2,1315.8,141609,0
2026-04-27T10:35:00+05:30,1315.5,1316.3,1313.3,1313.8,321461,0
2026-04-27T10:40:00+05:30,1313.5,1317.7,1311.7,1315.8,611344,0
2026-04-27T10:45:00+05:30,1315.8,1320.3,1314.9,1320.0,202225,0
2026-04-27T10:50:00+05:30,1319.9,1320.9,1317.5,1319.9,170060,0
2026-04-27T10:55:00+05:30,1319.8,1320.2,1317.9,1318.8,120985,0
2026-04-27T11:00:00+05:30,1318.8,1319.1,1315.7,1316.6,218897,0
2026-04-27T11:05:00+05:30,1316.1,1316.6,1314.1,1314.5,153731,0
2026-04-27T11:10:00+05:30,1314.4,1315.6,1314.2,1315.1,102497,0
2026-04-27T11:15:00+05:30,1315.0,1317.0,1314.5,1316.5,109128,0
2026-04-27T11:20:00+05:30,1316.1,1318.8,1314.8,1318.0,172653,0
2026-04-27T11:25:00+05:30,1318.0,1318.2,1314.5,1315.5,197164,0
2026-04-27T11:30:00+05:30,1315.0,1315.6,1312.0,1312.8,270417,0
2026-04-27T11:35:00+05:30,1312.7,1313.4,1311.5,1312.2,169760,0
2026-04-27T11:40:00+05:30,1312.2,1312.9,1311.2,1311.7,128321,0
2026-04-27T11:45:00+05:30,1311.7,1316.2,1310.9,1315.7,202332,0
2026-04-27T11:50:00+05:30,1315.7,1317.3,1315.3,1316.8,113883,0
2026-04-27T11:55:00+05:30,1316.5,1318.3,1315.8,1318.2,123425,0
2026-04-27T12:00:00+05:30,1318.1,1318.2,1317.3,1317.8,72379,0
2026-04-27T12:05:00+05:30,1317.3,1318.3,1316.9,1318.0,77209,0
2026-04-27T12:10:00+05:30,1317.6,1318.3,1316.2,1317.0,303903,0
2026-04-27T12:15:00+05:30,1316.8,1318.4,1316.5,1318.3,78687,0
2026-04-27T12:20:00+05:30,1318.2,1318.3,1317.6,1318.1,87027,0
2026-04-27T12:25:00+05:30,1318.1,1320.6,1317.8,1319.5,387253,0
2026-04-27T12:30:00+05:30,1319.1,1320.6,1318.5,1320.5,235017,0
2026-04-27T12:35:00+05:30,1320.4,1320.5,1319.9,1320.5,141067,0
2026-04-27T12:40:00+05:30,1320.0,1320.5,1319.5,1320.5,81923,0
2026-04-27T12:45:00+05:30,1320.5,1320.7,1319.6,1320.4,92947,0
2026-04-27T12:50:00+05:30,1320.3,1320.5,1319.9,1320.3,73184,0
2026-04-27T12:55:00+05:30,1320.0,1320.7,1318.4,1319.7,360795,0
2026-04-27T13:00:00+05:30,1319.7,1321.6,1319.7,1321.5,184938,0
2026-04-27T13:05:00+05:30,1321.4,1324.0,1320.7,1323.6,189237,0
2026-04-27T13:10:00+05:30,1323.3,1323.7,1322.1,1323.3,66052,0
2026-04-27T13:15:00+05:30,1323.1,1323.6,1322.7,1323.1,202910,0
2026-04-27T13:20:00+05:30,1322.7,1323.1,1320.3,1321.5,108135,0
2026-04-27T13:25:00+05:30,1321.4,1322.7,1321.4,1321.8,68321,0
2026-04-27T13:30:00+05:30,1321.7,1323.4,1321.2,1323.4,70289,0
2026-04-27T13:35:00+05:30,1323.0,1323.5,1323.0,1323.4,67402,0
2026-04-27T13:40:00+05:30,1323.3,1323.5,1321.7,1322.0,134935,0
2026-04-27T13:45:00+05:30,1321.7,1323.6,1321.0,1321.6,244508,0
2026-04-27T13:50:00+05:30,1321.3,1323.3,1320.8,1322.1,172021,0
2026-04-27T13:55:00+05:30,1322.1,1322.4,1319.3,1320.6,292113,0
2026-04-27T14:00:00+05:30,1320.2,1322.0,1319.5,1320.0,207346,0
2026-04-27T14:05:00+05:30,1319.6,1320.0,1318.9,1319.9,66513,0
2026-04-27T14:10:00+05:30,1319.6,1322.0,1319.0,1320.9,694833,0
2026-04-27T14:15:00+05:30,1320.8,1321.2,1318.7,1320.0,190234,0
2026-04-27T14:20:00+05:30,1319.8,1320.2,1317.5,1318.2,301547,0
2026-04-27T14:25:00+05:30,1318.2,1318.7,1317.7,1318.3,96511,0
2026-04-27T14:30:00+05:30,1318.1,1318.3,1314.5,1315.1,201698,0
2026-04-27T14:35:00+05:30,1315.1,1316.6,1314.4,1315.0,297364,0
2026-04-27T14:40:00+05:30,1315.0,1316.0,1314.8,1315.8,146485,0
2026-04-27T14:45:00+05:30,1315.3,1316.1,1314.3,1315.7,192982,0
2026-04-27T14:50:00+05:30,1315.7,1318.0,1315.6,1317.7,202628,0
2026-04-27T14:55:00+05:30,1317.6,1318.1,1315.5,1316.6,218756,0
2026-04-27T15:00:00+05:30,1316.6,1316.6,1312.6,1314.2,460068,0
2026-04-27T15:05:00+05:30,1313.8,1314.2,1312.5,1313.8,456139,0
2026-04-27T15:10:00+05:30,1313.8,1315.0,1313.0,1314.0,390297,0
2026-04-27T15:15:00+05:30,1313.8,1314.8,1312.7,1313.4,476469,0
2026-04-27T15:20:00+05:30,1313.4,1314.9,1312.9,1314.1,571170,0
2026-04-27T15:25:00+05:30,1314.0,1317.0,1313.9,1316.6,374977,0
2026-04-28T09:15:00+05:30,1314.3,1317.7,1312.9,1313.3,409590,0
2026-04-28T09:20:00+05:30,1313.4,1314.6,1312.0,1314.1,109164,0
2026-04-28T09:25:00+05:30,1314.3,1317.0,1313.4,1313.4,146457,0
2026-04-28T09:30:00+05:30,1314.0,1314.9,1313.0,1313.4,118143,0
2026-04-28T09:35:00+05:30,1313.7,1313.8,1309.8,1311.2,152038,0
2026-04-28T09:40:00+05:30,1311.3,1313.5,1311.0,1312.2,131542,0
2026-04-28T09:45:00+05:30,1312.5,1314.0,1310.9,1311.4,89326,0
2026-04-28T09:50:00+05:30,1311.6,1312.4,1310.0,1310.2,335043,0
2026-04-28T09:55:00+05:30,1310.2,1312.0,1309.9,1311.7,50466,0
2026-04-28T10:00:00+05:30,1311.7,1312.0,1311.0,1311.6,75234,0
2026-04-28T10:05:00+05:30,1311.7,1314.8,1311.2,1313.1,167272,0
2026-04-28T10:10:00+05:30,1313.5,1314.8,1312.8,1313.3,94897,0
2026-04-28T10:15:00+05:30,1313.6,1314.7,1312.8,1314.0,90123,0
2026-04-28T10:20:00+05:30,1314.0,1314.3,1313.7,1314.3,37577,0
2026-04-28T10:25:00+05:30,1314.3,1314.5,1311.0,1312.8,70837,0
2026-04-28T10:30:00+05:30,1312.8,1313.5,1312.5,1313.1,34792,0
2026-04-28T10:35:00+05:30,1313.2,1313.2,1311.4,1311.9,38035,0
2026-04-28T10:40:00+05:30,1311.9,1312.1,1310.4,1311.9,59522,0
2026-04-28T10:45:00+05:30,1312.0,1313.9,1311.6,1313.7,42940,0
2026-04-28T10:50:00+05:30,1313.7,1314.2,1313.1,1314.2,47682,0
2026-04-28T10:55:00+05:30,1314.2,1314.5,1313.7,1314.1,91198,0
2026-04-28T11:00:00+05:30,1314.1,1314.1,1312.2,1313.0,43518,0
2026-04-28T11:05:00+05:30,1313.0,1313.0,1309.0,1310.2,155560,0
2026-04-28T11:10:00+05:30,1310.2,1310.9,1308.7,1310.8,98740,0
2026-04-28T11:15:00+05:30,1310.9,1311.1,1309.5,1309.7,36108,0
2026-04-28T11:20:00+05:30,1309.7,1310.2,1306.7,1307.1,97649,0
2026-04-28T11:25:00+05:30,1307.2,1307.4,1304.0,1304.7,329390,0
2026-04-28T11:30:00+05:30,1304.9,1305.0,1302.1,1303.9,337645,0
2026-04-28T11:35:00+05:30,1303.9,1305.6,1302.8,1304.9,184298,0
2026-04-28T11:40:00+05:30,1304.9,1305.0,1304.0,1304.9,82533,0
2026-04-28T11:45:00+05:30,1305.0,1306.4,1304.5,1305.6,100581,0
2026-04-28T11:50:00+05:30,1305.6,1306.2,1304.6,1305.6,40580,0
2026-04-28T11:55:00+05:30,1305.6,1306.6,1304.0,1304.8,150773,0
2026-04-28T12:00:00+05:30,1304.8,1304.9,1301.6,1301.6,108893,0
2026-04-28T12:05:00+05:30,1301.9,1301.9,1300.0,1301.7,187635,0
2026-04-28T12:10:00+05:30,1301.7,1302.9,1300.8,1302.7,113762,0
2026-04-28T12:15:00+05:30,1302.7,1303.3,1301.4,1301.7,69165,0
2026-04-28T12:20:00+05:30,1301.9,1302.3,1300.6,1302.3,119999,0
2026-04-28T12:25:00+05:30,1302.3,1303.2,1301.7,1302.7,60165,0
2026-04-28T12:30:00+05:30,1302.7,1303.5,1301.8,1303.5,75154,0
2026-04-28T12:35:00+05:30,1303.5,1304.8,1303.1,1304.0,126436,0
2026-04-28T12:40:00+05:30,1304.3,1305.2,1303.9,1304.7,74698,0
2026-04-28T12:45:00+05:30,1305.1,1306.3,1304.6,1305.5,100786,0
2026-04-28T12:50:00+05:30,1305.5,1306.7,1304.7,1304.8,78432,0
2026-04-28T12:55:00+05:30,1304.9,1306.3,1303.6,1303.9,94275,0
2026-04-28T13:00:00+05:30,1303.9,1306.3,1303.2,1305.2,75075,0
2026-04-28T13:05:00+05:30,1305.2,1306.6,1304.6,1306.4,139103,0
2026-04-28T13:10:00+05:30,1306.4,1306.6,1304.0,1304.8,127831,0
2026-04-28T13:15:00+05:30,1304.8,1306.5,1304.5,1306.1,83196,0
2026-04-28T13:20:00+05:30,1306.1,1306.5,1305.0,1306.3,77420,0
2026-04-28T13:25:00+05:30,1306.3,1306.7,1298.6,1298.7,2439738,0
2026-04-28T13:30:00+05:30,1298.7,1300.0,1297.6,1297.8,278422,0
2026-04-28T13:35:00+05:30,1297.8,1299.6,1296.1,1299.5,305220,0
2026-04-28T13:40:00+05:30,1299.5,1300.3,1298.5,1298.5,353051,0
2026-04-28T13:45:00+05:30,1298.6,1299.7,1297.2,1297.7,310818,0
2026-04-28T13:50:00+05:30,1297.7,1299.9,1297.4,1299.9,144017,0
2026-04-28T13:55:00+05:30,1299.9,1301.2,1299.1,1300.4,133597,0
2026-04-28T14:00:00+05:30,1300.4,1300.4,1299.0,1299.0,122819,0
2026-04-28T14:05:00+05:30,1299.1,1300.0,1298.8,1299.9,204821,0
2026-04-28T14:10:00+05:30,1300.0,1300.0,1296.7,1297.5,255905,0
2026-04-28T14:15:00+05:30,1297.5,1298.9,1297.1,1298.5,381664,0
2026-04-28T14:20:00+05:30,1298.5,1299.4,1297.5,1297.9,114625,0
2026-04-28T14:25:00+05:30,1297.9,1298.4,1297.0,1297.2,89284,0
2026-04-28T14:30:00+05:30,1297.5,1298.8,1297.0,1297.6,171837,0
2026-04-28T14:35:00+05:30,1297.8,1299.0,1297.2,1297.5,105953,0
2026-04-28T14:40:00+05:30,1297.6,1298.7,1296.6,1298.6,119481,0
2026-04-28T14:45:00+05:30,1298.6,1299.2,1297.0,1298.9,143627,0
2026-04-28T14:50:00+05:30,1298.9,1299.0,1297.7,1298.3,70263,0
2026-04-28T14:55:00+05:30,1298.3,1298.4,1297.0,1297.5,80416,0
2026-04-28T15:00:00+05:30,1297.4,1297.4,1291.7,1296.0,1505556,0
2026-04-28T15:05:00+05:30,1295.9,1298.0,1292.2,1292.4,1229468,0
2026-04-28T15:10:00+05:30,1292.4,1292.4,1288.4,1290.0,773165,0
2026-04-28T15:15:00+05:30,1290.0,1290.7,1287.6,1289.7,639471,0
2026-04-28T15:20:00+05:30,1289.6,1289.7,1286.7,1288.9,487794,0
2026-04-28T15:25:00+05:30,1288.9,1290.4,1288.2,1289.1,491254,0
2026-04-29T09:15:00+05:30,1294.7,1296.8,1282.2,1283.3,465855,0
2026-04-29T09:20:00+05:30,1283.7,1287.8,1283.2,1283.4,121246,0
2026-04-29T09:25:00+05:30,1283.7,1285.4,1282.6,1284.9,106907,0
2026-04-29T09:30:00+05:30,1285.1,1287.2,1284.9,1285.3,102573,0
2026-04-29T09:35:00+05:30,1285.3,1286.0,1282.0,1283.8,130909,0
2026-04-29T09:40:00+05:30,1284.0,1286.6,1283.6,1286.1,110869,0
2026-04-29T09:45:00+05:30,1286.5,1287.4,1286.0,1287.4,70684,0
2026-04-29T09:50:00+05:30,1287.4,1287.4,1286.0,1286.1,47196,0
2026-04-29T09:55:00+05:30,1286.2,1287.0,1285.9,1286.1,77471,0
2026-04-29T10:00:00+05:30,1286.2,1287.0,1286.1,1286.7,88260,0
2026-04-29T10:05:00+05:30,1286.7,1288.9,1286.1,1288.1,229644,0
2026-04-29T10:10:00+05:30,1288.4,1290.1,1287.9,1290.0,134724,0
2026-04-29T10:15:00+05:30,1290.0,1291.5,1289.6,1290.5,201095,0
2026-04-29T10:20:00+05:30,1290.9,1292.5,1290.2,1290.5,185664,0
2026-04-29T10:25:00+05:30,1290.7,1294.5,1290.2,1294.2,233728,0
2026-04-29T10:30:00+05:30,1294.2,1294.3,1291.4,1291.9,114201,0
2026-04-29T10:35:00+05:30,1291.9,1292.9,1289.7,1290.2,89011,0
2026-04-29T10:40:00+05:30,1290.3,1291.1,1290.0,1290.3,60911,0
2026-04-29T10:45:00+05:30,1290.3,1291.9,1289.4,1291.2,115188,0
2026-04-29T10:50:00+05:30,1291.2,1294.1,1291.2,1293.7,266988,0
2026-04-29T10:55:00+05:30,1293.7,1294.0,1292.1,1293.1,204697,0
2026-04-29T11:00:00+05:30,1293.0,1294.3,1290.2,1290.3,96594,0
2026-04-29T11:05:00+05:30,1290.4,1291.1,1289.3,1290.7,100183,0
2026-04-29T11:10:00+05:30,1290.7,1291.3,1290.2,1290.6,64586,0
2026-04-29T11:15:00+05:30,1290.6,1291.1,1290.0,1290.4,54708,0
2026-04-29T11:20:00+05:30,1290.4,1292.0,1289.9,1291.2,109074,0
2026-04-29T11:25:00+05:30,1291.2,1291.2,1289.1,1289.8,130170,0
2026-04-29T11:30:00+05:30,1289.8,1291.7,1289.2,1291.1,144275,0
2026-04-29T11:35:00+05:30,1291.1,1291.2,1290.0,1290.4,41494,0
2026-04-29T11:40:00+05:30,1290.4,1291.4,1289.9,1290.9,73504,0
2026-04-29T11:45:00+05:30,1290.9,1292.1,1290.0,1290.3,59077,0
2026-04-29T11:50:00+05:30,1290.3,1290.4,1289.3,1289.8,110201,0
2026-04-29T11:55:00+05:30,1289.8,1289.9,1286.9,1288.4,220516,0
2026-04-29T12:00:00+05:30,1288.4,1290.2,1287.9,1290.1,37944,0
2026-04-29T12:05:00+05:30,1290.1,1291.0,1289.1,1290.2,174513,0
2026-04-29T12:10:00+05:30,1290.2,1292.3,1290.1,1290.8,305112,0
2026-04-29T12:15:00+05:30,1290.8,1291.9,1290.2,1291.7,50760,0
2026-04-29T12:20:00+05:30,1291.7,1292.0,1290.3,1292.0,61189,0
2026-04-29T12:25:00+05:30,1292.0,1292.3,1291.2,1291.6,91700,0
2026-04-29T12:30:00+05:30,1291.6,1292.3,1291.5,1292.0,100440,0
2026-04-29T12:35:00+05:30,1292.0,1294.4,1291.6,1293.2,370936,0
2026-04-29T12:40:00+05:30,1293.2,1293.3,1292.0,1292.9,101555,0
2026-04-29T12:45:00+05:30,1292.9,1293.2,1291.5,1293.0,97463,0
2026-04-29T12:50:00+05:30,1293.0,1293.7,1292.6,1293.1,61860,0
2026-04-29T12:55:00+05:30,1293.1,1294.1,1292.2,1292.5,128214,0
2026-04-29T13:00:00+05:30,1292.5,1293.0,1291.2,1291.8,141421,0
2026-04-29T13:05:00+05:30,1291.8,1292.0,1290.5,1290.7,91015,0
2026-04-29T13:10:00+05:30,1290.8,1291.5,1290.1,1290.5,117325,0
2026-04-29T13:15:00+05:30,1290.5,1291.0,1290.3,1291.0,61153,0
2026-04-29T13:20:00+05:30,1291.1,1291.5,1289.2,1290.4,113970,0
2026-04-29T13:25:00+05:30,1290.4,1290.9,1290.0,1290.8,51804,0
2026-04-29T13:30:00+05:30,1290.8,1291.9,1290.8,1291.7,124961,0
2026-04-29T13:35:00+05:30,1291.7,1292.0,1290.0,1291.0,589035,0
2026-04-29T13:40:00+05:30,1291.1,1291.1,1289.0,1289.9,73215,0
2026-04-29T13:45:00+05:30,1289.9,1290.1,1287.3,1289.1,369452,0
2026-04-29T13:50:00+05:30,1289.1,1289.1,1287.5,1288.1,86871,0
2026-04-29T13:55:00+05:30,1288.1,1289.0,1287.2,1287.6,112368,0
2026-04-29T14:00:00+05:30,1287.6,1287.9,1284.2,1285.3,151566,0
2026-04-29T14:05:00+05:30,1285.3,1285.9,1284.0,1284.4,94992,0
2026-04-29T14:10:00+05:30,1284.4,1284.4,1282.3,1284.3,108819,0
2026-04-29T14:15:00+05:30,1284.3,1284.3,1281.1,1281.4,112554,0
2026-04-29T14:20:00+05:30,1281.4,1283.7,1281.1,1283.0,138532,0
2026-04-29T14:25:00+05:30,1283.0,1283.0,1280.9,1281.2,97639,0
2026-04-29T14:30:00+05:30,1281.4,1283.6,1280.8,1283.0,168962,0
2026-04-29T14:35:00+05:30,1283.0,1283.9,1281.8,1283.8,85932,0
2026-04-29T14:40:00+05:30,1283.8,1284.3,1283.0,1284.3,88804,0
2026-04-29T14:45:00+05:30,1284.3,1284.3,1282.2,1283.3,103006,0
2026-04-29T14:50:00+05:30,1283.3,1284.3,1282.8,1283.6,134228,0
2026-04-29T14:55:00+05:30,1283.6,1283.9,1282.3,1282.7,85292,0
2026-04-29T15:00:00+05:30,1282.6,1284.6,1282.4,1283.8,368844,0
2026-04-29T15:05:00+05:30,1283.7,1284.9,1282.5,1283.0,553160,0
2026-04-29T15:10:00+05:30,1283.1,1283.1,1279.5,1280.1,376566,0
2026-04-29T15:15:00+05:30,1280.1,1280.2,1278.7,1279.7,320628,0
2026-04-29T15:20:00+05:30,1279.0,1279.6,1277.8,1279.1,463573,0
2026-04-29T15:25:00+05:30,1279.1,1280.5,1276.2,1279.5,334142,0
2026-04-30T09:15:00+05:30,1261.0,1270.2,1260.0,1264.5,1084220,0
2026-04-30T09:20:00+05:30,1264.4,1265.6,1262.8,1265.6,293272,0
2026-04-30T09:25:00+05:30,1265.6,1266.3,1261.6,1261.9,648120,0
2026-04-30T09:30:00+05:30,1261.9,1264.5,1260.8,1264.5,124254,0
2026-04-30T09:35:00+05:30,1264.1,1265.1,1262.9,1264.3,200708,0
2026-04-30T09:40:00+05:30,1264.3,1265.0,1263.0,1263.8,93997,0
2026-04-30T09:45:00+05:30,1263.8,1264.3,1261.7,1262.0,128138,0
2026-04-30T09:50:00+05:30,1262.0,1262.8,1260.0,1261.8,279904,0
2026-04-30T09:55:00+05:30,1261.7,1262.4,1260.2,1261.5,128229,0
2026-04-30T10:00:00+05:30,1261.6,1261.9,1260.2,1260.8,96285,0
2026-04-30T10:05:00+05:30,1261.0,1263.4,1259.0,1262.8,228631,0
2026-04-30T10:10:00+05:30,1262.8,1263.0,1261.8,1262.8,101745,0
2026-04-30T10:15:00+05:30,1262.8,1264.2,1261.0,1264.1,169404,0
2026-04-30T10:20:00+05:30,1264.0,1264.5,1261.2,1262.7,128021,0
2026-04-30T10:25:00+05:30,1262.3,1264.1,1261.6,1263.6,104642,0
2026-04-30T10:30:00+05:30,1263.6,1264.7,1263.3,1264.4,87340,0
2026-04-30T10:35:00+05:30,1264.4,1264.7,1262.6,1264.1,68884,0
2026-04-30T10:40:00+05:30,1264.1,1264.5,1263.2,1263.5,59362,0
2026-04-30T10:45:00+05:30,1263.7,1263.7,1262.3,1263.5,51092,0
2026-04-30T10:50:00+05:30,1263.4,1263.7,1262.1,1262.5,51219,0
2026-04-30T10:55:00+05:30,1262.5,1263.1,1262.0,1262.7,58547,0
2026-04-30T11:00:00+05:30,1262.7,1263.1,1262.1,1262.7,44118,0
2026-04-30T11:05:00+05:30,1262.7,1263.0,1261.0,1261.8,72841,0
2026-04-30T11:10:00+05:30,1261.8,1262.3,1260.6,1260.9,78252,0
2026-04-30T11:15:00+05:30,1261.0,1261.9,1260.6,1261.2,61268,0
2026-04-30T11:20:00+05:30,1261.2,1262.3,1261.0,1261.9,48083,0
2026-04-30T11:25:00+05:30,1261.9,1262.4,1260.9,1262.1,48067,0
2026-04-30T11:30:00+05:30,1262.1,1263.6,1261.6,1263.0,140953,0
2026-04-30T11:35:00+05:30,1262.9,1264.0,1262.3,1263.2,170764,0
2026-04-30T11:40:00+05:30,1263.0,1264.4,1262.8,1263.3,91282,0
2026-04-30T11:45:00+05:30,1263.4,1263.6,1262.2,1263.2,57349,0
2026-04-30T11:50:00+05:30,1263.2,1263.5,1262.0,1262.3,58863,0
2026-04-30T11:55:00+05:30,1262.4,1264.0,1262.3,1263.6,157584,0
2026-04-30T12:00:00+05:30,1263.6,1263.9,1261.2,1262.7,229076,0
2026-04-30T12:05:00+05:30,1262.6,1263.6,1261.2,1263.0,359087,0
2026-04-30T12:10:00+05:30,1263.0,1263.6,1260.5,1263.2,347528,0
2026-04-30T12:15:00+05:30,1263.0,1264.1,1262.9,1263.2,175861,0
2026-04-30T12:20:00+05:30,1263.2,1265.2,1262.5,1263.1,279533,0
2026-04-30T12:25:00+05:30,1263.3,1264.0,1262.7,1263.7,124204,0
2026-04-30T12:30:00+05:30,1263.7,1264.0,1262.1,1263.7,111205,0
2026-04-30T12:35:00+05:30,1263.7,1263.8,1262.3,1263.2,105022,0
2026-04-30T12:40:00+05:30,1263.2,1263.4,1262.5,1263.4,83753,0
2026-04-30T12:45:00+05:30,1263.4,1264.1,1263.0,1263.8,89561,0
2026-04-30T12:50:00+05:30,1263.8,1264.0,1263.3,1263.8,60577,0
2026-04-30T12:55:00+05:30,1263.8,1266.3,1263.5,1265.8,319697,0
2026-04-30T13:00:00+05:30,1265.8,1266.8,1265.0,1265.5,215450,0
2026-04-30T13:05:00+05:30,1265.5,1267.6,1263.7,1266.8,314941,0
2026-04-30T13:10:00+05:30,1266.8,1268.6,1265.9,1267.3,175716,0
2026-04-30T13:15:00+05:30,1267.1,1267.6,1264.2,1265.4,99286,0
2026-04-30T13:20:00+05:30,1265.7,1268.8,1265.5,1267.1,382798,0
2026-04-30T13:25:00+05:30,1267.2,1267.3,1265.2,1267.1,103933,0
2026-04-30T13:30:00+05:30,1267.1,1267.7,1266.5,1266.8,67067,0
2026-04-30T13:35:00+05:30,1266.7,1267.7,1265.2,1265.5,219496,0
2026-04-30T13:40:00+05:30,1265.1,1269.4,1265.1,1269.2,403400,0
2026-04-30T13:45:00+05:30,1269.2,1271.2,1268.7,1270.5,212696,0
2026-04-30T13:50:00+05:30,1270.3,1270.6,1267.3,1269.4,237030,0
2026-04-30T13:55:00+05:30,1269.4,1272.2,1269.2,1270.0,386956,0
2026-04-30T14:00:00+05:30,1270.3,1270.7,1270.0,1270.0,95016,0
2026-04-30T14:05:00+05:30,1270.1,1270.6,1268.7,1270.3,182606,0
2026-04-30T14:10:00+05:30,1270.2,1270.4,1268.1,1269.2,244136,0
2026-04-30T14:15:00+05:30,1269.0,1269.5,1266.8,1267.0,110951,0
2026-04-30T14:20:00+05:30,1267.0,1268.8,1266.5,1268.1,171201,0
2026-04-30T14:25:00+05:30,1268.1,1268.9,1266.6,1267.5,142872,0
2026-04-30T14:30:00+05:30,1267.8,1268.0,1266.5,1267.9,138468,0
2026-04-30T14:35:00+05:30,1267.9,1269.0,1266.6,1268.6,277882,0
2026-04-30T14:40:00+05:30,1268.6,1269.9,1267.8,1269.2,243272,0
2026-04-30T14:45:00+05:30,1269.4,1270.0,1267.1,1267.9,177433,0
2026-04-30T14:50:00+05:30,1267.9,1267.9,1263.6,1265.0,391127,0
2026-04-30T14:55:00+05:30,1265.0,1267.1,1264.4,1266.1,141661,0
2026-04-30T15:00:00+05:30,1266.4,1267.3,1262.2,1264.1,1212925,0
2026-04-30T15:05:00+05:30,1263.9,1265.0,1261.1,1262.0,1345886,0
2026-04-30T15:10:00+05:30,1262.1,1262.6,1260.7,1262.1,620948,0
2026-04-30T15:15:00+05:30,1262.1,1263.7,1260.6,1263.6,669158,0
2026-04-30T15:20:00+05:30,1263.7,1265.0,1262.9,1264.4,599737,0
2026-04-30T15:25:00+05:30,1264.4,1266.0,1263.8,1265.7,391334,0
2026-05-04T09:15:00+05:30,1264.3,1278.1,1264.3,1271.6,895220,0
2026-05-04T09:20:00+05:30,1271.1,1275.1,1271.1,1274.6,268159,0
2026-05-04T09:25:00+05:30,1274.6,1277.9,1274.5,1277.4,428778,0
2026-05-04T09:30:00+05:30,1277.4,1280.3,1276.0,1278.2,449155,0
2026-05-04T09:35:00+05:30,1278.5,1279.6,1276.5,1278.0,367525,0
2026-05-04T09:40:00+05:30,1278.4,1282.2,1277.6,1278.4,486634,0
2026-05-04T09:45:00+05:30,1278.5,1279.6,1276.6,1278.0,92256,0
2026-05-04T09:50:00+05:30,1278.0,1278.8,1276.6,1277.4,58085,0
2026-05-04T09:55:00+05:30,1277.4,1278.2,1275.3,1277.5,110308,0
2026-05-04T10:00:00+05:30,1277.4,1279.4,1275.5,1276.9,138308,0
2026-05-04T10:05:00+05:30,1276.7,1277.9,1276.0,1276.7,65242,0
2026-05-04T10:10:00+05:30,1276.2,1276.9,1273.5,1274.5,82309,0
2026-05-04T10:15:00+05:30,1274.5,1275.5,1274.0,1275.2,70265,0
2026-05-04T10:20:00+05:30,1275.1,1276.3,1273.8,1275.8,113688,0
2026-05-04T10:25:00+05:30,1275.8,1276.7,1275.0,1276.3,93789,0
2026-05-04T10:30:00+05:30,1276.7,1277.5,1274.3,1275.2,139085,0
2026-05-04T10:35:00+05:30,1275.2,1276.0,1274.1,1275.3,128865,0
2026-05-04T10:40:00+05:30,1275.3,1277.1,1274.5,1276.9,176600,0
2026-05-04T10:45:00+05:30,1276.9,1277.4,1275.0,1276.7,149437,0
2026-05-04T10:50:00+05:30,1276.7,1277.0,1275.9,1276.0,81446,0
2026-05-04T10:55:00+05:30,1276.0,1276.1,1274.0,1274.2,83667,0
2026-05-04T11:00:00+05:30,1274.2,1275.1,1273.1,1275.0,91408,0
2026-05-04T11:05:00+05:30,1274.9,1275.4,1274.0,1275.1,93684,0
2026-05-04T11:10:00+05:30,1275.1,1275.4,1274.4,1275.3,108073,0
2026-05-04T11:15:00+05:30,1275.2,1275.4,1274.7,1275.0,136637,0
2026-05-04T11:20:00+05:30,1275.0,1277.2,1274.5,1277.1,190630,0
2026-05-04T11:25:00+05:30,1277.1,1277.6,1276.5,1277.0,215413,0
2026-05-04T11:30:00+05:30,1277.0,1278.0,1276.7,1277.9,127210,0
2026-05-04T11:35:00+05:30,1277.9,1279.8,1277.2,1279.4,289111,0
2026-05-04T11:40:00+05:30,1279.3,1279.4,1277.8,1278.1,101429,0
2026-05-04T11:45:00+05:30,1278.3,1278.7,1277.0,1277.6,87165,0
2026-05-04T11:50:00+05:30,1277.5,1277.6,1276.6,1277.2,69396,0
2026-05-04T11:55:00+05:30,1277.2,1277.4,1276.3,1276.5,91919,0
2026-05-04T12:00:00+05:30,1276.6,1277.5,1275.6,1276.0,105507,0
2026-05-04T12:05:00+05:30,1276.0,1276.4,1275.1,1275.6,129506,0
2026-05-04T12:10:00+05:30,1275.7,1275.7,1271.3,1271.7,137452,0
2026-05-04T12:15:00+05:30,1271.7,1273.3,1271.1,1273.3,97304,0
2026-05-04T12:20:00+05:30,1273.1,1273.4,1271.5,1272.2,141680,0
2026-05-04T12:25:00+05:30,1272.2,1273.3,1271.6,1272.6,134222,0
2026-05-04T12:30:00+05:30,1272.7,1272.7,1270.2,1270.6,119303,0
2026-05-04T12:35:00+05:30,1270.6,1272.0,1270.0,1271.3,231705,0
2026-05-04T12:40:00+05:30,1271.3,1272.2,1269.2,1269.7,204559,0
2026-05-04T12:45:00+05:30,1269.6,1271.0,1269.3,1270.4,150877,0
2026-05-04T12:50:00+05:30,1270.4,1272.2,1270.3,1271.3,326310,0
2026-05-04T12:55:00+05:30,1271.2,1273.0,1271.1,1271.8,160905,0
2026-05-04T13:00:00+05:30,1271.8,1272.5,1271.1,1272.1,72760,0
2026-05-04T13:05:00+05:30,1272.1,1273.0,1271.7,1272.9,116615,0
2026-05-04T13:10:00+05:30,1272.9,1273.3,1272.4,1272.5,133678,0
2026-05-04T13:15:00+05:30,1272.5,1272.7,1271.0,1272.2,108210,0
2026-05-04T13:20:00+05:30,1272.2,1272.2,1269.0,1269.3,123660,0
2026-05-04T13:25:00+05:30,1269.8,1270.6,1266.4,1266.6,117736,0
2026-05-04T13:30:00+05:30,1266.4,1268.5,1265.2,1266.9,146444,0
2026-05-04T13:35:00+05:30,1266.9,1268.3,1266.2,1268.0,83804,0
2026-05-04T13:40:00+05:30,1267.9,1271.4,1267.9,1270.9,120356,0
2026-05-04T13:45:00+05:30,1271.0,1272.8,1269.9,1272.6,158271,0
2026-05-04T13:50:00+05:30,1272.7,1273.4,1272.0,1272.5,149990,0
2026-05-04T13:55:00+05:30,1272.5,1273.1,1270.5,1270.6,102774,0
2026-05-04T14:00:00+05:30,1271.1,1272.0,1270.4,1271.3,97714,0
2026-05-04T14:05:00+05:30,1271.3,1271.9,1269.6,1270.7,95143,0
2026-05-04T14:10:00+05:30,1270.7,1272.5,1270.7,1271.5,98089,0
2026-05-04T14:15:00+05:30,1271.7,1274.2,1271.3,1274.0,229477,0
2026-05-04T14:20:00+05:30,1274.0,1274.1,1272.6,1272.8,95181,0
2026-05-04T14:25:00+05:30,1273.0,1273.4,1272.3,1272.8,106470,0
2026-05-04T14:30:00+05:30,1272.8,1273.2,1271.1,1272.1,294343,0
2026-05-04T14:35:00+05:30,1272.1,1273.2,1271.3,1273.2,173768,0
2026-05-04T14:40:00+05:30,1273.2,1273.3,1270.1,1272.0,212754,0
2026-05-04T14:45:00+05:30,1272.0,1272.0,1269.7,1269.8,152560,0
2026-05-04T14:50:00+05:30,1269.8,1271.3,1268.9,1271.1,294534,0
2026-05-04T14:55:00+05:30,1271.1,1271.4,1268.3,1270.0,256771,0
2026-05-04T15:00:00+05:30,1269.9,1271.0,1268.1,1269.6,516794,0
2026-05-04T15:05:00+05:30,1270.1,1271.6,1269.1,1271.1,410733,0
2026-05-04T15:10:00+05:30,1271.1,1273.1,1270.0,1272.0,408771,0
2026-05-04T15:15:00+05:30,1272.0,1272.6,1270.9,1272.1,442539,0
2026-05-04T15:20:00+05:30,1272.1,1272.3,1269.6,1270.4,537634,0
2026-05-04T15:25:00+05:30,1270.4,1271.5,1269.0,1269.0,248580,0
2026-05-05T09:15:00+05:30,1264.0,1266.7,1259.0,1260.6,386077,0
2026-05-05T09:20:00+05:30,1260.5,1261.0,1257.2,1258.1,196376,0
2026-05-05T09:25:00+05:30,1258.0,1258.1,1255.1,1256.0,181896,0
2026-05-05T09:30:00+05:30,1256.0,1259.3,1255.9,1258.1,119372,0
2026-05-05T09:35:00+05:30,1258.0,1258.7,1256.3,1257.4,123864,0
2026-05-05T09:40:00+05:30,1257.4,1257.4,1254.4,1255.4,210769,0
2026-05-05T09:45:00+05:30,1255.5,1256.0,1254.3,1255.2,117696,0
2026-05-05T09:50:00+05:30,1255.1,1255.9,1254.0,1255.1,157055,0
2026-05-05T09:55:00+05:30,1255.1,1256.3,1255.1,1255.9,106929,0
2026-05-05T10:00:00+05:30,1255.8,1256.7,1253.1,1253.3,190703,0
2026-05-05T10:05:00+05:30,1253.3,1253.7,1250.7,1251.3,235269,0
2026-05-05T10:10:00+05:30,1251.1,1252.0,1249.2,1250.8,829321,0
2026-05-05T10:15:00+05:30,1250.8,1253.4,1249.9,1253.2,147857,0
2026-05-05T10:20:00+05:30,1253.1,1253.4,1250.5,1251.7,105428,0
2026-05-05T10:25:00+05:30,1251.6,1252.0,1250.2,1251.3,80548,0
2026-05-05T10:30:00+05:30,1251.2,1252.5,1250.1,1250.2,362800,0
2026-05-05T10:35:00+05:30,1250.2,1251.0,1249.6,1250.4,120353,0
2026-05-05T10:40:00+05:30,1250.5,1251.2,1249.3,1250.6,296297,0
2026-05-05T10:45:00+05:30,1250.6,1252.6,1250.2,1252.1,152761,0
2026-05-05T10:50:00+05:30,1252.1,1252.2,1250.4,1250.9,114880,0
2026-05-05T10:55:00+05:30,1251.0,1251.6,1250.0,1251.0,165870,0
2026-05-05T11:00:00+05:30,1250.7,1252.9,1249.9,1252.2,309573,0
2026-05-05T11:05:00+05:30,1252.1,1252.2,1250.2,1250.8,132004,0
2026-05-05T11:10:00+05:30,1251.2,1253.0,1249.6,1250.4,635719,0
2026-05-05T11:15:00+05:30,1250.0,1252.2,1249.8,1251.1,98637,0
2026-05-05T11:20:00+05:30,1251.0,1251.8,1250.0,1250.6,75611,0
2026-05-05T11:25:00+05:30,1250.6,1250.9,1249.4,1250.1,188819,0
2026-05-05T11:30:00+05:30,1250.1,1250.8,1249.2,1250.4,150885,0
2026-05-05T11:35:00+05:30,1250.7,1251.6,1247.8,1248.9,266071,0
2026-05-05T11:40:00+05:30,1249.0,1249.1,1246.3,1246.8,201170,0
2026-05-05T11:45:00+05:30,1246.6,1247.3,1245.5,1246.5,124302,0
2026-05-05T11:50:00+05:30,1246.5,1249.0,1246.1,1247.8,128591,0
2026-05-05T11:55:00+05:30,1247.6,1249.2,1247.3,1247.7,192198,0
2026-05-05T12:00:00+05:30,1247.7,1248.8,1246.3,1246.7,387512,0
2026-05-05T12:05:00+05:30,1246.8,1249.1,1246.4,1249.0,341921,0
2026-05-05T12:10:00+05:30,1248.9,1250.9,1248.3,1250.3,302005,0
2026-05-05T12:15:00+05:30,1250.3,1250.7,1249.1,1250.4,122379,0
2026-05-05T12:20:00+05:30,1250.3,1251.5,1250.1,1250.9,219543,0
2026-05-05T12:25:00+05:30,1250.9,1251.0,1248.9,1249.3,220010,0
2026-05-05T12:30:00+05:30,1249.5,1250.5,1249.2,1250.5,342775,0
2026-05-05T12:35:00+05:30,1250.4,1251.6,1249.6,1250.0,238990,0
2026-05-05T12:40:00+05:30,1250.1,1250.6,1248.2,1248.6,231069,0
2026-05-05T12:45:00+05:30,1248.4,1251.6,1248.4,1251.0,406130,0
2026-05-05T12:50:00+05:30,1250.9,1252.0,1250.6,1251.0,255313,0
2026-05-05T12:55:00+05:30,1251.0,1254.4,1250.5,1253.6,653490,0
2026-05-05T13:00:00+05:30,1253.5,1255.1,1252.5,1253.3,374205,0
2026-05-05T13:05:00+05:30,1253.3,1255.2,1252.7,1254.5,496894,0
2026-05-05T13:10:00+05:30,1254.5,1256.0,1253.7,1255.2,654415,0
2026-05-05T13:15:00+05:30,1255.2,1256.0,1252.5,1252.6,632074,0
2026-05-05T13:20:00+05:30,1252.6,1256.4,1252.2,1254.5,419845,0
2026-05-05T13:25:00+05:30,1254.5,1255.2,1253.0,1254.7,206190,0
2026-05-05T13:30:00+05:30,1254.0,1254.7,1251.6,1252.0,311270,0
2026-05-05T13:35:00+05:30,1252.0,1253.8,1251.7,1252.7,188306,0
2026-05-05T13:40:00+05:30,1252.6,1254.5,1252.2,1253.3,371921,0
2026-05-05T13:45:00+05:30,1253.3,1254.4,1252.4,1253.4,163777,0
2026-05-05T13:50:00+05:30,1253.8,1254.0,1251.1,1252.6,336889,0
2026-05-05T13:55:00+05:30,1252.6,1255.3,1252.2,1253.9,581076,0
2026-05-05T14:00:00+05:30,1253.9,1254.9,1250.2,1252.7,415374,0
2026-05-05T14:05:00+05:30,1252.7,1253.2,1251.6,1252.3,712583,0
2026-05-05T14:10:00+05:30,1252.2,1253.1,1251.0,1251.7,137368,0
2026-05-05T14:15:00+05:30,1251.9,1253.3,1251.0,1253.0,246324,0
2026-05-05T14:20:00+05:30,1252.9,1254.0,1252.3,1253.2,201139,0
2026-05-05T14:25:00+05:30,1253.2,1254.2,1252.4,1254.0,169141,0
2026-05-05T14:30:00+05:30,1254.0,1254.6,1252.1,1252.7,197105,0
2026-05-05T14:35:00+05:30,1252.7,1253.9,1252.4,1253.7,243075,0
2026-05-05T14:40:00+05:30,1253.7,1254.2,1252.7,1253.6,150083,0
2026-05-05T14:45:00+05:30,1253.6,1254.1,1251.7,1251.9,342057,0
2026-05-05T14:50:00+05:30,1251.9,1252.9,1250.8,1252.1,304915,0
2026-05-05T14:55:00+05:30,1252.1,1253.1,1251.4,1252.3,300187,0
2026-05-05T15:00:00+05:30,1252.3,1252.7,1250.0,1251.4,649702,0
2026-05-05T15:05:00+05:30,1251.0,1253.0,1249.6,1252.7,1556790,0
2026-05-05T15:10:00+05:30,1252.6,1253.0,1250.4,1252.3,864193,0
2026-05-05T15:15:00+05:30,1252.2,1253.3,1251.0,1251.7,675640,0
2026-05-05T15:20:00+05:30,1251.7,1253.0,1250.0,1250.8,960095,0
2026-05-05T15:25:00+05:30,1250.8,1252.0,1247.4,1250.9,860782,0
2026-05-06T09:15:00+05:30,1262.0,1269.4,1261.0,1261.9,1549740,0
2026-05-06T09:20:00+05:30,1262.0,1264.0,1260.2,1260.9,300059,0
2026-05-06T09:25:00+05:30,1261.1,1261.5,1258.5,1259.1,252185,0
2026-05-06T09:30:00+05:30,1259.1,1259.6,1257.9,1258.0,107194,0
2026-05-06T09:35:00+05:30,1258.0,1259.5,1257.9,1259.0,68259,0
2026-05-06T09:40:00+05:30,1259.0,1259.2,1257.9,1258.4,76529,0
2026-05-06T09:45:00+05:30,1258.4,1258.9,1256.6,1257.4,65636,0
2026-05-06T09:50:00+05:30,1257.4,1258.8,1256.5,1258.8,92688,0
2026-05-06T09:55:00+05:30,1258.8,1259.0,1257.1,1257.3,79661,0
2026-05-06T10:00:00+05:30,1257.3,1257.6,1255.5,1256.5,99033,0
2026-05-06T10:05:00+05:30,1256.5,1257.8,1256.2,1257.2,38274,0
2026-05-06T10:10:00+05:30,1257.2,1259.0,1256.7,1258.4,75882,0
2026-05-06T10:15:00+05:30,1258.4,1259.3,1257.0,1259.0,235291,0
2026-05-06T10:20:00+05:30,1259.0,1261.7,1258.4,1261.4,350366,0
2026-05-06T10:25:00+05:30,1261.4,1261.4,1260.1,1260.1,77083,0
2026-05-06T10:30:00+05:30,1260.4,1261.2,1258.9,1260.5,94815,0
2026-05-06T10:35:00+05:30,1260.5,1260.5,1259.0,1259.9,80389,0
2026-05-06T10:40:00+05:30,1259.9,1261.5,1259.4,1261.2,96960,0
2026-05-06T10:45:00+05:30,1261.2,1262.4,1259.0,1260.7,447050,0
2026-05-06T10:50:00+05:30,1260.7,1260.8,1259.2,1259.9,60472,0
2026-05-06T10:55:00+05:30,1259.9,1261.2,1259.0,1260.6,145663,0
2026-05-06T11:00:00+05:30,1260.7,1261.4,1259.4,1259.7,60002,0
2026-05-06T11:05:00+05:30,1259.7,1261.3,1259.4,1261.2,46380,0
2026-05-06T11:10:00+05:30,1261.2,1261.3,1259.9,1260.8,36139,0
2026-05-06T11:15:00+05:30,1260.8,1261.2,1260.0,1260.4,59104,0
2026-05-06T11:20:00+05:30,1260.4,1261.0,1259.5,1260.1,49765,0
2026-05-06T11:25:00+05:30,1260.1,1260.9,1259.5,1260.7,35555,0
2026-05-06T11:30:00+05:30,1260.7,1261.0,1260.2,1260.5,36316,0
2026-05-06T11:35:00+05:30,1260.8,1260.8,1258.9,1259.8,115160,0
2026-05-06T11:40:00+05:30,1259.8,1259.9,1257.2,1257.7,76915,0
2026-05-06T11:45:00+05:30,1258.0,1258.8,1257.4,1258.2,45890,0
2026-05-06T11:50:00+05:30,1258.2,1258.8,1257.5,1258.6,74255,0
2026-05-06T11:55:00+05:30,1258.6,1259.2,1257.2,1257.7,65429,0
2026-05-06T12:00:00+05:30,1257.7,1258.0,1256.5,1256.7,49623,0
2026-05-06T12:05:00+05:30,1257.0,1257.0,1256.0,1256.5,134937,0
2026-05-06T12:10:00+05:30,1256.9,1257.0,1256.0,1257.0,60461,0
2026-05-06T12:15:00+05:30,1257.0,1257.4,1255.2,1256.6,168753,0
2026-05-06T12:20:00+05:30,1257.0,1257.0,1254.5,1256.2,81828,0
2026-05-06T12:25:00+05:30,1256.5,1257.0,1255.5,1256.4,94794,0
2026-05-06T12:30:00+05:30,1256.4,1258.0,1255.1,1256.3,64156,0
2026-05-06T12:35:00+05:30,1256.3,1256.5,1255.0,1255.8,66476,0
2026-05-06T12:40:00+05:30,1255.8,1256.0,1254.6,1255.0,77463,0
2026-05-06T12:45:00+05:30,1255.0,1255.2,1253.8,1254.4,53320,0
2026-05-06T12:50:00+05:30,1254.4,1255.0,1253.4,1254.5,80285,0
2026-05-06T12:55:00+05:30,1254.5,1254.6,1253.3,1254.3,57557,0
2026-05-06T13:00:00+05:30,1254.3,1254.3,1252.1,1252.9,105377,0
2026-05-06T13:05:00+05:30,1252.9,1254.9,1252.6,1254.8,82651,0
2026-05-06T13:10:00+05:30,1254.8,1255.7,1254.4,1255.1,59732,0
2026-05-06T13:15:00+05:30,1255.3,1256.7,1255.0,1256.3,124564,0
2026-05-06T13:20:00+05:30,1256.3,1258.0,1256.0,1257.4,239330,0
2026-05-06T13:25:00+05:30,1257.4,1257.7,1256.5,1257.0,252042,0
2026-05-06T13:30:00+05:30,1257.5,1257.9,1256.0,1256.5,378222,0
2026-05-06T13:35:00+05:30,1256.5,1258.8,1256.1,1257.9,219583,0
2026-05-06T13:40:00+05:30,1257.9,1258.5,1257.0,1257.6,59671,0
2026-05-06T13:45:00+05:30,1257.6,1258.6,1257.0,1258.4,73393,0
2026-05-06T13:50:00+05:30,1258.4,1259.2,1258.0,1258.6,430653,0
2026-05-06T13:55:00+05:30,1258.7,1260.9,1258.6,1259.5,287637,0
2026-05-06T14:00:00+05:30,1259.8,1260.0,1258.6,1259.5,226716,0
2026-05-06T14:05:00+05:30,1259.5,1260.9,1259.1,1260.5,303206,0
2026-05-06T14:10:00+05:30,1260.5,1261.0,1260.0,1260.6,160285,0
2026-05-06T14:15:00+05:30,1260.6,1261.5,1260.0,1260.6,151901,0
2026-05-06T14:20:00+05:30,1260.5,1268.6,1260.0,1267.5,2466490,0
2026-05-06T14:25:00+05:30,1267.5,1274.0,1267.3,1273.8,2048737,0
2026-05-06T14:30:00+05:30,1273.9,1278.1,1273.9,1277.4,828235,0
2026-05-06T14:35:00+05:30,1277.5,1278.1,1274.6,1275.9,350332,0
2026-05-06T14:40:00+05:30,1275.9,1277.7,1275.7,1276.5,575648,0
2026-05-06T14:45:00+05:30,1276.9,1280.6,1276.1,1279.9,1273493,0
2026-05-06T14:50:00+05:30,1279.9,1282.0,1278.9,1279.9,778974,0
2026-05-06T14:55:00+05:30,1279.9,1280.7,1277.9,1280.3,246352,0
2026-05-06T15:00:00+05:30,1280.3,1282.8,1277.1,1281.6,1240283,0
2026-05-06T15:05:00+05:30,1281.7,1281.7,1279.3,1279.9,893350,0
2026-05-06T15:10:00+05:30,1279.9,1280.0,1278.3,1278.9,695302,0
2026-05-06T15:15:00+05:30,1278.7,1279.3,1276.5,1278.4,737996,0
2026-05-06T15:20:00+05:30,1278.5,1280.0,1277.0,1279.3,776907,0
2026-05-06T15:25:00+05:30,1279.3,1280.0,1275.9,1279.6,673596,0
2026-05-07T09:15:00+05:30,1284.7,1288.1,1276.5,1278.6,1152368,0
2026-05-07T09:20:00+05:30,1278.3,1279.8,1276.2,1279.2,155571,0
2026-05-07T09:25:00+05:30,1279.2,1283.1,1277.4,1282.1,1136402,0
2026-05-07T09:30:00+05:30,1282.1,1288.0,1280.1,1288.0,292677,0
2026-05-07T09:35:00+05:30,1287.9,1289.9,1285.0,1285.8,194681,0
2026-05-07T09:40:00+05:30,1285.8,1288.2,1285.0,1288.0,191094,0
2026-05-07T09:45:00+05:30,1288.0,1289.0,1286.1,1286.4,164752,0
2026-05-07T09:50:00+05:30,1286.7,1288.2,1285.2,1287.5,246662,0
2026-05-07T09:55:00+05:30,1287.4,1287.9,1285.0,1287.3,992686,0
2026-05-07T10:00:00+05:30,1287.3,1291.9,1286.5,1291.1,140349,0
2026-05-07T10:05:00+05:30,1291.1,1291.3,1286.9,1289.0,287090,0
2026-05-07T10:10:00+05:30,1289.0,1289.9,1287.0,1288.4,139979,0
2026-05-07T10:15:00+05:30,1288.4,1290.6,1287.7,1290.0,132650,0
2026-05-07T10:20:00+05:30,1290.0,1290.4,1288.4,1289.6,233825,0
2026-05-07T10:25:00+05:30,1289.5,1290.4,1288.4,1290.4,119343,0
2026-05-07T10:30:00+05:30,1290.5,1292.6,1290.1,1290.6,113338,0
2026-05-07T10:35:00+05:30,1290.6,1290.8,1289.1,1290.4,109673,0
2026-05-07T10:40:00+05:30,1290.2,1293.2,1290.0,1292.5,99535,0
2026-05-07T10:45:00+05:30,1292.5,1294.0,1291.4,1291.6,115243,0
2026-05-07T10:50:00+05:30,1291.6,1291.9,1289.5,1291.5,93535,0
2026-05-07T10:55:00+05:30,1291.5,1291.9,1289.7,1290.1,113674,0
2026-05-07T11:00:00+05:30,1290.1,1291.0,1289.7,1290.5,88895,0
2026-05-07T11:05:00+05:30,1290.5,1291.0,1288.5,1289.1,145374,0
2026-05-07T11:10:00+05:30,1289.2,1289.4,1287.5,1287.6,88768,0
2026-05-07T11:15:00+05:30,1287.9,1288.5,1287.0,1287.6,136445,0
2026-05-07T11:20:00+05:30,1287.7,1287.8,1285.4,1286.3,167550,0
2026-05-07T11:25:00+05:30,1286.3,1286.8,1285.2,1286.6,77999,0
2026-05-07T11:30:00+05:30,1286.6,1288.4,1286.0,1286.0,133917,0
2026-05-07T11:35:00+05:30,1286.3,1286.6,1285.2,1286.3,87700,0
2026-05-07T11:40:00+05:30,1286.3,1286.4,1284.1,1284.1,89902,0
2026-05-07T11:45:00+05:30,1284.2,1285.8,1283.3,1285.6,133167,0
2026-05-07T11:50:00+05:30,1285.7,1287.3,1285.1,1286.4,92680,0
2026-05-07T11:55:00+05:30,1286.6,1288.0,1286.0,1286.9,100412,0
2026-05-07T12:00:00+05:30,1286.9,1289.4,1286.8,1288.0,166033,0
2026-05-07T12:05:00+05:30,1288.0,1289.2,1287.6,1289.1,131325,0
2026-05-07T12:10:00+05:30,1289.0,1289.5,1287.2,1287.6,122135,0
2026-05-07T12:15:00+05:30,1287.6,1289.1,1285.2,1285.5,256281,0
2026-05-07T12:20:00+05:30,1285.5,1288.3,1285.3,1287.9,295392,0
2026-05-07T12:25:00+05:30,1287.7,1288.0,1285.3,1285.7,105082,0
2026-05-07T12:30:00+05:30,1285.3,1285.9,1284.1,1285.2,81521,0
2026-05-07T12:35:00+05:30,1285.3,1291.4,1284.5,1291.0,761682,0
2026-05-07T12:40:00+05:30,1291.0,1292.0,1290.1,1290.1,357710,0
2026-05-07T12:45:00+05:30,1290.1,1291.0,1288.5,1288.6,162732,0
2026-05-07T12:50:00+05:30,1288.8,1290.0,1283.4,1285.7,277420,0
2026-05-07T12:55:00+05:30,1285.7,1286.0,1282.7,1284.6,187973,0
2026-05-07T13:00:00+05:30,1284.7,1286.1,1284.0,1284.8,56932,0
2026-05-07T13:05:00+05:30,1285.2,1285.9,1284.0,1284.4,70492,0
2026-05-07T13:10:00+05:30,1284.4,1284.5,1283.1,1284.2,69181,0
2026-05-07T13:15:00+05:30,1284.2,1284.6,1280.0,1280.8,143830,0
2026-05-07T13:20:00+05:30,1281.4,1283.4,1280.4,1280.6,212236,0
2026-05-07T13:25:00+05:30,1280.8,1282.4,1280.7,1281.7,48908,0
2026-05-07T13:30:00+05:30,1281.9,1282.4,1280.5,1281.8,102923,0
2026-05-07T13:35:00+05:30,1281.9,1282.4,1280.1,1280.2,98099,0
2026-05-07T13:40:00+05:30,1280.2,1282.0,1279.6,1280.0,131996,0
2026-05-07T13:45:00+05:30,1280.0,1281.9,1279.0,1281.4,167328,0
2026-05-07T13:50:00+05:30,1281.2,1282.7,1280.4,1282.5,171266,0
2026-05-07T13:55:00+05:30,1282.5,1282.9,1281.0,1282.7,58997,0
2026-05-07T14:00:00+05:30,1282.7,1284.2,1281.6,1281.9,116133,0
2026-05-07T14:05:00+05:30,1281.6,1284.0,1280.7,1283.6,236798,0
2026-05-07T14:10:00+05:30,1283.1,1284.0,1281.9,1282.0,157277,0
2026-05-07T14:15:00+05:30,1282.0,1282.7,1281.0,1281.7,94646,0
2026-05-07T14:20:00+05:30,1281.7,1283.1,1280.6,1282.7,230668,0
2026-05-07T14:25:00+05:30,1282.7,1285.1,1279.9,1282.0,988651,0
2026-05-07T14:30:00+05:30,1282.0,1283.6,1278.0,1279.4,695654,0
2026-05-07T14:35:00+05:30,1279.9,1280.4,1278.5,1278.7,189250,0
2026-05-07T14:40:00+05:30,1278.7,1281.2,1277.3,1279.1,553058,0
2026-05-07T14:45:00+05:30,1279.1,1280.0,1277.7,1278.1,265920,0
2026-05-07T14:50:00+05:30,1278.1,1279.0,1277.4,1278.5,92546,0
2026-05-07T14:55:00+05:30,1278.4,1281.2,1278.4,1281.2,188834,0
2026-05-07T15:00:00+05:30,1281.1,1284.8,1277.2,1281.4,4356939,0
2026-05-07T15:05:00+05:30,1281.3,1283.2,1277.0,1277.3,2496501,0
2026-05-07T15:10:00+05:30,1277.5,1277.6,1273.2,1274.2,898501,0
2026-05-07T15:15:00+05:30,1274.4,1276.8,1273.6,1276.2,720210,0
2026-05-07T15:20:00+05:30,1276.2,1276.2,1275.0,1275.7,359675,0
2026-05-07T15:25:00+05:30,1275.3,1279.8,1275.2,1279.0,347199,0
2026-05-08T09:15:00+05:30,1279.6,1279.6,1266.8,1270.2,456459,0
2026-05-08T09:20:00+05:30,1269.9,1276.0,1269.2,1272.8,141655,0
2026-05-08T09:25:00+05:30,1272.8,1273.1,1271.7,1272.8,60794,0
2026-05-08T09:30:00+05:30,1272.6,1273.3,1270.0,1272.9,122251,0
2026-05-08T09:35:00+05:30,1272.9,1272.9,1270.9,1272.4,53554,0
2026-05-08T09:40:00+05:30,1272.4,1272.6,1269.3,1270.0,80818,0
2026-05-08T09:45:00+05:30,1270.4,1271.3,1268.5,1270.8,75291,0
2026-05-08T09:50:00+05:30,1270.8,1271.9,1270.4,1271.4,58169,0
2026-05-08T09:55:00+05:30,1271.4,1271.8,1270.1,1270.5,121504,0
2026-05-08T10:00:00+05:30,1270.5,1270.5,1267.9,1268.7,94092,0
2026-05-08T10:05:00+05:30,1268.7,1269.4,1268.4,1269.0,40466,0
2026-05-08T10:10:00+05:30,1269.0,1270.8,1268.0,1270.8,47012,0
2026-05-08T10:15:00+05:30,1270.8,1270.9,1268.3,1270.6,86230,0
2026-05-08T10:20:00+05:30,1270.6,1271.9,1269.6,1271.4,72210,0
2026-05-08T10:25:00+05:30,1271.4,1272.6,1270.0,1270.9,432349,0
2026-05-08T10:30:00+05:30,1271.0,1271.2,1269.1,1269.4,48128,0
2026-05-08T10:35:00+05:30,1269.4,1269.6,1268.0,1268.5,50620,0
2026-05-08T10:40:00+05:30,1268.5,1268.5,1266.8,1267.0,76457,0
2026-05-08T10:45:00+05:30,1267.0,1267.8,1266.4,1266.8,60356,0
2026-05-08T10:50:00+05:30,1266.7,1267.1,1266.1,1266.4,48481,0
2026-05-08T10:55:00+05:30,1266.4,1266.7,1264.2,1264.7,207612,0
2026-05-08T11:00:00+05:30,1264.7,1266.8,1264.4,1266.7,76295,0
2026-05-08T11:05:00+05:30,1266.6,1267.6,1266.2,1266.8,59290,0
2026-05-08T11:10:00+05:30,1266.8,1267.5,1266.3,1267.5,46136,0
2026-05-08T11:15:00+05:30,1267.6,1269.0,1267.3,1268.2,52129,0
2026-05-08T11:20:00+05:30,1268.2,1268.4,1265.8,1265.9,91030,0
2026-05-08T11:25:00+05:30,1266.0,1266.0,1264.9,1265.1,72019,0
2026-05-08T11:30:00+05:30,1265.1,1265.4,1264.0,1264.6,69060,0
2026-05-08T11:35:00+05:30,1264.6,1265.0,1263.7,1264.7,37148,0
2026-05-08T11:40:00+05:30,1264.9,1265.5,1264.1,1264.6,31907,0
2026-05-08T11:45:00+05:30,1264.6,1265.0,1264.0,1264.4,28479,0
2026-05-08T11:50:00+05:30,1264.4,1264.5,1263.7,1263.8,31664,0
2026-05-08T11:55:00+05:30,1263.8,1264.0,1263.0,1264.0,32454,0
2026-05-08T12:00:00+05:30,1263.7,1265.0,1263.6,1264.2,30041,0
2026-05-08T12:05:00+05:30,1264.2,1265.3,1263.5,1264.5,124141,0
2026-05-08T12:10:00+05:30,1264.5,1264.8,1263.6,1263.9,34800,0
2026-05-08T12:15:00+05:30,1263.9,1265.0,1263.1,1264.9,64861,0
2026-05-08T12:20:00+05:30,1264.9,1266.0,1264.2,1264.9,35489,0
2026-05-08T12:25:00+05:30,1264.9,1265.4,1264.0,1264.6,55016,0
2026-05-08T12:30:00+05:30,1264.6,1264.8,1263.0,1263.2,36545,0
2026-05-08T12:35:00+05:30,1263.1,1263.7,1262.5,1263.1,55335,0
2026-05-08T12:40:00+05:30,1263.1,1263.5,1262.4,1262.8,31146,0
2026-05-08T12:45:00+05:30,1262.8,1262.8,1261.2,1262.4,50733,0
2026-05-08T12:50:00+05:30,1262.4,1262.7,1261.7,1262.1,24746,0
2026-05-08T12:55:00+05:30,1262.1,1262.8,1261.8,1262.1,44282,0
2026-05-08T13:00:00+05:30,1262.1,1263.8,1261.5,1263.4,131690,0
2026-05-08T13:05:00+05:30,1263.4,1264.8,1262.6,1264.7,75468,0
2026-05-08T13:10:00+05:30,1264.7,1265.7,1263.0,1263.9,311334,0
2026-05-08T13:15:00+05:30,1263.9,1264.0,1262.0,1263.2,180119,0
2026-05-08T13:20:00+05:30,1263.2,1264.6,1262.7,1264.1,144270,0
2026-05-08T13:25:00+05:30,1264.1,1265.5,1263.1,1265.1,106424,0
2026-05-08T13:30:00+05:30,1265.1,1265.4,1264.2,1264.2,97149,0
2026-05-08T13:35:00+05:30,1264.3,1265.1,1264.2,1264.8,90391,0
2026-05-08T13:40:00+05:30,1264.8,1265.0,1263.7,1264.0,107575,0
2026-05-08T13:45:00+05:30,1264.4,1264.8,1263.7,1264.0,68063,0
2026-05-08T13:50:00+05:30,1264.4,1264.5,1263.3,1264.2,77923,0
2026-05-08T13:55:00+05:30,1264.3,1264.7,1262.1,1262.7,703526,0
2026-05-08T14:00:00+05:30,1262.4,1265.1,1262.2,1263.8,223835,0
2026-05-08T14:05:00+05:30,1264.0,1265.2,1263.0,1264.2,172969,0
2026-05-08T14:10:00+05:30,1264.2,1264.9,1263.5,1263.6,103608,0
2026-05-08T14:15:00+05:30,1264.1,1265.1,1263.4,1264.4,98790,0
2026-05-08T14:20:00+05:30,1264.4,1265.8,1264.0,1264.7,88580,0
2026-05-08T14:25:00+05:30,1265.1,1265.7,1264.6,1265.1,181987,0
2026-05-08T14:30:00+05:30,1265.1,1265.2,1264.3,1264.5,132848,0
2026-05-08T14:35:00+05:30,1264.5,1266.0,1264.1,1265.5,490812,0
2026-05-08T14:40:00+05:30,1265.5,1266.5,1265.0,1265.1,124753,0
2026-05-08T14:45:00+05:30,1265.1,1266.0,1264.9,1265.4,100068,0
2026-05-08T14:50:00+05:30,1265.4,1265.6,1265.0,1265.1,73091,0
2026-05-08T14:55:00+05:30,1265.1,1266.3,1264.8,1265.4,472532,0
2026-05-08T15:00:00+05:30,1265.3,1265.4,1262.1,1262.2,386686,0
2026-05-08T15:05:00+05:30,1262.2,1265.2,1262.1,1264.8,335625,0
2026-05-08T15:10:00+05:30,1264.8,1265.5,1264.5,1265.5,306330,0
2026-05-08T15:15:00+05:30,1265.5,1265.6,1263.2,1264.4,610328,0
2026-05-08T15:20:00+05:30,1264.4,1267.0,1263.4,1264.8,948017,0
2026-05-08T15:25:00+05:30,1265.2,1267.8,1265.0,1267.8,398811,0
2026-05-11T09:15:00+05:30,1259.4,1260.4,1252.0,1259.0,759818,0
2026-05-11T09:20:00+05:30,1259.0,1261.5,1258.7,1261.1,208829,0
2026-05-11T09:25:00+05:30,1261.2,1262.8,1259.9,1261.0,322613,0
2026-05-11T09:30:00+05:30,1261.4,1262.0,1257.1,1259.3,305927,0
2026-05-11T09:35:00+05:30,1259.1,1259.6,1257.0,1257.8,101965,0
2026-05-11T09:40:00+05:30,1257.6,1257.6,1255.0,1255.0,151127,0
2026-05-11T09:45:00+05:30,1255.1,1257.1,1255.0,1255.9,124625,0
2026-05-11T09:50:00+05:30,1255.8,1257.3,1255.7,1257.0,110736,0
2026-05-11T09:55:00+05:30,1257.0,1257.7,1256.4,1256.9,81217,0
2026-05-11T10:00:00+05:30,1256.9,1258.7,1256.7,1258.3,75667,0
2026-05-11T10:05:00+05:30,1258.3,1259.8,1258.1,1259.3,83346,0
2026-05-11T10:10:00+05:30,1259.3,1259.3,1257.6,1258.2,85535,0
2026-05-11T10:15:00+05:30,1258.2,1259.4,1257.9,1258.0,71490,0
2026-05-11T10:20:00+05:30,1258.0,1259.8,1257.5,1259.5,70915,0
2026-05-11T10:25:00+05:30,1259.5,1260.7,1259.1,1260.1,86907,0
2026-05-11T10:30:00+05:30,1260.1,1261.1,1259.4,1260.8,60308,0
2026-05-11T10:35:00+05:30,1260.9,1261.8,1259.1,1260.6,172118,0
2026-05-11T10:40:00+05:30,1260.8,1261.2,1260.4,1260.5,75313,0
2026-05-11T10:45:00+05:30,1260.5,1260.6,1259.6,1260.3,62785,0
2026-05-11T10:50:00+05:30,1260.2,1263.2,1259.7,1262.9,128931,0
2026-05-11T10:55:00+05:30,1262.9,1264.1,1262.6,1262.9,94885,0
2026-05-11T11:00:00+05:30,1262.9,1263.8,1262.3,1263.2,171914,0
2026-05-11T11:05:00+05:30,1263.0,1264.7,1262.6,1263.7,520086,0
2026-05-11T11:10:00+05:30,1264.3,1268.2,1263.6,1267.7,633475,0
2026-05-11T11:15:00+05:30,1267.7,1268.0,1266.0,1267.4,258083,0
2026-05-11T11:20:00+05:30,1267.8,1269.8,1267.3,1268.5,299147,0
2026-05-11T11:25:00+05:30,1268.6,1269.2,1267.6,1268.2,187268,0
2026-05-11T11:30:00+05:30,1268.5,1268.9,1267.6,1268.1,174066,0
2026-05-11T11:35:00+05:30,1268.2,1270.9,1267.7,1270.6,364121,0
2026-05-11T11:40:00+05:30,1270.5,1272.0,1270.0,1271.0,104066,0
2026-05-11T11:45:00+05:30,1271.0,1271.9,1270.0,1270.1,89616,0
2026-05-11T11:50:00+05:30,1270.1,1272.4,1270.0,1271.7,103243,0
2026-05-11T11:55:00+05:30,1271.9,1272.6,1270.2,1271.9,256670,0
2026-05-11T12:00:00+05:30,1272.1,1272.7,1271.4,1271.8,161251,0
2026-05-11T12:05:00+05:30,1271.7,1273.8,1271.2,1271.9,943365,0
2026-05-11T12:10:00+05:30,1272.0,1272.4,1270.8,1271.1,65058,0
2026-05-11T12:15:00+05:30,1271.1,1271.7,1270.2,1270.4,80053,0
2026-05-11T12:20:00+05:30,1270.5,1271.4,1270.2,1270.9,73497,0
2026-05-11T12:25:00+05:30,1271.0,1271.8,1270.2,1270.3,71246,0
2026-05-11T12:30:00+05:30,1270.3,1270.5,1268.4,1268.8,197358,0
2026-05-11T12:35:00+05:30,1268.8,1269.3,1266.9,1269.0,192241,0
2026-05-11T12:40:00+05:30,1269.0,1272.0,1268.7,1271.4,504117,0
2026-05-11T12:45:00+05:30,1271.7,1272.0,1271.2,1271.5,62265,0
2026-05-11T12:50:00+05:30,1271.5,1273.8,1270.4,1272.0,567296,0
2026-05-11T12:55:00+05:30,1272.0,1274.8,1271.8,1274.5,246152,0
2026-05-11T13:00:00+05:30,1274.7,1274.8,1271.5,1271.6,243015,0
2026-05-11T13:05:00+05:30,1271.8,1274.8,1271.3,1274.6,341794,0
2026-05-11T13:10:00+05:30,1274.5,1275.3,1272.0,1274.9,354769,0
2026-05-11T13:15:00+05:30,1275.1,1275.1,1272.0,1272.3,342568,0
2026-05-11T13:20:00+05:30,1272.4,1272.7,1271.7,1271.9,89218,0
2026-05-11T13:25:00+05:30,1271.9,1272.0,1271.3,1271.7,83592,0
2026-05-11T13:30:00+05:30,1271.7,1273.3,1271.0,1273.3,95389,0
2026-05-11T13:35:00+05:30,1273.3,1275.7,1273.1,1273.2,232270,0
2026-05-11T13:40:00+05:30,1273.2,1274.8,1272.8,1273.9,174872,0
2026-05-11T13:45:00+05:30,1273.9,1275.7,1273.9,1274.6,227936,0
2026-05-11T13:50:00+05:30,1274.5,1275.5,1274.2,1275.3,131073,0
2026-05-11T13:55:00+05:30,1275.3,1275.5,1273.8,1274.1,296312,0
2026-05-11T14:00:00+05:30,1274.1,1274.5,1272.8,1273.2,442252,0
2026-05-11T14:05:00+05:30,1273.2,1275.1,1272.1,1272.4,305879,0
2026-05-11T14:10:00+05:30,1272.5,1273.4,1271.0,1271.5,144933,0
2026-05-11T14:15:00+05:30,1271.6,1272.9,1270.5,1271.7,530133,0
2026-05-11T14:20:00+05:30,1271.6,1273.6,1271.4,1272.7,325629,0
2026-05-11T14:25:00+05:30,1273.0,1273.0,1271.2,1271.7,182565,0
2026-05-11T14:30:00+05:30,1271.7,1272.9,1271.5,1272.8,187337,0
2026-05-11T14:35:00+05:30,1272.8,1273.1,1270.5,1271.0,174445,0
2026-05-11T14:40:00+05:30,1271.0,1271.5,1270.0,1270.1,143183,0
2026-05-11T14:45:00+05:30,1270.1,1271.1,1269.3,1269.6,314185,0
2026-05-11T14:50:00+05:30,1269.6,1271.8,1269.5,1269.7,270663,0
2026-05-11T14:55:00+05:30,1269.7,1270.3,1268.1,1268.4,254469,0
2026-05-11T15:00:00+05:30,1268.6,1268.6,1265.4,1265.9,701560,0
2026-05-11T15:05:00+05:30,1266.0,1267.3,1264.8,1266.9,655399,0
2026-05-11T15:10:00+05:30,1266.9,1267.9,1264.2,1266.2,693785,0
2026-05-11T15:15:00+05:30,1266.2,1267.3,1265.9,1266.1,473661,0
2026-05-11T15:20:00+05:30,1266.1,1267.7,1265.2,1266.7,587861,0
2026-05-11T15:25:00+05:30,1266.7,1270.0,1265.1,1267.2,232010,0
2026-05-12T09:15:00+05:30,1256.0,1259.9,1252.7,1256.1,895929,0
2026-05-12T09:20:00+05:30,1256.2,1256.2,1252.2,1252.3,442347,0
2026-05-12T09:25:00+05:30,1252.3,1252.3,1249.6,1250.6,304290,0
2026-05-12T09:30:00+05:30,1250.9,1251.3,1248.9,1249.6,207230,0
2026-05-12T09:35:00+05:30,1249.6,1251.5,1249.2,1249.9,191219,0
2026-05-12T09:40:00+05:30,1249.9,1250.2,1247.4,1248.4,204609,0
2026-05-12T09:45:00+05:30,1248.4,1249.1,1245.5,1247.2,158127,0
2026-05-12T09:50:00+05:30,1247.2,1248.5,1246.9,1247.3,217091,0
2026-05-12T09:55:00+05:30,1247.3,1249.2,1246.7,1246.7,176471,0
2026-05-12T10:00:00+05:30,1246.8,1247.5,1245.1,1247.0,152271,0
2026-05-12T10:05:00+05:30,1247.0,1248.9,1246.0,1248.3,107224,0
2026-05-12T10:10:00+05:30,1248.3,1249.9,1247.6,1249.2,136095,0
2026-05-12T10:15:00+05:30,1249.4,1250.4,1248.5,1250.4,117254,0
2026-05-12T10:20:00+05:30,1250.4,1250.9,1246.8,1247.1,119218,0
2026-05-12T10:25:00+05:30,1247.2,1247.7,1246.0,1246.9,86412,0
2026-05-12T10:30:00+05:30,1246.9,1247.8,1246.1,1246.4,75138,0
2026-05-12T10:35:00+05:30,1247.0,1247.1,1244.3,1244.9,115232,0
2026-05-12T10:40:00+05:30,1245.2,1247.6,1244.3,1246.6,423527,0
2026-05-12T10:45:00+05:30,1246.7,1246.7,1244.0,1244.7,104460,0
2026-05-12T10:50:00+05:30,1244.8,1245.5,1243.6,1244.2,117194,0
2026-05-12T10:55:00+05:30,1244.2,1245.7,1243.1,1243.4,132919,0
2026-05-12T11:00:00+05:30,1243.5,1244.2,1242.0,1242.6,91277,0
2026-05-12T11:05:00+05:30,1242.7,1243.7,1242.1,1243.1,79112,0
2026-05-12T11:10:00+05:30,1243.1,1244.3,1242.8,1244.2,63930,0
2026-05-12T11:15:00+05:30,1244.2,1245.3,1243.6,1244.8,90422,0
2026-05-12T11:20:00+05:30,1244.9,1245.6,1243.3,1243.4,99032,0
2026-05-12T11:25:00+05:30,1243.4,1244.6,1243.2,1244.0,89766,0
2026-05-12T11:30:00+05:30,1244.0,1244.0,1240.8,1242.5,365208,0
2026-05-12T11:35:00+05:30,1242.5,1243.6,1241.5,1243.4,108317,0
2026-05-12T11:40:00+05:30,1243.4,1244.8,1242.6,1244.5,108490,0
2026-05-12T11:45:00+05:30,1244.7,1245.4,1243.9,1244.6,87355,0
2026-05-12T11:50:00+05:30,1244.7,1245.0,1243.6,1244.3,80936,0
2026-05-12T11:55:00+05:30,1244.4,1244.9,1243.3,1244.6,88727,0
2026-05-12T12:00:00+05:30,1244.5,1245.4,1244.2,1245.1,79910,0
2026-05-12T12:05:00+05:30,1245.4,1245.7,1243.2,1244.3,93974,0
2026-05-12T12:10:00+05:30,1244.3,1245.6,1243.7,1244.7,91251,0
2026-05-12T12:15:00+05:30,1244.7,1246.3,1244.0,1245.5,150628,0
2026-05-12T12:20:00+05:30,1245.5,1246.1,1244.3,1245.0,161842,0
2026-05-12T12:25:00+05:30,1245.0,1245.1,1244.1,1244.8,81397,0
2026-05-12T12:30:00+05:30,1244.9,1244.9,1241.6,1242.7,241957,0
2026-05-12T12:35:00+05:30,1242.8,1245.0,1241.2,1244.2,229708,0
2026-05-12T12:40:00+05:30,1244.1,1245.0,1244.0,1244.6,103964,0
2026-05-12T12:45:00+05:30,1244.6,1245.6,1244.3,1244.9,121760,0
2026-05-12T12:50:00+05:30,1244.9,1245.6,1244.2,1244.4,132426,0
2026-05-12T12:55:00+05:30,1244.4,1245.7,1244.0,1245.1,136921,0
2026-05-12T13:00:00+05:30,1245.1,1245.8,1244.5,1245.3,88563,0
2026-05-12T13:05:00+05:30,1245.3,1245.4,1244.2,1244.3,95606,0
2026-05-12T13:10:00+05:30,1244.3,1246.1,1243.3,1245.6,329894,0
2026-05-12T13:15:00+05:30,1245.6,1247.9,1244.9,1245.1,299188,0
2026-05-12T13:20:00+05:30,1245.5,1246.1,1244.2,1244.5,288305,0
2026-05-12T13:25:00+05:30,1244.5,1245.6,1244.1,1244.6,299509,0
2026-05-12T13:30:00+05:30,1244.6,1246.2,1244.4,1245.4,148049,0
2026-05-12T13:35:00+05:30,1245.4,1246.2,1244.4,1245.3,200145,0
2026-05-12T13:40:00+05:30,1245.3,1245.3,1243.3,1244.6,312496,0
2026-05-12T13:45:00+05:30,1244.6,1245.9,1243.2,1245.8,172788,0
2026-05-12T13:50:00+05:30,1245.8,1245.8,1241.7,1242.5,278111,0
2026-05-12T13:55:00+05:30,1242.5,1243.6,1242.2,1242.5,146672,0
2026-05-12T14:00:00+05:30,1242.7,1243.9,1241.6,1242.7,307870,0
2026-05-12T14:05:00+05:30,1242.9,1243.9,1241.5,1242.0,293766,0
2026-05-12T14:10:00+05:30,1242.0,1243.2,1241.7,1243.1,125840,0
2026-05-12T14:15:00+05:30,1243.1,1244.7,1242.1,1243.9,276491,0
2026-05-12T14:20:00+05:30,1243.9,1245.9,1242.8,1245.0,388185,0
2026-05-12T14:25:00+05:30,1244.8,1245.9,1243.9,1245.3,290597,0
2026-05-12T14:30:00+05:30,1245.2,1246.6,1244.0,1244.6,442001,0
2026-05-12T14:35:00+05:30,1244.6,1246.5,1244.4,1246.1,192493,0
2026-05-12T14:40:00+05:30,1246.1,1246.4,1244.6,1245.1,195709,0
2026-05-12T14:45:00+05:30,1245.1,1247.9,1244.8,1247.6,575172,0
2026-05-12T14:50:00+05:30,1247.6,1248.2,1243.3,1244.1,827093,0
2026-05-12T14:55:00+05:30,1244.1,1244.1,1241.4,1242.1,253337,0
2026-05-12T15:00:00+05:30,1242.1,1242.9,1236.3,1242.4,2033769,0
2026-05-12T15:05:00+05:30,1242.4,1243.7,1239.2,1240.2,1444613,0
2026-05-12T15:10:00+05:30,1240.2,1242.2,1238.0,1239.0,1431023,0
2026-05-12T15:15:00+05:30,1239.0,1241.0,1238.0,1240.7,940237,0
2026-05-12T15:20:00+05:30,1240.7,1241.2,1239.6,1240.6,477297,0
2026-05-12T15:25:00+05:30,1240.6,1244.8,1239.6,1244.5,335584,0
2026-05-13T09:15:00+05:30,1238.3,1248.2,1237.0,1238.0,590594,0
2026-05-13T09:20:00+05:30,1237.5,1238.6,1236.0,1237.7,496603,0
2026-05-13T09:25:00+05:30,1237.7,1237.9,1234.3,1234.5,287169,0
2026-05-13T09:30:00+05:30,1234.4,1235.2,1231.0,1231.3,324857,0
2026-05-13T09:35:00+05:30,1231.2,1231.3,1227.4,1227.7,296791,0
2026-05-13T09:40:00+05:30,1227.7,1232.9,1227.2,1232.9,256031,0
2026-05-13T09:45:00+05:30,1232.8,1235.4,1232.6,1234.7,138521,0
2026-05-13T09:50:00+05:30,1234.6,1236.6,1234.4,1235.3,160668,0
2026-05-13T09:55:00+05:30,1235.1,1236.0,1233.9,1235.6,136036,0
2026-05-13T10:00:00+05:30,1235.6,1236.0,1233.6,1234.9,206340,0
2026-05-13T10:05:00+05:30,1234.9,1236.4,1233.7,1233.8,174461,0
2026-05-13T10:10:00+05:30,1233.9,1234.4,1232.5,1234.3,77034,0
2026-05-13T10:15:00+05:30,1234.2,1235.7,1234.1,1234.8,178739,0
2026-05-13T10:20:00+05:30,1234.7,1237.9,1234.5,1237.4,346873,0
2026-05-13T10:25:00+05:30,1237.3,1239.5,1237.1,1238.6,261425,0
2026-05-13T10:30:00+05:30,1238.6,1240.8,1236.6,1239.5,339708,0
2026-05-13T10:35:00+05:30,1239.2,1240.0,1236.6,1238.0,163642,0
2026-05-13T10:40:00+05:30,1237.7,1242.5,1237.5,1242.1,177963,0
2026-05-13T10:45:00+05:30,1242.0,1242.1,1240.0,1240.5,91402,0
2026-05-13T10:50:00+05:30,1240.5,1241.7,1239.5,1240.2,123805,0
2026-05-13T10:55:00+05:30,1240.0,1240.2,1234.1,1235.1,221300,0
2026-05-13T11:00:00+05:30,1235.0,1237.9,1234.9,1237.7,383806,0
2026-05-13T11:05:00+05:30,1237.6,1238.0,1236.1,1237.7,68214,0
2026-05-13T11:10:00+05:30,1237.6,1239.8,1236.6,1239.3,180216,0
2026-05-13T11:15:00+05:30,1239.1,1239.3,1237.8,1238.8,68756,0
2026-05-13T11:20:00+05:30,1238.7,1239.3,1237.5,1239.1,61151,0
2026-05-13T11:25:00+05:30,1239.0,1239.1,1236.9,1237.5,130629,0
2026-05-13T11:30:00+05:30,1237.5,1238.4,1236.8,1237.7,222818,0
2026-05-13T11:35:00+05:30,1237.6,1241.7,1237.5,1241.6,283564,0
2026-05-13T11:40:00+05:30,1241.5,1242.1,1240.8,1241.6,189345,0
2026-05-13T11:45:00+05:30,1241.4,1241.9,1239.0,1239.3,406295,0
2026-05-13T11:50:00+05:30,1239.2,1240.6,1238.5,1239.3,108390,0
2026-05-13T11:55:00+05:30,1239.1,1240.7,1238.7,1239.8,100547,0
2026-05-13T12:00:00+05:30,1239.8,1241.6,1239.4,1241.2,107152,0
2026-05-13T12:05:00+05:30,1241.2,1241.7,1240.6,1241.4,244350,0
2026-05-13T12:10:00+05:30,1241.1,1242.0,1240.8,1241.9,202900,0
2026-05-13T12:15:00+05:30,1241.7,1244.0,1240.2,1243.6,617596,0
2026-05-13T12:20:00+05:30,1243.4,1245.0,1242.3,1244.1,241429,0
2026-05-13T12:25:00+05:30,1244.0,1244.4,1242.7,1243.5,248083,0
2026-05-13T12:30:00+05:30,1243.3,1243.9,1242.1,1242.8,191258,0
2026-05-13T12:35:00+05:30,1242.6,1243.2,1241.4,1242.8,197924,0
2026-05-13T12:40:00+05:30,1242.8,1243.1,1240.4,1242.8,214384,0
2026-05-13T12:45:00+05:30,1242.7,1243.5,1242.1,1242.8,129681,0
2026-05-13T12:50:00+05:30,1242.8,1245.7,1242.3,1245.6,583153,0
2026-05-13T12:55:00+05:30,1245.5,1249.2,1245.0,1248.8,775906,0
2026-05-13T13:00:00+05:30,1248.5,1248.9,1245.4,1246.4,200072,0
2026-05-13T13:05:00+05:30,1246.2,1246.4,1243.4,1243.9,75362,0
2026-05-13T13:10:00+05:30,1243.8,1245.0,1243.0,1243.3,87678,0
2026-05-13T13:15:00+05:30,1243.0,1243.4,1241.2,1242.2,86494,0
2026-05-13T13:20:00+05:30,1242.0,1243.2,1241.5,1242.9,134153,0
2026-05-13T13:25:00+05:30,1242.6,1243.4,1240.6,1241.4,112978,0
2026-05-13T13:30:00+05:30,1241.5,1244.7,1241.2,1243.7,222799,0
2026-05-13T13:35:00+05:30,1243.4,1244.1,1241.5,1243.2,120122,0
2026-05-13T13:40:00+05:30,1243.1,1243.3,1241.8,1242.7,78326,0
2026-05-13T13:45:00+05:30,1242.6,1243.7,1241.4,1241.8,139518,0
2026-05-13T13:50:00+05:30,1241.8,1242.9,1241.4,1242.6,79540,0
2026-05-13T13:55:00+05:30,1242.5,1243.0,1241.3,1242.8,168965,0
2026-05-13T14:00:00+05:30,1242.7,1243.0,1241.2,1242.2,231015,0
2026-05-13T14:05:00+05:30,1241.9,1242.8,1241.9,1242.8,113938,0
2026-05-13T14:10:00+05:30,1242.7,1244.2,1242.0,1242.5,252479,0
2026-05-13T14:15:00+05:30,1242.1,1242.8,1239.1,1239.2,150408,0
2026-05-13T14:20:00+05:30,1239.2,1241.8,1238.7,1241.3,163585,0
2026-05-13T14:25:00+05:30,1241.2,1241.5,1239.2,1240.5,162366,0
2026-05-13T14:30:00+05:30,1240.1,1240.9,1239.4,1240.6,104705,0
2026-05-13T14:35:00+05:30,1240.5,1240.9,1239.2,1240.7,131054,0
2026-05-13T14:40:00+05:30,1240.7,1240.9,1239.0,1239.5,267115,0
2026-05-13T14:45:00+05:30,1239.5,1241.0,1237.7,1240.9,192613,0
2026-05-13T14:50:00+05:30,1240.6,1240.9,1239.3,1240.3,148827,0
2026-05-13T14:55:00+05:30,1239.8,1240.7,1238.9,1240.1,146907,0
2026-05-13T15:00:00+05:30,1240.0,1240.1,1235.0,1236.0,729720,0
2026-05-13T15:05:00+05:30,1235.7,1236.7,1233.7,1236.5,677327,0
2026-05-13T15:10:00+05:30,1236.2,1238.1,1234.8,1237.7,614638,0
2026-05-13T15:15:00+05:30,1237.5,1237.8,1235.3,1236.1,661033,0
2026-05-13T15:20:00+05:30,1236.1,1236.4,1234.1,1235.2,784657,0
2026-05-13T15:25:00+05:30,1234.7,1236.3,1232.0,1236.1,1149890,0
2026-05-14T09:15:00+05:30,1239.1,1247.5,1239.1,1244.8,282638,0
2026-05-14T09:20:00+05:30,1244.7,1247.0,1244.7,1246.0,139139,0
2026-05-14T09:25:00+05:30,1246.0,1248.8,1245.5,1248.5,68287,0
2026-05-14T09:30:00+05:30,1248.4,1248.9,1245.2,1245.8,156432,0
2026-05-14T09:35:00+05:30,1246.0,1246.0,1244.1,1244.7,63907,0
2026-05-14T09:40:00+05:30,1244.7,1244.8,1242.4,1242.8,79512,0
2026-05-14T09:45:00+05:30,1242.8,1244.0,1242.2,1242.6,88430,0
2026-05-14T09:50:00+05:30,1242.7,1243.2,1241.9,1242.5,249990,0
2026-05-14T09:55:00+05:30,1242.5,1243.3,1238.6,1240.0,434469,0
2026-05-14T10:00:00+05:30,1240.2,1241.1,1239.4,1241.1,72547,0
2026-05-14T10:05:00+05:30,1241.1,1241.2,1238.2,1239.9,53665,0
2026-05-14T10:10:00+05:30,1239.9,1241.2,1239.2,1241.1,108688,0
2026-05-14T10:15:00+05:30,1241.1,1242.0,1240.2,1242.0,96452,0
2026-05-14T10:20:00+05:30,1242.0,1242.5,1239.5,1241.0,78555,0
2026-05-14T10:25:00+05:30,1241.1,1242.0,1240.2,1242.0,86740,0
2026-05-14T10:30:00+05:30,1242.0,1243.0,1241.2,1242.4,91678,0
2026-05-14T10:35:00+05:30,1242.4,1242.9,1241.6,1241.8,102439,0
2026-05-14T10:40:00+05:30,1241.7,1242.5,1239.5,1239.7,128497,0
2026-05-14T10:45:00+05:30,1239.8,1239.8,1236.2,1237.2,109191,0
2026-05-14T10:50:00+05:30,1237.4,1240.5,1236.6,1239.9,151473,0
2026-05-14T10:55:00+05:30,1239.9,1239.9,1236.0,1236.6,56297,0
2026-05-14T11:00:00+05:30,1236.8,1238.3,1236.4,1237.4,76207,0
2026-05-14T11:05:00+05:30,1237.4,1238.0,1236.8,1237.9,57015,0
2026-05-14T11:10:00+05:30,1237.9,1239.3,1237.6,1239.1,90985,0
2026-05-14T11:15:00+05:30,1239.1,1241.1,1239.0,1241.1,185027,0
2026-05-14T11:20:00+05:30,1241.1,1244.4,1240.7,1244.1,621087,0
2026-05-14T11:25:00+05:30,1244.2,1245.6,1241.4,1244.3,385840,0
2026-05-14T11:30:00+05:30,1244.3,1247.6,1244.2,1246.8,615671,0
2026-05-14T11:35:00+05:30,1246.8,1251.8,1246.7,1251.5,771108,0
2026-05-14T11:40:00+05:30,1251.5,1254.6,1249.5,1254.4,724176,0
2026-05-14T11:45:00+05:30,1254.5,1256.4,1250.8,1252.9,391091,0
2026-05-14T11:50:00+05:30,1253.2,1255.7,1251.0,1251.0,180573,0
2026-05-14T11:55:00+05:30,1251.2,1253.5,1251.0,1252.5,98258,0
2026-05-14T12:00:00+05:30,1252.8,1255.0,1252.1,1253.2,198689,0
2026-05-14T12:05:00+05:30,1253.1,1254.7,1252.6,1254.0,120270,0
2026-05-14T12:10:00+05:30,1254.0,1254.9,1252.2,1254.9,116765,0
2026-05-14T12:15:00+05:30,1254.9,1256.7,1254.2,1254.9,114186,0
2026-05-14T12:20:00+05:30,1255.3,1256.0,1253.2,1254.5,81828,0
2026-05-14T12:25:00+05:30,1254.6,1256.7,1254.1,1254.9,175718,0
2026-05-14T12:30:00+05:30,1255.3,1256.1,1252.5,1253.5,116172,0
2026-05-14T12:35:00+05:30,1253.5,1254.5,1251.9,1252.5,102993,0
2026-05-14T12:40:00+05:30,1252.7,1253.4,1251.5,1253.1,162485,0
2026-05-14T12:45:00+05:30,1252.9,1253.4,1251.8,1253.0,164303,0
2026-05-14T12:50:00+05:30,1253.0,1253.0,1249.3,1250.0,99779,0
2026-05-14T12:55:00+05:30,1250.1,1251.3,1249.8,1249.9,74204,0
2026-05-14T13:00:00+05:30,1249.9,1252.0,1249.3,1251.5,188651,0
2026-05-14T13:05:00+05:30,1251.5,1252.2,1250.1,1251.2,125487,0
2026-05-14T13:10:00+05:30,1251.2,1252.2,1249.4,1251.8,149196,0
2026-05-14T13:15:00+05:30,1251.7,1252.3,1250.1,1251.2,108283,0
2026-05-14T13:20:00+05:30,1251.2,1251.9,1250.2,1250.2,94372,0
2026-05-14T13:25:00+05:30,1250.2,1251.0,1249.8,1250.7,108145,0
2026-05-14T13:30:00+05:30,1250.7,1252.4,1249.8,1251.5,145216,0
2026-05-14T13:35:00+05:30,1251.5,1255.0,1250.9,1253.4,129729,0
2026-05-14T13:40:00+05:30,1253.4,1256.1,1252.8,1255.8,643449,0
2026-05-14T13:45:00+05:30,1255.8,1256.7,1252.5,1253.7,651306,0
2026-05-14T13:50:00+05:30,1253.7,1254.2,1251.1,1253.1,200636,0
2026-05-14T13:55:00+05:30,1253.5,1254.9,1252.0,1253.9,263753,0
2026-05-14T14:00:00+05:30,1253.8,1254.0,1251.8,1252.9,78589,0
2026-05-14T14:05:00+05:30,1253.0,1254.3,1252.0,1253.6,152224,0
2026-05-14T14:10:00+05:30,1253.4,1253.9,1251.6,1251.9,75210,0
2026-05-14T14:15:00+05:30,1252.0,1253.6,1251.2,1251.4,151350,0
2026-05-14T14:20:00+05:30,1251.4,1253.1,1251.2,1252.3,146649,0
2026-05-14T14:25:00+05:30,1252.4,1253.5,1252.1,1252.6,88435,0
2026-05-14T14:30:00+05:30,1252.6,1254.0,1252.1,1252.8,144729,0
2026-05-14T14:35:00+05:30,1252.4,1254.0,1251.3,1253.4,329498,0
2026-05-14T14:40:00+05:30,1253.4,1254.1,1251.6,1252.4,262473,0
2026-05-14T14:45:00+05:30,1252.5,1252.9,1249.7,1249.8,187068,0
2026-05-14T14:50:00+05:30,1249.8,1252.0,1249.8,1250.5,190744,0
2026-05-14T14:55:00+05:30,1250.5,1252.3,1250.1,1251.1,99890,0
2026-05-14T15:00:00+05:30,1251.1,1251.2,1248.0,1249.8,589859,0
2026-05-14T15:05:00+05:30,1249.7,1249.8,1244.2,1244.5,871790,0
2026-05-14T15:10:00+05:30,1244.9,1245.4,1242.4,1243.1,750266,0
2026-05-14T15:15:00+05:30,1243.0,1245.1,1241.8,1244.3,413201,0
2026-05-14T15:20:00+05:30,1244.5,1245.9,1243.4,1245.8,347079,0
2026-05-14T15:25:00+05:30,1245.6,1250.0,1244.7,1248.7,300002,0
2026-05-15T09:15:00+05:30,1246.6,1258.0,1243.3,1246.5,717616,0
2026-05-15T09:20:00+05:30,1246.6,1248.2,1243.4,1247.9,197391,0
2026-05-15T09:25:00+05:30,1248.0,1249.0,1246.5,1247.6,156212,0
2026-05-15T09:30:00+05:30,1247.7,1252.0,1247.0,1249.8,243826,0
2026-05-15T09:35:00+05:30,1249.6,1250.8,1248.2,1250.4,91229,0
2026-05-15T09:40:00+05:30,1250.6,1252.6,1250.0,1251.9,151812,0
2026-05-15T09:45:00+05:30,1252.0,1252.9,1250.0,1250.1,123880,0
2026-05-15T09:50:00+05:30,1250.2,1250.4,1248.2,1249.4,120526,0
2026-05-15T09:55:00+05:30,1249.6,1250.5,1248.6,1249.0,51524,0
2026-05-15T10:00:00+05:30,1249.4,1251.4,1248.2,1250.9,141319,0
2026-05-15T10:05:00+05:30,1250.5,1250.8,1248.4,1249.2,62929,0
2026-05-15T10:10:00+05:30,1249.7,1250.8,1249.2,1250.4,42664,0
2026-05-15T10:15:00+05:30,1250.4,1251.4,1249.2,1250.5,169877,0
2026-05-15T10:20:00+05:30,1250.5,1251.2,1250.0,1250.5,80744,0
2026-05-15T10:25:00+05:30,1250.5,1252.0,1250.0,1250.6,102310,0
2026-05-15T10:30:00+05:30,1250.7,1250.7,1249.4,1250.0,98207,0
2026-05-15T10:35:00+05:30,1250.1,1250.2,1249.1,1249.9,56729,0
2026-05-15T10:40:00+05:30,1249.9,1250.2,1249.2,1250.0,40879,0
2026-05-15T10:45:00+05:30,1250.1,1251.3,1249.8,1250.9,52788,0
2026-05-15T10:50:00+05:30,1251.0,1251.1,1250.0,1250.6,24017,0
2026-05-15T10:55:00+05:30,1250.5,1251.0,1250.0,1250.4,19347,0
2026-05-15T11:00:00+05:30,1250.4,1250.6,1249.0,1249.2,61408,0
2026-05-15T11:05:00+05:30,1249.2,1249.4,1245.8,1246.1,86552,0
2026-05-15T11:10:00+05:30,1246.3,1247.6,1245.0,1245.8,88866,0
2026-05-15T11:15:00+05:30,1245.8,1247.1,1244.1,1245.9,121078,0
2026-05-15T11:20:00+05:30,1245.9,1246.8,1244.4,1245.1,106994,0
2026-05-15T11:25:00+05:30,1245.2,1246.3,1244.5,1245.1,136135,0
2026-05-15T11:30:00+05:30,1245.1,1246.4,1242.5,1246.4,95429,0
2026-05-15T11:35:00+05:30,1246.2,1247.2,1245.5,1246.9,53212,0
2026-05-15T11:40:00+05:30,1246.9,1247.2,1245.5,1246.3,39408,0
2026-05-15T11:45:00+05:30,1246.4,1247.3,1245.2,1246.1,554047,0
2026-05-15T11:50:00+05:30,1246.2,1247.0,1245.5,1245.9,32133,0
2026-05-15T11:55:00+05:30,1246.0,1246.5,1244.7,1246.0,50380,0
2026-05-15T12:00:00+05:30,1246.2,1248.5,1245.5,1248.1,34035,0
2026-05-15T12:05:00+05:30,1248.1,1249.1,1248.0,1248.2,48376,0
2026-05-15T12:10:00+05:30,1248.3,1249.1,1247.8,1248.0,51575,0
2026-05-15T12:15:00+05:30,1248.1,1248.6,1246.6,1247.3,289604,0
2026-05-15T12:20:00+05:30,1247.2,1248.4,1246.5,1248.0,51498,0
2026-05-15T12:25:00+05:30,1248.0,1248.6,1247.1,1248.0,96320,0
2026-05-15T12:30:00+05:30,1248.0,1249.5,1247.1,1248.9,614188,0
2026-05-15T12:35:00+05:30,1249.0,1249.0,1248.4,1248.9,47453,0
2026-05-15T12:40:00+05:30,1248.9,1251.0,1248.8,1250.2,85484,0
2026-05-15T12:45:00+05:30,1250.2,1251.0,1250.2,1250.7,105682,0
2026-05-15T12:50:00+05:30,1250.7,1251.0,1250.0,1250.1,48063,0
2026-05-15T12:55:00+05:30,1250.1,1250.9,1250.0,1250.9,42977,0
2026-05-15T13:00:00+05:30,1250.8,1251.8,1250.5,1251.0,56605,0
2026-05-15T13:05:00+05:30,1251.0,1251.2,1250.3,1250.9,32556,0
2026-05-15T13:10:00+05:30,1250.9,1251.0,1250.5,1251.0,21319,0
2026-05-15T13:15:00+05:30,1251.0,1252.6,1250.2,1252.5,422575,0
2026-05-15T13:20:00+05:30,1252.6,1252.8,1251.1,1252.0,59743,0
2026-05-15T13:25:00+05:30,1252.0,1252.3,1251.3,1252.0,50821,0
2026-05-15T13:30:00+05:30,1252.0,1252.0,1251.2,1251.6,27607,0
2026-05-15T13:35:00+05:30,1251.6,1251.6,1250.2,1250.6,29310,0
2026-05-15T13:40:00+05:30,1250.7,1250.7,1250.0,1250.5,69665,0
2026-05-15T13:45:00+05:30,1250.5,1251.3,1249.0,1250.1,140873,0
2026-05-15T13:50:00+05:30,1250.1,1251.9,1248.7,1251.6,395083,0
2026-05-15T13:55:00+05:30,1251.6,1251.9,1250.2,1251.0,47033,0
2026-05-15T14:00:00+05:30,1251.0,1251.0,1250.0,1250.0,54532,0
2026-05-15T14:05:00+05:30,1250.1,1251.0,1250.0,1250.9,49534,0
2026-05-15T14:10:00+05:30,1250.9,1251.4,1250.4,1251.0,32079,0
2026-05-15T14:15:00+05:30,1251.0,1252.3,1250.9,1251.9,182559,0
2026-05-15T14:20:00+05:30,1251.9,1252.0,1250.5,1250.8,35989,0
2026-05-15T14:25:00+05:30,1250.8,1251.0,1250.0,1250.0,367953,0
2026-05-15T14:30:00+05:30,1250.3,1251.1,1249.9,1250.5,179408,0
2026-05-15T14:35:00+05:30,1250.5,1250.6,1249.7,1250.2,224846,0
2026-05-15T14:40:00+05:30,1250.3,1250.6,1250.0,1250.3,71381,0
2026-05-15T14:45:00+05:30,1250.2,1250.7,1249.2,1249.7,335675,0
2026-05-15T14:50:00+05:30,1249.6,1249.7,1245.3,1246.4,246575,0
2026-05-15T14:55:00+05:30,1246.4,1249.9,1245.2,1248.6,616940,0
2026-05-15T15:00:00+05:30,1248.6,1248.8,1243.6,1244.8,520304,0
2026-05-15T15:05:00+05:30,1245.0,1245.2,1242.0,1242.9,458010,0
2026-05-15T15:10:00+05:30,1242.9,1243.9,1242.2,1243.5,284950,0
2026-05-15T15:15:00+05:30,1243.5,1244.8,1242.0,1244.4,249432,0
2026-05-15T15:20:00+05:30,1244.6,1245.4,1243.4,1244.6,188626,0
2026-05-15T15:25:00+05:30,1245.0,1247.9,1244.3,1247.9,438229,0
2026-05-18T09:15:00+05:30,1235.5,1239.8,1232.0,1235.9,427107,0
2026-05-18T09:20:00+05:30,1235.9,1240.8,1235.0,1239.8,143464,0
2026-05-18T09:25:00+05:30,1239.8,1239.9,1237.6,1238.0,97169,0
2026-05-18T09:30:00+05:30,1238.0,1238.8,1236.8,1238.1,185618,0
2026-05-18T09:35:00+05:30,1238.1,1238.7,1236.7,1237.1,139227,0
2026-05-18T09:40:00+05:30,1237.2,1237.5,1236.0,1237.0,93966,0
2026-05-18T09:45:00+05:30,1237.2,1237.7,1234.6,1234.6,68644,0
2026-05-18T09:50:00+05:30,1234.7,1236.0,1233.3,1233.6,100978,0
2026-05-18T09:55:00+05:30,1233.8,1235.4,1233.2,1235.4,83944,0
2026-05-18T10:00:00+05:30,1235.4,1236.5,1234.0,1235.1,93645,0
2026-05-18T10:05:00+05:30,1235.1,1235.5,1234.3,1234.4,74619,0
2026-05-18T10:10:00+05:30,1234.4,1235.4,1234.0,1234.8,98159,0
2026-05-18T10:15:00+05:30,1234.8,1235.5,1234.4,1235.4,73735,0
2026-05-18T10:20:00+05:30,1235.5,1236.3,1234.6,1235.6,129400,0
2026-05-18T10:25:00+05:30,1235.9,1235.9,1235.5,1235.5,58507,0
2026-05-18T10:30:00+05:30,1235.6,1236.5,1234.4,1236.5,151425,0
2026-05-18T10:35:00+05:30,1236.1,1236.7,1235.3,1235.5,162226,0
2026-05-18T10:40:00+05:30,1235.6,1236.1,1235.5,1235.8,62138,0
2026-05-18T10:45:00+05:30,1235.8,1237.7,1235.4,1237.4,88608,0
2026-05-18T10:50:00+05:30,1237.4,1238.0,1235.9,1236.8,80709,0
2026-05-18T10:55:00+05:30,1236.8,1238.5,1236.6,1237.3,114110,0
2026-05-18T11:00:00+05:30,1237.3,1237.4,1236.3,1236.5,91948,0
2026-05-18T11:05:00+05:30,1236.5,1237.7,1236.3,1237.2,85723,0
2026-05-18T11:10:00+05:30,1237.2,1237.3,1236.6,1236.9,69546,0
2026-05-18T11:15:00+05:30,1236.9,1238.5,1236.7,1237.2,180062,0
2026-05-18T11:20:00+05:30,1237.3,1237.5,1236.2,1237.4,131354,0
2026-05-18T11:25:00+05:30,1237.4,1238.4,1236.5,1236.9,103002,0
2026-05-18T11:30:00+05:30,1237.0,1242.0,1236.8,1241.5,342183,0
2026-05-18T11:35:00+05:30,1241.5,1243.3,1241.0,1243.0,379340,0
2026-05-18T11:40:00+05:30,1243.0,1243.0,1239.9,1240.0,87259,0
2026-05-18T11:45:00+05:30,1240.0,1240.1,1237.5,1239.5,67297,0
2026-05-18T11:50:00+05:30,1239.4,1239.4,1237.5,1237.6,55690,0
2026-05-18T11:55:00+05:30,1237.7,1237.8,1235.7,1235.8,87737,0
2026-05-18T12:00:00+05:30,1235.8,1237.0,1234.7,1236.7,109151,0
2026-05-18T12:05:00+05:30,1236.7,1238.2,1236.4,1237.8,134280,0
2026-05-18T12:10:00+05:30,1237.8,1239.0,1237.4,1238.4,158414,0
2026-05-18T12:15:00+05:30,1238.5,1238.6,1237.0,1237.6,110625,0
2026-05-18T12:20:00+05:30,1237.6,1238.5,1237.4,1238.2,100512,0
2026-05-18T12:25:00+05:30,1238.2,1238.9,1237.9,1238.3,97817,0
2026-05-18T12:30:00+05:30,1238.2,1239.9,1238.2,1239.9,239105,0
2026-05-18T12:35:00+05:30,1239.9,1242.9,1239.6,1242.3,142849,0
2026-05-18T12:40:00+05:30,1242.3,1243.0,1241.0,1241.2,119425,0
2026-05-18T12:45:00+05:30,1241.3,1242.9,1240.8,1242.1,82525,0
2026-05-18T12:50:00+05:30,1242.2,1242.8,1242.1,1242.3,89654,0
2026-05-18T12:55:00+05:30,1242.3,1245.9,1242.2,1245.6,631005,0
2026-05-18T13:00:00+05:30,1245.6,1246.2,1245.0,1245.2,193462,0
2026-05-18T13:05:00+05:30,1245.2,1245.4,1243.7,1244.1,65962,0
2026-05-18T13:10:00+05:30,1243.9,1246.8,1242.9,1246.5,587547,0
2026-05-18T13:15:00+05:30,1246.5,1247.8,1246.0,1247.5,323530,0
2026-05-18T13:20:00+05:30,1247.4,1247.5,1245.0,1247.2,111072,0
2026-05-18T13:25:00+05:30,1247.2,1247.4,1245.9,1247.3,75878,0
2026-05-18T13:30:00+05:30,1247.4,1248.7,1247.4,1248.3,90905,0
2026-05-18T13:35:00+05:30,1248.7,1248.9,1246.3,1246.3,78223,0
2026-05-18T13:40:00+05:30,1246.4,1248.4,1245.7,1247.3,119626,0
2026-05-18T13:45:00+05:30,1247.3,1248.1,1246.8,1247.9,90432,0
2026-05-18T13:50:00+05:30,1248.2,1248.7,1247.5,1248.6,90711,0
2026-05-18T13:55:00+05:30,1248.7,1249.3,1247.9,1248.7,228952,0
2026-05-18T14:00:00+05:30,1248.7,1251.3,1248.3,1250.1,191680,0
2026-05-18T14:05:00+05:30,1250.1,1251.1,1249.7,1250.0,75672,0
2026-05-18T14:10:00+05:30,1250.1,1251.1,1248.8,1249.6,305248,0
2026-05-18T14:15:00+05:30,1249.6,1250.8,1248.9,1249.9,91221,0
2026-05-18T14:20:00+05:30,1249.9,1250.6,1249.0,1250.0,122146,0
2026-05-18T14:25:00+05:30,1250.0,1251.5,1249.0,1250.3,350055,0
2026-05-18T14:30:00+05:30,1250.4,1250.4,1247.7,1247.7,148445,0
2026-05-18T14:35:00+05:30,1247.7,1249.1,1247.7,1248.4,69849,0
2026-05-18T14:40:00+05:30,1248.3,1249.4,1247.8,1249.0,354664,0
2026-05-18T14:45:00+05:30,1248.9,1249.4,1248.0,1248.8,115089,0
2026-05-18T14:50:00+05:30,1248.8,1249.0,1246.5,1248.6,70336,0
2026-05-18T14:55:00+05:30,1248.7,1248.7,1246.9,1248.0,579129,0
2026-05-18T15:00:00+05:30,1248.0,1253.7,1248.0,1252.1,967745,0
2026-05-18T15:05:00+05:30,1251.9,1253.0,1249.0,1251.0,478772,0
2026-05-18T15:10:00+05:30,1250.9,1251.1,1248.7,1248.9,354641,0
2026-05-18T15:15:00+05:30,1248.9,1250.0,1248.6,1249.4,273184,0
2026-05-18T15:20:00+05:30,1249.4,1251.9,1249.1,1251.7,304097,0
2026-05-18T15:25:00+05:30,1251.7,1253.6,1250.1,1251.7,244153,0
2026-05-19T09:15:00+05:30,1251.1,1256.3,1251.0,1251.9,271129,0
2026-05-19T09:20:00+05:30,1251.9,1252.3,1248.6,1249.7,230371,0
2026-05-19T09:25:00+05:30,1249.7,1250.7,1246.2,1246.8,222400,0
2026-05-19T09:30:00+05:30,1246.8,1247.0,1242.6,1242.8,203847,0
2026-05-19T09:35:00+05:30,1242.7,1245.3,1241.8,1245.3,408403,0
2026-05-19T09:40:00+05:30,1245.3,1247.0,1244.2,1244.8,370909,0
2026-05-19T09:45:00+05:30,1244.8,1244.8,1238.4,1239.4,253597,0
2026-05-19T09:50:00+05:30,1239.4,1240.3,1229.8,1237.0,20077362,0
2026-05-19T09:55:00+05:30,1237.0,1238.8,1236.0,1236.8,320448,0
2026-05-19T10:00:00+05:30,1236.9,1240.8,1236.7,1237.9,228081,0
2026-05-19T10:05:00+05:30,1237.9,1240.0,1237.0,1239.3,312691,0
2026-05-19T10:10:00+05:30,1239.7,1243.0,1239.3,1242.3,189829,0
2026-05-19T10:15:00+05:30,1242.5,1243.7,1240.5,1240.5,218377,0
2026-05-19T10:20:00+05:30,1240.6,1241.9,1240.1,1240.9,120487,0
2026-05-19T10:25:00+05:30,1240.9,1242.8,1240.6,1242.5,99534,0
2026-05-19T10:30:00+05:30,1242.7,1243.0,1240.5,1242.0,143298,0
2026-05-19T10:35:00+05:30,1242.0,1242.2,1240.3,1242.2,98518,0
2026-05-19T10:40:00+05:30,1242.1,1242.8,1240.7,1242.7,220677,0
2026-05-19T10:45:00+05:30,1242.7,1242.8,1240.9,1241.8,103049,0
2026-05-19T10:50:00+05:30,1241.8,1242.3,1240.0,1241.4,138555,0
2026-05-19T10:55:00+05:30,1241.3,1242.8,1240.9,1242.2,76807,0
2026-05-19T11:00:00+05:30,1242.2,1242.2,1240.2,1240.9,115579,0
2026-05-19T11:05:00+05:30,1240.9,1240.9,1238.4,1239.3,237399,0
2026-05-19T11:10:00+05:30,1239.3,1240.9,1238.1,1240.1,136717,0
2026-05-19T11:15:00+05:30,1240.1,1240.2,1237.6,1238.9,137404,0
2026-05-19T11:20:00+05:30,1238.9,1239.1,1237.4,1238.0,131285,0
2026-05-19T11:25:00+05:30,1238.0,1238.5,1237.0,1237.8,166522,0
2026-05-19T11:30:00+05:30,1237.8,1238.4,1236.9,1237.7,161479,0
2026-05-19T11:35:00+05:30,1238.2,1239.4,1237.1,1239.2,290553,0
2026-05-19T11:40:00+05:30,1239.2,1242.0,1238.6,1241.8,154835,0
2026-05-19T11:45:00+05:30,1241.8,1242.4,1241.2,1242.2,166400,0
2026-05-19T11:50:00+05:30,1242.2,1243.5,1242.0,1243.1,138522,0
2026-05-19T11:55:00+05:30,1243.1,1243.5,1242.1,1242.8,179450,0
2026-05-19T12:00:00+05:30,1242.8,1243.0,1241.0,1242.6,141980,0
2026-05-19T12:05:00+05:30,1242.6,1243.2,1241.1,1242.9,222510,0
2026-05-19T12:10:00+05:30,1242.8,1243.3,1241.4,1242.0,376671,0
2026-05-19T12:15:00+05:30,1242.0,1242.9,1241.2,1242.9,84018,0
2026-05-19T12:20:00+05:30,1242.8,1243.3,1241.3,1242.3,53117,0
2026-05-19T12:25:00+05:30,1242.3,1245.9,1241.6,1245.4,389252,0
2026-05-19T12:30:00+05:30,1245.5,1245.7,1242.7,1244.7,279775,0
2026-05-19T12:35:00+05:30,1244.7,1245.0,1244.0,1244.6,76036,0
2026-05-19T12:40:00+05:30,1244.8,1245.5,1244.2,1245.4,76451,0
2026-05-19T12:45:00+05:30,1245.4,1246.7,1245.0,1246.0,109206,0
2026-05-19T12:50:00+05:30,1246.5,1248.5,1245.0,1248.5,1478576,0
2026-05-19T12:55:00+05:30,1248.5,1248.7,1247.1,1247.8,74168,0
2026-05-19T13:00:00+05:30,1247.7,1248.3,1245.6,1246.7,99461,0
2026-05-19T13:05:00+05:30,1246.7,1247.0,1245.0,1246.4,92381,0
2026-05-19T13:10:00+05:30,1246.4,1246.7,1244.6,1245.4,175821,0
2026-05-19T13:15:00+05:30,1245.4,1246.8,1244.6,1246.0,93535,0
2026-05-19T13:20:00+05:30,1246.0,1246.7,1244.7,1246.7,127784,0
2026-05-19T13:25:00+05:30,1246.7,1246.8,1245.3,1246.2,100168,0
2026-05-19T13:30:00+05:30,1246.2,1247.8,1245.3,1245.9,149669,0
2026-05-19T13:35:00+05:30,1245.9,1246.6,1243.6,1246.2,284273,0
2026-05-19T13:40:00+05:30,1246.2,1246.3,1244.3,1245.5,272651,0
2026-05-19T13:45:00+05:30,1245.5,1247.6,1245.1,1246.7,582543,0
2026-05-19T13:50:00+05:30,1246.4,1247.5,1245.6,1247.0,249539,0
2026-05-19T13:55:00+05:30,1247.0,1247.0,1245.1,1246.6,323004,0
2026-05-19T14:00:00+05:30,1246.6,1247.4,1245.2,1247.4,347623,0
2026-05-19T14:05:00+05:30,1247.4,1248.4,1245.6,1246.4,186813,0
2026-05-19T14:10:00+05:30,1246.3,1247.6,1245.3,1246.5,207983,0
2026-05-19T14:15:00+05:30,1246.5,1248.0,1245.4,1245.7,320313,0
2026-05-19T14:20:00+05:30,1245.7,1247.2,1244.6,1245.7,295036,0
2026-05-19T14:25:00+05:30,1245.7,1248.0,1244.6,1246.0,314019,0
2026-05-19T14:30:00+05:30,1246.0,1247.6,1245.7,1247.1,108917,0
2026-05-19T14:35:00+05:30,1247.0,1247.2,1245.3,1246.7,141458,0
2026-05-19T14:40:00+05:30,1246.7,1247.5,1244.6,1245.4,179992,0
2026-05-19T14:45:00+05:30,1245.4,1245.4,1242.3,1243.4,290317,0
2026-05-19T14:50:00+05:30,1243.4,1244.4,1240.9,1241.7,437406,0
2026-05-19T14:55:00+05:30,1241.7,1243.6,1240.9,1243.2,203834,0
2026-05-19T15:00:00+05:30,1243.2,1243.6,1239.5,1240.1,834378,0
2026-05-19T15:05:00+05:30,1240.1,1242.2,1239.3,1239.8,899282,0
2026-05-19T15:10:00+05:30,1239.8,1241.2,1237.1,1240.9,853617,0
2026-05-19T15:15:00+05:30,1240.9,1243.5,1240.7,1242.7,423704,0
2026-05-19T15:20:00+05:30,1242.8,1243.3,1240.1,1240.4,325832,0
2026-05-19T15:25:00+05:30,1240.4,1243.0,1240.1,1242.5,241310,0
2026-05-20T09:15:00+05:30,1230.0,1230.6,1223.3,1227.8,474984,0
2026-05-20T09:20:00+05:30,1227.9,1227.9,1225.5,1226.3,211650,0
2026-05-20T09:25:00+05:30,1226.3,1230.7,1225.6,1229.8,140541,0
2026-05-20T09:30:00+05:30,1230.2,1233.0,1228.8,1232.9,121014,0
2026-05-20T09:35:00+05:30,1232.9,1232.9,1231.0,1232.8,85255,0
2026-05-20T09:40:00+05:30,1232.8,1233.6,1231.3,1233.1,143910,0
2026-05-20T09:45:00+05:30,1233.6,1234.0,1231.7,1231.9,147185,0
2026-05-20T09:50:00+05:30,1231.9,1232.7,1229.9,1230.3,152216,0
2026-05-20T09:55:00+05:30,1230.3,1232.3,1228.8,1231.9,106466,0
2026-05-20T10:00:00+05:30,1232.1,1232.7,1229.8,1230.7,113576,0
2026-05-20T10:05:00+05:30,1230.7,1231.1,1229.2,1229.5,99669,0
2026-05-20T10:10:00+05:30,1229.5,1230.4,1229.0,1230.0,58882,0
2026-05-20T10:15:00+05:30,1230.1,1231.3,1229.5,1230.7,94413,0
2026-05-20T10:20:00+05:30,1230.5,1231.2,1227.2,1228.8,82219,0
2026-05-20T10:25:00+05:30,1228.8,1231.5,1228.0,1231.1,118003,0
2026-05-20T10:30:00+05:30,1231.5,1233.4,1231.1,1232.6,114022,0
2026-05-20T10:35:00+05:30,1232.3,1233.0,1231.1,1232.1,116674,0
2026-05-20T10:40:00+05:30,1232.1,1232.1,1230.3,1230.8,80869,0
2026-05-20T10:45:00+05:30,1230.9,1231.0,1228.6,1229.4,78514,0
2026-05-20T10:50:00+05:30,1229.4,1231.3,1229.1,1231.0,59547,0
2026-05-20T10:55:00+05:30,1231.0,1231.0,1230.2,1230.7,55434,0
2026-05-20T11:00:00+05:30,1230.9,1233.4,1230.8,1233.1,186046,0
2026-05-20T11:05:00+05:30,1233.0,1235.4,1232.9,1234.3,318865,0
2026-05-20T11:10:00+05:30,1234.4,1235.0,1233.0,1233.1,86392,0
2026-05-20T11:15:00+05:30,1233.0,1233.1,1232.1,1232.7,60310,0
2026-05-20T11:20:00+05:30,1232.8,1234.7,1232.0,1232.8,86683,0
2026-05-20T11:25:00+05:30,1232.8,1234.3,1232.2,1233.7,69535,0
2026-05-20T11:30:00+05:30,1233.7,1235.8,1233.6,1235.0,142627,0
2026-05-20T11:35:00+05:30,1235.0,1235.6,1234.1,1234.8,84571,0
2026-05-20T11:40:00+05:30,1234.5,1234.9,1233.0,1233.6,62316,0
2026-05-20T11:45:00+05:30,1233.6,1236.0,1233.3,1235.2,128654,0
2026-05-20T11:50:00+05:30,1235.2,1235.8,1233.8,1234.5,625535,0
2026-05-20T11:55:00+05:30,1234.5,1235.2,1232.4,1232.4,157818,0
2026-05-20T12:00:00+05:30,1232.6,1233.1,1230.4,1230.7,114359,0
2026-05-20T12:05:00+05:30,1230.9,1231.9,1230.0,1230.3,120125,0
2026-05-20T12:10:00+05:30,1230.4,1232.0,1230.4,1231.2,135531,0
2026-05-20T12:15:00+05:30,1231.5,1233.0,1231.0,1231.2,52597,0
2026-05-20T12:20:00+05:30,1231.3,1233.7,1231.2,1232.7,72368,0
2026-05-20T12:25:00+05:30,1232.8,1233.0,1230.5,1231.4,141082,0
2026-05-20T12:30:00+05:30,1231.4,1232.1,1231.1,1231.1,72814,0
2026-05-20T12:35:00+05:30,1231.1,1232.7,1230.6,1232.3,63537,0
2026-05-20T12:40:00+05:30,1232.3,1232.4,1229.5,1230.3,135078,0
2026-05-20T12:45:00+05:30,1230.8,1231.5,1230.5,1230.8,42540,0
2026-05-20T12:50:00+05:30,1230.9,1231.4,1230.0,1230.5,53361,0
2026-05-20T12:55:00+05:30,1230.8,1231.9,1230.4,1230.8,150984,0
2026-05-20T13:00:00+05:30,1231.1,1231.9,1230.7,1230.8,51285,0
2026-05-20T13:05:00+05:30,1230.9,1231.6,1230.3,1230.9,62236,0
2026-05-20T13:10:00+05:30,1231.0,1231.5,1228.9,1229.3,559099,0
2026-05-20T13:15:00+05:30,1229.5,1230.1,1228.1,1228.6,352421,0
2026-05-20T13:20:00+05:30,1228.6,1229.8,1228.3,1229.1,83745,0
2026-05-20T13:25:00+05:30,1229.2,1229.7,1226.4,1227.3,709159,0
2026-05-20T13:30:00+05:30,1227.4,1230.1,1227.3,1228.9,300494,0
2026-05-20T13:35:00+05:30,1229.3,1230.7,1227.6,1228.4,657898,0
2026-05-20T13:40:00+05:30,1228.3,1229.0,1227.8,1228.5,118342,0
2026-05-20T13:45:00+05:30,1228.5,1229.3,1227.5,1228.1,363733,0
2026-05-20T13:50:00+05:30,1228.4,1229.1,1227.8,1229.1,87240,0
2026-05-20T13:55:00+05:30,1229.1,1231.1,1228.8,1231.1,155067,0
2026-05-20T14:00:00+05:30,1231.1,1232.9,1230.7,1231.3,238265,0
2026-05-20T14:05:00+05:30,1231.4,1233.0,1231.3,1232.7,183628,0
2026-05-20T14:10:00+05:30,1232.7,1233.0,1231.8,1232.4,388994,0
2026-05-20T14:15:00+05:30,1232.4,1233.0,1231.4,1232.3,354979,0
2026-05-20T14:20:00+05:30,1232.2,1235.3,1231.4,1235.0,330931,0
2026-05-20T14:25:00+05:30,1235.0,1235.2,1232.8,1234.5,288181,0
2026-05-20T14:30:00+05:30,1234.5,1235.5,1233.9,1234.3,126022,0
2026-05-20T14:35:00+05:30,1234.3,1236.0,1233.8,1235.5,107533,0
2026-05-20T14:40:00+05:30,1235.6,1236.7,1235.1,1236.1,166725,0
2026-05-20T14:45:00+05:30,1236.1,1237.5,1235.9,1237.3,266992,0
2026-05-20T14:50:00+05:30,1237.4,1238.6,1236.7,1238.2,228471,0
2026-05-20T14:55:00+05:30,1238.4,1238.9,1237.6,1238.2,204719,0
2026-05-20T15:00:00+05:30,1238.4,1238.8,1236.3,1236.3,438457,0
2026-05-20T15:05:00+05:30,1236.3,1238.3,1235.5,1237.8,526084,0
2026-05-20T15:10:00+05:30,1237.9,1239.1,1236.9,1237.3,508435,0
2026-05-20T15:15:00+05:30,1237.2,1238.8,1236.2,1237.2,468687,0
2026-05-20T15:20:00+05:30,1237.3,1238.0,1236.1,1236.4,317302,0
2026-05-20T15:25:00+05:30,1237.1,1239.7,1235.5,1236.5,367719,0
2026-05-21T09:15:00+05:30,1245.3,1247.7,1241.6,1242.3,234861,0
2026-05-21T09:20:00+05:30,1242.3,1243.0,1241.1,1242.6,128207,0
2026-05-21T09:25:00+05:30,1242.6,1243.2,1241.3,1243.2,87949,0
2026-05-21T09:30:00+05:30,1243.2,1243.8,1240.3,1240.8,109560,0
2026-05-21T09:35:00+05:30,1240.9,1244.3,1239.5,1243.8,173765,0
2026-05-21T09:40:00+05:30,1243.8,1246.1,1242.4,1245.7,152142,0
2026-05-21T09:45:00+05:30,1245.7,1246.3,1244.2,1245.4,123703,0
2026-05-21T09:50:00+05:30,1245.3,1246.2,1244.2,1245.3,123162,0
2026-05-21T09:55:00+05:30,1245.6,1246.2,1243.4,1243.7,102915,0
2026-05-21T10:00:00+05:30,1243.9,1245.3,1243.6,1244.8,83732,0
2026-05-21T10:05:00+05:30,1244.9,1245.2,1242.4,1244.3,95729,0
2026-05-21T10:10:00+05:30,1244.7,1245.5,1243.5,1244.7,75230,0
2026-05-21T10:15:00+05:30,1244.8,1246.4,1244.4,1245.6,68360,0
2026-05-21T10:20:00+05:30,1245.6,1246.0,1244.8,1245.4,82760,0
2026-05-21T10:25:00+05:30,1245.3,1246.4,1244.2,1245.7,135813,0
2026-05-21T10:30:00+05:30,1245.7,1246.3,1244.8,1246.0,86183,0
2026-05-21T10:35:00+05:30,1246.0,1246.2,1243.5,1244.8,127946,0
2026-05-21T10:40:00+05:30,1244.8,1245.6,1244.1,1245.3,68328,0
2026-05-21T10:45:00+05:30,1245.3,1246.1,1244.6,1244.9,65700,0
2026-05-21T10:50:00+05:30,1244.9,1245.1,1243.2,1244.5,96067,0
2026-05-21T10:55:00+05:30,1244.5,1244.8,1242.1,1243.6,92685,0
2026-05-21T11:00:00+05:30,1244.0,1244.1,1242.0,1243.0,165727,0
2026-05-21T11:05:00+05:30,1243.1,1243.7,1242.6,1243.4,110090,0
2026-05-21T11:10:00+05:30,1243.4,1243.6,1242.0,1242.6,72472,0
2026-05-21T11:15:00+05:30,1242.8,1243.1,1239.2,1242.1,116281,0
2026-05-21T11:20:00+05:30,1242.1,1243.7,1241.2,1243.6,79105,0
2026-05-21T11:25:00+05:30,1243.7,1246.0,1243.5,1246.0,71556,0
2026-05-21T11:30:00+05:30,1246.0,1246.3,1245.0,1246.1,108871,0
2026-05-21T11:35:00+05:30,1246.1,1246.3,1245.5,1245.8,65288,0
2026-05-21T11:40:00+05:30,1246.1,1248.3,1244.9,1248.3,125482,0
2026-05-21T11:45:00+05:30,1248.3,1248.3,1246.1,1246.5,55749,0
2026-05-21T11:50:00+05:30,1246.5,1247.9,1246.2,1247.4,93733,0
2026-05-21T11:55:00+05:30,1247.4,1247.4,1245.1,1245.3,81142,0
2026-05-21T12:00:00+05:30,1245.6,1247.9,1245.1,1247.5,77840,0
2026-05-21T12:05:00+05:30,1247.5,1247.8,1246.1,1247.1,87821,0
2026-05-21T12:10:00+05:30,1247.0,1247.1,1244.5,1245.0,74471,0
2026-05-21T12:15:00+05:30,1245.0,1245.7,1243.3,1245.6,279621,0
2026-05-21T12:20:00+05:30,1245.6,1246.9,1244.3,1244.4,563063,0
2026-05-21T12:25:00+05:30,1244.5,1245.1,1241.8,1242.3,254390,0
2026-05-21T12:30:00+05:30,1242.4,1242.4,1240.7,1241.5,116229,0
2026-05-21T12:35:00+05:30,1241.7,1242.2,1239.5,1240.2,324365,0
2026-05-21T12:40:00+05:30,1240.2,1241.6,1238.0,1240.2,340208,0
2026-05-21T12:45:00+05:30,1240.2,1240.6,1237.3,1238.6,191487,0
2026-05-21T12:50:00+05:30,1239.0,1239.5,1238.0,1238.5,71599,0
2026-05-21T12:55:00+05:30,1238.5,1238.5,1235.6,1236.0,98495,0
2026-05-21T13:00:00+05:30,1236.2,1236.3,1234.4,1235.7,102342,0
2026-05-21T13:05:00+05:30,1235.8,1238.5,1235.0,1237.8,260793,0
2026-05-21T13:10:00+05:30,1237.8,1238.7,1236.4,1237.9,244134,0
2026-05-21T13:15:00+05:30,1238.0,1238.4,1236.6,1238.3,94576,0
2026-05-21T13:20:00+05:30,1238.4,1240.1,1237.3,1237.7,407044,0
2026-05-21T13:25:00+05:30,1237.7,1237.7,1236.5,1236.5,71415,0
2026-05-21T13:30:00+05:30,1236.8,1237.7,1235.5,1237.2,62748,0
2026-05-21T13:35:00+05:30,1237.5,1240.7,1237.2,1240.2,114717,0
2026-05-21T13:40:00+05:30,1240.2,1242.0,1240.0,1241.0,62984,0
2026-05-21T13:45:00+05:30,1241.1,1241.9,1239.4,1239.4,177169,0
2026-05-21T13:50:00+05:30,1239.7,1240.0,1238.0,1238.9,88979,0
2026-05-21T13:55:00+05:30,1238.8,1240.1,1238.0,1239.8,74818,0
2026-05-21T14:00:00+05:30,1240.1,1240.1,1238.5,1238.9,61865,0
2026-05-21T14:05:00+05:30,1239.0,1239.4,1237.8,1238.6,89149,0
2026-05-21T14:10:00+05:30,1238.6,1240.9,1238.4,1240.0,277256,0
2026-05-21T14:15:00+05:30,1240.0,1241.0,1239.0,1240.5,60295,0
2026-05-21T14:20:00+05:30,1240.6,1242.4,1240.5,1242.4,61683,0
2026-05-21T14:25:00+05:30,1242.4,1242.9,1239.4,1241.0,252118,0
2026-05-21T14:30:00+05:30,1241.1,1244.1,1240.5,1242.5,950158,0
2026-05-21T14:35:00+05:30,1242.5,1243.0,1241.6,1242.2,118404,0
2026-05-21T14:40:00+05:30,1242.3,1245.5,1242.1,1243.8,192632,0
2026-05-21T14:45:00+05:30,1243.7,1245.0,1243.2,1244.0,147981,0
2026-05-21T14:50:00+05:30,1244.3,1245.8,1243.6,1244.9,335318,0
2026-05-21T14:55:00+05:30,1244.9,1245.7,1243.3,1244.5,219411,0
2026-05-21T15:00:00+05:30,1244.5,1245.2,1241.9,1244.2,770884,0
2026-05-21T15:05:00+05:30,1244.7,1244.9,1241.1,1243.2,1181973,0
2026-05-21T15:10:00+05:30,1243.2,1244.8,1241.1,1241.5,814484,0
2026-05-21T15:15:00+05:30,1241.9,1242.4,1240.0,1241.5,477198,0
2026-05-21T15:20:00+05:30,1241.5,1243.0,1240.3,1242.5,337618,0
2026-05-21T15:25:00+05:30,1242.5,1244.5,1242.0,1244.4,310406,0
2026-05-22T09:15:00+05:30,1242.0,1252.0,1242.0,1251.0,219565,0
2026-05-22T09:20:00+05:30,1250.6,1259.8,1250.6,1258.6,483073,0
2026-05-22T09:25:00+05:30,1258.6,1261.2,1258.4,1261.1,326263,0
2026-05-22T09:30:00+05:30,1261.2,1264.5,1261.1,1264.5,456484,0
2026-05-22T09:35:00+05:30,1264.5,1264.8,1261.4,1261.9,301679,0
2026-05-22T09:40:00+05:30,1262.0,1263.6,1260.0,1262.7,145901,0
2026-05-22T09:45:00+05:30,1262.3,1265.0,1262.2,1263.1,151482,0
2026-05-22T09:50:00+05:30,1263.1,1264.5,1262.8,1262.8,139535,0
2026-05-22T09:55:00+05:30,1263.0,1265.0,1262.3,1264.9,148742,0
2026-05-22T10:00:00+05:30,1264.9,1265.0,1263.0,1263.8,159148,0
2026-05-22T10:05:00+05:30,1263.8,1266.4,1263.0,1265.9,219995,0
2026-05-22T10:10:00+05:30,1265.8,1267.0,1264.7,1266.5,263326,0
2026-05-22T10:15:00+05:30,1266.4,1267.8,1264.5,1265.0,213138,0
2026-05-22T10:20:00+05:30,1265.0,1265.8,1264.0,1264.1,129809,0
2026-05-22T10:25:00+05:30,1264.5,1265.1,1263.9,1264.4,129255,0
2026-05-22T10:30:00+05:30,1264.4,1264.8,1263.0,1263.5,105767,0
2026-05-22T10:35:00+05:30,1263.8,1264.8,1263.1,1264.0,83799,0
2026-05-22T10:40:00+05:30,1264.0,1265.0,1263.7,1264.5,51653,0
2026-05-22T10:45:00+05:30,1264.6,1265.1,1263.7,1265.0,82203,0
2026-05-22T10:50:00+05:30,1264.9,1265.0,1263.5,1263.9,101076,0
2026-05-22T10:55:00+05:30,1263.9,1263.9,1262.4,1263.0,75656,0
2026-05-22T11:00:00+05:30,1263.0,1263.4,1261.8,1262.6,82300,0
2026-05-22T11:05:00+05:30,1262.7,1262.8,1262.0,1262.4,56788,0
2026-05-22T11:10:00+05:30,1262.4,1263.9,1261.5,1262.9,127097,0
2026-05-22T11:15:00+05:30,1263.2,1263.4,1262.3,1262.7,55580,0
2026-05-22T11:20:00+05:30,1262.8,1262.9,1260.8,1262.0,138590,0
2026-05-22T11:25:00+05:30,1262.0,1262.2,1259.2,1260.3,140677,0
2026-05-22T11:30:00+05:30,1260.0,1260.8,1259.4,1260.0,158623,0
2026-05-22T11:35:00+05:30,1260.0,1260.8,1259.4,1260.6,129377,0
2026-05-22T11:40:00+05:30,1260.5,1264.0,1260.3,1263.8,140118,0
2026-05-22T11:45:00+05:30,1263.8,1264.9,1263.3,1264.6,88029,0
2026-05-22T11:50:00+05:30,1264.6,1264.9,1263.7,1263.9,48914,0
2026-05-22T11:55:00+05:30,1264.0,1265.3,1263.8,1265.1,60754,0
2026-05-22T12:00:00+05:30,1265.1,1265.5,1264.1,1264.6,66070,0
2026-05-22T12:05:00+05:30,1264.5,1265.5,1264.4,1265.1,79801,0
2026-05-22T12:10:00+05:30,1265.1,1267.5,1264.9,1267.1,105339,0
2026-05-22T12:15:00+05:30,1267.2,1268.4,1266.4,1267.8,141098,0
2026-05-22T12:20:00+05:30,1267.8,1268.0,1266.2,1266.5,166943,0
2026-05-22T12:25:00+05:30,1266.8,1267.0,1266.2,1266.7,82742,0
2026-05-22T12:30:00+05:30,1266.8,1267.5,1266.3,1267.0,245376,0
2026-05-22T12:35:00+05:30,1267.3,1267.3,1265.1,1265.6,109558,0
2026-05-22T12:40:00+05:30,1265.6,1267.3,1265.1,1266.6,100735,0
2026-05-22T12:45:00+05:30,1266.9,1268.0,1266.1,1268.0,70880,0
2026-05-22T12:50:00+05:30,1268.1,1270.8,1268.1,1269.2,282729,0
2026-05-22T12:55:00+05:30,1269.5,1269.6,1268.7,1269.2,144334,0
2026-05-22T13:00:00+05:30,1269.2,1270.1,1267.9,1270.1,429151,0
2026-05-22T13:05:00+05:30,1269.6,1270.2,1268.1,1268.1,117281,0
2026-05-22T13:10:00+05:30,1268.6,1269.1,1266.1,1266.6,119882,0
2026-05-22T13:15:00+05:30,1266.9,1267.2,1266.0,1267.0,71759,0
2026-05-22T13:20:00+05:30,1267.0,1268.0,1266.5,1267.6,74155,0
2026-05-22T13:25:00+05:30,1267.5,1269.0,1267.3,1268.8,103572,0
2026-05-22T13:30:00+05:30,1268.6,1269.5,1267.7,1268.9,81221,0
2026-05-22T13:35:00+05:30,1269.0,1269.8,1268.3,1269.1,87541,0
2026-05-22T13:40:00+05:30,1269.2,1269.8,1268.2,1268.9,191417,0
2026-05-22T13:45:00+05:30,1269.0,1270.7,1268.9,1269.1,119719,0
2026-05-22T13:50:00+05:30,1269.1,1269.8,1267.6,1268.8,139993,0
2026-05-22T13:55:00+05:30,1268.9,1269.4,1266.8,1268.1,335271,0
2026-05-22T14:00:00+05:30,1268.2,1269.0,1267.5,1268.2,75790,0
2026-05-22T14:05:00+05:30,1268.3,1269.2,1267.0,1268.5,115382,0
2026-05-22T14:10:00+05:30,1268.8,1269.0,1267.5,1268.1,110950,0
2026-05-22T14:15:00+05:30,1268.1,1268.8,1265.2,1265.4,100345,0
2026-05-22T14:20:00+05:30,1265.5,1266.0,1264.8,1265.7,67301,0
2026-05-22T14:25:00+05:30,1265.7,1265.7,1264.1,1264.3,92364,0
2026-05-22T14:30:00+05:30,1264.4,1265.0,1263.3,1264.2,91388,0
2026-05-22T14:35:00+05:30,1264.2,1264.3,1262.8,1263.6,72027,0
2026-05-22T14:40:00+05:30,1263.6,1264.1,1262.3,1262.7,116256,0
2026-05-22T14:45:00+05:30,1262.7,1263.3,1262.1,1263.0,114530,0
2026-05-22T14:50:00+05:30,1262.9,1263.4,1262.0,1262.5,159520,0
2026-05-22T14:55:00+05:30,1262.5,1263.6,1262.2,1263.5,102591,0
2026-05-22T15:00:00+05:30,1263.5,1263.5,1261.7,1262.6,237819,0
2026-05-22T15:05:00+05:30,1262.6,1263.3,1262.1,1262.1,230280,0
2026-05-22T15:10:00+05:30,1262.3,1264.0,1261.6,1263.9,292658,0
2026-05-22T15:15:00+05:30,1263.6,1266.0,1262.5,1264.9,373753,0
2026-05-22T15:20:00+05:30,1264.9,1267.3,1264.6,1267.1,299208,0
2026-05-22T15:25:00+05:30,1267.0,1268.9,1266.3,1267.2,220121,0
2026-05-25T09:15:00+05:30,1271.0,1284.3,1270.9,1282.7,1051172,0
2026-05-25T09:20:00+05:30,1282.7,1282.7,1278.3,1280.5,658491,0
2026-05-25T09:25:00+05:30,1280.6,1281.8,1279.3,1280.7,270412,0
2026-05-25T09:30:00+05:30,1280.7,1281.3,1278.2,1280.0,545231,0
2026-05-25T09:35:00+05:30,1280.3,1281.1,1279.0,1279.8,515751,0
2026-05-25T09:40:00+05:30,1280.3,1282.8,1279.6,1281.3,584442,0
2026-05-25T09:45:00+05:30,1281.3,1281.6,1274.5,1277.1,1051074,0
2026-05-25T09:50:00+05:30,1277.0,1278.5,1276.0,1276.7,165088,0
2026-05-25T09:55:00+05:30,1276.7,1276.7,1273.8,1274.7,94560,0
2026-05-25T10:00:00+05:30,1275.0,1277.3,1273.7,1276.4,114499,0
2026-05-25T10:05:00+05:30,1276.8,1277.7,1275.3,1276.5,59859,0
2026-05-25T10:10:00+05:30,1276.5,1276.9,1274.8,1276.7,54459,0
2026-05-25T10:15:00+05:30,1276.8,1279.5,1276.4,1278.9,140464,0
2026-05-25T10:20:00+05:30,1278.9,1279.9,1278.5,1279.0,81648,0
2026-05-25T10:25:00+05:30,1279.0,1280.1,1278.0,1280.0,79066,0
2026-05-25T10:30:00+05:30,1280.1,1282.6,1280.0,1280.9,295438,0
2026-05-25T10:35:00+05:30,1281.0,1282.5,1280.8,1282.0,239597,0
2026-05-25T10:40:00+05:30,1282.2,1282.5,1280.9,1281.5,87846,0
2026-05-25T10:45:00+05:30,1281.5,1282.5,1280.8,1281.5,149121,0
2026-05-25T10:50:00+05:30,1281.8,1281.8,1279.6,1280.2,89078,0
2026-05-25T10:55:00+05:30,1280.2,1280.3,1277.4,1278.0,129881,0
2026-05-25T11:00:00+05:30,1278.0,1280.2,1277.5,1280.2,134002,0
2026-05-25T11:05:00+05:30,1280.2,1280.3,1278.5,1279.4,110527,0
2026-05-25T11:10:00+05:30,1279.4,1280.8,1278.4,1280.7,104882,0
2026-05-25T11:15:00+05:30,1280.7,1280.7,1279.5,1280.0,64166,0
2026-05-25T11:20:00+05:30,1280.0,1280.2,1278.5,1279.9,74361,0
2026-05-25T11:25:00+05:30,1279.9,1279.9,1278.4,1279.7,97804,0
2026-05-25T11:30:00+05:30,1279.7,1280.4,1278.6,1279.1,123030,0
2026-05-25T11:35:00+05:30,1279.1,1279.7,1278.3,1279.7,83745,0
2026-05-25T11:40:00+05:30,1279.7,1280.2,1277.7,1278.8,91532,0
2026-05-25T11:45:00+05:30,1279.0,1279.9,1278.4,1279.4,73154,0
2026-05-25T11:50:00+05:30,1279.6,1280.5,1279.0,1280.2,60829,0
2026-05-25T11:55:00+05:30,1280.3,1280.7,1279.5,1279.8,81079,0
2026-05-25T12:00:00+05:30,1280.0,1280.1,1278.6,1279.8,35929,0
2026-05-25T12:05:00+05:30,1279.8,1279.9,1277.8,1278.2,78812,0
2026-05-25T12:10:00+05:30,1278.2,1278.6,1277.6,1278.2,47109,0
2026-05-25T12:15:00+05:30,1278.2,1278.5,1277.0,1278.2,83612,0
2026-05-25T12:20:00+05:30,1278.2,1278.9,1277.3,1278.2,50016,0
2026-05-25T12:25:00+05:30,1278.2,1278.5,1277.1,1277.8,40605,0
2026-05-25T12:30:00+05:30,1277.8,1278.4,1277.2,1277.7,34094,0
2026-05-25T12:35:00+05:30,1277.7,1278.8,1277.7,1278.0,39471,0
2026-05-25T12:40:00+05:30,1278.0,1278.7,1277.1,1277.5,40977,0
2026-05-25T12:45:00+05:30,1277.4,1278.4,1276.9,1277.5,67795,0
2026-05-25T12:50:00+05:30,1277.6,1279.8,1276.4,1277.8,150944,0
2026-05-25T12:55:00+05:30,1278.0,1278.7,1277.0,1278.3,45379,0
2026-05-25T13:00:00+05:30,1278.6,1281.3,1278.0,1281.0,83542,0
2026-05-25T13:05:00+05:30,1281.0,1281.6,1280.1,1280.9,86563,0
2026-05-25T13:10:00+05:30,1281.1,1282.0,1280.9,1281.3,132801,0
2026-05-25T13:15:00+05:30,1281.3,1282.0,1280.4,1281.3,93774,0
2026-05-25T13:20:00+05:30,1281.3,1281.7,1280.7,1281.2,71739,0
2026-05-25T13:25:00+05:30,1281.2,1281.5,1280.8,1281.3,43672,0
2026-05-25T13:30:00+05:30,1281.3,1283.0,1281.1,1282.2,173486,0
2026-05-25T13:35:00+05:30,1282.2,1282.4,1281.1,1282.0,158380,0
2026-05-25T13:40:00+05:30,1282.0,1282.0,1281.2,1281.6,70427,0
2026-05-25T13:45:00+05:30,1281.6,1283.5,1281.3,1283.3,198204,0
2026-05-25T13:50:00+05:30,1283.3,1284.1,1282.9,1283.8,248191,0
2026-05-25T13:55:00+05:30,1283.8,1284.2,1282.1,1283.0,152035,0
2026-05-25T14:00:00+05:30,1283.0,1283.6,1282.2,1283.0,48541,0
2026-05-25T14:05:00+05:30,1283.0,1283.6,1281.6,1282.5,141395,0
2026-05-25T14:10:00+05:30,1282.6,1285.0,1282.1,1283.7,350721,0
2026-05-25T14:15:00+05:30,1283.7,1284.3,1283.4,1283.8,84528,0
2026-05-25T14:20:00+05:30,1284.2,1285.0,1283.9,1284.5,51262,0
2026-05-25T14:25:00+05:30,1284.8,1285.6,1284.2,1285.1,68505,0
2026-05-25T14:30:00+05:30,1285.1,1285.5,1284.7,1285.2,48616,0
2026-05-25T14:35:00+05:30,1285.2,1285.9,1284.8,1285.7,44830,0
2026-05-25T14:40:00+05:30,1285.7,1287.1,1285.0,1286.9,174640,0
2026-05-25T14:45:00+05:30,1287.0,1289.2,1286.7,1288.3,148842,0
2026-05-25T14:50:00+05:30,1288.5,1290.1,1287.8,1289.9,369421,0
2026-05-25T14:55:00+05:30,1289.9,1290.7,1289.2,1290.7,184710,0
2026-05-25T15:00:00+05:30,1290.7,1291.4,1290.0,1291.0,304969,0
2026-05-25T15:05:00+05:30,1291.3,1292.4,1290.3,1291.0,415853,0
2026-05-25T15:10:00+05:30,1291.2,1293.0,1291.0,1292.0,472385,0
2026-05-25T15:15:00+05:30,1292.1,1292.5,1290.7,1292.2,313264,0
2026-05-25T15:20:00+05:30,1292.1,1293.2,1292.0,1292.8,339178,0
2026-05-25T15:25:00+05:30,1292.7,1293.5,1289.1,1293.5,287245,0
2026-05-26T09:15:00+05:30,1290.0,1291.0,1282.9,1286.5,478464,0
2026-05-26T09:20:00+05:30,1286.0,1293.2,1285.9,1292.5,332110,0
2026-05-26T09:25:00+05:30,1292.5,1296.4,1292.4,1295.6,267848,0
2026-05-26T09:30:00+05:30,1296.0,1297.4,1295.0,1296.4,501939,0
2026-05-26T09:35:00+05:30,1296.8,1300.6,1296.4,1300.3,441388,0
2026-05-26T09:40:00+05:30,1300.3,1301.8,1299.2,1299.7,400303,0
2026-05-26T09:45:00+05:30,1299.9,1299.9,1297.5,1298.2,179051,0
2026-05-26T09:50:00+05:30,1298.4,1299.2,1297.7,1297.7,254324,0
2026-05-26T09:55:00+05:30,1297.7,1298.5,1294.1,1295.0,252431,0
2026-05-26T10:00:00+05:30,1295.0,1298.0,1294.5,1297.6,155756,0
2026-05-26T10:05:00+05:30,1297.6,1297.7,1293.7,1294.8,163671,0
2026-05-26T10:10:00+05:30,1294.8,1295.5,1293.1,1293.6,110089,0
2026-05-26T10:15:00+05:30,1293.6,1293.9,1292.2,1292.3,95995,0
2026-05-26T10:20:00+05:30,1292.3,1295.0,1290.7,1294.7,119792,0
2026-05-26T10:25:00+05:30,1294.9,1295.4,1293.1,1293.8,166546,0
2026-05-26T10:30:00+05:30,1293.8,1294.2,1291.5,1294.0,139387,0
2026-05-26T10:35:00+05:30,1293.9,1295.7,1293.4,1294.9,248760,0
2026-05-26T10:40:00+05:30,1294.9,1296.3,1294.1,1296.1,186779,0
2026-05-26T10:45:00+05:30,1296.1,1296.5,1295.2,1296.1,76063,0
2026-05-26T10:50:00+05:30,1296.1,1297.0,1295.0,1296.7,130934,0
2026-05-26T10:55:00+05:30,1296.8,1297.0,1295.0,1296.5,142030,0
2026-05-26T11:00:00+05:30,1296.3,1297.3,1295.0,1295.6,248778,0
2026-05-26T11:05:00+05:30,1295.6,1296.9,1295.2,1296.7,154634,0
2026-05-26T11:10:00+05:30,1296.7,1297.6,1296.3,1297.1,229780,0
2026-05-26T11:15:00+05:30,1297.0,1297.3,1295.8,1297.2,144186,0
2026-05-26T11:20:00+05:30,1297.2,1298.5,1296.9,1297.7,245405,0
2026-05-26T11:25:00+05:30,1297.6,1298.4,1295.0,1295.6,154814,0
2026-05-26T11:30:00+05:30,1295.5,1296.0,1293.2,1294.3,111355,0
2026-05-26T11:35:00+05:30,1294.5,1297.3,1293.8,1296.7,201053,0
2026-05-26T11:40:00+05:30,1296.8,1296.8,1295.0,1295.5,120224,0
2026-05-26T11:45:00+05:30,1295.5,1295.7,1293.2,1294.3,177256,0
2026-05-26T11:50:00+05:30,1294.3,1294.5,1292.0,1293.1,127003,0
2026-05-26T11:55:00+05:30,1293.0,1293.2,1291.1,1291.8,117129,0
2026-05-26T12:00:00+05:30,1291.5,1292.0,1288.3,1290.5,143795,0
2026-05-26T12:05:00+05:30,1290.5,1290.6,1289.2,1289.6,88939,0
2026-05-26T12:10:00+05:30,1289.6,1289.6,1288.5,1289.4,55303,0
2026-05-26T12:15:00+05:30,1289.5,1291.4,1288.7,1291.4,218249,0
2026-05-26T12:20:00+05:30,1291.4,1292.8,1290.9,1292.0,102626,0
2026-05-26T12:25:00+05:30,1292.0,1292.3,1289.7,1290.3,98696,0
2026-05-26T12:30:00+05:30,1290.3,1291.8,1290.0,1291.3,129142,0
2026-05-26T12:35:00+05:30,1291.3,1292.0,1290.3,1291.9,74206,0
2026-05-26T12:40:00+05:30,1291.9,1292.1,1289.7,1290.0,135465,0
2026-05-26T12:45:00+05:30,1290.1,1290.3,1288.5,1289.2,215558,0
2026-05-26T12:50:00+05:30,1289.2,1289.8,1286.5,1289.0,180388,0
2026-05-26T12:55:00+05:30,1289.0,1290.2,1288.1,1289.7,356347,0
2026-05-26T13:00:00+05:30,1289.8,1290.0,1286.4,1287.4,180338,0
2026-05-26T13:05:00+05:30,1287.4,1288.2,1286.5,1287.3,144199,0
2026-05-26T13:10:00+05:30,1287.3,1287.8,1286.6,1286.9,70116,0
2026-05-26T13:15:00+05:30,1286.9,1287.8,1285.8,1287.8,75253,0
2026-05-26T13:20:00+05:30,1287.8,1287.9,1285.6,1285.9,246087,0
2026-05-26T13:25:00+05:30,1285.7,1289.3,1285.5,1288.5,551276,0
2026-05-26T13:30:00+05:30,1288.5,1289.5,1285.8,1286.5,317025,0
2026-05-26T13:35:00+05:30,1286.8,1286.9,1285.2,1286.1,79633,0
2026-05-26T13:40:00+05:30,1286.1,1286.9,1283.8,1284.2,175599,0
2026-05-26T13:45:00+05:30,1284.0,1286.1,1283.5,1285.3,201743,0
2026-05-26T13:50:00+05:30,1285.3,1285.5,1283.0,1284.7,627658,0
2026-05-26T13:55:00+05:30,1284.7,1284.7,1282.6,1282.6,103715,0
2026-05-26T14:00:00+05:30,1282.7,1283.3,1282.0,1283.1,147556,0
2026-05-26T14:05:00+05:30,1282.6,1285.2,1282.3,1283.5,204619,0
2026-05-26T14:10:00+05:30,1283.3,1283.5,1281.0,1282.3,303681,0
2026-05-26T14:15:00+05:30,1282.0,1282.7,1280.4,1282.2,159397,0
2026-05-26T14:20:00+05:30,1282.2,1282.5,1280.4,1282.2,216467,0
2026-05-26T14:25:00+05:30,1282.4,1283.1,1279.7,1281.6,292015,0
2026-05-26T14:30:00+05:30,1281.0,1282.9,1280.4,1281.8,328874,0
2026-05-26T14:35:00+05:30,1281.8,1281.8,1279.4,1281.1,406610,0
2026-05-26T14:40:00+05:30,1281.1,1281.7,1280.3,1280.9,86455,0
2026-05-26T14:45:00+05:30,1280.6,1281.0,1279.8,1280.0,69832,0
2026-05-26T14:50:00+05:30,1280.4,1280.4,1279.5,1280.0,34040,0
2026-05-26T14:55:00+05:30,1279.6,1281.0,1278.9,1279.9,207676,0
2026-05-26T15:00:00+05:30,1279.8,1281.1,1277.0,1278.5,1118247,0
2026-05-26T15:05:00+05:30,1278.7,1282.6,1276.2,1281.9,1704893,0
2026-05-26T15:10:00+05:30,1281.7,1281.7,1277.3,1279.1,895100,0
2026-05-26T15:15:00+05:30,1278.8,1280.0,1278.3,1278.8,324269,0
2026-05-26T15:20:00+05:30,1278.7,1279.3,1278.0,1278.6,225747,0
2026-05-26T15:25:00+05:30,1278.7,1280.9,1278.1,1280.7,178242,0
2026-05-27T09:15:00+05:30,1286.0,1287.0,1278.2,1279.7,419998,0
2026-05-27T09:20:00+05:30,1279.5,1281.2,1277.2,1278.0,222185,0
2026-05-27T09:25:00+05:30,1277.9,1279.0,1275.2,1277.4,77859,0
2026-05-27T09:30:00+05:30,1277.3,1278.1,1274.3,1275.6,133098,0
2026-05-27T09:35:00+05:30,1275.6,1281.5,1275.4,1280.6,179835,0
2026-05-27T09:40:00+05:30,1280.6,1284.0,1280.1,1282.9,146231,0
2026-05-27T09:45:00+05:30,1282.9,1283.3,1280.1,1281.8,125874,0
2026-05-27T09:50:00+05:30,1282.0,1282.7,1280.9,1282.1,109695,0
2026-05-27T09:55:00+05:30,1282.1,1284.4,1280.6,1282.0,194854,0
2026-05-27T10:00:00+05:30,1282.2,1284.1,1280.7,1284.1,68097,0
2026-05-27T10:05:00+05:30,1284.1,1288.2,1283.5,1287.0,161464,0
2026-05-27T10:10:00+05:30,1286.8,1288.4,1285.8,1288.0,101508,0
2026-05-27T10:15:00+05:30,1288.3,1289.5,1287.7,1289.0,110324,0
2026-05-27T10:20:00+05:30,1289.0,1292.0,1288.8,1291.6,274680,0
2026-05-27T10:25:00+05:30,1291.6,1293.4,1291.2,1291.2,281200,0
2026-05-27T10:30:00+05:30,1291.4,1291.4,1289.1,1290.0,87718,0
2026-05-27T10:35:00+05:30,1290.3,1292.9,1289.9,1290.8,383817,0
2026-05-27T10:40:00+05:30,1290.8,1291.8,1288.8,1288.9,142394,0
2026-05-27T10:45:00+05:30,1288.9,1290.3,1287.7,1290.0,362691,0
2026-05-27T10:50:00+05:30,1290.3,1292.2,1289.0,1291.3,134675,0
2026-05-27T10:55:00+05:30,1291.3,1291.9,1289.6,1290.6,134122,0
2026-05-27T11:00:00+05:30,1290.8,1290.8,1288.4,1288.7,75086,0
2026-05-27T11:05:00+05:30,1288.8,1289.9,1287.2,1287.9,68936,0
2026-05-27T11:10:00+05:30,1287.9,1288.3,1285.2,1286.1,84143,0
2026-05-27T11:15:00+05:30,1286.5,1288.6,1285.8,1288.1,52702,0
2026-05-27T11:20:00+05:30,1288.4,1290.0,1287.7,1289.2,79275,0
2026-05-27T11:25:00+05:30,1289.1,1290.0,1288.5,1289.0,53308,0
2026-05-27T11:30:00+05:30,1289.1,1290.5,1288.5,1289.9,281402,0
2026-05-27T11:35:00+05:30,1290.0,1290.0,1286.5,1286.7,104053,0
2026-05-27T11:40:00+05:30,1286.7,1289.2,1286.6,1287.7,51500,0
2026-05-27T11:45:00+05:30,1287.6,1289.0,1286.5,1286.7,82931,0
2026-05-27T11:50:00+05:30,1286.7,1287.5,1286.0,1286.5,42754,0
2026-05-27T11:55:00+05:30,1286.5,1288.0,1286.1,1286.2,58264,0
2026-05-27T12:00:00+05:30,1286.5,1287.3,1285.0,1285.9,161871,0
2026-05-27T12:05:00+05:30,1286.0,1286.2,1283.5,1284.8,88392,0
2026-05-27T12:10:00+05:30,1284.8,1285.0,1283.4,1283.6,68062,0
2026-05-27T12:15:00+05:30,1284.1,1286.0,1283.7,1285.3,210182,0
2026-05-27T12:20:00+05:30,1285.6,1286.8,1284.0,1285.4,172886,0
2026-05-27T12:25:00+05:30,1285.3,1285.8,1282.8,1283.0,227708,0
2026-05-27T12:30:00+05:30,1283.1,1284.0,1282.6,1282.7,31003,0
2026-05-27T12:35:00+05:30,1282.7,1284.0,1282.4,1283.6,57149,0
2026-05-27T12:40:00+05:30,1283.6,1284.4,1282.7,1284.2,45951,0
2026-05-27T12:45:00+05:30,1284.3,1284.3,1283.3,1283.8,18293,0
2026-05-27T12:50:00+05:30,1283.9,1283.9,1281.7,1282.0,31571,0
2026-05-27T12:55:00+05:30,1282.0,1282.8,1281.1,1281.3,25767,0
2026-05-27T13:00:00+05:30,1281.6,1283.4,1281.0,1282.8,205765,0
2026-05-27T13:05:00+05:30,1282.8,1284.5,1282.1,1282.1,347844,0
2026-05-27T13:10:00+05:30,1282.1,1283.6,1278.8,1279.1,1138329,0
2026-05-27T13:15:00+05:30,1279.2,1279.7,1278.0,1278.0,63213,0
2026-05-27T13:20:00+05:30,1278.1,1279.3,1277.5,1279.1,76014,0
2026-05-27T13:25:00+05:30,1278.7,1279.6,1277.0,1277.2,77823,0
2026-05-27T13:30:00+05:30,1277.4,1278.2,1276.5,1277.1,462273,0
2026-05-27T13:35:00+05:30,1277.2,1279.3,1276.6,1279.0,281409,0
2026-05-27T13:40:00+05:30,1279.0,1279.7,1272.0,1274.6,2877020,0
2026-05-27T13:45:00+05:30,1274.6,1276.8,1273.1,1274.9,265152,0
2026-05-27T13:50:00+05:30,1275.0,1276.5,1274.4,1276.3,51506,0
2026-05-27T13:55:00+05:30,1276.3,1276.9,1275.2,1276.3,80322,0
2026-05-27T14:00:00+05:30,1276.3,1277.6,1275.3,1275.7,176920,0
2026-05-27T14:05:00+05:30,1275.6,1275.7,1272.3,1272.3,194489,0
2026-05-27T14:10:00+05:30,1272.3,1272.8,1270.5,1270.6,195174,0
2026-05-27T14:15:00+05:30,1270.6,1272.7,1270.3,1272.4,268419,0
2026-05-27T14:20:00+05:30,1272.4,1275.1,1271.3,1274.8,299298,0
2026-05-27T14:25:00+05:30,1274.8,1275.2,1270.8,1271.4,560668,0
2026-05-27T14:30:00+05:30,1271.4,1271.4,1268.9,1269.5,163836,0
2026-05-27T14:35:00+05:30,1269.2,1270.9,1269.0,1269.9,201541,0
2026-05-27T14:40:00+05:30,1269.5,1272.1,1266.7,1267.1,628519,0
2026-05-27T14:45:00+05:30,1267.2,1268.7,1266.9,1268.5,168081,0
2026-05-27T14:50:00+05:30,1268.5,1269.6,1267.8,1268.8,557885,0
2026-05-27T14:55:00+05:30,1268.8,1271.3,1267.6,1270.7,396299,0
2026-05-27T15:00:00+05:30,1270.7,1273.5,1269.9,1272.9,488449,0
2026-05-27T15:05:00+05:30,1273.0,1274.0,1272.0,1273.6,406446,0
2026-05-27T15:10:00+05:30,1273.7,1274.2,1271.7,1274.1,492934,0
2026-05-27T15:15:00+05:30,1274.1,1274.7,1272.1,1273.5,495150,0
2026-05-27T15:20:00+05:30,1273.6,1274.2,1271.2,1271.6,261701,0
2026-05-27T15:25:00+05:30,1271.6,1272.9,1270.2,1272.5,310901,0
2026-05-29T09:15:00+05:30,1275.1,1285.8,1275.1,1285.7,590316,0
2026-05-29T09:20:00+05:30,1285.6,1287.8,1282.1,1282.3,335263,0
2026-05-29T09:25:00+05:30,1282.1,1283.3,1276.0,1276.1,335988,0
2026-05-29T09:30:00+05:30,1276.1,1280.2,1275.7,1278.0,304563,0
2026-05-29T09:35:00+05:30,1277.9,1278.9,1275.8,1277.0,215104,0
2026-05-29T09:40:00+05:30,1277.0,1278.7,1276.2,1276.7,164480,0
2026-05-29T09:45:00+05:30,1276.7,1278.3,1274.4,1275.6,237734,0
2026-05-29T09:50:00+05:30,1275.4,1276.1,1274.1,1274.5,104467,0
2026-05-29T09:55:00+05:30,1274.2,1276.2,1274.1,1275.4,188103,0
2026-05-29T10:00:00+05:30,1275.3,1277.6,1275.3,1277.1,88542,0
2026-05-29T10:05:00+05:30,1276.8,1279.8,1276.6,1278.5,109366,0
2026-05-29T10:10:00+05:30,1278.5,1280.0,1278.0,1280.0,170793,0
2026-05-29T10:15:00+05:30,1280.0,1281.0,1278.6,1279.4,146729,0
2026-05-29T10:20:00+05:30,1279.3,1282.0,1278.7,1281.7,152150,0
2026-05-29T10:25:00+05:30,1281.6,1283.6,1281.6,1282.6,147423,0
2026-05-29T10:30:00+05:30,1282.5,1282.9,1281.5,1282.9,192486,0
2026-05-29T10:35:00+05:30,1282.8,1284.5,1280.5,1280.5,245229,0
2026-05-29T10:40:00+05:30,1280.5,1281.0,1279.2,1279.9,176773,0
2026-05-29T10:45:00+05:30,1279.8,1279.9,1278.0,1278.5,116544,0
2026-05-29T10:50:00+05:30,1278.5,1279.4,1277.3,1278.8,117001,0
2026-05-29T10:55:00+05:30,1278.6,1280.9,1278.0,1279.7,132982,0
2026-05-29T11:00:00+05:30,1279.6,1280.6,1278.4,1280.1,103796,0
2026-05-29T11:05:00+05:30,1280.2,1281.4,1279.3,1279.4,70903,0
2026-05-29T11:10:00+05:30,1279.5,1280.7,1279.2,1280.3,113537,0
2026-05-29T11:15:00+05:30,1280.0,1281.8,1279.5,1281.4,157616,0
2026-05-29T11:20:00+05:30,1281.3,1281.6,1280.1,1280.4,85193,0
2026-05-29T11:25:00+05:30,1280.3,1281.0,1280.0,1280.8,98377,0
2026-05-29T11:30:00+05:30,1280.7,1282.3,1280.7,1281.2,116705,0
2026-05-29T11:35:00+05:30,1281.0,1283.5,1281.0,1282.6,224774,0
2026-05-29T11:40:00+05:30,1282.7,1283.5,1282.2,1283.3,95990,0
2026-05-29T11:45:00+05:30,1283.0,1286.0,1283.0,1285.4,143179,0
2026-05-29T11:50:00+05:30,1285.1,1285.8,1283.9,1285.4,97126,0
2026-05-29T11:55:00+05:30,1285.4,1285.4,1284.0,1284.2,73831,0
2026-05-29T12:00:00+05:30,1284.2,1284.3,1282.2,1282.5,62576,0
2026-05-29T12:05:00+05:30,1282.5,1283.9,1281.7,1282.9,74541,0
2026-05-29T12:10:00+05:30,1282.8,1283.0,1280.1,1281.1,82532,0
2026-05-29T12:15:00+05:30,1281.3,1281.5,1279.6,1280.5,121117,0
2026-05-29T12:20:00+05:30,1280.5,1280.8,1280.0,1280.8,59750,0
2026-05-29T12:25:00+05:30,1280.4,1280.9,1280.0,1280.1,56019,0
2026-05-29T12:30:00+05:30,1280.0,1280.8,1280.0,1280.1,53123,0
2026-05-29T12:35:00+05:30,1280.0,1281.0,1280.0,1281.0,65222,0
2026-05-29T12:40:00+05:30,1281.0,1281.1,1280.0,1280.1,44665,0
2026-05-29T12:45:00+05:30,1280.1,1280.2,1279.4,1279.6,64400,0
2026-05-29T12:50:00+05:30,1279.5,1279.6,1278.7,1278.8,72992,0
2026-05-29T12:55:00+05:30,1278.8,1279.2,1278.0,1278.9,96616,0
2026-05-29T13:00:00+05:30,1278.8,1278.9,1277.3,1277.8,71694,0
2026-05-29T13:05:00+05:30,1277.7,1277.8,1275.7,1275.9,81076,0
2026-05-29T13:10:00+05:30,1275.8,1276.0,1273.0,1273.4,114834,0
2026-05-29T13:15:00+05:30,1273.2,1274.8,1272.8,1273.5,119814,0
2026-05-29T13:20:00+05:30,1273.5,1275.3,1273.1,1274.8,140953,0
2026-05-29T13:25:00+05:30,1274.4,1277.2,1274.3,1276.8,175105,0
2026-05-29T13:30:00+05:30,1276.8,1277.0,1273.9,1274.6,91811,0
2026-05-29T13:35:00+05:30,1274.6,1275.0,1273.3,1273.8,71848,0
2026-05-29T13:40:00+05:30,1273.4,1275.0,1272.4,1272.7,174264,0
2026-05-29T13:45:00+05:30,1272.7,1272.7,1270.3,1270.6,132886,0
2026-05-29T13:50:00+05:30,1270.6,1270.6,1268.6,1269.2,190821,0
2026-05-29T13:55:00+05:30,1269.2,1269.9,1268.2,1268.6,96568,0
2026-05-29T14:00:00+05:30,1268.5,1269.0,1267.6,1267.8,76375,0
2026-05-29T14:05:00+05:30,1267.7,1268.0,1266.8,1267.6,100388,0
2026-05-29T14:10:00+05:30,1267.6,1269.2,1266.9,1267.2,101124,0
2026-05-29T14:15:00+05:30,1267.6,1267.6,1265.6,1266.6,263268,0
2026-05-29T14:20:00+05:30,1266.8,1269.9,1266.0,1269.4,163129,0
2026-05-29T14:25:00+05:30,1269.4,1271.6,1269.1,1271.1,111579,0
2026-05-29T14:30:00+05:30,1270.9,1275.2,1270.9,1273.6,120053,0
2026-05-29T14:35:00+05:30,1273.5,1274.9,1272.1,1273.5,156258,0
2026-05-29T14:40:00+05:30,1273.3,1273.5,1268.5,1269.7,322028,0
2026-05-29T14:45:00+05:30,1269.6,1270.4,1267.4,1268.8,419331,0
2026-05-29T14:50:00+05:30,1268.8,1269.9,1267.1,1269.6,224318,0
2026-05-29T14:55:00+05:30,1269.3,1271.5,1267.5,1270.7,203781,0
2026-05-29T15:00:00+05:30,1270.6,1273.2,1252.5,1253.8,3957473,0
2026-05-29T15:05:00+05:30,1253.4,1256.7,1251.2,1255.0,3678022,0
2026-05-29T15:10:00+05:30,1255.5,1257.8,1253.7,1255.1,3943928,0
2026-05-29T15:15:00+05:30,1255.2,1259.2,1251.6,1252.4,3366500,0
2026-05-29T15:20:00+05:30,1252.4,1256.6,1247.9,1255.8,3367281,0
2026-05-29T15:25:00+05:30,1255.8,1262.0,1253.0,1260.5,1927653,0
2026-06-01T09:15:00+05:30,1257.1,1261.0,1251.1,1255.9,408986,0
2026-06-01T09:20:00+05:30,1255.9,1259.2,1255.2,1255.9,111584,0
2026-06-01T09:25:00+05:30,1256.0,1258.5,1255.3,1256.3,107037,0
2026-06-01T09:30:00+05:30,1256.4,1259.7,1256.3,1258.6,114203,0
2026-06-01T09:35:00+05:30,1258.7,1260.6,1256.1,1260.3,111148,0
2026-06-01T09:40:00+05:30,1260.2,1261.9,1256.5,1257.7,141755,0
2026-06-01T09:45:00+05:30,1257.9,1259.9,1257.7,1259.3,61769,0
2026-06-01T09:50:00+05:30,1259.0,1259.8,1255.1,1255.5,64894,0
2026-06-01T09:55:00+05:30,1255.6,1255.8,1254.1,1254.5,51580,0
2026-06-01T10:00:00+05:30,1254.3,1254.9,1253.2,1254.4,50216,0
2026-06-01T10:05:00+05:30,1254.4,1257.1,1254.0,1256.2,109957,0
2026-06-01T10:10:00+05:30,1256.1,1257.2,1254.6,1254.6,63828,0
2026-06-01T10:15:00+05:30,1254.6,1256.5,1253.7,1255.4,30750,0
2026-06-01T10:20:00+05:30,1255.4,1255.4,1253.4,1253.5,33805,0
2026-06-01T10:25:00+05:30,1253.5,1254.0,1252.0,1252.3,40919,0
2026-06-01T10:30:00+05:30,1252.3,1252.9,1251.0,1251.9,44566,0
2026-06-01T10:35:00+05:30,1251.9,1253.7,1251.4,1252.6,80455,0
2026-06-01T10:40:00+05:30,1252.6,1253.6,1252.1,1252.3,44981,0
2026-06-01T10:45:00+05:30,1252.4,1253.2,1251.6,1252.3,146628,0
2026-06-01T10:50:00+05:30,1252.3,1254.0,1252.0,1253.7,38924,0
2026-06-01T10:55:00+05:30,1253.5,1254.0,1252.2,1252.4,58916,0
2026-06-01T11:00:00+05:30,1252.4,1253.7,1252.2,1252.8,24505,0
2026-06-01T11:05:00+05:30,1252.8,1254.5,1252.8,1254.3,33633,0
2026-06-01T11:10:00+05:30,1254.3,1255.2,1253.9,1254.0,130915,0
2026-06-01T11:15:00+05:30,1253.9,1256.3,1253.3,1254.8,82786,0
2026-06-01T11:20:00+05:30,1254.8,1255.1,1254.0,1254.0,46313,0
2026-06-01T11:25:00+05:30,1254.1,1254.1,1252.0,1252.0,38798,0
2026-06-01T11:30:00+05:30,1252.0,1252.6,1250.1,1250.4,168585,0
2026-06-01T11:35:00+05:30,1250.4,1252.4,1250.1,1251.9,79865,0
2026-06-01T11:40:00+05:30,1251.7,1252.4,1251.2,1251.3,29641,0
2026-06-01T11:45:00+05:30,1251.3,1252.8,1251.0,1252.2,40825,0
2026-06-01T11:50:00+05:30,1252.2,1252.9,1252.0,1252.5,42446,0
2026-06-01T11:55:00+05:30,1252.5,1252.9,1248.4,1248.7,79367,0
2026-06-01T12:00:00+05:30,1248.7,1250.3,1248.3,1249.8,151194,0
2026-06-01T12:05:00+05:30,1249.8,1250.6,1248.3,1248.3,278460,0
2026-06-01T12:10:00+05:30,1248.3,1249.9,1247.2,1249.4,276714,0
2026-06-01T12:15:00+05:30,1249.3,1249.3,1247.3,1247.8,68900,0
2026-06-01T12:20:00+05:30,1247.8,1247.9,1245.9,1246.4,155427,0
2026-06-01T12:25:00+05:30,1246.4,1246.5,1245.5,1245.5,55809,0
2026-06-01T12:30:00+05:30,1245.6,1246.4,1245.2,1245.4,53110,0
2026-06-01T12:35:00+05:30,1245.4,1246.3,1244.7,1244.8,88831,0
2026-06-01T12:40:00+05:30,1244.8,1245.7,1244.7,1245.4,94817,0
2026-06-01T12:45:00+05:30,1245.4,1245.9,1245.3,1245.8,39166,0
2026-06-01T12:50:00+05:30,1245.8,1245.9,1245.0,1245.2,45744,0
2026-06-01T12:55:00+05:30,1245.2,1245.7,1242.4,1243.5,102451,0
2026-06-01T13:00:00+05:30,1243.5,1243.7,1242.7,1243.3,95371,0
2026-06-01T13:05:00+05:30,1243.3,1243.8,1242.1,1242.1,55668,0
2026-06-01T13:10:00+05:30,1242.1,1242.4,1241.5,1241.9,106053,0
2026-06-01T13:15:00+05:30,1241.9,1244.4,1241.9,1243.8,101336,0
2026-06-01T13:20:00+05:30,1243.8,1244.2,1243.4,1243.4,86056,0
2026-06-01T13:25:00+05:30,1243.4,1244.0,1242.8,1243.3,62653,0
2026-06-01T13:30:00+05:30,1243.3,1244.3,1243.1,1243.5,52986,0
2026-06-01T13:35:00+05:30,1243.6,1244.2,1242.9,1243.7,81809,0
2026-06-01T13:40:00+05:30,1243.7,1244.2,1242.9,1243.7,59849,0
2026-06-01T13:45:00+05:30,1243.5,1243.7,1242.8,1243.1,47863,0
2026-06-01T13:50:00+05:30,1243.1,1243.3,1242.8,1242.9,51195,0
2026-06-01T13:55:00+05:30,1242.9,1243.5,1242.9,1243.0,45525,0
2026-06-01T14:00:00+05:30,1243.3,1243.9,1242.0,1242.5,75208,0
2026-06-01T14:05:00+05:30,1242.5,1242.8,1239.3,1239.6,258434,0
2026-06-01T14:10:00+05:30,1239.9,1240.1,1237.8,1238.7,100136,0
2026-06-01T14:15:00+05:30,1238.8,1239.7,1237.5,1239.1,126581,0
2026-06-01T14:20:00+05:30,1239.2,1239.2,1237.5,1238.1,131931,0
2026-06-01T14:25:00+05:30,1238.1,1239.8,1237.8,1238.6,230341,0
2026-06-01T14:30:00+05:30,1238.6,1240.2,1238.3,1239.6,109112,0
2026-06-01T14:35:00+05:30,1239.6,1241.6,1239.5,1241.1,103590,0
2026-06-01T14:40:00+05:30,1241.1,1241.5,1240.4,1240.9,105355,0
2026-06-01T14:45:00+05:30,1240.5,1241.8,1240.1,1240.8,167934,0
2026-06-01T14:50:00+05:30,1240.8,1240.9,1239.0,1239.2,164951,0
2026-06-01T14:55:00+05:30,1239.2,1239.6,1237.9,1237.9,147447,0
2026-06-01T15:00:00+05:30,1238.3,1241.0,1238.0,1240.8,589635,0
2026-06-01T15:05:00+05:30,1240.8,1242.4,1239.3,1242.1,747945,0
2026-06-01T15:10:00+05:30,1242.0,1242.4,1238.9,1239.0,463180,0
2026-06-01T15:15:00+05:30,1239.0,1239.5,1238.7,1239.1,452930,0
2026-06-01T15:20:00+05:30,1239.1,1239.7,1237.5,1239.6,442984,0
2026-06-01T15:25:00+05:30,1239.7,1240.0,1235.9,1238.6,469000,0
2026-06-02T09:15:00+05:30,1233.0,1235.8,1228.6,1232.0,494904,0
2026-06-02T09:20:00+05:30,1231.9,1232.5,1228.0,1229.7,231598,0
2026-06-02T09:25:00+05:30,1229.7,1229.9,1228.1,1229.5,186556,0
2026-06-02T09:30:00+05:30,1229.1,1232.4,1228.5,1232.4,121969,0
2026-06-02T09:35:00+05:30,1232.4,1232.8,1231.0,1231.8,94396,0
2026-06-02T09:40:00+05:30,1231.8,1232.7,1229.0,1231.1,149685,0
2026-06-02T09:45:00+05:30,1231.1,1231.4,1226.8,1227.2,135384,0
2026-06-02T09:50:00+05:30,1227.2,1229.5,1225.9,1229.4,83099,0
2026-06-02T09:55:00+05:30,1229.2,1229.6,1226.4,1228.4,235279,0
2026-06-02T10:00:00+05:30,1228.3,1230.2,1227.6,1229.0,158715,0
2026-06-02T10:05:00+05:30,1229.0,1229.6,1226.4,1226.7,167540,0
2026-06-02T10:10:00+05:30,1226.5,1226.6,1224.3,1224.9,131521,0
2026-06-02T10:15:00+05:30,1224.9,1226.9,1224.0,1226.2,191759,0
2026-06-02T10:20:00+05:30,1226.2,1229.8,1226.0,1229.2,198009,0
2026-06-02T10:25:00+05:30,1228.7,1231.0,1228.0,1229.7,292230,0
2026-06-02T10:30:00+05:30,1229.7,1231.0,1228.2,1228.7,227857,0
2026-06-02T10:35:00+05:30,1228.7,1230.0,1227.0,1229.9,231084,0
2026-06-02T10:40:00+05:30,1229.9,1230.5,1228.9,1229.8,136523,0
2026-06-02T10:45:00+05:30,1229.6,1230.4,1228.5,1229.0,69906,0
2026-06-02T10:50:00+05:30,1229.0,1229.9,1227.1,1228.6,184760,0
2026-06-02T10:55:00+05:30,1228.3,1228.8,1226.1,1227.6,296473,0
2026-06-02T11:00:00+05:30,1228.0,1229.0,1227.0,1227.3,106914,0
2026-06-02T11:05:00+05:30,1227.5,1228.2,1226.7,1227.0,33917,0
2026-06-02T11:10:00+05:30,1227.0,1228.6,1226.5,1227.9,57234,0
2026-06-02T11:15:00+05:30,1227.9,1228.6,1226.5,1227.2,37265,0
2026-06-02T11:20:00+05:30,1227.2,1230.0,1227.1,1229.7,251316,0
2026-06-02T11:25:00+05:30,1229.8,1229.9,1226.6,1227.4,70863,0
2026-06-02T11:30:00+05:30,1227.4,1228.1,1226.5,1227.2,58094,0
2026-06-02T11:35:00+05:30,1227.3,1228.0,1224.1,1224.3,88836,0
2026-06-02T11:40:00+05:30,1224.3,1226.6,1224.0,1224.0,274712,0
2026-06-02T11:45:00+05:30,1224.1,1224.1,1220.7,1222.8,415312,0
2026-06-02T11:50:00+05:30,1222.8,1225.2,1222.0,1225.0,186329,0
2026-06-02T11:55:00+05:30,1224.8,1225.5,1223.1,1223.4,99598,0
2026-06-02T12:00:00+05:30,1223.4,1225.0,1222.9,1223.6,159561,0
2026-06-02T12:05:00+05:30,1223.6,1224.9,1223.1,1224.7,79637,0
2026-06-02T12:10:00+05:30,1224.1,1225.0,1223.7,1223.7,66218,0
2026-06-02T12:15:00+05:30,1223.7,1226.2,1223.6,1225.5,64581,0
2026-06-02T12:20:00+05:30,1225.5,1227.8,1225.0,1226.2,310239,0
2026-06-02T12:25:00+05:30,1226.3,1227.2,1221.6,1222.1,367359,0
2026-06-02T12:30:00+05:30,1222.0,1226.7,1221.4,1225.9,369150,0
2026-06-02T12:35:00+05:30,1225.7,1226.4,1222.6,1225.3,670944,0
2026-06-02T12:40:00+05:30,1225.5,1228.3,1225.2,1227.7,147316,0
2026-06-02T12:45:00+05:30,1227.7,1233.3,1227.4,1232.6,492241,0
2026-06-02T12:50:00+05:30,1232.2,1236.0,1232.1,1233.6,306801,0
2026-06-02T12:55:00+05:30,1233.4,1236.0,1232.4,1234.9,294151,0
2026-06-02T13:00:00+05:30,1235.0,1235.5,1233.3,1233.8,170643,0
2026-06-02T13:05:00+05:30,1233.8,1235.4,1232.8,1234.7,125078,0
2026-06-02T13:10:00+05:30,1234.7,1237.7,1232.9,1235.6,338825,0
2026-06-02T13:15:00+05:30,1235.6,1236.5,1234.7,1234.8,164674,0
2026-06-02T13:20:00+05:30,1234.7,1236.0,1234.1,1235.8,87106,0
2026-06-02T13:25:00+05:30,1235.9,1236.5,1234.8,1236.0,91809,0
2026-06-02T13:30:00+05:30,1236.0,1237.6,1235.4,1236.4,141882,0
2026-06-02T13:35:00+05:30,1236.4,1236.6,1234.2,1235.0,111211,0
2026-06-02T13:40:00+05:30,1235.0,1236.4,1233.9,1234.9,101393,0
2026-06-02T13:45:00+05:30,1234.9,1235.9,1234.4,1235.1,110267,0
2026-06-02T13:50:00+05:30,1235.1,1235.9,1234.0,1234.6,89310,0
2026-06-02T13:55:00+05:30,1234.6,1235.2,1233.9,1234.2,85456,0
2026-06-02T14:00:00+05:30,1234.7,1234.9,1233.7,1234.2,78866,0
2026-06-02T14:05:00+05:30,1234.2,1235.0,1233.7,1235.0,85483,0
2026-06-02T14:10:00+05:30,1234.9,1234.9,1233.3,1233.5,108475,0
2026-06-02T14:15:00+05:30,1233.5,1234.4,1232.1,1233.1,98929,0
2026-06-02T14:20:00+05:30,1233.1,1236.6,1232.5,1234.0,503166,0
2026-06-02T14:25:00+05:30,1234.0,1236.8,1231.6,1232.7,1195005,0
2026-06-02T14:30:00+05:30,1233.1,1234.0,1230.5,1232.4,381017,0
2026-06-02T14:35:00+05:30,1232.6,1232.7,1229.6,1229.6,136187,0
2026-06-02T14:40:00+05:30,1229.8,1230.2,1227.1,1227.2,220701,0
2026-06-02T14:45:00+05:30,1227.4,1228.4,1226.2,1227.8,137218,0
2026-06-02T14:50:00+05:30,1227.9,1229.0,1226.4,1226.9,124836,0
2026-06-02T14:55:00+05:30,1226.9,1227.5,1225.1,1225.3,127607,0
2026-06-02T15:00:00+05:30,1225.8,1226.8,1224.0,1225.4,1034573,0
2026-06-02T15:05:00+05:30,1225.2,1228.6,1223.7,1226.0,1548886,0
2026-06-02T15:10:00+05:30,1226.2,1228.2,1225.9,1227.1,347712,0
2026-06-02T15:15:00+05:30,1227.1,1229.3,1227.1,1228.9,354881,0
2026-06-02T15:20:00+05:30,1229.0,1230.4,1227.1,1229.7,407627,0
2026-06-02T15:25:00+05:30,1229.9,1230.9,1229.0,1230.7,266709,0
2026-06-03T09:15:00+05:30,1219.9,1226.6,1217.8,1219.5,580253,0
2026-06-03T09:20:00+05:30,1219.5,1220.9,1218.0,1219.6,186475,0
2026-06-03T09:25:00+05:30,1219.7,1220.3,1217.3,1218.2,180741,0
2026-06-03T09:30:00+05:30,1218.6,1218.6,1215.4,1215.5,138273,0
2026-06-03T09:35:00+05:30,1215.5,1219.0,1215.0,1218.4,115680,0
2026-06-03T09:40:00+05:30,1218.4,1219.5,1217.4,1218.2,123159,0
2026-06-03T09:45:00+05:30,1218.2,1218.4,1216.3,1216.8,89689,0
2026-06-03T09:50:00+05:30,1216.8,1217.8,1215.1,1215.1,97948,0
2026-06-03T09:55:00+05:30,1215.1,1216.1,1213.7,1215.3,205127,0
2026-06-03T10:00:00+05:30,1215.3,1219.2,1215.0,1218.9,112080,0
2026-06-03T10:05:00+05:30,1218.9,1219.3,1217.4,1217.6,154414,0
2026-06-03T10:10:00+05:30,1217.6,1218.7,1216.3,1217.9,94077,0
2026-06-03T10:15:00+05:30,1217.9,1220.7,1217.8,1220.0,161170,0
2026-06-03T10:20:00+05:30,1220.1,1220.8,1219.0,1219.9,104762,0
2026-06-03T10:25:00+05:30,1219.9,1220.5,1219.5,1219.9,58894,0
2026-06-03T10:30:00+05:30,1220.0,1220.1,1218.3,1218.3,43564,0
2026-06-03T10:35:00+05:30,1218.7,1221.1,1218.4,1220.0,83130,0
2026-06-03T10:40:00+05:30,1220.0,1221.6,1219.8,1219.9,165640,0
2026-06-03T10:45:00+05:30,1220.0,1222.0,1219.6,1221.7,113147,0
2026-06-03T10:50:00+05:30,1221.8,1223.5,1221.1,1221.9,142282,0
2026-06-03T10:55:00+05:30,1221.9,1222.0,1220.1,1221.2,93280,0
2026-06-03T11:00:00+05:30,1221.1,1222.0,1219.7,1221.3,107220,0
2026-06-03T11:05:00+05:30,1221.3,1221.3,1219.6,1219.9,107861,0
2026-06-03T11:10:00+05:30,1219.9,1221.5,1219.7,1220.9,82753,0
2026-06-03T11:15:00+05:30,1220.9,1222.0,1220.3,1221.4,157039,0
2026-06-03T11:20:00+05:30,1221.5,1223.5,1220.9,1220.9,203504,0
2026-06-03T11:25:00+05:30,1220.9,1223.0,1220.7,1221.3,271106,0
2026-06-03T11:30:00+05:30,1221.3,1221.7,1219.6,1221.0,139661,0
2026-06-03T11:35:00+05:30,1221.0,1221.3,1218.8,1219.5,136678,0
2026-06-03T11:40:00+05:30,1219.5,1220.2,1218.5,1219.3,133060,0
2026-06-03T11:45:00+05:30,1219.3,1220.7,1219.1,1220.5,138360,0
2026-06-03T11:50:00+05:30,1220.5,1221.7,1220.0,1221.3,166727,0
2026-06-03T11:55:00+05:30,1221.3,1221.7,1220.4,1220.9,112189,0
2026-06-03T12:00:00+05:30,1220.9,1222.3,1219.0,1220.2,101149,0
2026-06-03T12:05:00+05:30,1220.3,1221.3,1219.2,1220.5,205433,0
2026-06-03T12:10:00+05:30,1220.5,1220.9,1219.3,1220.1,98479,0
2026-06-03T12:15:00+05:30,1220.1,1220.7,1219.3,1220.7,222020,0
2026-06-03T12:20:00+05:30,1220.7,1221.5,1220.0,1221.1,256888,0
2026-06-03T12:25:00+05:30,1221.1,1226.5,1220.6,1226.4,269253,0
2026-06-03T12:30:00+05:30,1226.4,1234.0,1226.2,1233.0,457699,0
2026-06-03T12:35:00+05:30,1233.0,1235.9,1231.7,1234.4,403553,0
2026-06-03T12:40:00+05:30,1234.4,1236.0,1233.0,1233.6,194145,0
2026-06-03T12:45:00+05:30,1233.6,1234.6,1231.1,1232.2,87325,0
2026-06-03T12:50:00+05:30,1232.3,1234.5,1231.0,1231.4,124389,0
2026-06-03T12:55:00+05:30,1231.4,1233.4,1230.7,1232.0,248617,0
2026-06-03T13:00:00+05:30,1232.0,1235.0,1231.7,1234.2,112506,0
2026-06-03T13:05:00+05:30,1234.2,1235.0,1232.0,1234.5,165579,0
2026-06-03T13:10:00+05:30,1234.5,1235.8,1233.2,1235.8,158228,0
2026-06-03T13:15:00+05:30,1235.9,1239.7,1235.3,1238.4,181035,0
2026-06-03T13:20:00+05:30,1238.8,1242.9,1238.2,1242.3,319936,0
2026-06-03T13:25:00+05:30,1242.3,1242.8,1241.0,1242.5,137869,0
2026-06-03T13:30:00+05:30,1242.8,1243.4,1240.5,1241.4,141579,0
2026-06-03T13:35:00+05:30,1241.4,1242.4,1240.5,1241.8,85936,0
2026-06-03T13:40:00+05:30,1241.8,1242.5,1238.0,1238.2,254872,0
2026-06-03T13:45:00+05:30,1238.2,1246.3,1237.8,1244.0,173088,0
2026-06-03T13:50:00+05:30,1244.0,1245.0,1242.3,1244.7,147711,0
2026-06-03T13:55:00+05:30,1244.7,1244.7,1242.1,1243.7,68242,0
2026-06-03T14:00:00+05:30,1244.0,1246.6,1243.4,1246.5,98588,0
2026-06-03T14:05:00+05:30,1246.4,1247.1,1244.1,1244.7,101927,0
2026-06-03T14:10:00+05:30,1244.8,1245.7,1243.6,1245.5,81897,0
2026-06-03T14:15:00+05:30,1245.5,1246.5,1244.4,1244.9,96495,0
2026-06-03T14:20:00+05:30,1244.9,1246.5,1243.6,1246.3,184085,0
2026-06-03T14:25:00+05:30,1246.4,1246.4,1242.0,1243.2,87653,0
2026-06-03T14:30:00+05:30,1243.2,1244.5,1241.0,1243.4,198572,0
2026-06-03T14:35:00+05:30,1243.4,1243.8,1242.1,1243.3,157714,0
2026-06-03T14:40:00+05:30,1243.3,1244.0,1242.5,1243.4,172289,0
2026-06-03T14:45:00+05:30,1243.4,1244.0,1242.6,1243.3,137430,0
2026-06-03T14:50:00+05:30,1243.3,1248.3,1242.9,1247.3,559284,0
2026-06-03T14:55:00+05:30,1247.3,1247.3,1244.4,1246.2,204708,0
2026-06-03T15:00:00+05:30,1246.2,1246.8,1242.0,1243.3,420414,0
2026-06-03T15:05:00+05:30,1243.4,1245.4,1240.0,1241.6,554961,0
2026-06-03T15:10:00+05:30,1241.6,1242.3,1238.4,1241.2,364556,0
2026-06-03T15:15:00+05:30,1241.2,1242.5,1239.8,1241.4,333167,0
2026-06-03T15:20:00+05:30,1241.5,1243.1,1239.3,1242.2,401783,0
2026-06-03T15:25:00+05:30,1242.2,1244.0,1241.7,1243.4,200017,0
2026-06-04T09:15:00+05:30,1232.2,1242.4,1232.2,1239.3,841141,0
2026-06-04T09:20:00+05:30,1239.4,1240.9,1237.4,1237.5,214281,0
2026-06-04T09:25:00+05:30,1237.5,1239.6,1237.4,1238.6,141693,0
2026-06-04T09:30:00+05:30,1238.5,1241.5,1237.5,1240.7,410883,0
2026-06-04T09:35:00+05:30,1240.7,1243.7,1239.7,1240.4,110790,0
2026-06-04T09:40:00+05:30,1240.4,1243.5,1239.9,1243.0,122210,0
2026-06-04T09:45:00+05:30,1243.1,1245.9,1243.0,1244.3,204392,0
2026-06-04T09:50:00+05:30,1244.4,1248.6,1244.2,1248.3,147468,0
2026-06-04T09:55:00+05:30,1248.2,1252.5,1246.7,1247.1,289827,0
2026-06-04T10:00:00+05:30,1247.1,1248.5,1246.3,1247.0,137781,0
2026-06-04T10:05:00+05:30,1247.0,1247.8,1245.7,1246.2,104704,0
2026-06-04T10:10:00+05:30,1246.2,1247.2,1245.3,1246.2,131221,0
2026-06-04T10:15:00+05:30,1246.3,1248.8,1244.3,1248.8,90091,0
2026-06-04T10:20:00+05:30,1248.8,1249.0,1247.2,1248.3,61216,0
2026-06-04T10:25:00+05:30,1248.3,1248.9,1246.2,1246.4,75028,0
2026-06-04T10:30:00+05:30,1246.4,1249.0,1246.4,1247.5,152072,0
2026-06-04T10:35:00+05:30,1247.8,1249.3,1247.2,1248.7,107298,0
2026-06-04T10:40:00+05:30,1248.7,1251.9,1248.2,1251.3,138064,0
2026-06-04T10:45:00+05:30,1251.3,1255.6,1251.0,1254.6,354906,0
2026-06-04T10:50:00+05:30,1254.5,1255.6,1253.1,1253.5,180549,0
2026-06-04T10:55:00+05:30,1253.5,1254.0,1251.2,1252.0,194562,0
2026-06-04T11:00:00+05:30,1252.1,1252.6,1249.1,1251.2,187181,0
2026-06-04T11:05:00+05:30,1251.0,1251.2,1248.2,1249.2,83171,0
2026-06-04T11:10:00+05:30,1249.2,1252.7,1249.0,1252.0,111863,0
2026-06-04T11:15:00+05:30,1252.0,1252.7,1251.0,1251.0,65778,0
2026-06-04T11:20:00+05:30,1251.0,1252.4,1251.0,1251.4,106345,0
2026-06-04T11:25:00+05:30,1251.1,1251.4,1249.8,1250.4,84074,0
2026-06-04T11:30:00+05:30,1250.4,1252.3,1249.0,1252.3,78330,0
2026-06-04T11:35:00+05:30,1252.3,1255.5,1251.6,1255.3,132431,0
2026-06-04T11:40:00+05:30,1255.5,1258.4,1255.1,1256.6,172445,0
2026-06-04T11:45:00+05:30,1256.7,1256.9,1254.7,1255.5,92117,0
2026-06-04T11:50:00+05:30,1255.7,1255.7,1251.7,1252.8,180505,0
2026-06-04T11:55:00+05:30,1252.4,1256.5,1251.8,1254.6,732480,0
2026-06-04T12:00:00+05:30,1254.7,1256.6,1254.6,1255.5,108983,0
2026-06-04T12:05:00+05:30,1255.4,1259.9,1255.1,1259.4,794689,0
2026-06-04T12:10:00+05:30,1259.5,1260.8,1256.6,1257.0,747804,0
2026-06-04T12:15:00+05:30,1256.7,1258.8,1256.0,1256.5,396196,0
2026-06-04T12:20:00+05:30,1256.5,1256.9,1253.6,1254.0,118288,0
2026-06-04T12:25:00+05:30,1253.9,1255.0,1253.3,1254.3,87088,0
2026-06-04T12:30:00+05:30,1254.3,1254.6,1251.7,1252.1,121088,0
2026-06-04T12:35:00+05:30,1252.1,1254.0,1250.7,1253.8,165574,0
2026-06-04T12:40:00+05:30,1253.9,1254.7,1252.2,1252.2,182938,0
2026-06-04T12:45:00+05:30,1252.4,1254.9,1252.1,1252.5,184390,0
2026-06-04T12:50:00+05:30,1252.8,1252.9,1251.7,1252.0,81304,0
2026-06-04T12:55:00+05:30,1252.0,1253.4,1251.4,1253.4,75240,0
2026-06-04T13:00:00+05:30,1253.4,1254.6,1251.9,1252.6,211355,0
2026-06-04T13:05:00+05:30,1252.2,1253.4,1250.7,1253.3,184940,0
2026-06-04T13:10:00+05:30,1253.1,1253.3,1248.3,1248.8,212615,0
2026-06-04T13:15:00+05:30,1248.8,1250.4,1247.2,1249.7,246771,0
2026-06-04T13:20:00+05:30,1249.5,1251.4,1247.1,1249.0,854764,0
2026-06-04T13:25:00+05:30,1249.4,1251.2,1249.0,1249.6,149972,0
2026-06-04T13:30:00+05:30,1249.5,1251.0,1248.6,1250.7,82729,0
2026-06-04T13:35:00+05:30,1250.9,1251.7,1250.2,1250.9,53786,0
2026-06-04T13:40:00+05:30,1250.5,1251.4,1250.0,1250.9,125666,0
2026-06-04T13:45:00+05:30,1250.6,1252.1,1250.0,1251.0,171062,0
2026-06-04T13:50:00+05:30,1250.5,1251.4,1249.2,1250.1,178438,0
2026-06-04T13:55:00+05:30,1250.1,1251.6,1249.2,1250.1,161842,0
2026-06-04T14:00:00+05:30,1250.1,1255.5,1249.9,1255.4,307563,0
2026-06-04T14:05:00+05:30,1255.4,1258.1,1255.1,1258.0,341966,0
2026-06-04T14:10:00+05:30,1258.0,1259.8,1257.3,1259.2,416418,0
2026-06-04T14:15:00+05:30,1259.4,1261.6,1259.1,1260.8,334935,0
2026-06-04T14:20:00+05:30,1260.8,1261.6,1260.0,1260.1,228559,0
2026-06-04T14:25:00+05:30,1260.0,1261.0,1260.0,1261.0,99184,0
2026-06-04T14:30:00+05:30,1261.0,1262.0,1258.8,1261.0,404872,0
2026-06-04T14:35:00+05:30,1260.9,1262.3,1260.3,1262.1,171309,0
2026-06-04T14:40:00+05:30,1262.0,1262.1,1260.5,1260.9,157095,0
2026-06-04T14:45:00+05:30,1260.9,1261.8,1258.7,1259.4,197790,0
2026-06-04T14:50:00+05:30,1259.8,1260.1,1255.7,1255.8,315857,0
2026-06-04T14:55:00+05:30,1255.7,1256.6,1255.0,1255.8,214387,0
2026-06-04T15:00:00+05:30,1255.8,1256.0,1249.5,1250.5,1339441,0
2026-06-04T15:05:00+05:30,1250.5,1254.4,1249.1,1253.4,890932,0
2026-06-04T15:10:00+05:30,1253.3,1254.5,1250.8,1251.3,435401,0
2026-06-04T15:15:00+05:30,1251.1,1253.1,1250.6,1251.8,476771,0
2026-06-04T15:20:00+05:30,1251.8,1251.9,1249.9,1251.3,581022,0
2026-06-04T15:25:00+05:30,1251.3,1253.7,1250.5,1253.0,353655,0
2026-06-05T09:15:00+05:30,1257.0,1263.4,1255.1,1259.1,228122,0
2026-06-05T09:20:00+05:30,1259.0,1259.5,1255.6,1258.9,106138,0
2026-06-05T09:25:00+05:30,1258.9,1261.7,1258.8,1260.8,84449,0
2026-06-05T09:30:00+05:30,1261.0,1261.2,1258.5,1259.4,41952,0
2026-06-05T09:35:00+05:30,1259.2,1260.9,1255.1,1255.1,95789,0
2026-06-05T09:40:00+05:30,1255.1,1257.7,1254.3,1256.4,46624,0
2026-06-05T09:45:00+05:30,1256.4,1256.6,1254.6,1255.2,67228,0
2026-06-05T09:50:00+05:30,1255.3,1256.7,1254.7,1255.6,68131,0
2026-06-05T09:55:00+05:30,1255.6,1257.1,1254.9,1255.3,174581,0
2026-06-05T10:00:00+05:30,1255.7,1260.0,1255.0,1258.1,129389,0
2026-06-05T10:05:00+05:30,1258.1,1260.0,1255.0,1258.9,130264,0
2026-06-05T10:10:00+05:30,1258.9,1260.0,1256.3,1256.6,186991,0
2026-06-05T10:15:00+05:30,1256.9,1259.7,1256.5,1259.2,60831,0
2026-06-05T10:20:00+05:30,1259.2,1260.0,1257.0,1259.3,70322,0
2026-06-05T10:25:00+05:30,1259.5,1260.0,1256.0,1257.6,147072,0
2026-06-05T10:30:00+05:30,1257.4,1257.6,1255.0,1255.0,74390,0
2026-06-05T10:35:00+05:30,1255.4,1255.4,1250.3,1250.3,172365,0
2026-06-05T10:40:00+05:30,1250.5,1253.1,1250.0,1251.4,155745,0
2026-06-05T10:45:00+05:30,1251.8,1254.0,1250.2,1253.9,108102,0
2026-06-05T10:50:00+05:30,1253.9,1254.7,1252.3,1252.9,75214,0
2026-06-05T10:55:00+05:30,1253.4,1255.0,1252.8,1254.2,59739,0
2026-06-05T11:00:00+05:30,1254.7,1258.4,1254.3,1258.4,88884,0
2026-06-05T11:05:00+05:30,1258.0,1261.5,1257.8,1258.7,452571,0
2026-06-05T11:10:00+05:30,1259.0,1259.6,1257.6,1257.8,141684,0
2026-06-05T11:15:00+05:30,1257.9,1258.8,1257.0,1257.1,66549,0
2026-06-05T11:20:00+05:30,1257.8,1258.0,1255.7,1256.9,77660,0
2026-06-05T11:25:00+05:30,1256.8,1257.6,1255.6,1256.6,129600,0
2026-06-05T11:30:00+05:30,1256.6,1257.9,1255.6,1256.4,77465,0
2026-06-05T11:35:00+05:30,1256.7,1257.1,1252.8,1254.5,740254,0
2026-06-05T11:40:00+05:30,1254.5,1259.2,1253.9,1258.0,238772,0
2026-06-05T11:45:00+05:30,1258.1,1260.0,1256.6,1258.9,186765,0
2026-06-05T11:50:00+05:30,1259.1,1259.2,1257.6,1257.8,95203,0
2026-06-05T11:55:00+05:30,1257.9,1258.3,1256.2,1257.0,134659,0
2026-06-05T12:00:00+05:30,1257.1,1261.0,1256.7,1260.9,330027,0
2026-06-05T12:05:00+05:30,1260.9,1262.0,1260.1,1261.4,66715,0
2026-06-05T12:10:00+05:30,1261.5,1261.9,1260.0,1261.7,39338,0
2026-06-05T12:15:00+05:30,1261.8,1261.9,1260.4,1261.1,51133,0
2026-06-05T12:20:00+05:30,1261.3,1264.2,1261.1,1264.1,144674,0
2026-06-05T12:25:00+05:30,1264.1,1265.0,1262.3,1262.5,64839,0
2026-06-05T12:30:00+05:30,1262.9,1262.9,1260.2,1261.0,63700,0
2026-06-05T12:35:00+05:30,1260.9,1261.5,1258.0,1260.0,125936,0
2026-06-05T12:40:00+05:30,1260.0,1261.0,1259.4,1259.5,89274,0
2026-06-05T12:45:00+05:30,1259.9,1260.3,1258.7,1259.4,65185,0
2026-06-05T12:50:00+05:30,1259.5,1260.5,1258.5,1260.3,48034,0
2026-06-05T12:55:00+05:30,1260.4,1261.0,1260.1,1260.6,52537,0
2026-06-05T13:00:00+05:30,1260.6,1261.9,1259.8,1261.9,70831,0
2026-06-05T13:05:00+05:30,1261.9,1262.0,1258.3,1259.2,113649,0
2026-06-05T13:10:00+05:30,1259.1,1260.6,1258.4,1260.0,87604,0
2026-06-05T13:15:00+05:30,1260.0,1261.5,1259.1,1261.3,49502,0
2026-06-05T13:20:00+05:30,1261.3,1261.8,1259.1,1260.2,100933,0
2026-06-05T13:25:00+05:30,1260.3,1261.8,1257.8,1258.4,127657,0
2026-06-05T13:30:00+05:30,1258.4,1259.6,1256.6,1258.2,163035,0
2026-06-05T13:35:00+05:30,1258.4,1259.2,1257.5,1259.0,85719,0
2026-06-05T13:40:00+05:30,1259.1,1259.7,1256.8,1258.1,84464,0
2026-06-05T13:45:00+05:30,1258.2,1258.7,1257.1,1258.4,58664,0
2026-06-05T13:50:00+05:30,1258.5,1258.5,1256.9,1257.5,63562,0
2026-06-05T13:55:00+05:30,1257.5,1259.5,1257.4,1259.4,106807,0
2026-06-05T14:00:00+05:30,1259.5,1260.8,1258.9,1260.7,59020,0
2026-06-05T14:05:00+05:30,1260.7,1262.0,1260.1,1260.5,66330,0
2026-06-05T14:10:00+05:30,1260.6,1260.6,1258.3,1259.6,65546,0
2026-06-05T14:15:00+05:30,1259.6,1259.7,1257.0,1257.5,126606,0
2026-06-05T14:20:00+05:30,1257.5,1259.9,1256.1,1259.8,116108,0
2026-06-05T14:25:00+05:30,1259.8,1261.9,1259.1,1261.0,80520,0
2026-06-05T14:30:00+05:30,1261.0,1262.0,1260.2,1260.9,81308,0
2026-06-05T14:35:00+05:30,1260.9,1261.7,1260.0,1260.0,108782,0
2026-06-05T14:40:00+05:30,1260.0,1263.4,1259.7,1262.5,150582,0
2026-06-05T14:45:00+05:30,1262.5,1263.9,1260.9,1261.3,180855,0
2026-06-05T14:50:00+05:30,1261.3,1262.3,1261.2,1262.0,90598,0
2026-06-05T14:55:00+05:30,1262.0,1262.4,1259.4,1260.4,199128,0
2026-06-05T15:00:00+05:30,1260.4,1263.2,1258.2,1262.6,277721,0
2026-06-05T15:05:00+05:30,1262.7,1263.9,1262.0,1263.1,323786,0
2026-06-05T15:10:00+05:30,1263.1,1263.3,1262.0,1262.4,290705,0
2026-06-05T15:15:00+05:30,1262.4,1263.8,1261.7,1262.4,294994,0
2026-06-05T15:20:00+05:30,1262.4,1263.9,1260.6,1261.5,392645,0
2026-06-05T15:25:00+05:30,1261.5,1262.3,1260.1,1261.0,244755,0
2026-06-08T09:15:00+05:30,1246.4,1252.5,1243.9,1251.5,433022,0
2026-06-08T09:20:00+05:30,1251.5,1252.0,1249.6,1251.1,234290,0
2026-06-08T09:25:00+05:30,1251.1,1253.4,1249.5,1249.8,322114,0
2026-06-08T09:30:00+05:30,1249.8,1251.6,1248.9,1251.5,71309,0
2026-06-08T09:35:00+05:30,1251.5,1251.9,1248.1,1249.4,83114,0
2026-06-08T09:40:00+05:30,1249.4,1250.7,1248.5,1248.8,67040,0
2026-06-08T09:45:00+05:30,1248.8,1249.4,1246.0,1246.3,69248,0
2026-06-08T09:50:00+05:30,1246.3,1247.4,1245.4,1247.2,58534,0
2026-06-08T09:55:00+05:30,1247.2,1249.4,1247.1,1248.3,194635,0
2026-06-08T10:00:00+05:30,1248.3,1248.4,1245.0,1245.0,92988,0
2026-06-08T10:05:00+05:30,1245.2,1246.3,1243.2,1245.6,137876,0
2026-06-08T10:10:00+05:30,1245.6,1246.3,1243.9,1244.1,48078,0
2026-06-08T10:15:00+05:30,1244.1,1245.0,1243.1,1245.0,82367,0
2026-06-08T10:20:00+05:30,1245.0,1246.2,1244.9,1245.5,51441,0
2026-06-08T10:25:00+05:30,1245.5,1247.0,1244.5,1246.6,72883,0
2026-06-08T10:30:00+05:30,1246.6,1249.2,1246.2,1248.9,147888,0
2026-06-08T10:35:00+05:30,1249.2,1249.2,1247.1,1248.6,109821,0
2026-06-08T10:40:00+05:30,1248.6,1250.7,1248.2,1249.0,267214,0
2026-06-08T10:45:00+05:30,1249.0,1249.8,1248.2,1249.8,67870,0
2026-06-08T10:50:00+05:30,1249.8,1251.8,1248.2,1249.5,292206,0
2026-06-08T10:55:00+05:30,1249.5,1250.8,1248.3,1250.0,80341,0
2026-06-08T11:00:00+05:30,1249.7,1250.0,1248.5,1248.8,42074,0
2026-06-08T11:05:00+05:30,1248.5,1249.5,1247.5,1249.0,132053,0
2026-06-08T11:10:00+05:30,1248.9,1249.6,1247.8,1248.3,79603,0
2026-06-08T11:15:00+05:30,1248.2,1249.0,1245.5,1247.6,193792,0
2026-06-08T11:20:00+05:30,1247.5,1248.0,1246.7,1247.3,44279,0
2026-06-08T11:25:00+05:30,1247.2,1247.3,1245.5,1246.0,56638,0
2026-06-08T11:30:00+05:30,1245.9,1247.4,1245.6,1247.2,105656,0
2026-06-08T11:35:00+05:30,1247.1,1247.7,1246.8,1247.7,41666,0
2026-06-08T11:40:00+05:30,1247.6,1248.3,1247.5,1248.2,35069,0
2026-06-08T11:45:00+05:30,1248.1,1249.5,1248.0,1248.6,197004,0
2026-06-08T11:50:00+05:30,1248.6,1248.7,1246.7,1248.5,100509,0
2026-06-08T11:55:00+05:30,1248.5,1248.7,1247.2,1248.3,160037,0
2026-06-08T12:00:00+05:30,1248.2,1249.9,1248.0,1249.7,55536,0
2026-06-08T12:05:00+05:30,1249.6,1250.8,1248.6,1249.5,138687,0
2026-06-08T12:10:00+05:30,1249.4,1252.7,1249.4,1251.2,251871,0
2026-06-08T12:15:00+05:30,1251.1,1251.5,1250.2,1251.0,56528,0
2026-06-08T12:20:00+05:30,1250.9,1252.5,1250.6,1250.9,96944,0
2026-06-08T12:25:00+05:30,1250.7,1251.1,1250.6,1250.8,40496,0
2026-06-08T12:30:00+05:30,1250.7,1251.5,1250.6,1251.4,77430,0
2026-06-08T12:35:00+05:30,1251.4,1252.2,1251.0,1251.3,186387,0
2026-06-08T12:40:00+05:30,1251.2,1253.3,1251.1,1252.3,142905,0
2026-06-08T12:45:00+05:30,1252.3,1253.6,1251.0,1253.2,198093,0
2026-06-08T12:50:00+05:30,1253.2,1254.0,1252.0,1252.4,221169,0
2026-06-08T12:55:00+05:30,1252.3,1252.9,1252.0,1252.3,48609,0
2026-06-08T13:00:00+05:30,1252.2,1252.3,1250.6,1251.0,73392,0
2026-06-08T13:05:00+05:30,1250.9,1251.1,1249.9,1250.9,59642,0
2026-06-08T13:10:00+05:30,1250.8,1251.0,1250.0,1250.7,49702,0
2026-06-08T13:15:00+05:30,1250.7,1250.9,1250.0,1250.3,51579,0
2026-06-08T13:20:00+05:30,1250.3,1251.4,1249.9,1251.1,74636,0
2026-06-08T13:25:00+05:30,1251.1,1252.2,1249.8,1252.0,102942,0
2026-06-08T13:30:00+05:30,1252.1,1253.4,1250.6,1252.1,201000,0
2026-06-08T13:35:00+05:30,1252.1,1252.6,1250.8,1252.3,60378,0
2026-06-08T13:40:00+05:30,1252.3,1252.4,1250.8,1250.9,65601,0
2026-06-08T13:45:00+05:30,1250.8,1251.4,1249.5,1251.2,114414,0
2026-06-08T13:50:00+05:30,1251.1,1251.7,1249.7,1251.5,139880,0
2026-06-08T13:55:00+05:30,1251.3,1251.8,1250.5,1251.6,174240,0
2026-06-08T14:00:00+05:30,1251.6,1253.4,1251.2,1252.7,148655,0
2026-06-08T14:05:00+05:30,1252.8,1253.8,1252.0,1252.2,83198,0
2026-06-08T14:10:00+05:30,1252.2,1253.0,1251.1,1251.3,104756,0
2026-06-08T14:15:00+05:30,1251.3,1253.4,1250.5,1252.7,116662,0
2026-06-08T14:20:00+05:30,1252.7,1252.7,1251.0,1251.6,55033,0
2026-06-08T14:25:00+05:30,1251.7,1251.8,1251.2,1251.5,56895,0
2026-06-08T14:30:00+05:30,1251.5,1251.9,1249.1,1250.5,150935,0
2026-06-08T14:35:00+05:30,1250.5,1251.5,1249.4,1251.4,132597,0
2026-06-08T14:40:00+05:30,1251.3,1252.4,1250.8,1251.8,185788,0
2026-06-08T14:45:00+05:30,1251.8,1252.0,1249.4,1250.8,306169,0
2026-06-08T14:50:00+05:30,1250.8,1253.0,1250.5,1252.9,189151,0
2026-06-08T14:55:00+05:30,1252.9,1253.0,1250.7,1252.2,198989,0
2026-06-08T15:00:00+05:30,1252.2,1252.7,1248.1,1249.1,290335,0
2026-06-08T15:05:00+05:30,1249.1,1252.2,1248.9,1249.9,407411,0
2026-06-08T15:10:00+05:30,1249.9,1250.1,1249.2,1249.9,269065,0
2026-06-08T15:15:00+05:30,1249.9,1250.8,1249.5,1250.5,326253,0
2026-06-08T15:20:00+05:30,1250.4,1251.0,1250.0,1250.9,306140,0
2026-06-08T15:25:00+05:30,1251.0,1251.0,1248.5,1250.0,340812,0
2026-06-09T09:15:00+05:30,1255.0,1265.0,1252.7,1264.5,636721,0
2026-06-09T09:20:00+05:30,1264.5,1266.7,1262.4,1266.1,321254,0
2026-06-09T09:25:00+05:30,1266.4,1269.8,1266.1,1269.0,232380,0
2026-06-09T09:30:00+05:30,1269.0,1273.4,1268.9,1272.5,253221,0
2026-06-09T09:35:00+05:30,1272.5,1273.0,1268.0,1269.7,278663,0
2026-06-09T09:40:00+05:30,1269.7,1270.9,1268.9,1269.2,162432,0
2026-06-09T09:45:00+05:30,1269.2,1269.9,1265.8,1267.3,326820,0
2026-06-09T09:50:00+05:30,1267.1,1269.8,1265.6,1268.8,200882,0
2026-06-09T09:55:00+05:30,1268.8,1269.5,1267.5,1268.4,112414,0
2026-06-09T10:00:00+05:30,1268.5,1269.1,1267.1,1268.5,78261,0
2026-06-09T10:05:00+05:30,1268.5,1269.9,1267.2,1267.5,158036,0
2026-06-09T10:10:00+05:30,1267.6,1268.2,1266.5,1267.4,149973,0
2026-06-09T10:15:00+05:30,1267.6,1268.2,1266.3,1267.6,166557,0
2026-06-09T10:20:00+05:30,1267.6,1268.9,1266.7,1268.9,140542,0
2026-06-09T10:25:00+05:30,1268.9,1269.8,1268.1,1269.2,150582,0
2026-06-09T10:30:00+05:30,1269.2,1269.4,1267.3,1268.9,89122,0
2026-06-09T10:35:00+05:30,1268.9,1268.9,1268.0,1268.5,67247,0
2026-06-09T10:40:00+05:30,1268.5,1269.5,1267.9,1269.1,85530,0
2026-06-09T10:45:00+05:30,1269.1,1269.3,1266.4,1267.0,249133,0
2026-06-09T10:50:00+05:30,1267.0,1267.1,1265.1,1267.0,232418,0
2026-06-09T10:55:00+05:30,1267.0,1267.0,1263.0,1263.0,145649,0
2026-06-09T11:00:00+05:30,1263.0,1263.6,1261.3,1261.7,119053,0
2026-06-09T11:05:00+05:30,1261.5,1261.7,1260.0,1260.3,105767,0
2026-06-09T11:10:00+05:30,1260.4,1260.4,1259.0,1259.7,82406,0
2026-06-09T11:15:00+05:30,1259.7,1262.1,1259.4,1261.6,131858,0
2026-06-09T11:20:00+05:30,1261.5,1261.6,1257.7,1258.8,109913,0
2026-06-09T11:25:00+05:30,1258.8,1260.6,1258.2,1260.3,141648,0
2026-06-09T11:30:00+05:30,1260.2,1262.5,1259.6,1262.3,175297,0
2026-06-09T11:35:00+05:30,1262.5,1263.9,1262.1,1263.1,255948,0
2026-06-09T11:40:00+05:30,1263.2,1264.0,1260.6,1262.2,417798,0
2026-06-09T11:45:00+05:30,1262.2,1265.0,1261.2,1263.7,207697,0
2026-06-09T11:50:00+05:30,1263.6,1266.2,1263.2,1263.8,346476,0
2026-06-09T11:55:00+05:30,1263.8,1264.5,1263.2,1263.9,135941,0
2026-06-09T12:00:00+05:30,1263.9,1268.7,1263.9,1266.1,562531,0
2026-06-09T12:05:00+05:30,1266.2,1266.9,1265.2,1265.6,124357,0
2026-06-09T12:10:00+05:30,1265.6,1267.8,1265.4,1267.6,143463,0
2026-06-09T12:15:00+05:30,1267.5,1269.9,1267.1,1269.9,204630,0
2026-06-09T12:20:00+05:30,1269.7,1270.8,1268.4,1270.3,285886,0
2026-06-09T12:25:00+05:30,1270.0,1272.0,1270.0,1271.7,164564,0
2026-06-09T12:30:00+05:30,1271.7,1275.4,1271.0,1273.5,310660,0
2026-06-09T12:35:00+05:30,1273.5,1274.3,1271.7,1272.7,167992,0
2026-06-09T12:40:00+05:30,1272.6,1272.8,1270.5,1270.9,161092,0
2026-06-09T12:45:00+05:30,1270.8,1272.2,1269.9,1271.4,253683,0
2026-06-09T12:50:00+05:30,1271.4,1273.0,1270.8,1272.6,121610,0
2026-06-09T12:55:00+05:30,1272.6,1273.7,1271.2,1272.5,420105,0
2026-06-09T13:00:00+05:30,1272.5,1277.4,1272.5,1274.5,787307,0
2026-06-09T13:05:00+05:30,1274.5,1275.0,1272.4,1273.7,254452,0
2026-06-09T13:10:00+05:30,1273.7,1276.4,1273.0,1273.5,347429,0
2026-06-09T13:15:00+05:30,1273.5,1276.4,1271.5,1273.2,430137,0
2026-06-09T13:20:00+05:30,1273.1,1274.7,1272.3,1273.4,209946,0
2026-06-09T13:25:00+05:30,1273.4,1275.7,1272.7,1275.5,453687,0
2026-06-09T13:30:00+05:30,1275.4,1275.8,1272.9,1275.4,359506,0
2026-06-09T13:35:00+05:30,1275.4,1275.5,1272.7,1273.6,237759,0
2026-06-09T13:40:00+05:30,1273.6,1274.0,1271.2,1273.9,325122,0
2026-06-09T13:45:00+05:30,1273.9,1274.2,1272.0,1273.0,191517,0
2026-06-09T13:50:00+05:30,1272.9,1275.1,1272.5,1272.8,214878,0
2026-06-09T13:55:00+05:30,1272.7,1273.9,1272.5,1273.6,133193,0
2026-06-09T14:00:00+05:30,1273.4,1275.3,1272.5,1275.0,133328,0
2026-06-09T14:05:00+05:30,1274.9,1276.5,1273.9,1276.0,169661,0
2026-06-09T14:10:00+05:30,1276.0,1277.0,1274.9,1275.0,384556,0
2026-06-09T14:15:00+05:30,1275.0,1275.2,1272.7,1272.8,325516,0
2026-06-09T14:20:00+05:30,1272.8,1274.2,1271.1,1273.7,434597,0
2026-06-09T14:25:00+05:30,1273.7,1275.7,1273.0,1275.7,291176,0
2026-06-09T14:30:00+05:30,1275.4,1276.7,1274.0,1276.5,242203,0
2026-06-09T14:35:00+05:30,1276.5,1278.0,1275.8,1277.8,228596,0
2026-06-09T14:40:00+05:30,1277.8,1279.6,1277.4,1278.6,378696,0
2026-06-09T14:45:00+05:30,1278.5,1279.3,1277.6,1277.9,310135,0
2026-06-09T14:50:00+05:30,1277.9,1279.9,1277.0,1278.8,631193,0
2026-06-09T14:55:00+05:30,1278.5,1279.3,1278.0,1278.3,449754,0
2026-06-09T15:00:00+05:30,1278.3,1278.3,1274.0,1274.2,588660,0
2026-06-09T15:05:00+05:30,1274.2,1277.7,1272.5,1276.9,2139247,0
2026-06-09T15:10:00+05:30,1276.8,1277.9,1274.9,1275.7,936824,0
2026-06-09T15:15:00+05:30,1275.5,1275.7,1272.0,1272.9,578972,0
2026-06-09T15:20:00+05:30,1272.9,1274.6,1272.3,1274.1,340673,0
2026-06-09T15:25:00+05:30,1274.0,1276.5,1271.5,1276.0,282379,0
2026-06-10T09:15:00+05:30,1271.3,1284.9,1271.3,1280.9,1165876,0
2026-06-10T09:20:00+05:30,1281.3,1286.4,1281.3,1284.3,866802,0
2026-06-10T09:25:00+05:30,1284.3,1288.6,1283.2,1287.4,522715,0
2026-06-10T09:30:00+05:30,1287.4,1288.2,1283.7,1285.4,371448,0
2026-06-10T09:35:00+05:30,1285.1,1287.5,1284.4,1286.0,306216,0
2026-06-10T09:40:00+05:30,1286.1,1288.0,1286.0,1287.6,311213,0
2026-06-10T09:45:00+05:30,1287.6,1289.9,1286.0,1289.8,515581,0
2026-06-10T09:50:00+05:30,1289.7,1290.9,1288.2,1290.5,599226,0
2026-06-10T09:55:00+05:30,1290.5,1290.7,1285.1,1285.1,320421,0
2026-06-10T10:00:00+05:30,1285.1,1286.3,1285.1,1285.6,162578,0
2026-06-10T10:05:00+05:30,1285.6,1286.0,1282.3,1285.7,198565,0
2026-06-10T10:10:00+05:30,1285.8,1286.8,1285.8,1286.0,119705,0
2026-06-10T10:15:00+05:30,1286.1,1287.8,1285.1,1287.8,274295,0
2026-06-10T10:20:00+05:30,1287.8,1287.8,1285.3,1286.0,95908,0
2026-06-10T10:25:00+05:30,1285.9,1286.2,1283.9,1284.8,169429,0
2026-06-10T10:30:00+05:30,1284.9,1287.3,1284.8,1286.8,228336,0
2026-06-10T10:35:00+05:30,1286.8,1290.0,1286.7,1289.5,177646,0
2026-06-10T10:40:00+05:30,1289.6,1293.0,1289.3,1291.9,660058,0
2026-06-10T10:45:00+05:30,1291.9,1295.9,1291.8,1295.7,403788,0
2026-06-10T10:50:00+05:30,1295.8,1297.3,1294.2,1296.8,833063,0
2026-06-10T10:55:00+05:30,1296.9,1298.8,1294.9,1296.4,620411,0
2026-06-10T11:00:00+05:30,1297.0,1298.9,1296.2,1298.9,139988,0
2026-06-10T11:05:00+05:30,1298.9,1298.9,1296.2,1298.9,208793,0
2026-06-10T11:10:00+05:30,1298.9,1301.0,1298.0,1298.5,706053,0
2026-06-10T11:15:00+05:30,1298.6,1301.0,1298.5,1300.4,430708,0
2026-06-10T11:20:00+05:30,1300.4,1301.8,1299.0,1299.7,608503,0
2026-06-10T11:25:00+05:30,1299.7,1302.6,1299.3,1302.4,396370,0
2026-06-10T11:30:00+05:30,1302.4,1302.7,1300.6,1301.1,402530,0
2026-06-10T11:35:00+05:30,1301.4,1305.4,1300.9,1304.0,452683,0
2026-06-10T11:40:00+05:30,1304.2,1306.0,1303.3,1305.4,383584,0
2026-06-10T11:45:00+05:30,1305.4,1305.5,1302.9,1304.0,438728,0
2026-06-10T11:50:00+05:30,1304.0,1304.1,1301.2,1302.5,246126,0
2026-06-10T11:55:00+05:30,1302.5,1304.4,1302.2,1303.5,181581,0
2026-06-10T12:00:00+05:30,1303.6,1304.0,1301.1,1301.2,237832,0
2026-06-10T12:05:00+05:30,1301.5,1301.9,1300.5,1301.5,158323,0
2026-06-10T12:10:00+05:30,1301.7,1303.1,1301.0,1302.9,105898,0
2026-06-10T12:15:00+05:30,1302.9,1305.6,1302.2,1304.6,286091,0
2026-06-10T12:20:00+05:30,1304.4,1305.9,1304.1,1305.0,259109,0
2026-06-10T12:25:00+05:30,1305.2,1305.3,1303.2,1304.9,263578,0
2026-06-10T12:30:00+05:30,1304.9,1305.0,1303.8,1303.9,167774,0
2026-06-10T12:35:00+05:30,1303.8,1304.0,1303.0,1303.2,172631,0
2026-06-10T12:40:00+05:30,1303.2,1303.2,1298.3,1298.9,444339,0
2026-06-10T12:45:00+05:30,1298.7,1300.6,1297.6,1300.5,177172,0
2026-06-10T12:50:00+05:30,1300.6,1301.4,1299.3,1299.7,233963,0
2026-06-10T12:55:00+05:30,1299.7,1299.7,1296.7,1299.1,330156,0
2026-06-10T13:00:00+05:30,1299.2,1301.1,1299.0,1301.0,104223,0
2026-06-10T13:05:00+05:30,1301.1,1301.8,1299.6,1300.4,155702,0
2026-06-10T13:10:00+05:30,1300.1,1300.4,1298.8,1299.1,166358,0
2026-06-10T13:15:00+05:30,1299.0,1299.7,1298.3,1299.0,138777,0
2026-06-10T13:20:00+05:30,1299.1,1299.2,1295.7,1297.5,266174,0
2026-06-10T13:25:00+05:30,1297.5,1300.6,1297.4,1300.1,553036,0
2026-06-10T13:30:00+05:30,1299.7,1301.0,1297.5,1298.3,575370,0
2026-06-10T13:35:00+05:30,1298.4,1300.8,1298.0,1300.3,506961,0
2026-06-10T13:40:00+05:30,1300.1,1301.3,1298.3,1298.8,349165,0
2026-06-10T13:45:00+05:30,1298.8,1300.5,1297.1,1297.1,445418,0
2026-06-10T13:50:00+05:30,1297.4,1298.0,1295.3,1295.7,186886,0
2026-06-10T13:55:00+05:30,1295.7,1297.0,1295.3,1296.5,154865,0
2026-06-10T14:00:00+05:30,1296.7,1296.9,1295.8,1296.6,110551,0
2026-06-10T14:05:00+05:30,1296.6,1296.6,1295.0,1295.0,137684,0
2026-06-10T14:10:00+05:30,1295.1,1296.7,1294.3,1295.7,291909,0
2026-06-10T14:15:00+05:30,1295.9,1297.2,1295.1,1296.5,198214,0
2026-06-10T14:20:00+05:30,1296.6,1298.3,1296.3,1297.6,162041,0
2026-06-10T14:25:00+05:30,1297.6,1298.0,1296.1,1296.5,132178,0
2026-06-10T14:30:00+05:30,1296.5,1298.0,1295.3,1297.8,160562,0
2026-06-10T14:35:00+05:30,1297.8,1298.0,1295.2,1295.2,126677,0
2026-06-10T14:40:00+05:30,1295.2,1297.9,1295.1,1296.6,468914,0
2026-06-10T14:45:00+05:30,1296.7,1297.6,1295.5,1296.0,270417,0
2026-06-10T14:50:00+05:30,1296.0,1296.4,1295.2,1295.7,192804,0
2026-06-10T14:55:00+05:30,1295.7,1296.6,1295.0,1295.1,209588,0
2026-06-10T15:00:00+05:30,1295.0,1296.0,1294.2,1294.6,503757,0
2026-06-10T15:05:00+05:30,1294.8,1296.1,1293.6,1295.5,612490,0
2026-06-10T15:10:00+05:30,1295.5,1296.4,1291.5,1292.2,730328,0
2026-06-10T15:15:00+05:30,1292.2,1293.8,1290.5,1292.0,547988,0
2026-06-10T15:20:00+05:30,1292.1,1293.3,1289.2,1291.0,702730,0
2026-06-10T15:25:00+05:30,1291.2,1293.6,1290.2,1293.0,238785,0
2026-06-11T09:15:00+05:30,1286.5,1302.0,1286.5,1300.1,870933,0
2026-06-11T09:20:00+05:30,1300.1,1302.3,1299.2,1300.4,1066460,0
2026-06-11T09:25:00+05:30,1300.4,1302.5,1299.1,1300.4,937351,0
2026-06-11T09:30:00+05:30,1300.5,1302.9,1297.1,1302.1,1956589,0
2026-06-11T09:35:00+05:30,1302.1,1303.3,1301.1,1302.9,428734,0
2026-06-11T09:40:00+05:30,1302.9,1308.9,1301.2,1308.6,671718,0
2026-06-11T09:45:00+05:30,1308.7,1311.0,1308.0,1310.0,423237,0
2026-06-11T09:50:00+05:30,1310.0,1314.7,1309.5,1310.9,782622,0
2026-06-11T09:55:00+05:30,1311.3,1311.8,1308.1,1310.7,690495,0
2026-06-11T10:00:00+05:30,1311.0,1313.1,1308.4,1309.1,1056660,0
2026-06-11T10:05:00+05:30,1309.1,1314.9,1308.6,1314.7,1066546,0
2026-06-11T10:10:00+05:30,1314.8,1314.9,1312.1,1312.5,430897,0
2026-06-11T10:15:00+05:30,1312.6,1317.4,1312.5,1317.2,1873899,0
2026-06-11T10:20:00+05:30,1317.2,1320.0,1316.5,1317.4,733371,0
2026-06-11T10:25:00+05:30,1317.4,1319.0,1316.7,1318.5,158984,0
2026-06-11T10:30:00+05:30,1318.5,1319.5,1317.0,1319.2,181606,0
2026-06-11T10:35:00+05:30,1319.2,1320.9,1317.8,1320.0,292575,0
2026-06-11T10:40:00+05:30,1320.1,1320.8,1320.0,1320.0,185513,0
2026-06-11T10:45:00+05:30,1320.3,1322.1,1320.0,1320.4,580532,0
2026-06-11T10:50:00+05:30,1320.4,1322.0,1317.6,1319.4,634868,0
2026-06-11T10:55:00+05:30,1319.4,1321.5,1319.1,1321.4,542316,0
2026-06-11T11:00:00+05:30,1321.5,1323.5,1320.0,1323.0,197607,0
2026-06-11T11:05:00+05:30,1323.0,1324.6,1321.6,1322.3,206178,0
2026-06-11T11:10:00+05:30,1322.2,1325.0,1322.0,1323.5,487302,0
2026-06-11T11:15:00+05:30,1323.5,1326.6,1323.0,1325.9,617481,0
2026-06-11T11:20:00+05:30,1325.9,1326.8,1325.0,1325.5,245719,0
2026-06-11T11:25:00+05:30,1325.5,1326.7,1325.0,1326.2,262071,0
2026-06-11T11:30:00+05:30,1326.2,1327.8,1325.6,1326.0,196710,0
2026-06-11T11:35:00+05:30,1325.9,1326.0,1325.0,1325.6,335011,0
2026-06-11T11:40:00+05:30,1325.8,1326.5,1325.0,1325.8,411904,0
2026-06-11T11:45:00+05:30,1325.8,1326.4,1325.2,1326.0,149957,0
2026-06-11T11:50:00+05:30,1326.1,1326.2,1325.1,1325.4,179415,0
2026-06-11T11:55:00+05:30,1325.4,1326.0,1325.0,1325.0,191559,0
2026-06-11T12:00:00+05:30,1325.1,1326.9,1325.0,1326.2,190713,0
2026-06-11T12:05:00+05:30,1326.2,1327.6,1325.9,1327.1,250461,0
2026-06-11T12:10:00+05:30,1327.2,1327.2,1325.7,1326.3,216861,0
2026-06-11T12:15:00+05:30,1326.4,1326.8,1323.6,1323.8,279205,0
2026-06-11T12:20:00+05:30,1323.8,1325.3,1323.1,1325.2,300718,0
2026-06-11T12:25:00+05:30,1325.2,1326.7,1324.0,1325.5,196973,0
2026-06-11T12:30:00+05:30,1325.5,1327.4,1325.5,1327.0,174583,0
2026-06-11T12:35:00+05:30,1327.1,1329.0,1326.5,1328.4,555364,0
2026-06-11T12:40:00+05:30,1328.5,1330.7,1328.1,1330.6,378943,0
2026-06-11T12:45:00+05:30,1330.6,1332.1,1330.3,1331.0,353645,0
2026-06-11T12:50:00+05:30,1331.1,1331.9,1330.4,1331.1,161005,0
2026-06-11T12:55:00+05:30,1331.1,1332.8,1330.4,1331.5,182652,0
2026-06-11T13:00:00+05:30,1331.5,1333.0,1331.2,1331.8,141815,0
2026-06-11T13:05:00+05:30,1331.8,1331.9,1331.0,1331.3,122556,0
2026-06-11T13:10:00+05:30,1331.3,1332.0,1327.1,1328.2,639416,0
2026-06-11T13:15:00+05:30,1328.2,1328.7,1324.0,1325.8,474832,0
2026-06-11T13:20:00+05:30,1325.8,1326.2,1322.5,1323.6,577239,0
2026-06-11T13:25:00+05:30,1323.8,1324.7,1321.8,1324.1,311290,0
2026-06-11T13:30:00+05:30,1324.1,1326.8,1323.3,1323.7,314344,0
2026-06-11T13:35:00+05:30,1323.7,1326.0,1323.4,1324.0,177150,0
2026-06-11T13:40:00+05:30,1323.9,1324.9,1323.5,1324.4,152079,0
2026-06-11T13:45:00+05:30,1324.6,1324.9,1323.5,1324.2,148284,0
2026-06-11T13:50:00+05:30,1324.2,1324.2,1322.1,1323.0,254193,0
2026-06-11T13:55:00+05:30,1323.3,1323.5,1321.0,1321.8,192370,0
2026-06-11T14:00:00+05:30,1322.0,1322.8,1321.4,1322.1,249692,0
2026-06-11T14:05:00+05:30,1322.1,1323.4,1320.6,1321.5,254647,0
2026-06-11T14:10:00+05:30,1321.5,1322.2,1320.4,1321.6,202916,0
2026-06-11T14:15:00+05:30,1321.6,1322.5,1321.2,1322.5,198916,0
2026-06-11T14:20:00+05:30,1322.5,1323.4,1319.0,1320.1,440919,0
2026-06-11T14:25:00+05:30,1320.1,1322.0,1320.0,1321.0,490488,0
2026-06-11T14:30:00+05:30,1321.0,1321.0,1318.7,1320.0,630335,0
2026-06-11T14:35:00+05:30,1320.0,1321.6,1318.4,1320.8,1168752,0
2026-06-11T14:40:00+05:30,1320.8,1322.5,1318.6,1319.4,590286,0
2026-06-11T14:45:00+05:30,1319.7,1321.6,1318.0,1319.8,448786,0
2026-06-11T14:50:00+05:30,1319.8,1319.8,1316.3,1316.5,288291,0
2026-06-11T14:55:00+05:30,1316.5,1317.8,1315.0,1317.2,292668,0
2026-06-11T15:00:00+05:30,1317.2,1319.2,1316.0,1316.7,1177589,0
2026-06-11T15:05:00+05:30,1316.7,1318.5,1315.1,1316.2,1538789,0
2026-06-11T15:10:00+05:30,1316.2,1319.4,1316.1,1318.6,581279,0
2026-06-11T15:15:00+05:30,1318.9,1319.0,1316.2,1316.8,527739,0
2026-06-11T15:20:00+05:30,1316.7,1317.7,1315.6,1316.1,519737,0
2026-06-11T15:25:00+05:30,1315.9,1316.8,1312.2,1313.9,331830,0
2026-06-12T09:15:00+05:30,1330.0,1338.8,1326.0,1336.9,993359,0
2026-06-12T09:20:00+05:30,1336.7,1337.0,1330.2,1331.1,486157,0
2026-06-12T09:25:00+05:30,1331.1,1332.1,1324.2,1326.7,415754,0
2026-06-12T09:30:00+05:30,1326.7,1329.0,1325.4,1328.9,202208,0
2026-06-12T09:35:00+05:30,1328.9,1329.6,1326.5,1326.8,178964,0
2026-06-12T09:40:00+05:30,1326.8,1327.0,1325.0,1326.0,107448,0
2026-06-12T09:45:00+05:30,1326.0,1327.0,1325.0,1326.3,129776,0
2026-06-12T09:50:00+05:30,1326.5,1326.7,1323.6,1324.9,174689,0
2026-06-12T09:55:00+05:30,1324.9,1325.3,1324.5,1324.5,142617,0
2026-06-12T10:00:00+05:30,1324.6,1324.7,1320.8,1321.4,218124,0
2026-06-12T10:05:00+05:30,1321.4,1322.8,1321.0,1322.3,112290,0
2026-06-12T10:10:00+05:30,1322.7,1323.0,1320.0,1320.9,99981,0
2026-06-12T10:15:00+05:30,1320.9,1321.7,1318.7,1319.8,183244,0
2026-06-12T10:20:00+05:30,1319.8,1323.4,1319.5,1323.4,194778,0
2026-06-12T10:25:00+05:30,1323.4,1324.9,1320.9,1321.1,141815,0
2026-06-12T10:30:00+05:30,1321.1,1325.0,1320.5,1323.7,268651,0
2026-06-12T10:35:00+05:30,1323.7,1325.9,1322.4,1325.4,224667,0
2026-06-12T10:40:00+05:30,1325.5,1326.5,1323.8,1324.6,165703,0
2026-06-12T10:45:00+05:30,1324.6,1326.0,1323.3,1325.9,120352,0
2026-06-12T10:50:00+05:30,1325.9,1327.0,1324.3,1327.0,140254,0
2026-06-12T10:55:00+05:30,1327.0,1327.9,1326.3,1327.3,162015,0
2026-06-12T11:00:00+05:30,1327.2,1328.0,1326.2,1327.5,196338,0
2026-06-12T11:05:00+05:30,1327.5,1327.5,1324.6,1325.6,152136,0
2026-06-12T11:10:00+05:30,1325.6,1326.9,1325.4,1326.7,132999,0
2026-06-12T11:15:00+05:30,1326.7,1327.2,1324.6,1324.8,226545,0
2026-06-12T11:20:00+05:30,1324.8,1325.7,1323.4,1325.6,209445,0
2026-06-12T11:25:00+05:30,1325.6,1327.0,1324.7,1327.0,261240,0
2026-06-12T11:30:00+05:30,1327.0,1327.8,1326.5,1327.4,101696,0
2026-06-12T11:35:00+05:30,1327.4,1327.8,1326.4,1327.0,136665,0
2026-06-12T11:40:00+05:30,1327.5,1330.1,1327.0,1328.2,282660,0
2026-06-12T11:45:00+05:30,1328.2,1328.2,1327.1,1327.9,83393,0
2026-06-12T11:50:00+05:30,1327.9,1327.9,1325.6,1326.1,140246,0
2026-06-12T11:55:00+05:30,1326.0,1326.8,1326.0,1326.4,63762,0
2026-06-12T12:00:00+05:30,1326.4,1326.5,1325.1,1326.2,101057,0
2026-06-12T12:05:00+05:30,1326.2,1327.0,1325.9,1326.4,80722,0
2026-06-12T12:10:00+05:30,1326.4,1327.6,1325.5,1326.4,272256,0
2026-06-12T12:15:00+05:30,1326.9,1327.3,1325.5,1327.0,149699,0
2026-06-12T12:20:00+05:30,1327.0,1329.5,1326.9,1329.5,262554,0
2026-06-12T12:25:00+05:30,1329.4,1330.2,1329.2,1329.6,168014,0
2026-06-12T12:30:00+05:30,1329.6,1329.8,1328.0,1328.4,188824,0
2026-06-12T12:35:00+05:30,1328.4,1329.1,1328.2,1328.6,122740,0
2026-06-12T12:40:00+05:30,1328.6,1328.7,1326.8,1327.0,174946,0
2026-06-12T12:45:00+05:30,1327.0,1327.9,1325.8,1327.0,241437,0
2026-06-12T12:50:00+05:30,1326.9,1327.2,1326.2,1327.0,111335,0
2026-06-12T12:55:00+05:30,1327.2,1327.2,1326.0,1327.1,171340,0
2026-06-12T13:00:00+05:30,1327.2,1328.3,1326.5,1327.4,116174,0
2026-06-12T13:05:00+05:30,1327.4,1328.5,1327.0,1327.1,80668,0
2026-06-12T13:10:00+05:30,1327.1,1327.8,1327.0,1327.7,79771,0
2026-06-12T13:15:00+05:30,1327.7,1328.0,1327.4,1327.9,62546,0
2026-06-12T13:20:00+05:30,1327.9,1328.3,1327.6,1327.7,117668,0
2026-06-12T13:25:00+05:30,1327.7,1330.9,1327.0,1330.3,189917,0
2026-06-12T13:30:00+05:30,1330.3,1332.0,1329.5,1332.0,177858,0
2026-06-12T13:35:00+05:30,1331.9,1335.7,1331.7,1335.6,474172,0
2026-06-12T13:40:00+05:30,1335.6,1337.0,1335.0,1335.5,289359,0
2026-06-12T13:45:00+05:30,1335.5,1337.0,1335.3,1336.5,242477,0
2026-06-12T13:50:00+05:30,1336.5,1337.5,1335.4,1336.6,211999,0
2026-06-12T13:55:00+05:30,1336.6,1337.5,1335.2,1335.9,168733,0
2026-06-12T14:00:00+05:30,1335.9,1336.3,1335.2,1336.2,102368,0
2026-06-12T14:05:00+05:30,1336.2,1336.6,1334.8,1335.7,133225,0
2026-06-12T14:10:00+05:30,1335.7,1340.0,1335.3,1338.5,492556,0
2026-06-12T14:15:00+05:30,1338.5,1339.9,1338.0,1339.5,238829,0
2026-06-12T14:20:00+05:30,1339.3,1339.9,1338.3,1339.2,285420,0
2026-06-12T14:25:00+05:30,1339.2,1339.8,1338.7,1339.3,229821,0
2026-06-12T14:30:00+05:30,1339.3,1341.0,1338.3,1339.0,257235,0
2026-06-12T14:35:00+05:30,1339.0,1340.5,1338.3,1340.4,335851,0
2026-06-12T14:40:00+05:30,1340.4,1341.4,1339.1,1340.7,327696,0
2026-06-12T14:45:00+05:30,1340.7,1341.8,1340.1,1341.0,178807,0
2026-06-12T14:50:00+05:30,1341.0,1342.9,1340.9,1342.7,281233,0
2026-06-12T14:55:00+05:30,1342.7,1344.3,1342.1,1343.4,418333,0
2026-06-12T15:00:00+05:30,1343.4,1343.4,1340.8,1341.9,611191,0
2026-06-12T15:05:00+05:30,1341.9,1342.3,1339.6,1339.8,783425,0
2026-06-12T15:10:00+05:30,1339.9,1340.4,1338.6,1340.2,445398,0
2026-06-12T15:15:00+05:30,1340.2,1341.0,1339.5,1340.1,708867,0
2026-06-12T15:20:00+05:30,1340.1,1341.0,1339.1,1340.4,716841,0
2026-06-12T15:25:00+05:30,1340.5,1342.0,1337.7,1340.0,508011,0
2026-06-15T09:15:00+05:30,1354.6,1362.7,1349.5,1351.1,1013841,0
2026-06-15T09:20:00+05:30,1351.2,1352.6,1348.7,1350.5,492272,0
2026-06-15T09:25:00+05:30,1350.5,1351.5,1347.0,1348.1,644254,0
2026-06-15T09:30:00+05:30,1348.1,1348.8,1345.1,1348.6,387971,0
2026-06-15T09:35:00+05:30,1348.5,1348.8,1345.5,1346.1,283216,0
2026-06-15T09:40:00+05:30,1346.3,1347.5,1345.0,1346.2,231738,0
2026-06-15T09:45:00+05:30,1346.3,1348.4,1346.1,1347.0,191852,0
2026-06-15T09:50:00+05:30,1347.3,1348.2,1346.1,1346.1,186065,0
2026-06-15T09:55:00+05:30,1346.2,1347.9,1346.1,1347.9,165903,0
2026-06-15T10:00:00+05:30,1347.9,1349.7,1347.5,1348.1,185239,0
2026-06-15T10:05:00+05:30,1348.1,1348.1,1346.0,1347.0,177374,0
2026-06-15T10:10:00+05:30,1347.0,1348.0,1346.0,1347.4,174993,0
2026-06-15T10:15:00+05:30,1347.4,1348.0,1346.4,1347.0,110439,0
2026-06-15T10:20:00+05:30,1347.0,1348.0,1346.0,1346.2,139809,0
2026-06-15T10:25:00+05:30,1346.2,1347.8,1346.0,1347.0,164707,0
2026-06-15T10:30:00+05:30,1347.1,1349.0,1346.6,1348.9,152636,0
2026-06-15T10:35:00+05:30,1348.9,1349.0,1347.5,1348.2,222266,0
2026-06-15T10:40:00+05:30,1348.2,1349.1,1347.1,1347.8,198286,0
2026-06-15T10:45:00+05:30,1347.8,1349.0,1347.3,1348.3,209394,0
2026-06-15T10:50:00+05:30,1348.3,1351.5,1348.0,1351.5,274648,0
2026-06-15T10:55:00+05:30,1351.5,1352.0,1349.0,1349.5,175726,0
2026-06-15T11:00:00+05:30,1349.5,1349.8,1346.3,1346.9,253952,0
2026-06-15T11:05:00+05:30,1346.9,1347.0,1344.1,1345.2,160981,0
2026-06-15T11:10:00+05:30,1345.4,1345.8,1344.5,1344.6,95237,0
2026-06-15T11:15:00+05:30,1344.6,1344.7,1342.1,1343.6,204117,0
2026-06-15T11:20:00+05:30,1343.6,1343.6,1342.1,1342.6,83338,0
2026-06-15T11:25:00+05:30,1342.6,1344.9,1342.1,1344.8,83621,0
2026-06-15T11:30:00+05:30,1344.8,1344.9,1343.2,1343.9,72665,0
2026-06-15T11:35:00+05:30,1343.9,1344.4,1343.5,1343.9,65716,0
2026-06-15T11:40:00+05:30,1344.1,1344.7,1342.8,1342.9,99066,0
2026-06-15T11:45:00+05:30,1342.9,1343.2,1342.2,1343.1,86479,0
2026-06-15T11:50:00+05:30,1343.1,1344.4,1342.4,1343.8,77995,0
2026-06-15T11:55:00+05:30,1343.8,1344.4,1342.4,1342.6,130603,0
2026-06-15T12:00:00+05:30,1342.7,1342.8,1340.0,1340.0,135395,0
2026-06-15T12:05:00+05:30,1340.3,1340.3,1337.8,1338.5,120773,0
2026-06-15T12:10:00+05:30,1338.5,1339.5,1337.2,1338.4,173632,0
2026-06-15T12:15:00+05:30,1338.4,1338.5,1337.0,1337.1,69102,0
2026-06-15T12:20:00+05:30,1337.1,1339.2,1336.7,1338.9,163195,0
2026-06-15T12:25:00+05:30,1338.9,1339.0,1337.0,1337.2,71672,0
2026-06-15T12:30:00+05:30,1337.2,1338.3,1337.0,1338.0,85241,0
2026-06-15T12:35:00+05:30,1338.0,1339.9,1337.9,1339.5,81559,0
2026-06-15T12:40:00+05:30,1339.5,1340.0,1339.1,1339.7,70892,0
2026-06-15T12:45:00+05:30,1339.7,1339.7,1337.4,1337.5,81634,0
2026-06-15T12:50:00+05:30,1337.9,1338.7,1337.0,1337.8,61468,0
2026-06-15T12:55:00+05:30,1337.8,1337.9,1337.0,1337.0,48162,0
2026-06-15T13:00:00+05:30,1337.1,1337.2,1336.0,1336.5,64549,0
2026-06-15T13:05:00+05:30,1336.2,1338.3,1336.2,1337.9,86317,0
2026-06-15T13:10:00+05:30,1338.3,1339.9,1337.6,1339.4,226939,0
2026-06-15T13:15:00+05:30,1339.4,1340.7,1337.5,1337.5,123190,0
2026-06-15T13:20:00+05:30,1337.7,1338.0,1336.0,1337.3,56661,0
2026-06-15T13:25:00+05:30,1337.3,1337.4,1336.0,1336.0,69740,0
2026-06-15T13:30:00+05:30,1336.1,1336.7,1334.2,1335.0,115832,0
2026-06-15T13:35:00+05:30,1335.0,1335.3,1334.3,1335.1,92059,0
2026-06-15T13:40:00+05:30,1335.1,1335.2,1333.6,1335.1,109506,0
2026-06-15T13:45:00+05:30,1335.1,1336.2,1334.0,1334.0,171021,0
2026-06-15T13:50:00+05:30,1334.0,1334.3,1330.6,1332.4,182662,0
2026-06-15T13:55:00+05:30,1332.4,1333.7,1331.4,1332.3,120592,0
2026-06-15T14:00:00+05:30,1332.6,1332.9,1330.8,1330.8,102488,0
2026-06-15T14:05:00+05:30,1330.8,1332.6,1330.0,1331.1,387294,0
2026-06-15T14:10:00+05:30,1331.2,1333.1,1330.8,1331.0,203161,0
2026-06-15T14:15:00+05:30,1331.1,1332.4,1330.8,1332.0,94684,0
2026-06-15T14:20:00+05:30,1331.8,1333.3,1331.0,1331.8,164519,0
2026-06-15T14:25:00+05:30,1331.8,1333.7,1331.7,1333.0,228883,0
2026-06-15T14:30:00+05:30,1333.0,1336.1,1332.8,1334.8,145933,0
2026-06-15T14:35:00+05:30,1334.8,1337.2,1334.7,1337.0,279086,0
2026-06-15T14:40:00+05:30,1337.1,1337.8,1335.9,1337.1,220507,0
2026-06-15T14:45:00+05:30,1337.1,1339.0,1336.2,1337.7,249239,0
2026-06-15T14:50:00+05:30,1337.5,1338.1,1331.5,1331.7,272287,0
2026-06-15T14:55:00+05:30,1332.0,1333.2,1330.8,1332.3,239613,0
2026-06-15T15:00:00+05:30,1332.3,1332.6,1326.0,1326.5,660240,0
2026-06-15T15:05:00+05:30,1326.4,1327.5,1325.3,1325.7,611290,0
2026-06-15T15:10:00+05:30,1325.7,1327.5,1325.4,1327.0,650578,0
2026-06-15T15:15:00+05:30,1327.0,1329.5,1326.9,1328.5,572632,0
2026-06-15T15:20:00+05:30,1328.6,1329.9,1327.7,1329.2,635193,0
2026-06-15T15:25:00+05:30,1329.2,1329.4,1326.6,1328.0,408764,0
2026-06-16T09:15:00+05:30,1331.9,1334.9,1330.1,1330.3,355656,0
2026-06-16T09:20:00+05:30,1330.3,1331.2,1328.8,1329.9,145739,0
2026-06-16T09:25:00+05:30,1330.3,1332.0,1329.9,1330.8,102103,0
2026-06-16T09:30:00+05:30,1330.8,1332.9,1330.3,1330.9,99435,0
2026-06-16T09:35:00+05:30,1331.0,1331.0,1329.1,1329.3,115815,0
2026-06-16T09:40:00+05:30,1329.6,1330.7,1328.3,1329.5,177171,0
2026-06-16T09:45:00+05:30,1329.2,1332.9,1329.1,1332.5,154287,0
2026-06-16T09:50:00+05:30,1332.5,1332.6,1330.1,1331.0,139840,0
2026-06-16T09:55:00+05:30,1330.9,1331.0,1330.2,1330.5,53869,0
2026-06-16T10:00:00+05:30,1330.5,1330.7,1326.5,1326.6,217184,0
2026-06-16T10:05:00+05:30,1326.9,1328.0,1326.3,1327.2,97825,0
2026-06-16T10:10:00+05:30,1327.1,1328.1,1326.7,1327.3,88099,0
2026-06-16T10:15:00+05:30,1327.3,1328.9,1327.0,1328.9,56181,0
2026-06-16T10:20:00+05:30,1328.9,1330.0,1328.5,1329.6,47382,0
2026-06-16T10:25:00+05:30,1329.6,1330.5,1328.9,1330.4,43235,0
2026-06-16T10:30:00+05:30,1330.4,1330.5,1328.7,1329.7,44792,0
2026-06-16T10:35:00+05:30,1330.1,1331.9,1329.6,1330.3,55588,0
2026-06-16T10:40:00+05:30,1330.3,1331.2,1330.0,1331.0,65147,0
2026-06-16T10:45:00+05:30,1330.9,1332.6,1330.9,1332.6,124764,0
2026-06-16T10:50:00+05:30,1332.4,1333.0,1331.4,1331.6,84984,0
2026-06-16T10:55:00+05:30,1331.6,1332.7,1330.7,1331.3,86571,0
2026-06-16T11:00:00+05:30,1331.3,1331.4,1330.2,1330.4,47324,0
2026-06-16T11:05:00+05:30,1330.2,1331.4,1330.0,1330.1,96538,0
2026-06-16T11:10:00+05:30,1330.0,1331.5,1329.8,1330.8,93257,0
2026-06-16T11:15:00+05:30,1330.9,1331.9,1330.1,1330.7,149869,0
2026-06-16T11:20:00+05:30,1330.7,1332.2,1329.9,1331.7,184424,0
2026-06-16T11:25:00+05:30,1331.7,1332.0,1330.6,1331.0,100626,0
2026-06-16T11:30:00+05:30,1330.9,1331.4,1329.6,1330.6,137981,0
2026-06-16T11:35:00+05:30,1331.2,1331.2,1329.2,1330.4,218264,0
2026-06-16T11:40:00+05:30,1330.6,1331.9,1329.7,1331.6,229896,0
2026-06-16T11:45:00+05:30,1331.0,1331.9,1329.7,1331.4,440454,0
2026-06-16T11:50:00+05:30,1331.1,1333.2,1330.7,1331.5,285411,0
2026-06-16T11:55:00+05:30,1331.9,1332.9,1329.3,1331.1,213283,0
2026-06-16T12:00:00+05:30,1331.1,1331.8,1330.1,1331.0,67084,0
2026-06-16T12:05:00+05:30,1330.9,1332.4,1330.4,1330.6,102434,0
2026-06-16T12:10:00+05:30,1331.1,1331.9,1330.1,1330.3,78829,0
2026-06-16T12:15:00+05:30,1330.8,1331.3,1329.9,1330.6,115553,0
2026-06-16T12:20:00+05:30,1330.2,1331.6,1329.8,1331.3,120088,0
2026-06-16T12:25:00+05:30,1330.8,1332.4,1330.1,1331.6,129732,0
2026-06-16T12:30:00+05:30,1331.8,1332.5,1329.4,1330.1,358853,0
2026-06-16T12:35:00+05:30,1330.1,1331.2,1328.4,1330.5,540510,0
2026-06-16T12:40:00+05:30,1330.8,1331.0,1330.0,1331.0,100849,0
2026-06-16T12:45:00+05:30,1330.5,1331.0,1329.8,1331.0,58192,0
2026-06-16T12:50:00+05:30,1330.8,1331.0,1329.7,1330.4,60227,0
2026-06-16T12:55:00+05:30,1330.3,1331.0,1329.6,1330.5,91455,0
2026-06-16T13:00:00+05:30,1330.5,1330.9,1329.4,1330.2,74174,0
2026-06-16T13:05:00+05:30,1330.1,1330.7,1329.4,1330.1,92179,0
2026-06-16T13:10:00+05:30,1330.1,1330.8,1329.5,1330.5,77952,0
2026-06-16T13:15:00+05:30,1330.5,1330.7,1329.2,1329.5,290906,0
2026-06-16T13:20:00+05:30,1329.5,1332.6,1329.4,1331.9,251899,0
2026-06-16T13:25:00+05:30,1331.9,1332.3,1330.4,1331.2,71733,0
2026-06-16T13:30:00+05:30,1331.5,1331.5,1330.7,1331.0,43630,0
2026-06-16T13:35:00+05:30,1331.0,1331.7,1330.4,1330.6,65391,0
2026-06-16T13:40:00+05:30,1330.8,1331.9,1329.6,1330.1,160315,0
2026-06-16T13:45:00+05:30,1330.1,1331.1,1329.6,1331.0,70505,0
2026-06-16T13:50:00+05:30,1330.8,1331.0,1329.4,1330.1,90000,0
2026-06-16T13:55:00+05:30,1330.1,1331.2,1329.6,1330.3,84866,0
2026-06-16T14:00:00+05:30,1330.1,1331.4,1329.6,1330.2,90118,0
2026-06-16T14:05:00+05:30,1330.5,1331.3,1329.8,1330.6,77363,0
2026-06-16T14:10:00+05:30,1330.8,1332.0,1330.3,1331.0,73919,0
2026-06-16T14:15:00+05:30,1331.0,1332.3,1330.6,1331.3,86768,0
2026-06-16T14:20:00+05:30,1331.0,1331.6,1330.1,1331.0,101939,0
2026-06-16T14:25:00+05:30,1331.1,1331.4,1329.4,1329.7,131170,0
2026-06-16T14:30:00+05:30,1330.1,1331.4,1329.6,1331.0,83031,0
2026-06-16T14:35:00+05:30,1330.8,1331.7,1330.0,1331.4,148739,0
2026-06-16T14:40:00+05:30,1331.4,1331.7,1329.6,1329.6,131876,0
2026-06-16T14:45:00+05:30,1329.6,1332.6,1329.5,1330.4,543846,0
2026-06-16T14:50:00+05:30,1330.5,1332.0,1328.8,1331.0,475826,0
2026-06-16T14:55:00+05:30,1331.0,1332.1,1330.0,1331.9,114522,0
2026-06-16T15:00:00+05:30,1331.8,1336.7,1331.2,1332.2,1038280,0
2026-06-16T15:05:00+05:30,1332.2,1336.8,1331.3,1336.8,833648,0
2026-06-16T15:10:00+05:30,1336.7,1337.3,1335.6,1336.6,320611,0
2026-06-16T15:15:00+05:30,1336.5,1337.1,1334.2,1335.0,277289,0
2026-06-16T15:20:00+05:30,1335.1,1335.8,1333.4,1334.7,363587,0
2026-06-16T15:25:00+05:30,1335.1,1336.8,1332.9,1335.5,305500,0
2026-06-17T09:15:00+05:30,1342.0,1343.6,1338.0,1338.4,286279,0
2026-06-17T09:20:00+05:30,1338.4,1340.9,1337.2,1337.7,125467,0
2026-06-17T09:25:00+05:30,1337.6,1339.8,1337.5,1338.0,112539,0
2026-06-17T09:30:00+05:30,1338.1,1340.1,1336.5,1340.0,226125,0
2026-06-17T09:35:00+05:30,1340.1,1341.2,1340.0,1340.9,77815,0
2026-06-17T09:40:00+05:30,1340.9,1342.9,1340.8,1342.5,77811,0
2026-06-17T09:45:00+05:30,1342.5,1343.0,1341.5,1342.9,86183,0
2026-06-17T09:50:00+05:30,1342.9,1342.9,1339.2,1339.5,75424,0
2026-06-17T09:55:00+05:30,1339.5,1343.0,1339.2,1342.1,89958,0
2026-06-17T10:00:00+05:30,1342.1,1342.3,1339.3,1339.6,117318,0
2026-06-17T10:05:00+05:30,1339.6,1343.0,1339.3,1342.5,57641,0
2026-06-17T10:10:00+05:30,1342.5,1342.7,1340.8,1341.2,87836,0
2026-06-17T10:15:00+05:30,1341.1,1343.6,1341.0,1343.6,71348,0
2026-06-17T10:20:00+05:30,1343.6,1344.6,1343.2,1344.5,79242,0
2026-06-17T10:25:00+05:30,1344.5,1346.0,1342.8,1343.2,134441,0
2026-06-17T10:30:00+05:30,1343.2,1343.5,1342.0,1343.0,58550,0
2026-06-17T10:35:00+05:30,1343.0,1343.6,1341.6,1342.0,46876,0
2026-06-17T10:40:00+05:30,1341.8,1342.7,1341.0,1341.5,45632,0
2026-06-17T10:45:00+05:30,1341.5,1341.7,1340.1,1340.9,35329,0
2026-06-17T10:50:00+05:30,1340.9,1342.0,1340.8,1342.0,36529,0
2026-06-17T10:55:00+05:30,1342.0,1343.4,1340.9,1342.4,167034,0
2026-06-17T11:00:00+05:30,1342.4,1342.8,1341.4,1341.9,82537,0
2026-06-17T11:05:00+05:30,1341.9,1342.9,1341.5,1342.1,86466,0
2026-06-17T11:10:00+05:30,1342.2,1342.7,1340.9,1341.5,81758,0
2026-06-17T11:15:00+05:30,1341.5,1341.9,1340.2,1341.5,94803,0
2026-06-17T11:20:00+05:30,1341.5,1341.9,1340.2,1340.7,81542,0
2026-06-17T11:25:00+05:30,1340.6,1341.3,1340.2,1341.2,92827,0
2026-06-17T11:30:00+05:30,1341.2,1342.7,1340.5,1341.2,59046,0
2026-06-17T11:35:00+05:30,1341.1,1341.2,1340.2,1340.3,66385,0
2026-06-17T11:40:00+05:30,1340.3,1340.7,1338.6,1340.6,126189,0
2026-06-17T11:45:00+05:30,1340.6,1340.9,1340.0,1340.4,68967,0
2026-06-17T11:50:00+05:30,1340.4,1340.6,1340.0,1340.3,85912,0
2026-06-17T11:55:00+05:30,1340.3,1340.9,1339.6,1339.8,140840,0
2026-06-17T12:00:00+05:30,1340.0,1340.2,1338.8,1339.9,216673,0
2026-06-17T12:05:00+05:30,1339.8,1340.5,1339.0,1339.6,253257,0
2026-06-17T12:10:00+05:30,1339.6,1340.1,1334.3,1334.6,401949,0
2026-06-17T12:15:00+05:30,1334.5,1336.0,1333.8,1335.9,54341,0
2026-06-17T12:20:00+05:30,1336.0,1336.4,1334.1,1334.7,40267,0
2026-06-17T12:25:00+05:30,1334.8,1336.6,1333.8,1335.6,58272,0
2026-06-17T12:30:00+05:30,1335.6,1336.4,1334.8,1336.3,67637,0
2026-06-17T12:35:00+05:30,1336.3,1336.4,1334.6,1335.1,98694,0
2026-06-17T12:40:00+05:30,1335.2,1336.9,1334.7,1335.7,102506,0
2026-06-17T12:45:00+05:30,1335.7,1337.0,1334.6,1335.7,145806,0
2026-06-17T12:50:00+05:30,1335.8,1336.6,1334.5,1334.6,60921,0
2026-06-17T12:55:00+05:30,1334.7,1335.6,1334.5,1335.1,44170,0
2026-06-17T13:00:00+05:30,1335.2,1336.7,1334.3,1336.5,56259,0
2026-06-17T13:05:00+05:30,1336.5,1337.1,1335.6,1336.2,39103,0
2026-06-17T13:10:00+05:30,1336.2,1336.5,1334.7,1334.7,46903,0
2026-06-17T13:15:00+05:30,1334.7,1336.5,1334.6,1335.7,92012,0
2026-06-17T13:20:00+05:30,1335.7,1336.5,1335.4,1336.5,32187,0
2026-06-17T13:25:00+05:30,1336.5,1336.5,1335.8,1336.3,48181,0
2026-06-17T13:30:00+05:30,1336.3,1337.0,1336.1,1337.0,66895,0
2026-06-17T13:35:00+05:30,1337.0,1338.5,1336.4,1337.4,92853,0
2026-06-17T13:40:00+05:30,1337.5,1338.1,1336.5,1337.9,95824,0
2026-06-17T13:45:00+05:30,1337.9,1338.1,1336.9,1337.9,46585,0
2026-06-17T13:50:00+05:30,1337.9,1337.9,1336.2,1337.5,85232,0
2026-06-17T13:55:00+05:30,1337.5,1338.8,1337.4,1338.8,42233,0
2026-06-17T14:00:00+05:30,1338.8,1339.6,1338.3,1338.6,133584,0
2026-06-17T14:05:00+05:30,1339.1,1339.2,1337.6,1338.4,65003,0
2026-06-17T14:10:00+05:30,1338.5,1338.6,1337.5,1337.9,38537,0
2026-06-17T14:15:00+05:30,1338.4,1338.6,1336.5,1338.6,135700,0
2026-06-17T14:20:00+05:30,1338.5,1338.6,1335.0,1336.2,212040,0
2026-06-17T14:25:00+05:30,1336.2,1336.6,1334.0,1335.0,79982,0
2026-06-17T14:30:00+05:30,1335.0,1336.4,1334.2,1336.1,53885,0
2026-06-17T14:35:00+05:30,1336.2,1338.2,1335.7,1337.1,207163,0
2026-06-17T14:40:00+05:30,1337.1,1337.2,1334.9,1335.3,187745,0
2026-06-17T14:45:00+05:30,1335.7,1336.4,1334.8,1334.8,83875,0
2026-06-17T14:50:00+05:30,1335.0,1337.3,1333.4,1337.0,251662,0
2026-06-17T14:55:00+05:30,1336.8,1338.0,1335.5,1338.0,92014,0
2026-06-17T15:00:00+05:30,1337.9,1337.9,1335.7,1336.9,164113,0
2026-06-17T15:05:00+05:30,1336.9,1337.8,1336.6,1337.3,217321,0
2026-06-17T15:10:00+05:30,1337.1,1337.5,1336.5,1336.7,108755,0
2026-06-17T15:15:00+05:30,1336.7,1337.0,1335.9,1337.0,155227,0
2026-06-17T15:20:00+05:30,1336.9,1337.5,1336.2,1336.7,168233,0
2026-06-17T15:25:00+05:30,1336.8,1337.0,1335.3,1336.5,108496,0
