time,open,high,low,close,volume,open_interest
2026-04-20T09:15:00+05:30,1510.9,1517.3,1503.2,1510.0,32651,0
2026-04-20T09:20:00+05:30,1510.4,1517.3,1507.9,1513.0,33888,0
2026-04-20T09:25:00+05:30,1513.5,1514.6,1504.3,1505.1,103044,0
2026-04-20T09:30:00+05:30,1505.0,1513.0,1502.9,1511.5,51349,0
2026-04-20T09:35:00+05:30,1511.7,1512.8,1509.9,1510.7,9591,0
2026-04-20T09:40:00+05:30,1510.7,1510.7,1500.6,1503.2,38024,0
2026-04-20T09:45:00+05:30,1503.5,1503.5,1496.2,1498.8,24295,0
2026-04-20T09:50:00+05:30,1499.2,1504.8,1498.7,1504.8,18292,0
2026-04-20T09:55:00+05:30,1504.7,1504.7,1500.0,1501.4,8019,0
2026-04-20T10:00:00+05:30,1501.4,1504.5,1500.8,1504.5,7746,0
2026-04-20T10:05:00+05:30,1504.4,1504.5,1500.5,1503.6,14422,0
2026-04-20T10:10:00+05:30,1503.6,1504.4,1502.3,1504.0,11240,0
2026-04-20T10:15:00+05:30,1504.1,1504.6,1501.7,1503.0,9208,0
2026-04-20T10:20:00+05:30,1502.8,1505.6,1502.2,1503.7,38493,0
2026-04-20T10:25:00+05:30,1503.6,1510.0,1503.3,1510.0,35779,0
2026-04-20T10:30:00+05:30,1509.8,1511.8,1509.0,1511.0,12702,0
2026-04-20T10:35:00+05:30,1510.9,1514.4,1510.7,1512.9,11120,0
2026-04-20T10:40:00+05:30,1513.1,1513.8,1510.9,1513.4,8594,0
2026-04-20T10:45:00+05:30,1513.4,1513.4,1511.3,1511.8,6470,0
2026-04-20T10:50:00+05:30,1511.8,1512.5,1510.0,1512.0,6306,0
2026-04-20T10:55:00+05:30,1512.0,1513.7,1511.2,1512.5,4805,0
2026-04-20T11:00:00+05:30,1512.5,1512.5,1508.0,1510.2,39298,0
2026-04-20T11:05:00+05:30,1510.2,1516.0,1509.7,1515.4,17466,0
2026-04-20T11:10:00+05:30,1515.4,1516.0,1512.2,1515.1,13179,0
2026-04-20T11:15:00+05:30,1515.1,1518.0,1515.1,1518.0,8981,0
2026-04-20T11:20:00+05:30,1518.0,1521.0,1517.6,1521.0,12976,0
2026-04-20T11:25:00+05:30,1520.6,1524.7,1520.4,1524.2,23658,0
2026-04-20T11:30:00+05:30,1524.1,1525.0,1522.8,1524.3,16413,0
2026-04-20T11:35:00+05:30,1524.2,1526.2,1524.2,1526.2,13260,0
2026-04-20T11:40:00+05:30,1526.2,1526.8,1523.8,1526.7,6654,0
2026-04-20T11:45:00+05:30,1526.7,1531.3,1526.6,1530.2,30734,0
2026-04-20T11:50:00+05:30,1530.2,1530.5,1524.0,1524.1,14711,0
2026-04-20T11:55:00+05:30,1524.7,1524.7,1522.3,1523.7,10162,0
2026-04-20T12:00:00+05:30,1523.8,1524.9,1523.6,1524.2,4955,0
2026-04-20T12:05:00+05:30,1524.4,1524.4,1518.6,1522.8,40710,0
2026-04-20T12:10:00+05:30,1522.7,1522.9,1520.0,1521.7,7451,0
2026-04-20T12:15:00+05:30,1521.7,1522.0,1515.1,1515.9,11331,0
2026-04-20T12:20:00+05:30,1515.9,1516.8,1513.9,1515.8,8558,0
2026-04-20T12:25:00+05:30,1515.8,1518.9,1515.5,1518.3,7002,0
2026-04-20T12:30:00+05:30,1518.3,1519.8,1515.3,1518.7,17984,0
2026-04-20T12:35:00+05:30,1518.7,1519.6,1518.2,1518.7,6276,0
2026-04-20T12:40:00+05:30,1518.7,1522.6,1515.0,1522.0,15202,0
2026-04-20T12:45:00+05:30,1521.9,1523.0,1519.1,1519.7,7634,0
2026-04-20T12:50:00+05:30,1519.8,1522.0,1519.8,1521.6,4527,0
2026-04-20T12:55:00+05:30,1521.6,1521.8,1519.5,1519.9,5089,0
2026-04-20T13:00:00+05:30,1519.9,1519.9,1510.5,1511.6,68731,0
2026-04-20T13:05:00+05:30,1511.6,1514.1,1508.5,1509.6,18520,0
2026-04-20T13:10:00+05:30,1509.5,1511.3,1508.3,1510.8,6520,0
2026-04-20T13:15:00+05:30,1510.8,1513.3,1510.0,1510.7,7704,0
2026-04-20T13:20:00+05:30,1510.7,1511.3,1509.2,1510.4,6199,0
2026-04-20T13:25:00+05:30,1510.5,1510.5,1508.6,1509.9,8296,0
2026-04-20T13:30:00+05:30,1509.9,1511.3,1508.9,1510.4,5842,0
2026-04-20T13:35:00+05:30,1510.4,1510.4,1505.2,1507.3,13063,0
2026-04-20T13:40:00+05:30,1507.5,1508.5,1506.6,1507.9,7102,0
2026-04-20T13:45:00+05:30,1508.0,1508.5,1506.2,1506.2,8640,0
2026-04-20T13:50:00+05:30,1506.3,1508.3,1506.2,1508.0,4576,0
2026-04-20T13:55:00+05:30,1508.1,1509.7,1506.1,1507.0,8623,0
2026-04-20T14:00:00+05:30,1507.1,1507.7,1504.5,1505.1,9046,0
2026-04-20T14:05:00+05:30,1505.1,1506.0,1504.4,1505.1,6767,0
2026-04-20T14:10:00+05:30,1505.6,1508.1,1505.4,1507.0,8837,0
2026-04-20T14:15:00+05:30,1507.1,1508.7,1505.7,1507.1,9036,0
2026-04-20T14:20:00+05:30,1507.7,1511.3,1507.7,1509.1,16562,0
2026-04-20T14:25:00+05:30,1509.5,1511.8,1509.1,1511.2,9971,0
2026-04-20T14:30:00+05:30,1511.3,1512.9,1509.0,1509.5,23395,0
2026-04-20T14:35:00+05:30,1510.5,1511.7,1509.7,1510.7,6888,0
2026-04-20T14:40:00+05:30,1511.1,1511.2,1505.6,1507.8,8988,0
2026-04-20T14:45:00+05:30,1508.1,1511.9,1506.8,1510.9,11465,0
2026-04-20T14:50:00+05:30,1511.5,1512.5,1510.7,1511.7,10444,0
2026-04-20T14:55:00+05:30,1511.9,1512.2,1510.4,1510.9,11116,0
2026-04-20T15:00:00+05:30,1510.9,1511.1,1508.4,1508.7,22211,0
2026-04-20T15:05:00+05:30,1508.7,1510.4,1508.1,1508.7,18870,0
2026-04-20T15:10:00+05:30,1508.7,1509.9,1505.8,1506.0,28684,0
2026-04-20T15:15:00+05:30,1506.0,1506.3,1500.9,1500.9,33308,0
2026-04-20T15:20:00+05:30,1500.9,1505.3,1498.0,1498.8,68936,0
2026-04-20T15:25:00+05:30,1498.6,1501.8,1497.0,1497.5,33784,0
2026-04-21T09:15:00+05:30,1501.0,1506.3,1496.0,1498.7,47273,0
2026-04-21T09:20:00+05:30,1498.9,1501.8,1495.3,1498.0,41742,0
2026-04-21T09:25:00+05:30,1498.0,1502.7,1497.8,1499.2,15988,0
2026-04-21T09:30:00+05:30,1499.4,1500.0,1495.0,1496.8,21789,0
2026-04-21T09:35:00+05:30,1496.6,1498.6,1494.5,1497.2,14104,0
2026-04-21T09:40:00+05:30,1497.2,1500.2,1497.2,1498.3,24801,0
2026-04-21T09:45:00+05:30,1498.3,1505.0,1496.3,1503.0,66778,0
2026-04-21T09:50:00+05:30,1503.5,1507.2,1503.2,1504.7,15531,0
2026-04-21T09:55:00+05:30,1504.6,1506.8,1503.8,1505.4,15860,0
2026-04-21T10:00:00+05:30,1505.4,1506.7,1503.7,1506.4,9285,0
2026-04-21T10:05:00+05:30,1506.3,1507.9,1504.5,1507.2,12729,0
2026-04-21T10:10:00+05:30,1507.2,1509.7,1506.4,1509.0,7132,0
2026-04-21T10:15:00+05:30,1509.0,1509.0,1506.1,1506.1,6718,0
2026-04-21T10:20:00+05:30,1506.4,1506.4,1499.7,1504.5,12234,0
2026-04-21T10:25:00+05:30,1504.5,1505.7,1504.1,1504.7,3189,0
2026-04-21T10:30:00+05:30,1504.6,1506.4,1504.2,1506.2,5388,0
2026-04-21T10:35:00+05:30,1506.1,1507.0,1504.2,1504.6,3106,0
2026-04-21T10:40:00+05:30,1504.7,1505.5,1501.7,1504.7,8270,0
2026-04-21T10:45:00+05:30,1504.9,1506.6,1504.8,1506.1,4211,0
2026-04-21T10:50:00+05:30,1506.6,1506.9,1505.1,1505.2,9185,0
2026-04-21T10:55:00+05:30,1505.4,1508.9,1503.4,1506.3,12100,0
2026-04-21T11:00:00+05:30,1506.3,1508.0,1505.6,1507.8,8672,0
2026-04-21T11:05:00+05:30,1507.9,1508.7,1506.4,1507.5,5420,0
2026-04-21T11:10:00+05:30,1507.6,1508.5,1507.1,1508.1,5249,0
2026-04-21T11:15:00+05:30,1507.9,1508.4,1506.8,1506.9,4911,0
2026-04-21T11:20:00+05:30,1507.0,1510.9,1506.1,1510.3,11326,0
2026-04-21T11:25:00+05:30,1510.4,1510.8,1508.0,1508.5,12404,0
2026-04-21T11:30:00+05:30,1508.5,1508.8,1506.2,1506.2,7366,0
2026-04-21T11:35:00+05:30,1506.5,1508.4,1506.2,1506.5,4858,0
2026-04-21T11:40:00+05:30,1506.6,1507.0,1503.9,1504.0,22728,0
2026-04-21T11:45:00+05:30,1504.0,1508.0,1503.0,1506.3,54836,0
2026-04-21T11:50:00+05:30,1506.3,1508.0,1505.6,1505.8,25470,0
2026-04-21T11:55:00+05:30,1505.8,1507.0,1504.0,1504.3,16955,0
2026-04-21T12:00:00+05:30,1504.3,1505.9,1504.2,1505.4,6817,0
2026-04-21T12:05:00+05:30,1505.4,1505.6,1504.0,1504.3,9068,0
2026-04-21T12:10:00+05:30,1504.3,1505.2,1502.3,1504.6,10896,0
2026-04-21T12:15:00+05:30,1504.6,1505.1,1503.0,1504.3,9446,0
2026-04-21T12:20:00+05:30,1504.2,1504.7,1502.6,1502.6,9269,0
2026-04-21T12:25:00+05:30,1503.0,1504.3,1502.5,1504.0,9474,0
2026-04-21T12:30:00+05:30,1504.0,1505.0,1502.5,1502.5,14106,0
2026-04-21T12:35:00+05:30,1502.5,1504.4,1502.5,1502.9,13648,0
2026-04-21T12:40:00+05:30,1502.9,1502.9,1500.0,1502.1,11161,0
2026-04-21T12:45:00+05:30,1502.1,1502.1,1498.3,1500.4,17063,0
2026-04-21T12:50:00+05:30,1500.0,1500.7,1499.0,1499.9,12703,0
2026-04-21T12:55:00+05:30,1499.9,1499.9,1498.1,1498.9,8587,0
2026-04-21T13:00:00+05:30,1498.5,1499.3,1497.1,1498.2,17684,0
2026-04-21T13:05:00+05:30,1498.2,1499.4,1497.6,1498.9,13300,0
2026-04-21T13:10:00+05:30,1499.1,1499.6,1497.3,1497.6,12909,0
2026-04-21T13:15:00+05:30,1497.6,1498.7,1497.4,1498.2,8073,0
2026-04-21T13:20:00+05:30,1498.2,1499.2,1496.5,1496.8,12058,0
2026-04-21T13:25:00+05:30,1496.8,1498.3,1496.1,1498.3,8636,0
2026-04-21T13:30:00+05:30,1498.2,1498.7,1496.3,1497.6,18659,0
2026-04-21T13:35:00+05:30,1497.6,1497.6,1495.9,1496.6,10690,0
2026-04-21T13:40:00+05:30,1496.6,1496.6,1495.0,1495.7,13424,0
2026-04-21T13:45:00+05:30,1495.7,1499.2,1495.7,1498.9,17369,0
2026-04-21T13:50:00+05:30,1498.9,1499.2,1497.4,1497.9,15068,0
2026-04-21T13:55:00+05:30,1498.0,1498.2,1496.4,1496.4,16751,0
2026-04-21T14:00:00+05:30,1496.4,1498.6,1495.8,1497.6,18695,0
2026-04-21T14:05:00+05:30,1497.6,1498.0,1495.4,1495.4,9817,0
2026-04-21T14:10:00+05:30,1495.7,1496.6,1495.0,1495.6,12581,0
2026-04-21T14:15:00+05:30,1495.7,1496.7,1495.0,1495.3,21906,0
2026-04-21T14:20:00+05:30,1495.5,1496.5,1494.8,1495.0,24129,0
2026-04-21T14:25:00+05:30,1494.9,1496.0,1494.7,1495.5,18241,0
2026-04-21T14:30:00+05:30,1495.7,1495.7,1493.2,1493.4,23454,0
2026-04-21T14:35:00+05:30,1493.6,1493.6,1490.6,1490.6,34303,0
2026-04-21T14:40:00+05:30,1490.7,1491.7,1489.0,1489.3,57687,0
2026-04-21T14:45:00+05:30,1489.3,1490.8,1489.0,1489.3,38685,0
2026-04-21T14:50:00+05:30,1489.3,1497.7,1489.1,1497.1,256070,0
2026-04-21T14:55:00+05:30,1497.0,1505.8,1494.1,1504.8,77184,0
2026-04-21T15:00:00+05:30,1504.7,1506.5,1498.0,1505.0,109800,0
2026-04-21T15:05:00+05:30,1504.9,1505.7,1500.9,1501.6,54637,0
2026-04-21T15:10:00+05:30,1501.6,1501.6,1497.1,1497.9,73016,0
2026-04-21T15:15:00+05:30,1498.1,1504.2,1497.3,1501.1,108276,0
2026-04-21T15:20:00+05:30,1501.1,1503.2,1497.9,1501.7,110557,0
2026-04-21T15:25:00+05:30,1501.7,1503.2,1497.1,1499.0,116298,0
2026-04-22T09:15:00+05:30,1463.4,1463.4,1434.8,1447.6,363628,0
2026-04-22T09:20:00+05:30,1447.1,1449.1,1441.4,1442.2,106967,0
2026-04-22T09:25:00+05:30,1442.1,1452.4,1439.1,1449.9,293650,0
2026-04-22T09:30:00+05:30,1449.9,1469.2,1448.4,1468.5,244241,0
2026-04-22T09:35:00+05:30,1468.4,1476.5,1464.3,1465.0,148683,0
2026-04-22T09:40:00+05:30,1464.6,1465.0,1460.4,1461.9,66242,0
2026-04-22T09:45:00+05:30,1461.9,1466.7,1461.6,1464.8,43783,0
2026-04-22T09:50:00+05:30,1464.5,1465.5,1460.5,1462.7,42239,0
2026-04-22T09:55:00+05:30,1462.5,1463.7,1458.4,1459.7,55749,0
2026-04-22T10:00:00+05:30,1459.6,1463.3,1456.7,1457.0,38045,0
2026-04-22T10:05:00+05:30,1457.0,1460.0,1456.1,1457.6,63111,0
2026-04-22T10:10:00+05:30,1457.6,1458.5,1448.7,1449.7,128504,0
2026-04-22T10:15:00+05:30,1449.4,1450.0,1440.7,1441.6,304210,0
2026-04-22T10:20:00+05:30,1441.1,1443.4,1436.3,1440.0,428815,0
2026-04-22T10:25:00+05:30,1439.7,1443.3,1437.0,1437.5,214178,0
2026-04-22T10:30:00+05:30,1437.1,1438.0,1431.2,1431.7,107826,0
2026-04-22T10:35:00+05:30,1431.7,1432.0,1425.0,1425.5,212784,0
2026-04-22T10:40:00+05:30,1425.5,1426.7,1421.0,1426.0,104421,0
2026-04-22T10:45:00+05:30,1425.6,1428.0,1422.0,1427.8,151691,0
2026-04-22T10:50:00+05:30,1427.3,1427.3,1423.5,1424.1,61266,0
2026-04-22T10:55:00+05:30,1424.3,1424.8,1423.2,1423.7,21013,0
2026-04-22T11:00:00+05:30,1424.0,1424.8,1422.2,1423.0,29702,0
2026-04-22T11:05:00+05:30,1423.7,1425.0,1420.5,1420.8,59961,0
2026-04-22T11:10:00+05:30,1420.7,1422.9,1420.6,1422.6,50822,0
2026-04-22T11:15:00+05:30,1422.6,1423.0,1418.2,1420.5,46425,0
2026-04-22T11:20:00+05:30,1420.3,1421.3,1417.4,1419.1,38439,0
2026-04-22T11:25:00+05:30,1419.1,1419.8,1418.4,1419.0,30308,0
2026-04-22T11:30:00+05:30,1419.0,1421.1,1418.0,1420.4,27664,0
2026-04-22T11:35:00+05:30,1420.5,1421.1,1418.0,1418.0,25267,0
2026-04-22T11:40:00+05:30,1418.1,1418.9,1416.4,1416.9,31264,0
2026-04-22T11:45:00+05:30,1416.9,1418.7,1415.1,1417.2,52666,0
2026-04-22T11:50:00+05:30,1417.1,1418.2,1412.6,1414.6,46871,0
2026-04-22T11:55:00+05:30,1414.6,1416.6,1412.5,1416.2,34766,0
2026-04-22T12:00:00+05:30,1416.0,1417.0,1413.4,1414.0,36761,0
2026-04-22T12:05:00+05:30,1413.7,1414.4,1411.6,1411.7,45110,0
2026-04-22T12:10:00+05:30,1412.6,1413.5,1408.2,1410.5,68954,0
2026-04-22T12:15:00+05:30,1410.5,1410.8,1407.1,1407.7,55327,0
2026-04-22T12:20:00+05:30,1408.1,1408.8,1406.4,1408.0,51270,0
2026-04-22T12:25:00+05:30,1407.7,1408.0,1405.0,1406.6,50966,0
2026-04-22T12:30:00+05:30,1406.6,1411.2,1406.5,1408.4,111270,0
2026-04-22T12:35:00+05:30,1407.7,1409.3,1404.1,1406.3,41914,0
2026-04-22T12:40:00+05:30,1406.3,1408.8,1405.5,1408.1,29658,0
2026-04-22T12:45:00+05:30,1408.1,1409.4,1407.0,1407.2,72612,0
2026-04-22T12:50:00+05:30,1407.0,1412.0,1405.1,1410.4,57616,0
2026-04-22T12:55:00+05:30,1410.3,1412.0,1409.5,1411.9,63206,0
2026-04-22T13:00:00+05:30,1411.3,1416.5,1411.0,1416.5,58237,0
2026-04-22T13:05:00+05:30,1416.5,1416.9,1412.5,1414.1,33328,0
2026-04-22T13:10:00+05:30,1413.8,1415.7,1412.5,1414.9,37941,0
2026-04-22T13:15:00+05:30,1415.5,1415.6,1413.3,1414.0,24359,0
2026-04-22T13:20:00+05:30,1414.0,1414.5,1413.0,1413.7,30724,0
2026-04-22T13:25:00+05:30,1413.7,1415.6,1413.1,1414.3,33827,0
2026-04-22T13:30:00+05:30,1414.0,1414.6,1413.2,1413.9,48619,0
2026-04-22T13:35:00+05:30,1413.9,1417.8,1413.2,1416.2,66071,0
2026-04-22T13:40:00+05:30,1416.2,1417.0,1415.4,1416.6,38900,0
2026-04-22T13:45:00+05:30,1416.6,1416.6,1413.2,1414.0,70630,0
2026-04-22T13:50:00+05:30,1414.0,1457.2,1407.7,1456.8,872393,0
2026-04-22T13:55:00+05:30,1455.8,1494.0,1453.5,1484.8,1181939,0
2026-04-22T14:00:00+05:30,1484.5,1494.9,1479.4,1491.9,413685,0
2026-04-22T14:05:00+05:30,1492.5,1502.8,1478.1,1479.1,679626,0
2026-04-22T14:10:00+05:30,1479.1,1485.0,1467.2,1473.1,766393,0
2026-04-22T14:15:00+05:30,1472.5,1474.8,1458.4,1466.2,418804,0
2026-04-22T14:20:00+05:30,1466.3,1470.0,1457.2,1460.6,223486,0
2026-04-22T14:25:00+05:30,1460.5,1461.0,1446.8,1446.9,271466,0
2026-04-22T14:30:00+05:30,1446.9,1467.0,1446.0,1465.7,230623,0
2026-04-22T14:35:00+05:30,1465.7,1478.8,1465.0,1476.0,291109,0
2026-04-22T14:40:00+05:30,1476.4,1479.3,1463.2,1466.0,183547,0
2026-04-22T14:45:00+05:30,1466.0,1468.8,1455.1,1467.2,226494,0
2026-04-22T14:50:00+05:30,1467.0,1468.5,1463.8,1467.0,105988,0
2026-04-22T14:55:00+05:30,1467.0,1472.8,1465.0,1469.0,111029,0
2026-04-22T15:00:00+05:30,1469.6,1469.6,1459.3,1461.0,131018,0
2026-04-22T15:05:00+05:30,1461.6,1463.8,1457.0,1462.0,151074,0
2026-04-22T15:10:00+05:30,1462.4,1462.4,1460.0,1460.1,69819,0
2026-04-22T15:15:00+05:30,1460.8,1465.7,1460.0,1463.0,169143,0
2026-04-22T15:20:00+05:30,1463.0,1466.3,1461.0,1464.3,206694,0
2026-04-22T15:25:00+05:30,1464.3,1468.0,1462.0,1463.3,103843,0
2026-04-23T09:15:00+05:30,1470.2,1473.9,1440.0,1450.6,213195,0
2026-04-23T09:20:00+05:30,1449.3,1452.0,1443.0,1447.5,99662,0
2026-04-23T09:25:00+05:30,1447.5,1449.2,1425.5,1428.2,312234,0
2026-04-23T09:30:00+05:30,1428.7,1430.7,1418.0,1422.1,227097,0
2026-04-23T09:35:00+05:30,1422.9,1428.5,1420.7,1426.4,123664,0
2026-04-23T09:40:00+05:30,1426.8,1431.9,1426.0,1427.0,85286,0
2026-04-23T09:45:00+05:30,1427.2,1430.0,1425.1,1429.0,40980,0
2026-04-23T09:50:00+05:30,1429.0,1430.3,1426.5,1427.1,49502,0
2026-04-23T09:55:00+05:30,1427.6,1431.0,1427.1,1430.0,38682,0
2026-04-23T10:00:00+05:30,1430.0,1430.0,1424.5,1427.7,54871,0
2026-04-23T10:05:00+05:30,1427.9,1430.0,1427.3,1428.1,64097,0
2026-04-23T10:10:00+05:30,1428.2,1428.4,1424.4,1425.0,35587,0
2026-04-23T10:15:00+05:30,1425.1,1425.8,1423.0,1424.2,36951,0
2026-04-23T10:20:00+05:30,1424.5,1427.0,1423.6,1426.8,24924,0
2026-04-23T10:25:00+05:30,1426.8,1427.0,1424.2,1425.4,32340,0
2026-04-23T10:30:00+05:30,1425.8,1426.5,1423.8,1424.6,17803,0
2026-04-23T10:35:00+05:30,1424.7,1427.8,1424.3,1426.7,25732,0
2026-04-23T10:40:00+05:30,1427.1,1428.9,1426.1,1426.8,35108,0
2026-04-23T10:45:00+05:30,1426.8,1427.5,1426.0,1427.0,13780,0
2026-04-23T10:50:00+05:30,1427.0,1429.0,1426.0,1427.6,101755,0
2026-04-23T10:55:00+05:30,1427.8,1434.2,1427.0,1433.4,40477,0
2026-04-23T11:00:00+05:30,1433.9,1438.2,1433.2,1438.0,62087,0
2026-04-23T11:05:00+05:30,1438.0,1439.9,1435.4,1436.4,54534,0
2026-04-23T11:10:00+05:30,1436.4,1437.8,1434.1,1434.6,38108,0
2026-04-23T11:15:00+05:30,1434.9,1437.4,1432.9,1435.6,21494,0
2026-04-23T11:20:00+05:30,1435.8,1438.1,1435.6,1436.0,16674,0
2026-04-23T11:25:00+05:30,1436.7,1438.7,1435.9,1437.0,25897,0
2026-04-23T11:30:00+05:30,1437.0,1437.1,1435.5,1436.5,11638,0
2026-04-23T11:35:00+05:30,1436.6,1436.7,1434.4,1435.3,19815,0
2026-04-23T11:40:00+05:30,1435.7,1436.7,1435.0,1435.3,15404,0
2026-04-23T11:45:00+05:30,1435.3,1436.0,1434.7,1435.3,9548,0
2026-04-23T11:50:00+05:30,1435.4,1435.4,1432.0,1433.5,24891,0
2026-04-23T11:55:00+05:30,1434.0,1434.4,1432.1,1433.6,12542,0
2026-04-23T12:00:00+05:30,1433.6,1433.7,1429.3,1431.0,38315,0
2026-04-23T12:05:00+05:30,1431.0,1432.8,1429.4,1431.2,54234,0
2026-04-23T12:10:00+05:30,1431.2,1436.0,1430.8,1434.8,22687,0
2026-04-23T12:15:00+05:30,1434.9,1438.0,1434.8,1436.6,25304,0
2026-04-23T12:20:00+05:30,1436.6,1438.8,1436.5,1437.5,18156,0
2026-04-23T12:25:00+05:30,1437.5,1437.7,1434.0,1434.4,23516,0
2026-04-23T12:30:00+05:30,1434.4,1437.2,1433.7,1436.8,19518,0
2026-04-23T12:35:00+05:30,1436.8,1441.0,1436.6,1439.9,35726,0
2026-04-23T12:40:00+05:30,1440.0,1444.5,1439.5,1444.0,41005,0
2026-04-23T12:45:00+05:30,1444.0,1444.9,1442.4,1444.7,24769,0
2026-04-23T12:50:00+05:30,1444.8,1446.9,1441.0,1446.2,41555,0
2026-04-23T12:55:00+05:30,1446.6,1446.6,1443.5,1443.8,14988,0
2026-04-23T13:00:00+05:30,1444.2,1446.4,1443.8,1445.7,12774,0
2026-04-23T13:05:00+05:30,1445.8,1446.0,1443.2,1444.4,26291,0
2026-04-23T13:10:00+05:30,1444.4,1444.7,1441.5,1443.1,31857,0
2026-04-23T13:15:00+05:30,1443.7,1443.9,1442.2,1443.4,30663,0
2026-04-23T13:20:00+05:30,1443.5,1448.0,1442.9,1445.0,55268,0
2026-04-23T13:25:00+05:30,1445.0,1446.0,1442.9,1443.2,36259,0
2026-04-23T13:30:00+05:30,1443.7,1444.8,1441.2,1444.3,48425,0
2026-04-23T13:35:00+05:30,1444.1,1444.5,1439.1,1439.9,45617,0
2026-04-23T13:40:00+05:30,1440.3,1441.0,1438.5,1439.5,58220,0
2026-04-23T13:45:00+05:30,1439.7,1439.9,1437.2,1437.6,36504,0
2026-04-23T13:50:00+05:30,1438.0,1439.0,1436.4,1436.5,23304,0
2026-04-23T13:55:00+05:30,1436.5,1438.9,1435.2,1435.9,38875,0
2026-04-23T14:00:00+05:30,1436.0,1436.3,1430.0,1432.6,60744,0
2026-04-23T14:05:00+05:30,1431.5,1432.1,1427.9,1429.1,73687,0
2026-04-23T14:10:00+05:30,1429.2,1429.6,1427.1,1428.7,27237,0
2026-04-23T14:15:00+05:30,1428.7,1431.0,1428.2,1430.9,29566,0
2026-04-23T14:20:00+05:30,1430.9,1432.1,1429.4,1430.6,28884,0
2026-04-23T14:25:00+05:30,1430.7,1431.5,1430.2,1430.2,15950,0
2026-04-23T14:30:00+05:30,1430.3,1430.9,1428.2,1428.2,33381,0
2026-04-23T14:35:00+05:30,1428.3,1428.4,1425.0,1425.0,33585,0
2026-04-23T14:40:00+05:30,1425.4,1425.8,1422.6,1423.3,42907,0
2026-04-23T14:45:00+05:30,1423.3,1426.8,1423.0,1425.5,42661,0
2026-04-23T14:50:00+05:30,1425.4,1426.9,1424.5,1426.1,31555,0
2026-04-23T14:55:00+05:30,1426.1,1426.8,1424.5,1424.6,31037,0
2026-04-23T15:00:00+05:30,1424.7,1428.1,1424.7,1425.5,170409,0
2026-04-23T15:05:00+05:30,1425.5,1426.0,1423.7,1425.2,88103,0
2026-04-23T15:10:00+05:30,1425.2,1426.6,1424.1,1424.1,99693,0
2026-04-23T15:15:00+05:30,1424.3,1424.6,1417.0,1417.3,198259,0
2026-04-23T15:20:00+05:30,1417.4,1419.5,1416.0,1418.2,129189,0
2026-04-23T15:25:00+05:30,1418.3,1420.0,1413.9,1416.9,121121,0
2026-04-24T09:15:00+05:30,1407.1,1425.7,1406.0,1424.6,123735,0
2026-04-24T09:20:00+05:30,1424.5,1426.7,1410.0,1411.7,59254,0
2026-04-24T09:25:00+05:30,1411.7,1413.5,1406.9,1407.1,52635,0
2026-04-24T09:30:00+05:30,1407.5,1409.8,1403.2,1405.0,31777,0
2026-04-24T09:35:00+05:30,1404.4,1408.1,1403.0,1407.3,36785,0
2026-04-24T09:40:00+05:30,1407.8,1408.2,1390.0,1392.7,129103,0
2026-04-24T09:45:00+05:30,1392.2,1393.0,1385.6,1388.0,105060,0
2026-04-24T09:50:00+05:30,1388.0,1388.5,1381.8,1382.7,38765,0
2026-04-24T09:55:00+05:30,1382.7,1385.8,1381.0,1384.4,28412,0
2026-04-24T10:00:00+05:30,1384.4,1386.3,1380.0,1380.4,32035,0
2026-04-24T10:05:00+05:30,1380.4,1382.7,1375.0,1376.5,46136,0
2026-04-24T10:10:00+05:30,1376.9,1382.5,1376.0,1382.0,32269,0
2026-04-24T10:15:00+05:30,1381.6,1381.8,1377.6,1380.4,24244,0
2026-04-24T10:20:00+05:30,1380.2,1381.7,1375.0,1375.1,40733,0
2026-04-24T10:25:00+05:30,1375.6,1379.9,1375.0,1375.8,27115,0
2026-04-24T10:30:00+05:30,1376.0,1379.5,1375.0,1377.2,20668,0
2026-04-24T10:35:00+05:30,1377.7,1378.4,1375.3,1376.5,11075,0
2026-04-24T10:40:00+05:30,1376.5,1376.5,1375.0,1375.5,10313,0
2026-04-24T10:45:00+05:30,1375.5,1379.0,1375.5,1376.4,16984,0
2026-04-24T10:50:00+05:30,1376.4,1379.7,1373.1,1376.5,82273,0
2026-04-24T10:55:00+05:30,1376.5,1376.8,1371.0,1371.3,21279,0
2026-04-24T11:00:00+05:30,1371.3,1374.9,1369.4,1374.3,36388,0
2026-04-24T11:05:00+05:30,1374.1,1376.5,1374.1,1375.3,18795,0
2026-04-24T11:10:00+05:30,1375.6,1376.5,1371.5,1372.5,22735,0
2026-04-24T11:15:00+05:30,1372.3,1374.2,1370.0,1372.9,48186,0
2026-04-24T11:20:00+05:30,1372.9,1373.7,1371.0,1372.8,43294,0
2026-04-24T11:25:00+05:30,1372.7,1372.7,1368.5,1368.7,20363,0
2026-04-24T11:30:00+05:30,1368.7,1368.9,1365.5,1367.9,39311,0
2026-04-24T11:35:00+05:30,1367.9,1368.2,1365.2,1366.1,18503,0
2026-04-24T11:40:00+05:30,1366.4,1366.4,1364.5,1365.4,14705,0
2026-04-24T11:45:00+05:30,1365.2,1365.4,1361.1,1361.8,39507,0
2026-04-24T11:50:00+05:30,1361.8,1361.8,1357.1,1359.2,51228,0
2026-04-24T11:55:00+05:30,1359.3,1365.1,1356.9,1360.8,75586,0
2026-04-24T12:00:00+05:30,1360.7,1362.3,1360.0,1361.0,10889,0
2026-04-24T12:05:00+05:30,1361.3,1361.8,1357.8,1358.9,23757,0
2026-04-24T12:10:00+05:30,1359.1,1359.3,1357.7,1357.7,14690,0
2026-04-24T12:15:00+05:30,1357.7,1358.3,1355.4,1355.8,20308,0
2026-04-24T12:20:00+05:30,1355.8,1358.6,1355.5,1357.1,14898,0
2026-04-24T12:25:00+05:30,1357.1,1357.2,1353.2,1353.9,41132,0
2026-04-24T12:30:00+05:30,1353.9,1357.4,1353.7,1356.6,31678,0
2026-04-24T12:35:00+05:30,1356.6,1361.0,1356.0,1360.4,65893,0
2026-04-24T12:40:00+05:30,1360.5,1361.0,1358.3,1359.0,17699,0
2026-04-24T12:45:00+05:30,1359.0,1363.2,1358.6,1361.1,34158,0
2026-04-24T12:50:00+05:30,1361.2,1362.7,1356.3,1356.3,20487,0
2026-04-24T12:55:00+05:30,1356.9,1357.0,1352.8,1354.4,35076,0
2026-04-24T13:00:00+05:30,1354.9,1355.2,1352.2,1353.6,22000,0
2026-04-24T13:05:00+05:30,1353.5,1355.0,1353.2,1353.2,14549,0
2026-04-24T13:10:00+05:30,1353.3,1354.2,1352.0,1353.7,18481,0
2026-04-24T13:15:00+05:30,1353.7,1354.0,1350.1,1353.4,24927,0
2026-04-24T13:20:00+05:30,1353.4,1354.7,1352.6,1353.6,23541,0
2026-04-24T13:25:00+05:30,1353.0,1355.7,1349.6,1354.9,161059,0
2026-04-24T13:30:00+05:30,1354.8,1355.0,1347.4,1350.0,97249,0
2026-04-24T13:35:00+05:30,1349.8,1351.3,1348.2,1350.0,19987,0
2026-04-24T13:40:00+05:30,1349.9,1353.5,1349.4,1352.9,22929,0
2026-04-24T13:45:00+05:30,1352.9,1355.5,1351.7,1352.8,21058,0
2026-04-24T13:50:00+05:30,1352.8,1354.8,1351.1,1353.9,22921,0
2026-04-24T13:55:00+05:30,1353.8,1354.1,1352.6,1353.1,19998,0
2026-04-24T14:00:00+05:30,1353.4,1357.2,1352.2,1353.1,51918,0
2026-04-24T14:05:00+05:30,1352.9,1353.0,1350.6,1351.8,42807,0
2026-04-24T14:10:00+05:30,1351.7,1352.5,1349.9,1350.8,37840,0
2026-04-24T14:15:00+05:30,1351.1,1358.9,1350.9,1358.7,59744,0
2026-04-24T14:20:00+05:30,1358.7,1358.7,1354.8,1355.0,31010,0
2026-04-24T14:25:00+05:30,1355.2,1357.0,1354.6,1355.0,20249,0
2026-04-24T14:30:00+05:30,1355.0,1356.0,1353.5,1355.3,25824,0
2026-04-24T14:35:00+05:30,1355.2,1357.2,1354.9,1357.2,29543,0
2026-04-24T14:40:00+05:30,1357.2,1358.5,1356.3,1357.9,36137,0
2026-04-24T14:45:00+05:30,1358.0,1359.8,1355.8,1359.3,43576,0
2026-04-24T14:50:00+05:30,1359.3,1359.5,1355.0,1355.2,73217,0
2026-04-24T14:55:00+05:30,1355.2,1356.3,1354.8,1355.5,51011,0
2026-04-24T15:00:00+05:30,1355.7,1356.9,1350.7,1351.5,83530,0
2026-04-24T15:05:00+05:30,1351.5,1353.5,1350.7,1352.4,74430,0
2026-04-24T15:10:00+05:30,1352.8,1357.6,1348.0,1357.4,189156,0
2026-04-24T15:15:00+05:30,1357.6,1363.5,1357.4,1362.2,249853,0
2026-04-24T15:20:00+05:30,1362.9,1363.9,1357.7,1362.8,283573,0
2026-04-24T15:25:00+05:30,1362.8,1364.3,1357.0,1361.8,98779,0
2026-04-27T09:15:00+05:30,1362.9,1379.9,1360.2,1373.9,119166,0
2026-04-27T09:20:00+05:30,1373.9,1382.2,1373.6,1378.8,37434,0
2026-04-27T09:25:00+05:30,1378.9,1384.3,1378.3,1379.5,39811,0
2026-04-27T09:30:00+05:30,1379.7,1382.0,1376.3,1377.5,23086,0
2026-04-27T09:35:00+05:30,1377.5,1380.2,1375.5,1378.9,18672,0
2026-04-27T09:40:00+05:30,1378.6,1387.9,1378.6,1387.9,33618,0
2026-04-27T09:45:00+05:30,1387.7,1389.7,1385.5,1386.4,26972,0
2026-04-27T09:50:00+05:30,1386.4,1389.9,1384.5,1386.4,27988,0
2026-04-27T09:55:00+05:30,1386.2,1386.5,1381.8,1384.7,32681,0
2026-04-27T10:00:00+05:30,1384.6,1385.2,1380.1,1382.3,60436,0
2026-04-27T10:05:00+05:30,1382.3,1385.2,1381.0,1381.6,26565,0
2026-04-27T10:10:00+05:30,1381.6,1387.8,1380.7,1387.8,26253,0
2026-04-27T10:15:00+05:30,1387.5,1392.6,1387.5,1391.3,32345,0
2026-04-27T10:20:00+05:30,1391.2,1392.1,1389.1,1390.5,21867,0
2026-04-27T10:25:00+05:30,1390.5,1391.5,1389.0,1389.7,17336,0
2026-04-27T10:30:00+05:30,1389.8,1391.0,1387.5,1390.9,25858,0
2026-04-27T10:35:00+05:30,1390.9,1393.5,1390.5,1391.2,24118,0
2026-04-27T10:40:00+05:30,1391.2,1394.5,1389.7,1391.0,22360,0
2026-04-27T10:45:00+05:30,1391.0,1391.9,1388.6,1391.9,15727,0
2026-04-27T10:50:00+05:30,1391.8,1395.0,1391.5,1394.9,13195,0
2026-04-27T10:55:00+05:30,1395.0,1396.0,1393.6,1394.6,13882,0
2026-04-27T11:00:00+05:30,1394.6,1395.7,1390.7,1391.3,21542,0
2026-04-27T11:05:00+05:30,1391.1,1391.7,1386.1,1387.7,26118,0
2026-04-27T11:10:00+05:30,1387.6,1393.0,1387.6,1392.2,15632,0
2026-04-27T11:15:00+05:30,1392.2,1393.6,1391.5,1393.6,9043,0
2026-04-27T11:20:00+05:30,1393.6,1393.6,1388.9,1391.2,25781,0
2026-04-27T11:25:00+05:30,1390.5,1392.1,1389.1,1391.1,17050,0
2026-04-27T11:30:00+05:30,1390.7,1391.6,1385.4,1386.5,34617,0
2026-04-27T11:35:00+05:30,1386.3,1387.1,1384.2,1385.1,33974,0
2026-04-27T11:40:00+05:30,1385.0,1386.1,1382.6,1385.2,43143,0
2026-04-27T11:45:00+05:30,1385.1,1386.0,1382.5,1383.0,17761,0
2026-04-27T11:50:00+05:30,1382.9,1384.0,1381.0,1383.7,12981,0
2026-04-27T11:55:00+05:30,1383.6,1387.7,1383.6,1386.6,14729,0
2026-04-27T12:00:00+05:30,1386.5,1386.9,1377.3,1382.5,116621,0
2026-04-27T12:05:00+05:30,1382.5,1386.0,1382.0,1385.8,12799,0
2026-04-27T12:10:00+05:30,1385.6,1387.6,1385.6,1387.2,8928,0
2026-04-27T12:15:00+05:30,1387.2,1388.7,1387.0,1388.7,10786,0
2026-04-27T12:20:00+05:30,1388.5,1389.5,1386.4,1388.6,12933,0
2026-04-27T12:25:00+05:30,1388.5,1388.9,1386.5,1386.9,7873,0
2026-04-27T12:30:00+05:30,1386.9,1388.6,1386.1,1387.5,9330,0
2026-04-27T12:35:00+05:30,1387.4,1389.4,1387.1,1387.4,9060,0
2026-04-27T12:40:00+05:30,1387.4,1388.9,1386.9,1388.4,8004,0
2026-04-27T12:45:00+05:30,1388.3,1388.7,1383.9,1384.7,8561,0
2026-04-27T12:50:00+05:30,1384.8,1386.4,1383.6,1386.4,11898,0
2026-04-27T12:55:00+05:30,1386.2,1389.1,1386.1,1388.4,9258,0
2026-04-27T13:00:00+05:30,1388.4,1389.5,1388.0,1389.5,6857,0
2026-04-27T13:05:00+05:30,1389.2,1389.8,1386.0,1387.1,10954,0
2026-04-27T13:10:00+05:30,1386.8,1388.6,1386.6,1388.3,9103,0
2026-04-27T13:15:00+05:30,1388.2,1390.5,1387.6,1387.9,10884,0
2026-04-27T13:20:00+05:30,1388.0,1389.7,1387.7,1388.5,8246,0
2026-04-27T13:25:00+05:30,1388.5,1390.0,1388.3,1389.0,9612,0
2026-04-27T13:30:00+05:30,1388.8,1392.0,1388.7,1392.0,24324,0
2026-04-27T13:35:00+05:30,1391.8,1393.0,1391.4,1391.9,12538,0
2026-04-27T13:40:00+05:30,1391.8,1392.6,1390.8,1391.7,12029,0
2026-04-27T13:45:00+05:30,1391.5,1392.6,1390.0,1390.7,8948,0
2026-04-27T13:50:00+05:30,1391.2,1391.5,1387.5,1387.7,28359,0
2026-04-27T13:55:00+05:30,1387.7,1390.7,1387.7,1389.8,12827,0
2026-04-27T14:00:00+05:30,1389.8,1393.5,1389.5,1393.5,26556,0
2026-04-27T14:05:00+05:30,1393.3,1396.5,1393.0,1396.4,22276,0
2026-04-27T14:10:00+05:30,1396.4,1398.6,1396.2,1397.7,27022,0
2026-04-27T14:15:00+05:30,1397.7,1397.9,1395.7,1396.2,18327,0
2026-04-27T14:20:00+05:30,1396.3,1397.0,1395.7,1396.4,21722,0
2026-04-27T14:25:00+05:30,1396.4,1397.0,1395.0,1397.0,17770,0
2026-04-27T14:30:00+05:30,1397.0,1397.8,1395.3,1395.9,18179,0
2026-04-27T14:35:00+05:30,1396.0,1400.5,1395.9,1398.5,30209,0
2026-04-27T14:40:00+05:30,1398.4,1399.5,1397.3,1398.6,15596,0
2026-04-27T14:45:00+05:30,1398.6,1398.7,1395.2,1396.8,18780,0
2026-04-27T14:50:00+05:30,1396.7,1397.3,1396.0,1396.1,13085,0
2026-04-27T14:55:00+05:30,1396.2,1396.6,1395.4,1396.2,14489,0
2026-04-27T15:00:00+05:30,1396.0,1397.4,1395.0,1397.0,37195,0
2026-04-27T15:05:00+05:30,1397.2,1397.4,1395.9,1396.8,28334,0
2026-04-27T15:10:00+05:30,1396.5,1397.3,1395.0,1397.0,38552,0
2026-04-27T15:15:00+05:30,1397.3,1397.8,1395.0,1395.6,38984,0
2026-04-27T15:20:00+05:30,1395.6,1397.0,1395.0,1395.4,69275,0
2026-04-27T15:25:00+05:30,1395.4,1398.0,1395.0,1398.0,58773,0
2026-04-28T09:15:00+05:30,1392.5,1401.2,1383.6,1399.5,47831,0
2026-04-28T09:20:00+05:30,1399.5,1401.8,1397.4,1400.7,79974,0
2026-04-28T09:25:00+05:30,1400.7,1405.0,1400.6,1403.5,30024,0
2026-04-28T09:30:00+05:30,1403.5,1403.5,1394.8,1395.0,21041,0
2026-04-28T09:35:00+05:30,1395.3,1397.6,1395.0,1395.8,12495,0
2026-04-28T09:40:00+05:30,1395.8,1397.0,1394.4,1395.5,14313,0
2026-04-28T09:45:00+05:30,1395.6,1397.5,1391.3,1391.5,25510,0
2026-04-28T09:50:00+05:30,1391.9,1395.0,1391.0,1394.0,14956,0
2026-04-28T09:55:00+05:30,1394.0,1402.0,1393.2,1401.6,20912,0
2026-04-28T10:00:00+05:30,1401.9,1411.0,1401.4,1406.7,60375,0
2026-04-28T10:05:00+05:30,1406.2,1407.9,1405.8,1407.0,21790,0
2026-04-28T10:10:00+05:30,1407.0,1407.7,1405.0,1405.2,16884,0
2026-04-28T10:15:00+05:30,1405.2,1406.4,1403.1,1404.6,32518,0
2026-04-28T10:20:00+05:30,1405.0,1408.0,1404.6,1406.5,13857,0
2026-04-28T10:25:00+05:30,1406.5,1406.7,1404.5,1404.5,11042,0
2026-04-28T10:30:00+05:30,1404.6,1404.8,1401.7,1402.1,12093,0
2026-04-28T10:35:00+05:30,1402.2,1404.0,1400.1,1402.4,24879,0
2026-04-28T10:40:00+05:30,1402.4,1402.4,1400.9,1402.0,11199,0
2026-04-28T10:45:00+05:30,1402.0,1404.0,1401.5,1401.8,17285,0
2026-04-28T10:50:00+05:30,1402.5,1403.6,1400.1,1402.7,13029,0
2026-04-28T10:55:00+05:30,1403.0,1405.1,1402.1,1405.1,24873,0
2026-04-28T11:00:00+05:30,1405.4,1405.4,1396.9,1400.0,62878,0
2026-04-28T11:05:00+05:30,1400.4,1401.0,1398.3,1399.8,24159,0
2026-04-28T11:10:00+05:30,1399.9,1400.4,1399.5,1400.1,18677,0
2026-04-28T11:15:00+05:30,1400.5,1402.0,1399.5,1401.0,20951,0
2026-04-28T11:20:00+05:30,1401.1,1403.8,1401.0,1403.1,18241,0
2026-04-28T11:25:00+05:30,1403.1,1403.1,1400.0,1401.2,14552,0
2026-04-28T11:30:00+05:30,1401.4,1402.0,1399.6,1401.5,13495,0
2026-04-28T11:35:00+05:30,1401.8,1402.6,1401.5,1402.3,11100,0
2026-04-28T11:40:00+05:30,1402.2,1404.4,1402.0,1403.7,17431,0
2026-04-28T11:45:00+05:30,1403.8,1403.8,1401.8,1402.3,10262,0
2026-04-28T11:50:00+05:30,1402.3,1402.3,1399.9,1401.5,11208,0
2026-04-28T11:55:00+05:30,1401.5,1401.6,1399.9,1400.1,9148,0
2026-04-28T12:00:00+05:30,1400.1,1401.2,1399.4,1400.8,10787,0
2026-04-28T12:05:00+05:30,1400.8,1400.8,1399.1,1400.4,10062,0
2026-04-28T12:10:00+05:30,1400.3,1404.8,1400.2,1404.8,26218,0
2026-04-28T12:15:00+05:30,1404.7,1404.8,1403.5,1403.8,13013,0
2026-04-28T12:20:00+05:30,1403.9,1404.1,1401.5,1403.7,15216,0
2026-04-28T12:25:00+05:30,1403.7,1403.7,1401.5,1402.7,15617,0
2026-04-28T12:30:00+05:30,1402.7,1402.7,1400.4,1400.9,13706,0
2026-04-28T12:35:00+05:30,1400.8,1402.0,1399.0,1399.0,16201,0
2026-04-28T12:40:00+05:30,1399.5,1400.0,1397.4,1398.4,27258,0
2026-04-28T12:45:00+05:30,1398.4,1399.9,1397.9,1399.0,23063,0
2026-04-28T12:50:00+05:30,1399.1,1400.1,1398.2,1399.4,16820,0
2026-04-28T12:55:00+05:30,1399.4,1399.6,1396.0,1396.7,19071,0
2026-04-28T13:00:00+05:30,1397.0,1399.5,1396.6,1398.9,20238,0
2026-04-28T13:05:00+05:30,1398.9,1401.7,1398.8,1400.7,15523,0
2026-04-28T13:10:00+05:30,1400.8,1401.8,1399.5,1401.4,22092,0
2026-04-28T13:15:00+05:30,1401.4,1402.4,1400.8,1401.1,16041,0
2026-04-28T13:20:00+05:30,1400.8,1402.2,1400.6,1401.6,16283,0
2026-04-28T13:25:00+05:30,1401.7,1402.6,1399.9,1400.7,18970,0
2026-04-28T13:30:00+05:30,1400.7,1401.4,1399.5,1400.3,20801,0
2026-04-28T13:35:00+05:30,1400.3,1402.7,1398.7,1402.4,42779,0
2026-04-28T13:40:00+05:30,1402.4,1404.6,1402.1,1403.4,18562,0
2026-04-28T13:45:00+05:30,1403.5,1408.0,1402.4,1405.1,28222,0
2026-04-28T13:50:00+05:30,1405.3,1409.4,1404.9,1408.8,19324,0
2026-04-28T13:55:00+05:30,1409.0,1411.8,1408.5,1409.3,66493,0
2026-04-28T14:00:00+05:30,1409.7,1409.9,1407.3,1407.7,25385,0
2026-04-28T14:05:00+05:30,1407.8,1408.4,1406.8,1407.6,19570,0
2026-04-28T14:10:00+05:30,1407.8,1408.0,1405.2,1406.6,32326,0
2026-04-28T14:15:00+05:30,1407.0,1407.4,1404.6,1406.9,29164,0
2026-04-28T14:20:00+05:30,1406.9,1407.3,1404.2,1405.4,26464,0
2026-04-28T14:25:00+05:30,1405.4,1405.8,1402.5,1403.6,31400,0
2026-04-28T14:30:00+05:30,1403.5,1406.4,1402.0,1402.5,46103,0
2026-04-28T14:35:00+05:30,1403.0,1405.1,1402.0,1404.7,32980,0
2026-04-28T14:40:00+05:30,1404.7,1404.9,1402.7,1403.9,38188,0
2026-04-28T14:45:00+05:30,1403.9,1406.4,1403.3,1406.4,23124,0
2026-04-28T14:50:00+05:30,1406.4,1408.1,1405.4,1407.1,21513,0
2026-04-28T14:55:00+05:30,1407.2,1408.8,1406.8,1408.1,23892,0
2026-04-28T15:00:00+05:30,1408.5,1410.6,1402.7,1405.4,86488,0
2026-04-28T15:05:00+05:30,1405.4,1407.5,1405.3,1407.0,52334,0
2026-04-28T15:10:00+05:30,1407.1,1408.0,1406.3,1407.9,53536,0
2026-04-28T15:15:00+05:30,1407.9,1408.9,1406.6,1408.5,67102,0
2026-04-28T15:20:00+05:30,1408.8,1410.6,1407.9,1410.6,59667,0
2026-04-28T15:25:00+05:30,1410.6,1413.0,1409.0,1412.5,65642,0
2026-04-29T09:15:00+05:30,1414.0,1422.5,1405.2,1422.5,46708,0
2026-04-29T09:20:00+05:30,1422.5,1432.4,1422.4,1431.1,61579,0
2026-04-29T09:25:00+05:30,1431.1,1433.6,1426.1,1427.3,34726,0
2026-04-29T09:30:00+05:30,1427.3,1433.9,1424.5,1433.9,30434,0
2026-04-29T09:35:00+05:30,1433.6,1436.4,1431.0,1433.5,43496,0
2026-04-29T09:40:00+05:30,1433.3,1439.9,1433.0,1438.9,41395,0
2026-04-29T09:45:00+05:30,1438.9,1443.2,1438.1,1443.1,40346,0
2026-04-29T09:50:00+05:30,1443.3,1451.7,1442.7,1447.0,93998,0
2026-04-29T09:55:00+05:30,1447.2,1447.7,1444.3,1444.9,29163,0
2026-04-29T10:00:00+05:30,1445.5,1448.4,1445.0,1446.2,32896,0
2026-04-29T10:05:00+05:30,1446.3,1446.4,1444.1,1446.4,15586,0
2026-04-29T10:10:00+05:30,1446.3,1453.7,1445.9,1452.7,77061,0
2026-04-29T10:15:00+05:30,1452.8,1455.0,1450.7,1451.6,49903,0
2026-04-29T10:20:00+05:30,1452.1,1454.8,1451.6,1454.2,24193,0
2026-04-29T10:25:00+05:30,1454.2,1454.5,1452.5,1452.9,13131,0
2026-04-29T10:30:00+05:30,1452.9,1453.4,1444.1,1445.5,50887,0
2026-04-29T10:35:00+05:30,1445.7,1449.5,1444.8,1448.8,20146,0
2026-04-29T10:40:00+05:30,1448.7,1449.1,1446.1,1446.6,11150,0
2026-04-29T10:45:00+05:30,1446.4,1447.9,1444.4,1447.1,15463,0
2026-04-29T10:50:00+05:30,1447.1,1447.6,1446.0,1446.5,20082,0
2026-04-29T10:55:00+05:30,1446.5,1449.8,1445.9,1449.2,15385,0
2026-04-29T11:00:00+05:30,1449.1,1452.5,1448.6,1449.5,26186,0
2026-04-29T11:05:00+05:30,1449.6,1449.9,1446.7,1449.0,13661,0
2026-04-29T11:10:00+05:30,1449.0,1461.4,1447.7,1458.6,328294,0
2026-04-29T11:15:00+05:30,1458.9,1459.2,1453.7,1454.9,30080,0
2026-04-29T11:20:00+05:30,1454.9,1459.7,1453.6,1458.5,25368,0
2026-04-29T11:25:00+05:30,1458.5,1461.0,1457.7,1458.4,31007,0
2026-04-29T11:30:00+05:30,1458.4,1459.3,1456.5,1457.9,14072,0
2026-04-29T11:35:00+05:30,1457.9,1458.5,1455.1,1456.1,23602,0
2026-04-29T11:40:00+05:30,1456.1,1457.1,1454.0,1457.0,19268,0
2026-04-29T11:45:00+05:30,1457.0,1458.8,1456.5,1457.8,13828,0
2026-04-29T11:50:00+05:30,1457.9,1458.5,1454.8,1455.4,26155,0
2026-04-29T11:55:00+05:30,1455.4,1455.4,1453.4,1454.6,14432,0
2026-04-29T12:00:00+05:30,1454.8,1455.0,1453.7,1454.0,10545,0
2026-04-29T12:05:00+05:30,1454.1,1454.5,1452.0,1454.3,21141,0
2026-04-29T12:10:00+05:30,1454.5,1457.6,1453.9,1455.4,23835,0
2026-04-29T12:15:00+05:30,1455.6,1455.9,1450.8,1454.0,29531,0
2026-04-29T12:20:00+05:30,1454.2,1454.3,1452.1,1453.8,9061,0
2026-04-29T12:25:00+05:30,1453.8,1457.1,1452.8,1456.6,19539,0
2026-04-29T12:30:00+05:30,1456.6,1458.0,1455.4,1458.0,24537,0
2026-04-29T12:35:00+05:30,1458.0,1458.5,1455.5,1456.3,14718,0
2026-04-29T12:40:00+05:30,1456.3,1460.4,1455.6,1460.0,63274,0
2026-04-29T12:45:00+05:30,1460.3,1460.4,1459.6,1460.2,11748,0
2026-04-29T12:50:00+05:30,1460.2,1460.4,1459.5,1460.0,19582,0
2026-04-29T12:55:00+05:30,1460.1,1460.2,1459.5,1460.1,17681,0
2026-04-29T13:00:00+05:30,1460.2,1460.7,1459.9,1460.0,14082,0
2026-04-29T13:05:00+05:30,1460.3,1460.5,1459.5,1459.8,37416,0
2026-04-29T13:10:00+05:30,1460.0,1460.3,1459.3,1460.2,35345,0
2026-04-29T13:15:00+05:30,1460.2,1461.0,1459.4,1461.0,40451,0
2026-04-29T13:20:00+05:30,1461.0,1461.0,1459.4,1460.0,34374,0
2026-04-29T13:25:00+05:30,1460.0,1461.1,1459.2,1459.5,46311,0
2026-04-29T13:30:00+05:30,1459.8,1460.3,1455.4,1458.7,103588,0
2026-04-29T13:35:00+05:30,1458.6,1459.0,1456.9,1457.9,34665,0
2026-04-29T13:40:00+05:30,1458.2,1459.0,1456.5,1459.0,170341,0
2026-04-29T13:45:00+05:30,1457.7,1459.6,1457.7,1458.4,48358,0
2026-04-29T13:50:00+05:30,1458.1,1459.6,1458.1,1459.1,17019,0
2026-04-29T13:55:00+05:30,1459.2,1460.9,1458.8,1460.5,29996,0
2026-04-29T14:00:00+05:30,1460.2,1460.5,1459.1,1459.5,109177,0
2026-04-29T14:05:00+05:30,1460.1,1460.2,1458.2,1459.1,25046,0
2026-04-29T14:10:00+05:30,1459.1,1461.0,1458.9,1460.6,41748,0
2026-04-29T14:15:00+05:30,1461.3,1462.9,1459.6,1460.8,65729,0
2026-04-29T14:20:00+05:30,1460.8,1460.8,1459.7,1460.0,44753,0
2026-04-29T14:25:00+05:30,1460.1,1460.5,1459.7,1460.1,48973,0
2026-04-29T14:30:00+05:30,1460.4,1460.5,1459.5,1460.3,122819,0
2026-04-29T14:35:00+05:30,1460.4,1461.4,1459.9,1460.9,22871,0
2026-04-29T14:40:00+05:30,1461.0,1461.5,1459.9,1461.5,35747,0
2026-04-29T14:45:00+05:30,1461.6,1461.9,1459.6,1460.5,26762,0
2026-04-29T14:50:00+05:30,1460.5,1460.5,1459.8,1460.1,23152,0
2026-04-29T14:55:00+05:30,1460.1,1461.2,1460.0,1460.4,27659,0
2026-04-29T15:00:00+05:30,1460.5,1464.0,1460.5,1462.2,62717,0
2026-04-29T15:05:00+05:30,1462.8,1463.0,1462.0,1462.5,46902,0
2026-04-29T15:10:00+05:30,1462.3,1462.6,1459.5,1460.0,68255,0
2026-04-29T15:15:00+05:30,1460.0,1460.9,1459.5,1460.4,142001,0
2026-04-29T15:20:00+05:30,1460.4,1460.4,1454.9,1456.2,141896,0
2026-04-29T15:25:00+05:30,1456.2,1457.8,1452.7,1454.7,62693,0
2026-04-30T09:15:00+05:30,1459.7,1461.5,1447.6,1452.4,91692,0
2026-04-30T09:20:00+05:30,1451.9,1454.5,1447.1,1448.0,34491,0
2026-04-30T09:25:00+05:30,1447.9,1450.0,1446.3,1447.2,14660,0
2026-04-30T09:30:00+05:30,1447.2,1465.5,1445.6,1463.8,80672,0
2026-04-30T09:35:00+05:30,1463.7,1465.7,1459.7,1460.6,77407,0
2026-04-30T09:40:00+05:30,1460.5,1460.9,1453.2,1459.0,90066,0
2026-04-30T09:45:00+05:30,1459.0,1459.6,1455.2,1456.7,44978,0
2026-04-30T09:50:00+05:30,1456.7,1460.2,1455.0,1457.3,73969,0
2026-04-30T09:55:00+05:30,1457.3,1458.3,1455.3,1456.9,15627,0
2026-04-30T10:00:00+05:30,1456.9,1458.2,1456.3,1456.5,14636,0
2026-04-30T10:05:00+05:30,1456.4,1460.0,1455.7,1458.0,24554,0
2026-04-30T10:10:00+05:30,1457.5,1460.7,1455.9,1460.5,63953,0
2026-04-30T10:15:00+05:30,1460.5,1462.0,1458.5,1460.9,19046,0
2026-04-30T10:20:00+05:30,1460.8,1466.5,1460.3,1464.5,59191,0
2026-04-30T10:25:00+05:30,1464.0,1467.5,1463.5,1465.4,30178,0
2026-04-30T10:30:00+05:30,1465.8,1466.7,1463.5,1464.8,36469,0
2026-04-30T10:35:00+05:30,1464.8,1465.0,1463.6,1464.0,11414,0
2026-04-30T10:40:00+05:30,1464.2,1465.0,1463.2,1464.4,14176,0
2026-04-30T10:45:00+05:30,1464.3,1464.4,1459.0,1460.1,18760,0
2026-04-30T10:50:00+05:30,1460.2,1460.5,1458.8,1460.5,12326,0
2026-04-30T10:55:00+05:30,1460.4,1461.1,1459.9,1460.3,11591,0
2026-04-30T11:00:00+05:30,1460.3,1461.8,1459.8,1461.5,5339,0
2026-04-30T11:05:00+05:30,1461.5,1462.0,1460.4,1460.4,3815,0
2026-04-30T11:10:00+05:30,1460.4,1461.0,1460.2,1460.5,3163,0
2026-04-30T11:15:00+05:30,1460.4,1461.8,1460.2,1460.4,4746,0
2026-04-30T11:20:00+05:30,1460.5,1461.1,1458.9,1459.2,15773,0
2026-04-30T11:25:00+05:30,1459.2,1459.9,1459.1,1459.8,6651,0
2026-04-30T11:30:00+05:30,1459.9,1460.0,1459.3,1459.4,6204,0
2026-04-30T11:35:00+05:30,1459.7,1461.6,1459.3,1460.3,9877,0
2026-04-30T11:40:00+05:30,1460.3,1461.4,1459.8,1460.5,4012,0
2026-04-30T11:45:00+05:30,1460.5,1460.9,1459.4,1460.0,3013,0
2026-04-30T11:50:00+05:30,1460.5,1461.8,1459.9,1461.1,4087,0
2026-04-30T11:55:00+05:30,1461.3,1462.2,1460.9,1461.8,6327,0
2026-04-30T12:00:00+05:30,1461.8,1463.5,1461.6,1463.0,10900,0
2026-04-30T12:05:00+05:30,1463.2,1463.6,1459.6,1460.1,49350,0
2026-04-30T12:10:00+05:30,1460.4,1460.8,1459.6,1460.5,5566,0
2026-04-30T12:15:00+05:30,1460.7,1461.5,1459.0,1460.7,10386,0
2026-04-30T12:20:00+05:30,1461.1,1462.3,1460.7,1461.8,3172,0
2026-04-30T12:25:00+05:30,1461.8,1463.9,1461.3,1463.3,6573,0
2026-04-30T12:30:00+05:30,1463.3,1465.0,1462.5,1464.9,7785,0
2026-04-30T12:35:00+05:30,1464.5,1465.4,1463.0,1463.3,12134,0
2026-04-30T12:40:00+05:30,1463.3,1466.8,1463.1,1465.0,97464,0
2026-04-30T12:45:00+05:30,1465.3,1466.0,1463.9,1464.5,9984,0
2026-04-30T12:50:00+05:30,1464.5,1466.0,1463.4,1463.9,20425,0
2026-04-30T12:55:00+05:30,1463.9,1465.1,1463.4,1463.4,14658,0
2026-04-30T13:00:00+05:30,1463.4,1464.5,1461.8,1463.4,83196,0
2026-04-30T13:05:00+05:30,1463.4,1464.7,1463.1,1464.5,13427,0
2026-04-30T13:10:00+05:30,1464.5,1467.5,1464.5,1466.7,55014,0
2026-04-30T13:15:00+05:30,1467.1,1470.6,1466.5,1470.5,39353,0
2026-04-30T13:20:00+05:30,1470.5,1472.3,1468.5,1468.6,26356,0
2026-04-30T13:25:00+05:30,1468.9,1469.1,1468.0,1468.5,9095,0
2026-04-30T13:30:00+05:30,1468.5,1471.6,1468.0,1471.0,15664,0
2026-04-30T13:35:00+05:30,1471.0,1472.2,1470.3,1471.7,18557,0
2026-04-30T13:40:00+05:30,1471.7,1474.3,1471.3,1473.5,21812,0
2026-04-30T13:45:00+05:30,1473.8,1475.8,1473.5,1475.0,36301,0
2026-04-30T13:50:00+05:30,1475.5,1478.4,1475.0,1478.4,28652,0
2026-04-30T13:55:00+05:30,1478.4,1479.0,1476.1,1478.3,36125,0
2026-04-30T14:00:00+05:30,1478.5,1481.5,1477.5,1480.1,41811,0
2026-04-30T14:05:00+05:30,1480.2,1480.8,1479.1,1480.4,38682,0
2026-04-30T14:10:00+05:30,1480.4,1481.4,1479.1,1480.0,29981,0
2026-04-30T14:15:00+05:30,1479.6,1480.2,1479.3,1480.0,15540,0
2026-04-30T14:20:00+05:30,1479.6,1480.1,1479.2,1480.0,20774,0
2026-04-30T14:25:00+05:30,1480.0,1480.6,1475.9,1476.0,184809,0
2026-04-30T14:30:00+05:30,1476.4,1480.0,1475.5,1479.7,28240,0
2026-04-30T14:35:00+05:30,1480.0,1481.0,1479.1,1480.9,19436,0
2026-04-30T14:40:00+05:30,1480.9,1482.0,1480.3,1480.5,22956,0
2026-04-30T14:45:00+05:30,1480.4,1480.5,1477.9,1479.1,37384,0
2026-04-30T14:50:00+05:30,1479.5,1480.2,1476.0,1477.9,159118,0
2026-04-30T14:55:00+05:30,1478.0,1480.6,1476.1,1477.0,76620,0
2026-04-30T15:00:00+05:30,1477.1,1478.0,1472.3,1472.8,70979,0
2026-04-30T15:05:00+05:30,1472.7,1473.9,1472.2,1472.5,42462,0
2026-04-30T15:10:00+05:30,1472.5,1473.0,1471.0,1471.1,59412,0
2026-04-30T15:15:00+05:30,1471.1,1473.8,1470.9,1473.6,56434,0
2026-04-30T15:20:00+05:30,1473.5,1473.9,1471.6,1473.1,83479,0
2026-04-30T15:25:00+05:30,1473.1,1479.9,1470.0,1473.8,97103,0
2026-05-04T09:15:00+05:30,1484.0,1492.4,1476.1,1476.8,50512,0
2026-05-04T09:20:00+05:30,1476.8,1480.6,1476.2,1477.4,12661,0
2026-05-04T09:25:00+05:30,1478.0,1482.5,1475.0,1479.9,51738,0
2026-05-04T09:30:00+05:30,1480.2,1482.5,1475.5,1482.0,14113,0
2026-05-04T09:35:00+05:30,1482.1,1485.0,1481.5,1482.1,14796,0
2026-05-04T09:40:00+05:30,1482.6,1482.6,1479.0,1480.9,11502,0
2026-05-04T09:45:00+05:30,1480.9,1481.2,1479.4,1479.5,5303,0
2026-05-04T09:50:00+05:30,1479.5,1484.0,1477.2,1478.8,15226,0
2026-05-04T09:55:00+05:30,1479.1,1479.5,1477.9,1478.1,5166,0
2026-05-04T10:00:00+05:30,1478.8,1479.1,1475.3,1478.0,6657,0
2026-05-04T10:05:00+05:30,1478.0,1482.4,1477.3,1478.6,10371,0
2026-05-04T10:10:00+05:30,1479.1,1479.1,1469.3,1470.6,22753,0
2026-05-04T10:15:00+05:30,1470.2,1474.5,1470.0,1473.5,10541,0
2026-05-04T10:20:00+05:30,1473.5,1473.6,1463.2,1463.4,32165,0
2026-05-04T10:25:00+05:30,1464.6,1465.5,1462.0,1465.0,17295,0
2026-05-04T10:30:00+05:30,1465.0,1468.0,1462.1,1462.6,20293,0
2026-05-04T10:35:00+05:30,1463.0,1464.8,1462.8,1464.4,8098,0
2026-05-04T10:40:00+05:30,1464.4,1464.4,1460.5,1461.4,7228,0
2026-05-04T10:45:00+05:30,1461.4,1462.1,1460.0,1461.4,12888,0
2026-05-04T10:50:00+05:30,1461.4,1462.0,1458.6,1461.0,13604,0
2026-05-04T10:55:00+05:30,1461.0,1462.4,1459.1,1459.1,11603,0
2026-05-04T11:00:00+05:30,1459.4,1460.8,1458.6,1460.2,5292,0
2026-05-04T11:05:00+05:30,1460.7,1460.8,1459.0,1459.0,4687,0
2026-05-04T11:10:00+05:30,1459.3,1465.0,1459.0,1465.0,11523,0
2026-05-04T11:15:00+05:30,1465.0,1466.5,1464.9,1465.9,12867,0
2026-05-04T11:20:00+05:30,1465.7,1466.3,1464.1,1465.1,11078,0
2026-05-04T11:25:00+05:30,1465.1,1465.5,1462.1,1462.9,5089,0
2026-05-04T11:30:00+05:30,1463.4,1463.4,1459.2,1459.6,8304,0
2026-05-04T11:35:00+05:30,1460.1,1460.8,1456.9,1459.1,28096,0
2026-05-04T11:40:00+05:30,1459.1,1459.5,1456.1,1457.2,7251,0
2026-05-04T11:45:00+05:30,1457.6,1460.9,1456.3,1460.2,7069,0
2026-05-04T11:50:00+05:30,1460.2,1460.6,1458.2,1459.0,5536,0
2026-05-04T11:55:00+05:30,1459.1,1459.9,1457.1,1457.1,6961,0
2026-05-04T12:00:00+05:30,1457.3,1459.0,1457.0,1458.2,6175,0
2026-05-04T12:05:00+05:30,1458.2,1460.5,1455.2,1459.9,21128,0
2026-05-04T12:10:00+05:30,1460.2,1462.6,1459.5,1460.2,32004,0
2026-05-04T12:15:00+05:30,1460.2,1464.0,1459.2,1463.4,27498,0
2026-05-04T12:20:00+05:30,1463.5,1465.8,1461.1,1465.2,20976,0
2026-05-04T12:25:00+05:30,1465.5,1467.8,1465.1,1466.9,11693,0
2026-05-04T12:30:00+05:30,1467.3,1469.9,1466.5,1469.2,12017,0
2026-05-04T12:35:00+05:30,1469.3,1470.8,1466.2,1466.2,18277,0
2026-05-04T12:40:00+05:30,1466.6,1466.8,1465.0,1466.5,16176,0
2026-05-04T12:45:00+05:30,1466.7,1467.3,1464.8,1465.5,14223,0
2026-05-04T12:50:00+05:30,1466.0,1468.5,1465.7,1467.1,18448,0
2026-05-04T12:55:00+05:30,1467.4,1467.8,1466.2,1467.3,14528,0
2026-05-04T13:00:00+05:30,1467.8,1469.2,1467.0,1468.6,14612,0
2026-05-04T13:05:00+05:30,1468.8,1469.9,1467.4,1468.7,18642,0
2026-05-04T13:10:00+05:30,1468.8,1469.0,1467.1,1467.9,17092,0
2026-05-04T13:15:00+05:30,1467.7,1468.8,1466.6,1468.0,19081,0
2026-05-04T13:20:00+05:30,1468.3,1468.3,1465.8,1466.5,18515,0
2026-05-04T13:25:00+05:30,1466.5,1468.0,1464.7,1465.2,18684,0
2026-05-04T13:30:00+05:30,1465.4,1466.4,1463.9,1465.1,22401,0
2026-05-04T13:35:00+05:30,1465.6,1466.7,1463.0,1465.5,40989,0
2026-05-04T13:40:00+05:30,1466.0,1469.5,1465.7,1468.2,18734,0
2026-05-04T13:45:00+05:30,1468.5,1469.2,1467.7,1468.8,18721,0
2026-05-04T13:50:00+05:30,1468.8,1469.9,1467.6,1468.9,22672,0
2026-05-04T13:55:00+05:30,1468.7,1469.9,1466.4,1468.7,21183,0
2026-05-04T14:00:00+05:30,1468.7,1469.8,1467.9,1469.2,19859,0
2026-05-04T14:05:00+05:30,1469.5,1471.0,1468.3,1470.7,25359,0
2026-05-04T14:10:00+05:30,1470.7,1474.7,1470.7,1474.0,13583,0
2026-05-04T14:15:00+05:30,1474.0,1478.0,1473.7,1473.7,27096,0
2026-05-04T14:20:00+05:30,1474.4,1475.0,1471.9,1472.0,27229,0
2026-05-04T14:25:00+05:30,1472.2,1473.4,1470.9,1472.2,22354,0
2026-05-04T14:30:00+05:30,1472.3,1472.6,1469.2,1469.5,23539,0
2026-05-04T14:35:00+05:30,1470.0,1472.1,1469.1,1470.8,24612,0
2026-05-04T14:40:00+05:30,1471.5,1471.9,1469.3,1469.7,26431,0
2026-05-04T14:45:00+05:30,1469.7,1470.1,1467.3,1467.9,24069,0
2026-05-04T14:50:00+05:30,1468.0,1468.0,1465.0,1466.9,26955,0
2026-05-04T14:55:00+05:30,1467.5,1469.4,1466.3,1469.4,24288,0
2026-05-04T15:00:00+05:30,1469.4,1470.9,1468.2,1470.3,14574,0
2026-05-04T15:05:00+05:30,1470.3,1472.0,1470.1,1470.9,16308,0
2026-05-04T15:10:00+05:30,1471.5,1474.7,1471.5,1473.5,62170,0
2026-05-04T15:15:00+05:30,1473.7,1474.5,1472.3,1472.5,46421,0
2026-05-04T15:20:00+05:30,1473.0,1473.7,1468.4,1468.8,77779,0
2026-05-04T15:25:00+05:30,1468.5,1473.0,1468.0,1471.0,43409,0
2026-05-05T09:15:00+05:30,1465.0,1480.5,1455.6,1480.2,38487,0
2026-05-05T09:20:00+05:30,1480.2,1483.8,1470.5,1471.2,20379,0
2026-05-05T09:25:00+05:30,1471.2,1472.5,1465.0,1467.2,23290,0
2026-05-05T09:30:00+05:30,1467.2,1469.3,1466.5,1467.9,6586,0
2026-05-05T09:35:00+05:30,1467.7,1467.8,1462.0,1463.3,24983,0
2026-05-05T09:40:00+05:30,1463.3,1463.3,1459.5,1461.7,11783,0
2026-05-05T09:45:00+05:30,1461.6,1465.0,1460.0,1464.9,7224,0
2026-05-05T09:50:00+05:30,1464.9,1468.9,1463.8,1468.9,30866,0
2026-05-05T09:55:00+05:30,1468.9,1469.0,1464.1,1465.5,7720,0
2026-05-05T10:00:00+05:30,1465.5,1466.9,1463.7,1465.2,4892,0
2026-05-05T10:05:00+05:30,1465.2,1467.5,1463.4,1464.3,4713,0
2026-05-05T10:10:00+05:30,1464.2,1464.4,1461.7,1462.6,3013,0
2026-05-05T10:15:00+05:30,1462.6,1463.7,1460.1,1463.0,7657,0
2026-05-05T10:20:00+05:30,1463.0,1464.0,1461.8,1462.3,2848,0
2026-05-05T10:25:00+05:30,1462.3,1462.3,1458.5,1461.7,7735,0
2026-05-05T10:30:00+05:30,1461.7,1462.9,1458.3,1459.4,7005,0
2026-05-05T10:35:00+05:30,1459.2,1460.0,1456.8,1458.9,4396,0
2026-05-05T10:40:00+05:30,1458.9,1458.9,1457.4,1457.9,3843,0
2026-05-05T10:45:00+05:30,1457.8,1458.0,1456.5,1457.9,3137,0
2026-05-05T10:50:00+05:30,1457.9,1458.0,1453.6,1453.7,12983,0
2026-05-05T10:55:00+05:30,1453.7,1456.7,1452.8,1456.7,32537,0
2026-05-05T11:00:00+05:30,1456.0,1457.1,1454.3,1457.1,4753,0
2026-05-05T11:05:00+05:30,1457.1,1457.9,1455.7,1456.8,5068,0
2026-05-05T11:10:00+05:30,1456.8,1458.8,1456.3,1458.8,8585,0
2026-05-05T11:15:00+05:30,1458.8,1464.4,1458.4,1463.3,10327,0
2026-05-05T11:20:00+05:30,1463.3,1464.0,1461.6,1462.2,16571,0
2026-05-05T11:25:00+05:30,1461.8,1462.4,1457.0,1457.7,17325,0
2026-05-05T11:30:00+05:30,1457.7,1457.7,1455.6,1456.7,5223,0
2026-05-05T11:35:00+05:30,1456.7,1458.0,1456.2,1457.2,4764,0
2026-05-05T11:40:00+05:30,1457.2,1457.2,1453.3,1454.2,10207,0
2026-05-05T11:45:00+05:30,1454.4,1454.4,1451.1,1453.0,9049,0
2026-05-05T11:50:00+05:30,1453.0,1453.1,1452.0,1452.6,4034,0
2026-05-05T11:55:00+05:30,1452.6,1452.7,1451.2,1451.9,2703,0
2026-05-05T12:00:00+05:30,1451.9,1452.3,1451.2,1451.8,2063,0
2026-05-05T12:05:00+05:30,1452.0,1453.0,1451.0,1452.9,6828,0
2026-05-05T12:10:00+05:30,1452.9,1454.6,1452.0,1454.4,4873,0
2026-05-05T12:15:00+05:30,1454.6,1454.6,1453.5,1454.4,3231,0
2026-05-05T12:20:00+05:30,1454.4,1454.5,1448.8,1450.0,14545,0
2026-05-05T12:25:00+05:30,1449.5,1450.2,1448.7,1448.7,8583,0
2026-05-05T12:30:00+05:30,1449.5,1450.6,1448.4,1449.8,7402,0
2026-05-05T12:35:00+05:30,1449.8,1453.3,1448.3,1450.0,8968,0
2026-05-05T12:40:00+05:30,1450.0,1450.8,1448.9,1449.8,5600,0
2026-05-05T12:45:00+05:30,1449.8,1450.1,1448.7,1449.5,3245,0
2026-05-05T12:50:00+05:30,1449.5,1450.1,1447.1,1448.7,8539,0
2026-05-05T12:55:00+05:30,1448.7,1450.1,1448.0,1449.5,5346,0
2026-05-05T13:00:00+05:30,1449.6,1451.0,1447.7,1448.3,10462,0
2026-05-05T13:05:00+05:30,1448.3,1450.9,1448.1,1449.8,7759,0
2026-05-05T13:10:00+05:30,1449.8,1450.0,1448.1,1448.4,7005,0
2026-05-05T13:15:00+05:30,1448.3,1451.8,1447.2,1451.6,14213,0
2026-05-05T13:20:00+05:30,1451.6,1451.8,1450.2,1450.3,6825,0
2026-05-05T13:25:00+05:30,1451.0,1451.1,1450.1,1450.2,8558,0
2026-05-05T13:30:00+05:30,1450.8,1450.9,1447.5,1448.7,7308,0
2026-05-05T13:35:00+05:30,1448.7,1452.0,1448.0,1450.3,6580,0
2026-05-05T13:40:00+05:30,1450.3,1452.0,1449.5,1451.9,5730,0
2026-05-05T13:45:00+05:30,1451.9,1453.0,1451.3,1452.0,6232,0
2026-05-05T13:50:00+05:30,1452.0,1453.7,1451.2,1452.5,9194,0
2026-05-05T13:55:00+05:30,1452.5,1452.7,1449.7,1451.0,8951,0
2026-05-05T14:00:00+05:30,1450.8,1451.2,1449.3,1449.9,4365,0
2026-05-05T14:05:00+05:30,1450.3,1450.7,1448.7,1449.4,3712,0
2026-05-05T14:10:00+05:30,1449.4,1450.6,1448.9,1450.4,7247,0
2026-05-05T14:15:00+05:30,1450.4,1452.0,1449.8,1451.9,5128,0
2026-05-05T14:20:00+05:30,1451.9,1452.7,1451.0,1452.0,5521,0
2026-05-05T14:25:00+05:30,1452.0,1454.2,1451.1,1454.2,5059,0
2026-05-05T14:30:00+05:30,1454.2,1455.0,1451.4,1451.5,7380,0
2026-05-05T14:35:00+05:30,1451.9,1452.3,1450.8,1452.3,5373,0
2026-05-05T14:40:00+05:30,1452.3,1454.0,1451.0,1452.4,5619,0
2026-05-05T14:45:00+05:30,1452.7,1453.5,1451.5,1452.3,8839,0
2026-05-05T14:50:00+05:30,1452.9,1453.0,1450.0,1451.0,6608,0
2026-05-05T14:55:00+05:30,1450.7,1451.5,1449.2,1449.8,4990,0
2026-05-05T15:00:00+05:30,1449.5,1451.9,1449.2,1451.4,15038,0
2026-05-05T15:05:00+05:30,1451.4,1453.8,1450.7,1453.0,12779,0
2026-05-05T15:10:00+05:30,1453.0,1453.7,1451.0,1453.3,13689,0
2026-05-05T15:15:00+05:30,1453.2,1453.6,1451.5,1453.0,16894,0
2026-05-05T15:20:00+05:30,1453.0,1453.2,1451.1,1451.9,16228,0
2026-05-05T15:25:00+05:30,1451.8,1454.9,1451.0,1451.2,20196,0
2026-05-06T09:15:00+05:30,1467.9,1475.7,1462.3,1472.3,54223,0
2026-05-06T09:20:00+05:30,1472.3,1479.9,1471.7,1478.5,36439,0
2026-05-06T09:25:00+05:30,1478.6,1479.0,1476.0,1478.0,18922,0
2026-05-06T09:30:00+05:30,1478.0,1480.6,1472.1,1472.1,33836,0
2026-05-06T09:35:00+05:30,1473.5,1475.8,1470.2,1471.0,15628,0
2026-05-06T09:40:00+05:30,1471.0,1471.3,1468.5,1469.0,9136,0
2026-05-06T09:45:00+05:30,1469.5,1469.9,1466.4,1468.3,12882,0
2026-05-06T09:50:00+05:30,1468.3,1469.8,1466.6,1469.0,6128,0
2026-05-06T09:55:00+05:30,1469.0,1473.3,1468.1,1471.5,14142,0
2026-05-06T10:00:00+05:30,1471.5,1472.1,1469.7,1470.9,4875,0
2026-05-06T10:05:00+05:30,1470.9,1472.5,1469.7,1472.4,5248,0
2026-05-06T10:10:00+05:30,1472.5,1474.5,1471.1,1473.6,6894,0
2026-05-06T10:15:00+05:30,1473.9,1475.0,1472.8,1472.9,8120,0
2026-05-06T10:20:00+05:30,1473.3,1474.2,1471.2,1472.2,5843,0
2026-05-06T10:25:00+05:30,1472.5,1474.0,1469.5,1470.5,8678,0
2026-05-06T10:30:00+05:30,1470.5,1470.5,1468.2,1469.0,6700,0
2026-05-06T10:35:00+05:30,1469.0,1469.1,1465.8,1468.0,9001,0
2026-05-06T10:40:00+05:30,1468.0,1469.1,1467.5,1468.9,8468,0
2026-05-06T10:45:00+05:30,1468.9,1469.8,1468.4,1469.8,2525,0
2026-05-06T10:50:00+05:30,1469.8,1470.7,1469.2,1470.3,7029,0
2026-05-06T10:55:00+05:30,1470.3,1471.7,1468.7,1469.6,11376,0
2026-05-06T11:00:00+05:30,1469.6,1470.8,1468.9,1470.0,5479,0
2026-05-06T11:05:00+05:30,1470.0,1470.8,1467.5,1468.9,7577,0
2026-05-06T11:10:00+05:30,1468.9,1469.8,1465.2,1469.0,11856,0
2026-05-06T11:15:00+05:30,1469.5,1473.4,1468.7,1472.6,7108,0
2026-05-06T11:20:00+05:30,1472.6,1473.7,1470.5,1471.4,7329,0
2026-05-06T11:25:00+05:30,1471.4,1472.0,1470.7,1471.0,3766,0
2026-05-06T11:30:00+05:30,1471.4,1471.7,1469.1,1470.2,5798,0
2026-05-06T11:35:00+05:30,1470.3,1470.7,1469.4,1470.2,2823,0
2026-05-06T11:40:00+05:30,1470.2,1471.4,1469.6,1470.2,4466,0
2026-05-06T11:45:00+05:30,1470.9,1472.6,1470.2,1472.6,3900,0
2026-05-06T11:50:00+05:30,1472.6,1472.6,1468.8,1468.8,10159,0
2026-05-06T11:55:00+05:30,1469.0,1469.2,1467.5,1467.7,6086,0
2026-05-06T12:00:00+05:30,1467.7,1468.1,1465.6,1466.3,15871,0
2026-05-06T12:05:00+05:30,1466.3,1466.3,1464.4,1465.0,10283,0
2026-05-06T12:10:00+05:30,1465.0,1465.0,1463.5,1463.9,5002,0
2026-05-06T12:15:00+05:30,1463.8,1465.2,1460.9,1465.0,13723,0
2026-05-06T12:20:00+05:30,1465.0,1465.0,1462.0,1463.7,17306,0
2026-05-06T12:25:00+05:30,1463.7,1464.3,1463.1,1464.0,2703,0
2026-05-06T12:30:00+05:30,1463.9,1464.2,1462.4,1462.9,3737,0
2026-05-06T12:35:00+05:30,1462.9,1463.5,1462.5,1463.0,1959,0
2026-05-06T12:40:00+05:30,1463.0,1463.1,1457.9,1458.5,11729,0
2026-05-06T12:45:00+05:30,1458.5,1458.8,1456.7,1457.9,8345,0
2026-05-06T12:50:00+05:30,1457.9,1458.0,1455.4,1456.4,4798,0
2026-05-06T12:55:00+05:30,1456.4,1457.3,1455.8,1456.8,3075,0
2026-05-06T13:00:00+05:30,1456.8,1457.9,1456.3,1457.2,2422,0
2026-05-06T13:05:00+05:30,1457.2,1459.6,1456.9,1459.6,3066,0
2026-05-06T13:10:00+05:30,1459.6,1459.6,1458.1,1458.8,5470,0
2026-05-06T13:15:00+05:30,1458.8,1460.0,1458.0,1460.0,3349,0
2026-05-06T13:20:00+05:30,1460.0,1460.6,1459.4,1460.0,7881,0
2026-05-06T13:25:00+05:30,1460.0,1463.2,1460.0,1462.5,22397,0
2026-05-06T13:30:00+05:30,1462.5,1462.8,1460.0,1461.2,11463,0
2026-05-06T13:35:00+05:30,1461.2,1462.5,1460.7,1462.0,2276,0
2026-05-06T13:40:00+05:30,1462.0,1462.0,1460.7,1461.6,3116,0
2026-05-06T13:45:00+05:30,1461.9,1462.3,1461.0,1461.6,5924,0
2026-05-06T13:50:00+05:30,1462.1,1462.9,1460.0,1460.3,5116,0
2026-05-06T13:55:00+05:30,1460.6,1460.6,1458.2,1459.0,7920,0
2026-05-06T14:00:00+05:30,1459.0,1459.7,1457.7,1459.6,5676,0
2026-05-06T14:05:00+05:30,1459.6,1460.9,1459.3,1459.6,8481,0
2026-05-06T14:10:00+05:30,1459.6,1460.9,1457.3,1458.5,8702,0
2026-05-06T14:15:00+05:30,1458.5,1460.9,1457.6,1460.7,3720,0
2026-05-06T14:20:00+05:30,1460.7,1465.9,1460.3,1465.5,17198,0
2026-05-06T14:25:00+05:30,1465.4,1468.0,1464.6,1467.8,12289,0
2026-05-06T14:30:00+05:30,1467.8,1468.0,1463.6,1465.0,10532,0
2026-05-06T14:35:00+05:30,1465.1,1467.1,1464.9,1466.3,7624,0
2026-05-06T14:40:00+05:30,1466.3,1467.4,1463.1,1467.4,10320,0
2026-05-06T14:45:00+05:30,1467.4,1469.6,1466.9,1467.9,12683,0
2026-05-06T14:50:00+05:30,1467.9,1468.4,1462.3,1464.4,27742,0
2026-05-06T14:55:00+05:30,1464.5,1466.5,1464.4,1465.0,7511,0
2026-05-06T15:00:00+05:30,1465.0,1467.2,1462.0,1467.2,53774,0
2026-05-06T15:05:00+05:30,1467.2,1468.4,1466.9,1468.0,28347,0
2026-05-06T15:10:00+05:30,1468.0,1468.5,1467.5,1468.1,22487,0
2026-05-06T15:15:00+05:30,1468.0,1468.9,1467.1,1468.4,28848,0
2026-05-06T15:20:00+05:30,1468.5,1469.0,1465.2,1467.4,39589,0
2026-05-06T15:25:00+05:30,1467.4,1469.0,1465.0,1467.0,29112,0
2026-05-07T09:15:00+05:30,1467.0,1475.9,1462.9,1467.1,19148,0
2026-05-07T09:20:00+05:30,1466.7,1467.2,1462.0,1463.3,11733,0
2026-05-07T09:25:00+05:30,1464.4,1465.1,1460.0,1460.1,11465,0
2026-05-07T09:30:00+05:30,1460.6,1462.0,1455.0,1455.0,12715,0
2026-05-07T09:35:00+05:30,1455.0,1459.2,1455.0,1457.5,15988,0
2026-05-07T09:40:00+05:30,1457.4,1462.7,1457.0,1461.6,13017,0
2026-05-07T09:45:00+05:30,1461.1,1462.9,1459.0,1459.0,15839,0
2026-05-07T09:50:00+05:30,1458.6,1460.1,1457.4,1459.4,10109,0
2026-05-07T09:55:00+05:30,1459.2,1465.4,1458.9,1463.0,13133,0
2026-05-07T10:00:00+05:30,1462.9,1462.9,1460.6,1460.8,8267,0
2026-05-07T10:05:00+05:30,1461.6,1462.2,1458.5,1458.5,7210,0
2026-05-07T10:10:00+05:30,1458.9,1459.8,1456.0,1456.5,10929,0
2026-05-07T10:15:00+05:30,1456.9,1458.4,1456.0,1458.4,12968,0
2026-05-07T10:20:00+05:30,1458.4,1459.6,1456.6,1458.0,11613,0
2026-05-07T10:25:00+05:30,1458.2,1458.2,1455.7,1456.0,19299,0
2026-05-07T10:30:00+05:30,1456.0,1459.5,1455.5,1459.5,24425,0
2026-05-07T10:35:00+05:30,1459.5,1459.5,1457.2,1457.4,4068,0
2026-05-07T10:40:00+05:30,1457.4,1457.9,1456.2,1456.9,3013,0
2026-05-07T10:45:00+05:30,1456.9,1457.5,1456.2,1457.3,4368,0
2026-05-07T10:50:00+05:30,1457.3,1457.8,1455.4,1457.4,6905,0
2026-05-07T10:55:00+05:30,1457.5,1457.9,1454.6,1457.7,36304,0
2026-05-07T11:00:00+05:30,1458.0,1458.8,1453.2,1454.7,9894,0
2026-05-07T11:05:00+05:30,1455.1,1455.2,1454.2,1454.5,6077,0
2026-05-07T11:10:00+05:30,1454.8,1455.2,1452.5,1453.2,6719,0
2026-05-07T11:15:00+05:30,1453.0,1453.3,1452.0,1452.7,7148,0
2026-05-07T11:20:00+05:30,1452.7,1452.8,1446.7,1447.6,22486,0
2026-05-07T11:25:00+05:30,1447.9,1448.5,1444.0,1448.5,10706,0
2026-05-07T11:30:00+05:30,1448.4,1455.1,1448.4,1454.5,15654,0
2026-05-07T11:35:00+05:30,1454.5,1454.6,1451.7,1451.7,7923,0
2026-05-07T11:40:00+05:30,1452.0,1454.3,1451.6,1453.5,10165,0
2026-05-07T11:45:00+05:30,1453.2,1454.4,1452.9,1454.3,2983,0
2026-05-07T11:50:00+05:30,1454.2,1456.5,1453.5,1455.9,12173,0
2026-05-07T11:55:00+05:30,1455.8,1457.5,1455.2,1456.8,7338,0
2026-05-07T12:00:00+05:30,1457.3,1458.9,1456.0,1456.8,13265,0
2026-05-07T12:05:00+05:30,1456.9,1458.3,1454.1,1454.9,11150,0
2026-05-07T12:10:00+05:30,1454.9,1454.9,1453.6,1454.4,4134,0
2026-05-07T12:15:00+05:30,1454.2,1455.2,1454.1,1454.9,9035,0
2026-05-07T12:20:00+05:30,1455.0,1458.3,1454.7,1458.2,52199,0
2026-05-07T12:25:00+05:30,1458.2,1458.3,1454.5,1454.9,11742,0
2026-05-07T12:30:00+05:30,1454.9,1455.0,1453.5,1455.0,7255,0
2026-05-07T12:35:00+05:30,1454.6,1460.0,1454.2,1458.8,21794,0
2026-05-07T12:40:00+05:30,1458.8,1460.0,1457.8,1458.0,21783,0
2026-05-07T12:45:00+05:30,1458.2,1458.7,1454.8,1455.0,15820,0
2026-05-07T12:50:00+05:30,1455.0,1458.0,1454.9,1456.1,9432,0
2026-05-07T12:55:00+05:30,1456.5,1457.3,1454.4,1455.0,11450,0
2026-05-07T13:00:00+05:30,1455.0,1455.1,1454.0,1455.0,4169,0
2026-05-07T13:05:00+05:30,1455.0,1455.7,1454.6,1455.0,8367,0
2026-05-07T13:10:00+05:30,1455.0,1455.1,1453.0,1454.6,4463,0
2026-05-07T13:15:00+05:30,1455.0,1455.0,1451.4,1453.9,6025,0
2026-05-07T13:20:00+05:30,1453.3,1454.4,1452.3,1453.8,4088,0
2026-05-07T13:25:00+05:30,1453.5,1454.1,1453.3,1453.5,3280,0
2026-05-07T13:30:00+05:30,1453.4,1454.0,1452.6,1453.0,5201,0
2026-05-07T13:35:00+05:30,1453.0,1453.0,1448.5,1449.5,11387,0
2026-05-07T13:40:00+05:30,1449.4,1453.5,1448.9,1453.3,9612,0
2026-05-07T13:45:00+05:30,1453.3,1455.0,1452.0,1453.8,16234,0
2026-05-07T13:50:00+05:30,1453.8,1454.0,1452.8,1453.8,4185,0
2026-05-07T13:55:00+05:30,1453.8,1453.8,1451.8,1452.4,3626,0
2026-05-07T14:00:00+05:30,1452.4,1452.5,1450.1,1450.7,5820,0
2026-05-07T14:05:00+05:30,1451.0,1452.8,1450.1,1452.4,14370,0
2026-05-07T14:10:00+05:30,1452.4,1452.4,1449.7,1452.1,7586,0
2026-05-07T14:15:00+05:30,1451.6,1452.1,1450.7,1450.8,6852,0
2026-05-07T14:20:00+05:30,1450.6,1452.0,1450.1,1450.1,10824,0
2026-05-07T14:25:00+05:30,1450.2,1451.0,1449.2,1450.5,11559,0
2026-05-07T14:30:00+05:30,1450.6,1453.0,1450.2,1452.0,14670,0
2026-05-07T14:35:00+05:30,1452.0,1452.7,1450.5,1450.5,5640,0
2026-05-07T14:40:00+05:30,1450.5,1451.8,1449.1,1449.4,9618,0
2026-05-07T14:45:00+05:30,1449.1,1450.1,1448.0,1449.3,24067,0
2026-05-07T14:50:00+05:30,1449.3,1450.7,1448.6,1448.6,14591,0
2026-05-07T14:55:00+05:30,1448.9,1449.6,1448.0,1448.7,14390,0
2026-05-07T15:00:00+05:30,1448.7,1450.1,1447.0,1448.3,71293,0
2026-05-07T15:05:00+05:30,1448.2,1448.4,1444.8,1444.9,61520,0
2026-05-07T15:10:00+05:30,1444.9,1448.7,1444.7,1448.3,62970,0
2026-05-07T15:15:00+05:30,1448.2,1449.9,1448.2,1449.8,48455,0
2026-05-07T15:20:00+05:30,1449.9,1450.2,1449.8,1449.8,55391,0
2026-05-07T15:25:00+05:30,1449.9,1455.0,1447.2,1450.0,44448,0
2026-05-08T09:15:00+05:30,1453.5,1467.1,1448.4,1464.9,70405,0
2026-05-08T09:20:00+05:30,1464.6,1468.8,1458.6,1460.8,55202,0
2026-05-08T09:25:00+05:30,1461.1,1468.8,1459.7,1463.4,96348,0
2026-05-08T09:30:00+05:30,1463.8,1463.9,1456.1,1459.3,24640,0
2026-05-08T09:35:00+05:30,1459.4,1461.6,1458.0,1460.2,16718,0
2026-05-08T09:40:00+05:30,1460.6,1463.9,1458.5,1459.0,10469,0
2026-05-08T09:45:00+05:30,1459.0,1460.0,1456.8,1459.7,11283,0
2026-05-08T09:50:00+05:30,1459.9,1462.0,1459.0,1462.0,7011,0
2026-05-08T09:55:00+05:30,1462.0,1463.7,1460.1,1463.0,8828,0
2026-05-08T10:00:00+05:30,1463.4,1464.5,1461.2,1462.1,6241,0
2026-05-08T10:05:00+05:30,1461.8,1464.0,1461.4,1463.3,7407,0
2026-05-08T10:10:00+05:30,1463.3,1466.9,1461.7,1466.5,17514,0
2026-05-08T10:15:00+05:30,1466.5,1469.8,1465.8,1467.0,35784,0
2026-05-08T10:20:00+05:30,1467.0,1468.6,1463.8,1464.7,81090,0
2026-05-08T10:25:00+05:30,1464.7,1466.0,1462.7,1464.0,25856,0
2026-05-08T10:30:00+05:30,1463.8,1465.5,1461.9,1463.0,52773,0
2026-05-08T10:35:00+05:30,1463.0,1464.1,1461.7,1463.7,12999,0
2026-05-08T10:40:00+05:30,1463.7,1465.0,1461.3,1464.1,22420,0
2026-05-08T10:45:00+05:30,1464.0,1464.0,1462.0,1463.3,17354,0
2026-05-08T10:50:00+05:30,1463.6,1467.5,1463.1,1464.8,52009,0
2026-05-08T10:55:00+05:30,1464.8,1465.9,1464.6,1464.8,7987,0
2026-05-08T11:00:00+05:30,1465.0,1465.1,1462.8,1463.5,8011,0
2026-05-08T11:05:00+05:30,1463.5,1464.8,1462.9,1463.1,4970,0
2026-05-08T11:10:00+05:30,1463.1,1463.4,1461.3,1463.0,7621,0
2026-05-08T11:15:00+05:30,1463.0,1463.0,1460.2,1460.9,5720,0
2026-05-08T11:20:00+05:30,1460.9,1461.5,1456.6,1457.5,10559,0
2026-05-08T11:25:00+05:30,1457.5,1460.8,1457.2,1459.1,7177,0
2026-05-08T11:30:00+05:30,1459.4,1460.0,1458.1,1459.5,5139,0
2026-05-08T11:35:00+05:30,1459.5,1461.0,1459.2,1459.8,4887,0
2026-05-08T11:40:00+05:30,1459.8,1461.5,1459.2,1459.5,5081,0
2026-05-08T11:45:00+05:30,1459.6,1460.0,1458.6,1458.6,3950,0
2026-05-08T11:50:00+05:30,1458.7,1459.2,1456.2,1456.2,5904,0
2026-05-08T11:55:00+05:30,1456.3,1457.4,1455.8,1456.0,4599,0
2026-05-08T12:00:00+05:30,1456.4,1457.4,1456.0,1456.7,3644,0
2026-05-08T12:05:00+05:30,1457.2,1457.7,1456.5,1456.6,3791,0
2026-05-08T12:10:00+05:30,1456.9,1458.5,1456.6,1457.8,4458,0
2026-05-08T12:15:00+05:30,1458.2,1458.8,1457.5,1458.3,3263,0
2026-05-08T12:20:00+05:30,1458.8,1459.1,1455.2,1456.6,5129,0
2026-05-08T12:25:00+05:30,1457.1,1461.6,1456.9,1460.8,5632,0
2026-05-08T12:30:00+05:30,1461.3,1462.8,1460.3,1460.9,5584,0
2026-05-08T12:35:00+05:30,1461.0,1463.0,1459.5,1461.4,3876,0
2026-05-08T12:40:00+05:30,1461.5,1463.2,1459.2,1460.3,5086,0
2026-05-08T12:45:00+05:30,1460.3,1460.9,1459.3,1460.7,3457,0
2026-05-08T12:50:00+05:30,1460.1,1462.8,1459.9,1462.2,9408,0
2026-05-08T12:55:00+05:30,1462.7,1464.7,1462.3,1463.9,5318,0
2026-05-08T13:00:00+05:30,1464.2,1464.7,1463.0,1463.2,3609,0
2026-05-08T13:05:00+05:30,1463.5,1464.2,1462.0,1462.8,5397,0
2026-05-08T13:10:00+05:30,1463.3,1464.1,1463.0,1463.5,6369,0
2026-05-08T13:15:00+05:30,1463.5,1464.0,1463.2,1463.2,3923,0
2026-05-08T13:20:00+05:30,1463.4,1464.0,1462.5,1463.5,5148,0
2026-05-08T13:25:00+05:30,1463.4,1466.0,1463.3,1465.3,19026,0
2026-05-08T13:30:00+05:30,1465.8,1465.8,1463.5,1464.0,8449,0
2026-05-08T13:35:00+05:30,1464.3,1464.9,1462.3,1463.2,4631,0
2026-05-08T13:40:00+05:30,1463.5,1464.2,1462.1,1462.4,4568,0
2026-05-08T13:45:00+05:30,1462.9,1464.4,1462.5,1463.6,6767,0
2026-05-08T13:50:00+05:30,1463.6,1464.2,1462.7,1463.7,3190,0
2026-05-08T13:55:00+05:30,1464.1,1464.3,1461.8,1461.9,7897,0
2026-05-08T14:00:00+05:30,1462.3,1464.3,1461.9,1463.7,4313,0
2026-05-08T14:05:00+05:30,1463.7,1466.0,1463.6,1465.1,11803,0
2026-05-08T14:10:00+05:30,1465.5,1465.9,1464.3,1465.5,15972,0
2026-05-08T14:15:00+05:30,1465.5,1465.5,1464.4,1464.8,4188,0
2026-05-08T14:20:00+05:30,1465.0,1465.0,1464.4,1464.6,7771,0
2026-05-08T14:25:00+05:30,1464.8,1467.4,1464.8,1466.4,17982,0
2026-05-08T14:30:00+05:30,1466.9,1468.7,1465.4,1468.6,22060,0
2026-05-08T14:35:00+05:30,1468.6,1469.8,1467.3,1468.2,31532,0
2026-05-08T14:40:00+05:30,1468.3,1469.5,1467.1,1468.2,23416,0
2026-05-08T14:45:00+05:30,1468.5,1469.0,1465.0,1466.1,45081,0
2026-05-08T14:50:00+05:30,1466.1,1466.8,1465.4,1466.1,20116,0
2026-05-08T14:55:00+05:30,1466.2,1466.9,1463.6,1464.5,28966,0
2026-05-08T15:00:00+05:30,1464.9,1464.9,1462.5,1463.6,35402,0
2026-05-08T15:05:00+05:30,1463.5,1465.7,1461.7,1465.7,42055,0
2026-05-08T15:10:00+05:30,1465.7,1465.7,1463.5,1464.1,70616,0
2026-05-08T15:15:00+05:30,1464.5,1464.9,1462.9,1463.6,25528,0
2026-05-08T15:20:00+05:30,1463.4,1463.5,1459.9,1461.0,62441,0
2026-05-08T15:25:00+05:30,1461.0,1462.0,1458.4,1460.9,37188,0
2026-05-11T09:15:00+05:30,1460.0,1464.4,1452.0,1464.3,52460,0
2026-05-11T09:20:00+05:30,1464.3,1464.8,1457.1,1459.9,16694,0
2026-05-11T09:25:00+05:30,1460.5,1460.6,1456.8,1457.9,20328,0
2026-05-11T09:30:00+05:30,1457.9,1461.9,1457.1,1460.0,63475,0
2026-05-11T09:35:00+05:30,1460.1,1460.1,1456.2,1457.1,7801,0
2026-05-11T09:40:00+05:30,1457.5,1458.9,1456.0,1456.5,6186,0
2026-05-11T09:45:00+05:30,1456.4,1458.3,1455.1,1458.0,8710,0
2026-05-11T09:50:00+05:30,1458.0,1459.5,1456.4,1459.3,2986,0
2026-05-11T09:55:00+05:30,1458.9,1459.4,1456.3,1457.2,3474,0
2026-05-11T10:00:00+05:30,1457.2,1458.2,1455.6,1456.7,4378,0
2026-05-11T10:05:00+05:30,1456.8,1459.0,1456.0,1457.3,2482,0
2026-05-11T10:10:00+05:30,1457.8,1458.1,1456.2,1456.4,2327,0
2026-05-11T10:15:00+05:30,1456.4,1457.1,1454.0,1455.6,5004,0
2026-05-11T10:20:00+05:30,1455.6,1457.2,1451.8,1451.8,6761,0
2026-05-11T10:25:00+05:30,1452.3,1458.8,1451.8,1458.0,14606,0
2026-05-11T10:30:00+05:30,1457.9,1462.0,1457.3,1459.8,34604,0
2026-05-11T10:35:00+05:30,1459.8,1463.0,1459.7,1461.5,41953,0
2026-05-11T10:40:00+05:30,1462.6,1462.6,1459.7,1460.9,6552,0
2026-05-11T10:45:00+05:30,1461.1,1462.5,1460.0,1460.6,6628,0
2026-05-11T10:50:00+05:30,1460.6,1461.8,1459.0,1461.2,8399,0
2026-05-11T10:55:00+05:30,1461.3,1463.5,1459.7,1461.6,12705,0
2026-05-11T11:00:00+05:30,1461.5,1463.9,1460.9,1463.0,10397,0
2026-05-11T11:05:00+05:30,1463.0,1466.1,1461.8,1462.7,31645,0
2026-05-11T11:10:00+05:30,1462.7,1463.4,1461.1,1461.8,9260,0
2026-05-11T11:15:00+05:30,1461.9,1462.2,1456.5,1457.7,10030,0
2026-05-11T11:20:00+05:30,1457.3,1457.9,1456.5,1457.0,5749,0
2026-05-11T11:25:00+05:30,1457.0,1457.8,1455.5,1456.8,6678,0
2026-05-11T11:30:00+05:30,1457.0,1457.0,1455.0,1456.3,9093,0
2026-05-11T11:35:00+05:30,1456.9,1467.2,1455.7,1467.2,69893,0
2026-05-11T11:40:00+05:30,1467.1,1469.2,1464.0,1468.7,95408,0
2026-05-11T11:45:00+05:30,1468.7,1469.0,1465.3,1466.3,9415,0
2026-05-11T11:50:00+05:30,1466.7,1469.8,1466.6,1469.6,9265,0
2026-05-11T11:55:00+05:30,1469.6,1470.0,1468.8,1469.9,10756,0
2026-05-11T12:00:00+05:30,1470.0,1471.0,1467.9,1469.9,14633,0
2026-05-11T12:05:00+05:30,1469.9,1475.4,1469.4,1470.0,124426,0
2026-05-11T12:10:00+05:30,1470.0,1470.0,1467.3,1467.3,10750,0
2026-05-11T12:15:00+05:30,1467.4,1468.0,1465.0,1465.5,9443,0
2026-05-11T12:20:00+05:30,1465.6,1467.6,1465.0,1466.6,6973,0
2026-05-11T12:25:00+05:30,1466.6,1467.5,1466.3,1466.8,4832,0
2026-05-11T12:30:00+05:30,1466.8,1469.0,1466.7,1467.5,5156,0
2026-05-11T12:35:00+05:30,1467.5,1467.7,1464.7,1465.2,19189,0
2026-05-11T12:40:00+05:30,1465.2,1467.6,1465.0,1467.3,9204,0
2026-05-11T12:45:00+05:30,1467.4,1467.6,1466.5,1466.9,8681,0
2026-05-11T12:50:00+05:30,1466.8,1468.0,1466.7,1467.9,9013,0
2026-05-11T12:55:00+05:30,1467.7,1468.0,1466.4,1467.1,9003,0
2026-05-11T13:00:00+05:30,1467.0,1467.9,1465.4,1466.2,9440,0
2026-05-11T13:05:00+05:30,1466.1,1467.5,1465.6,1466.9,10395,0
2026-05-11T13:10:00+05:30,1466.9,1467.5,1465.2,1466.4,8876,0
2026-05-11T13:15:00+05:30,1466.2,1466.9,1465.0,1466.0,9662,0
2026-05-11T13:20:00+05:30,1466.0,1467.9,1465.9,1467.1,8822,0
2026-05-11T13:25:00+05:30,1467.7,1467.7,1466.1,1467.6,10301,0
2026-05-11T13:30:00+05:30,1467.6,1468.0,1466.0,1466.8,15565,0
2026-05-11T13:35:00+05:30,1466.8,1469.1,1466.4,1466.9,10653,0
2026-05-11T13:40:00+05:30,1467.0,1467.8,1465.8,1466.1,8709,0
2026-05-11T13:45:00+05:30,1466.1,1467.0,1465.5,1466.2,8895,0
2026-05-11T13:50:00+05:30,1466.2,1467.2,1465.0,1466.7,9381,0
2026-05-11T13:55:00+05:30,1466.7,1467.5,1465.5,1466.5,11431,0
2026-05-11T14:00:00+05:30,1466.5,1467.5,1465.1,1465.9,11338,0
2026-05-11T14:05:00+05:30,1465.8,1467.5,1465.5,1466.2,9438,0
2026-05-11T14:10:00+05:30,1466.1,1467.5,1465.1,1465.8,10676,0
2026-05-11T14:15:00+05:30,1465.8,1466.8,1465.0,1465.0,9650,0
2026-05-11T14:20:00+05:30,1465.2,1467.4,1464.8,1465.4,11717,0
2026-05-11T14:25:00+05:30,1465.4,1465.8,1462.5,1462.5,47125,0
2026-05-11T14:30:00+05:30,1462.7,1465.0,1462.4,1464.0,17171,0
2026-05-11T14:35:00+05:30,1464.6,1465.0,1462.3,1462.7,11308,0
2026-05-11T14:40:00+05:30,1462.7,1463.8,1459.3,1461.7,14694,0
2026-05-11T14:45:00+05:30,1461.7,1462.5,1460.0,1460.6,18174,0
2026-05-11T14:50:00+05:30,1460.6,1462.2,1460.5,1460.9,11184,0
2026-05-11T14:55:00+05:30,1461.1,1461.7,1458.6,1459.9,13147,0
2026-05-11T15:00:00+05:30,1460.0,1460.0,1456.5,1457.2,38613,0
2026-05-11T15:05:00+05:30,1457.4,1458.0,1456.0,1457.5,20253,0
2026-05-11T15:10:00+05:30,1457.5,1458.6,1457.3,1457.7,31394,0
2026-05-11T15:15:00+05:30,1457.7,1460.0,1457.1,1457.5,34480,0
2026-05-11T15:20:00+05:30,1457.5,1457.9,1455.0,1456.0,38868,0
2026-05-11T15:25:00+05:30,1456.0,1457.9,1453.0,1457.2,37353,0
2026-05-12T09:15:00+05:30,1447.0,1447.0,1418.0,1420.3,67034,0
2026-05-12T09:20:00+05:30,1421.4,1421.4,1413.8,1418.0,51405,0
2026-05-12T09:25:00+05:30,1418.4,1418.9,1415.0,1417.4,23714,0
2026-05-12T09:30:00+05:30,1417.4,1418.1,1413.1,1416.9,25994,0
2026-05-12T09:35:00+05:30,1416.9,1418.2,1413.7,1414.5,18182,0
2026-05-12T09:40:00+05:30,1414.5,1417.0,1414.2,1415.4,11751,0
2026-05-12T09:45:00+05:30,1415.4,1415.5,1410.0,1411.5,34809,0
2026-05-12T09:50:00+05:30,1412.0,1422.0,1410.6,1419.9,39984,0
2026-05-12T09:55:00+05:30,1420.5,1420.5,1413.4,1417.5,14080,0
2026-05-12T10:00:00+05:30,1418.2,1418.9,1413.5,1413.5,10284,0
2026-05-12T10:05:00+05:30,1414.0,1417.1,1413.3,1417.0,9805,0
2026-05-12T10:10:00+05:30,1417.0,1420.5,1415.5,1416.7,15560,0
2026-05-12T10:15:00+05:30,1416.7,1418.7,1415.0,1418.4,6797,0
2026-05-12T10:20:00+05:30,1418.5,1419.5,1415.0,1415.4,12490,0
2026-05-12T10:25:00+05:30,1415.8,1416.1,1411.4,1412.4,17201,0
2026-05-12T10:30:00+05:30,1412.1,1412.4,1409.2,1409.6,19801,0
2026-05-12T10:35:00+05:30,1409.9,1412.8,1408.8,1410.6,16151,0
2026-05-12T10:40:00+05:30,1410.7,1412.4,1410.1,1411.2,7481,0
2026-05-12T10:45:00+05:30,1411.4,1411.5,1406.1,1406.6,16825,0
2026-05-12T10:50:00+05:30,1406.7,1407.7,1405.4,1405.8,9791,0
2026-05-12T10:55:00+05:30,1405.9,1406.8,1405.7,1406.5,10535,0
2026-05-12T11:00:00+05:30,1406.5,1407.8,1403.8,1407.0,15703,0
2026-05-12T11:05:00+05:30,1407.0,1408.0,1405.5,1406.1,9361,0
2026-05-12T11:10:00+05:30,1406.3,1406.8,1404.0,1405.1,8096,0
2026-05-12T11:15:00+05:30,1405.2,1406.7,1404.9,1405.4,8487,0
2026-05-12T11:20:00+05:30,1405.4,1405.4,1402.2,1403.8,13766,0
2026-05-12T11:25:00+05:30,1404.3,1404.5,1400.8,1401.4,15158,0
2026-05-12T11:30:00+05:30,1401.9,1403.5,1400.9,1403.0,11453,0
2026-05-12T11:35:00+05:30,1403.0,1407.6,1402.8,1406.0,16565,0
2026-05-12T11:40:00+05:30,1406.4,1406.4,1404.0,1404.4,10433,0
2026-05-12T11:45:00+05:30,1404.4,1405.0,1402.8,1404.7,10606,0
2026-05-12T11:50:00+05:30,1404.7,1405.0,1403.2,1403.7,9402,0
2026-05-12T11:55:00+05:30,1404.3,1409.8,1403.8,1408.7,13996,0
2026-05-12T12:00:00+05:30,1409.0,1413.9,1404.1,1405.5,32369,0
2026-05-12T12:05:00+05:30,1405.6,1405.9,1402.5,1402.6,6256,0
2026-05-12T12:10:00+05:30,1402.7,1403.8,1400.6,1400.7,10090,0
2026-05-12T12:15:00+05:30,1401.0,1404.0,1400.7,1401.4,10156,0
2026-05-12T12:20:00+05:30,1401.4,1403.7,1400.0,1403.1,14282,0
2026-05-12T12:25:00+05:30,1403.1,1404.0,1402.3,1403.6,8244,0
2026-05-12T12:30:00+05:30,1403.7,1405.7,1401.8,1404.0,7623,0
2026-05-12T12:35:00+05:30,1404.0,1404.9,1402.4,1403.2,6726,0
2026-05-12T12:40:00+05:30,1403.6,1406.4,1403.0,1405.6,8653,0
2026-05-12T12:45:00+05:30,1405.6,1407.0,1404.0,1406.7,8315,0
2026-05-12T12:50:00+05:30,1406.7,1406.9,1404.9,1405.1,6642,0
2026-05-12T12:55:00+05:30,1405.5,1407.0,1404.4,1404.9,5856,0
2026-05-12T13:00:00+05:30,1404.9,1406.0,1403.2,1404.9,6251,0
2026-05-12T13:05:00+05:30,1404.9,1405.4,1404.0,1404.1,4951,0
2026-05-12T13:10:00+05:30,1404.5,1407.0,1404.0,1407.0,4943,0
2026-05-12T13:15:00+05:30,1406.8,1407.5,1400.6,1401.2,51821,0
2026-05-12T13:20:00+05:30,1401.4,1401.6,1400.0,1400.3,12004,0
2026-05-12T13:25:00+05:30,1400.5,1401.8,1400.0,1401.1,5992,0
2026-05-12T13:30:00+05:30,1401.3,1402.0,1398.5,1398.5,6433,0
2026-05-12T13:35:00+05:30,1398.9,1399.1,1396.0,1398.0,18817,0
2026-05-12T13:40:00+05:30,1398.2,1399.4,1397.2,1398.3,8471,0
2026-05-12T13:45:00+05:30,1398.4,1398.6,1396.4,1398.2,6090,0
2026-05-12T13:50:00+05:30,1398.0,1398.9,1397.1,1398.3,6897,0
2026-05-12T13:55:00+05:30,1398.4,1398.7,1396.6,1397.1,6313,0
2026-05-12T14:00:00+05:30,1397.1,1398.4,1396.5,1396.7,5295,0
2026-05-12T14:05:00+05:30,1396.8,1398.2,1395.5,1396.0,10377,0
2026-05-12T14:10:00+05:30,1396.1,1398.0,1395.2,1396.6,8862,0
2026-05-12T14:15:00+05:30,1396.5,1398.0,1395.7,1397.6,5916,0
2026-05-12T14:20:00+05:30,1397.6,1399.5,1396.4,1398.9,11120,0
2026-05-12T14:25:00+05:30,1399.0,1399.1,1396.8,1398.4,7670,0
2026-05-12T14:30:00+05:30,1398.4,1398.4,1395.1,1395.2,16068,0
2026-05-12T14:35:00+05:30,1395.2,1397.9,1395.1,1396.8,10724,0
2026-05-12T14:40:00+05:30,1396.9,1397.5,1395.5,1396.4,10400,0
2026-05-12T14:45:00+05:30,1396.5,1398.2,1396.0,1396.9,17984,0
2026-05-12T14:50:00+05:30,1397.0,1397.8,1395.1,1397.3,15487,0
2026-05-12T14:55:00+05:30,1397.7,1397.7,1393.9,1395.1,42661,0
2026-05-12T15:00:00+05:30,1394.9,1398.8,1394.2,1395.3,68403,0
2026-05-12T15:05:00+05:30,1395.0,1395.8,1391.3,1392.5,77767,0
2026-05-12T15:10:00+05:30,1392.5,1394.3,1390.3,1391.2,65234,0
2026-05-12T15:15:00+05:30,1391.2,1393.3,1388.9,1391.0,87218,0
2026-05-12T15:20:00+05:30,1390.9,1393.6,1389.9,1393.3,83716,0
2026-05-12T15:25:00+05:30,1393.6,1396.6,1392.9,1396.0,80690,0
2026-05-13T09:15:00+05:30,1392.9,1399.9,1386.0,1391.6,44453,0
2026-05-13T09:20:00+05:30,1391.6,1394.6,1388.0,1392.9,17879,0
2026-05-13T09:25:00+05:30,1393.1,1398.0,1390.2,1391.1,17481,0
2026-05-13T09:30:00+05:30,1391.3,1392.8,1388.1,1388.5,13152,0
2026-05-13T09:35:00+05:30,1388.9,1389.9,1385.4,1386.7,18859,0
2026-05-13T09:40:00+05:30,1386.5,1386.9,1381.5,1384.7,22219,0
2026-05-13T09:45:00+05:30,1384.8,1386.1,1381.4,1381.4,39331,0
2026-05-13T09:50:00+05:30,1381.4,1385.0,1379.9,1380.5,153516,0
2026-05-13T09:55:00+05:30,1381.3,1383.7,1371.6,1378.5,151954,0
2026-05-13T10:00:00+05:30,1378.4,1381.6,1374.9,1381.3,24403,0
2026-05-13T10:05:00+05:30,1381.3,1385.4,1381.3,1383.8,13536,0
2026-05-13T10:10:00+05:30,1383.7,1384.8,1381.8,1384.2,9940,0
2026-05-13T10:15:00+05:30,1384.2,1385.6,1383.2,1385.0,16391,0
2026-05-13T10:20:00+05:30,1385.0,1389.4,1384.2,1387.6,90805,0
2026-05-13T10:25:00+05:30,1387.6,1389.4,1387.5,1388.1,9680,0
2026-05-13T10:30:00+05:30,1388.5,1388.5,1385.0,1388.1,11455,0
2026-05-13T10:35:00+05:30,1388.2,1388.2,1382.4,1382.7,17160,0
2026-05-13T10:40:00+05:30,1383.1,1386.8,1382.4,1386.1,10073,0
2026-05-13T10:45:00+05:30,1386.2,1388.3,1385.8,1387.2,5893,0
2026-05-13T10:50:00+05:30,1387.3,1387.9,1386.4,1386.5,6530,0
2026-05-13T10:55:00+05:30,1386.5,1386.6,1377.1,1377.7,20956,0
2026-05-13T11:00:00+05:30,1377.7,1380.0,1377.5,1378.7,7907,0
2026-05-13T11:05:00+05:30,1379.1,1381.2,1378.0,1378.8,17266,0
2026-05-13T11:10:00+05:30,1378.8,1385.0,1378.6,1383.1,52342,0
2026-05-13T11:15:00+05:30,1383.4,1386.0,1383.3,1383.8,83762,0
2026-05-13T11:20:00+05:30,1383.8,1386.0,1382.5,1384.5,8280,0
2026-05-13T11:25:00+05:30,1384.5,1385.0,1382.1,1385.0,17863,0
2026-05-13T11:30:00+05:30,1385.0,1389.4,1384.5,1388.7,34551,0
2026-05-13T11:35:00+05:30,1388.7,1393.0,1388.7,1390.8,23689,0
2026-05-13T11:40:00+05:30,1390.7,1392.0,1390.0,1390.8,6294,0
2026-05-13T11:45:00+05:30,1391.1,1391.3,1384.3,1384.8,18268,0
2026-05-13T11:50:00+05:30,1385.0,1385.8,1383.3,1384.1,8986,0
2026-05-13T11:55:00+05:30,1384.6,1385.0,1382.2,1382.6,13298,0
2026-05-13T12:00:00+05:30,1382.5,1384.2,1382.0,1383.7,7225,0
2026-05-13T12:05:00+05:30,1384.1,1384.4,1381.8,1382.5,8243,0
2026-05-13T12:10:00+05:30,1382.6,1387.6,1381.0,1386.8,21051,0
2026-05-13T12:15:00+05:30,1386.5,1388.1,1384.4,1385.7,24499,0
2026-05-13T12:20:00+05:30,1386.1,1388.6,1383.5,1384.0,22417,0
2026-05-13T12:25:00+05:30,1384.6,1385.2,1380.0,1380.0,23361,0
2026-05-13T12:30:00+05:30,1380.2,1382.9,1379.5,1381.5,21090,0
2026-05-13T12:35:00+05:30,1381.0,1384.5,1379.0,1382.8,32188,0
2026-05-13T12:40:00+05:30,1383.6,1383.6,1379.2,1379.8,18417,0
2026-05-13T12:45:00+05:30,1380.1,1381.5,1378.5,1380.0,15486,0
2026-05-13T12:50:00+05:30,1380.4,1382.7,1379.0,1382.4,51555,0
2026-05-13T12:55:00+05:30,1382.4,1385.5,1381.7,1384.8,17410,0
2026-05-13T13:00:00+05:30,1384.8,1385.1,1379.6,1380.4,46480,0
2026-05-13T13:05:00+05:30,1380.4,1381.7,1378.1,1379.4,16284,0
2026-05-13T13:10:00+05:30,1379.7,1381.1,1379.2,1379.7,12463,0
2026-05-13T13:15:00+05:30,1379.7,1381.5,1378.2,1379.6,16297,0
2026-05-13T13:20:00+05:30,1379.6,1380.5,1377.6,1378.4,18259,0
2026-05-13T13:25:00+05:30,1378.5,1378.6,1376.2,1376.6,28776,0
2026-05-13T13:30:00+05:30,1376.2,1379.9,1376.1,1379.4,26173,0
2026-05-13T13:35:00+05:30,1379.4,1380.6,1377.8,1379.2,21251,0
2026-05-13T13:40:00+05:30,1379.3,1380.4,1378.0,1378.6,11658,0
2026-05-13T13:45:00+05:30,1378.6,1379.5,1377.4,1377.7,18879,0
2026-05-13T13:50:00+05:30,1377.7,1378.0,1376.5,1377.0,14991,0
2026-05-13T13:55:00+05:30,1377.0,1378.9,1375.6,1378.6,18473,0
2026-05-13T14:00:00+05:30,1378.6,1380.0,1377.5,1378.4,13368,0
2026-05-13T14:05:00+05:30,1378.4,1379.7,1377.9,1378.9,17665,0
2026-05-13T14:10:00+05:30,1379.5,1380.8,1378.4,1379.6,15758,0
2026-05-13T14:15:00+05:30,1379.8,1380.1,1377.0,1377.5,13330,0
2026-05-13T14:20:00+05:30,1377.5,1379.9,1376.0,1379.6,19447,0
2026-05-13T14:25:00+05:30,1379.6,1380.6,1377.3,1378.0,17974,0
2026-05-13T14:30:00+05:30,1378.1,1379.4,1376.0,1376.2,24649,0
2026-05-13T14:35:00+05:30,1376.2,1378.1,1375.3,1376.2,30767,0
2026-05-13T14:40:00+05:30,1376.2,1378.4,1375.0,1377.0,69484,0
2026-05-13T14:45:00+05:30,1377.0,1378.6,1375.8,1376.4,51256,0
2026-05-13T14:50:00+05:30,1376.8,1377.8,1375.7,1376.7,25454,0
2026-05-13T14:55:00+05:30,1376.3,1378.0,1375.8,1376.8,19252,0
2026-05-13T15:00:00+05:30,1376.9,1377.4,1373.0,1376.1,49818,0
2026-05-13T15:05:00+05:30,1376.1,1376.5,1374.2,1376.0,33610,0
2026-05-13T15:10:00+05:30,1375.9,1376.4,1374.5,1375.0,32251,0
2026-05-13T15:15:00+05:30,1374.9,1375.5,1374.0,1374.8,38071,0
2026-05-13T15:20:00+05:30,1374.8,1376.1,1373.7,1374.2,69506,0
2026-05-13T15:25:00+05:30,1374.2,1377.1,1373.5,1375.0,75330,0
2026-05-14T09:15:00+05:30,1370.0,1374.0,1345.2,1364.3,125775,0
2026-05-14T09:20:00+05:30,1364.3,1365.0,1359.6,1363.8,25915,0
2026-05-14T09:25:00+05:30,1363.8,1365.7,1361.1,1365.0,22364,0
2026-05-14T09:30:00+05:30,1365.0,1365.6,1358.2,1358.2,25734,0
2026-05-14T09:35:00+05:30,1358.2,1359.2,1352.2,1353.4,21575,0
2026-05-14T09:40:00+05:30,1353.5,1358.2,1352.1,1357.0,14290,0
2026-05-14T09:45:00+05:30,1356.8,1358.1,1352.3,1353.3,12896,0
2026-05-14T09:50:00+05:30,1353.5,1353.5,1350.9,1351.5,12996,0
2026-05-14T09:55:00+05:30,1351.5,1352.1,1341.8,1344.2,49514,0
2026-05-14T10:00:00+05:30,1345.0,1354.8,1343.8,1351.7,30034,0
2026-05-14T10:05:00+05:30,1351.7,1352.1,1348.3,1350.7,11553,0
2026-05-14T10:10:00+05:30,1350.8,1352.0,1345.9,1348.0,11900,0
2026-05-14T10:15:00+05:30,1348.0,1350.0,1343.5,1345.8,19116,0
2026-05-14T10:20:00+05:30,1346.3,1348.4,1344.0,1345.3,38018,0
2026-05-14T10:25:00+05:30,1345.8,1348.7,1345.3,1346.5,11112,0
2026-05-14T10:30:00+05:30,1346.8,1347.9,1344.0,1345.1,24015,0
2026-05-14T10:35:00+05:30,1345.7,1347.6,1344.7,1345.3,14595,0
2026-05-14T10:40:00+05:30,1345.8,1346.0,1342.0,1343.6,25758,0
2026-05-14T10:45:00+05:30,1343.6,1344.3,1339.2,1339.9,31952,0
2026-05-14T10:50:00+05:30,1340.0,1341.0,1339.4,1340.2,12609,0
2026-05-14T10:55:00+05:30,1340.4,1340.4,1335.1,1335.6,32108,0
2026-05-14T11:00:00+05:30,1336.1,1336.5,1333.1,1333.7,18290,0
2026-05-14T11:05:00+05:30,1334.1,1334.1,1332.0,1333.6,12072,0
2026-05-14T11:10:00+05:30,1333.2,1335.9,1331.8,1334.7,17541,0
2026-05-14T11:15:00+05:30,1335.0,1337.7,1334.1,1337.6,15488,0
2026-05-14T11:20:00+05:30,1337.7,1338.7,1336.3,1337.9,17591,0
2026-05-14T11:25:00+05:30,1337.9,1339.4,1334.3,1335.4,25445,0
2026-05-14T11:30:00+05:30,1335.4,1335.7,1333.4,1334.1,11604,0
2026-05-14T11:35:00+05:30,1334.3,1334.8,1332.5,1333.3,11917,0
2026-05-14T11:40:00+05:30,1333.8,1335.7,1332.0,1335.5,14095,0
2026-05-14T11:45:00+05:30,1335.7,1337.8,1334.4,1337.1,15932,0
2026-05-14T11:50:00+05:30,1337.2,1337.2,1334.9,1336.0,12241,0
2026-05-14T11:55:00+05:30,1336.3,1337.0,1333.2,1333.4,19106,0
2026-05-14T12:00:00+05:30,1333.9,1334.2,1329.5,1330.2,33574,0
2026-05-14T12:05:00+05:30,1330.7,1331.7,1329.6,1330.4,18243,0
2026-05-14T12:10:00+05:30,1330.0,1332.6,1328.6,1332.4,20560,0
2026-05-14T12:15:00+05:30,1332.6,1334.9,1331.3,1332.1,16944,0
2026-05-14T12:20:00+05:30,1332.2,1333.0,1330.3,1332.2,15828,0
2026-05-14T12:25:00+05:30,1332.2,1332.4,1329.5,1330.0,34347,0
2026-05-14T12:30:00+05:30,1330.1,1330.8,1328.7,1330.0,13725,0
2026-05-14T12:35:00+05:30,1330.2,1330.5,1327.3,1328.9,22488,0
2026-05-14T12:40:00+05:30,1329.1,1331.0,1328.4,1330.8,16933,0
2026-05-14T12:45:00+05:30,1330.5,1331.9,1329.8,1331.4,24160,0
2026-05-14T12:50:00+05:30,1331.5,1333.1,1330.3,1330.7,19265,0
2026-05-14T12:55:00+05:30,1330.7,1332.0,1328.4,1329.5,24165,0
2026-05-14T13:00:00+05:30,1330.2,1335.4,1329.6,1335.0,17676,0
2026-05-14T13:05:00+05:30,1335.4,1336.8,1334.9,1335.6,21183,0
2026-05-14T13:10:00+05:30,1335.5,1338.3,1334.6,1336.6,21115,0
2026-05-14T13:15:00+05:30,1336.7,1340.8,1336.4,1339.3,32749,0
2026-05-14T13:20:00+05:30,1339.6,1345.0,1338.3,1338.5,97017,0
2026-05-14T13:25:00+05:30,1338.8,1341.1,1337.1,1337.4,26022,0
2026-05-14T13:30:00+05:30,1337.4,1340.0,1337.1,1338.8,13238,0
2026-05-14T13:35:00+05:30,1338.8,1339.8,1337.9,1338.6,10659,0
2026-05-14T13:40:00+05:30,1339.0,1342.0,1338.2,1341.4,18894,0
2026-05-14T13:45:00+05:30,1341.9,1343.3,1340.7,1341.3,32856,0
2026-05-14T13:50:00+05:30,1341.6,1344.1,1341.1,1343.7,19973,0
2026-05-14T13:55:00+05:30,1343.7,1351.1,1343.6,1349.6,91372,0
2026-05-14T14:00:00+05:30,1349.8,1355.0,1349.6,1353.3,66840,0
2026-05-14T14:05:00+05:30,1353.7,1354.1,1352.1,1353.2,26034,0
2026-05-14T14:10:00+05:30,1353.4,1356.0,1352.9,1354.0,217734,0
2026-05-14T14:15:00+05:30,1354.6,1356.6,1351.1,1352.0,24074,0
2026-05-14T14:20:00+05:30,1352.0,1352.7,1350.1,1351.1,43244,0
2026-05-14T14:25:00+05:30,1351.3,1351.7,1349.9,1350.6,11877,0
2026-05-14T14:30:00+05:30,1350.6,1355.1,1350.5,1352.8,32759,0
2026-05-14T14:35:00+05:30,1352.8,1353.8,1351.2,1351.5,14112,0
2026-05-14T14:40:00+05:30,1351.9,1352.2,1350.5,1351.2,14433,0
2026-05-14T14:45:00+05:30,1351.3,1351.9,1347.5,1347.9,23428,0
2026-05-14T14:50:00+05:30,1347.9,1351.0,1347.9,1349.1,25991,0
2026-05-14T14:55:00+05:30,1349.1,1349.9,1347.0,1347.8,16081,0
2026-05-14T15:00:00+05:30,1348.0,1350.0,1346.5,1347.8,35417,0
2026-05-14T15:05:00+05:30,1348.2,1349.4,1345.7,1347.6,38384,0
2026-05-14T15:10:00+05:30,1347.7,1347.7,1342.1,1343.1,42403,0
2026-05-14T15:15:00+05:30,1343.1,1345.5,1341.2,1342.0,109268,0
2026-05-14T15:20:00+05:30,1342.0,1342.6,1339.1,1340.8,96145,0
2026-05-14T15:25:00+05:30,1340.5,1345.1,1340.1,1343.0,61684,0
2026-05-15T09:15:00+05:30,1350.0,1372.7,1350.0,1371.8,89302,0
2026-05-15T09:20:00+05:30,1372.2,1378.7,1368.3,1378.7,82340,0
2026-05-15T09:25:00+05:30,1378.4,1387.7,1377.4,1386.3,160087,0
2026-05-15T09:30:00+05:30,1386.4,1386.9,1373.0,1375.9,85666,0
2026-05-15T09:35:00+05:30,1376.0,1383.3,1374.3,1378.6,61966,0
2026-05-15T09:40:00+05:30,1379.2,1379.7,1376.0,1378.0,24340,0
2026-05-15T09:45:00+05:30,1377.9,1385.0,1376.7,1382.3,33260,0
2026-05-15T09:50:00+05:30,1382.0,1384.4,1381.5,1383.0,25430,0
2026-05-15T09:55:00+05:30,1383.2,1384.9,1381.3,1381.3,17917,0
2026-05-15T10:00:00+05:30,1381.8,1383.6,1378.3,1379.1,65230,0
2026-05-15T10:05:00+05:30,1379.3,1381.6,1374.2,1374.2,33677,0
2026-05-15T10:10:00+05:30,1374.0,1377.9,1373.7,1377.6,17724,0
2026-05-15T10:15:00+05:30,1377.8,1380.0,1373.3,1374.6,19490,0
2026-05-15T10:20:00+05:30,1374.9,1375.0,1370.8,1373.6,26012,0
2026-05-15T10:25:00+05:30,1373.4,1373.6,1370.7,1371.4,14796,0
2026-05-15T10:30:00+05:30,1371.1,1371.5,1368.7,1370.7,19351,0
2026-05-15T10:35:00+05:30,1371.2,1371.5,1369.1,1370.9,10902,0
2026-05-15T10:40:00+05:30,1371.0,1374.0,1370.6,1373.4,19031,0
2026-05-15T10:45:00+05:30,1373.4,1376.9,1373.0,1375.8,49039,0
2026-05-15T10:50:00+05:30,1375.9,1375.9,1373.0,1374.7,9572,0
2026-05-15T10:55:00+05:30,1374.7,1375.0,1370.6,1371.3,27581,0
2026-05-15T11:00:00+05:30,1371.4,1371.5,1369.3,1370.4,11791,0
2026-05-15T11:05:00+05:30,1370.4,1370.9,1366.5,1368.5,25771,0
2026-05-15T11:10:00+05:30,1368.5,1368.5,1362.8,1363.1,59444,0
2026-05-15T11:15:00+05:30,1363.5,1366.3,1363.1,1366.0,8928,0
2026-05-15T11:20:00+05:30,1365.9,1366.1,1363.1,1364.2,8903,0
2026-05-15T11:25:00+05:30,1364.2,1365.5,1363.2,1364.9,18302,0
2026-05-15T11:30:00+05:30,1364.9,1365.2,1362.0,1364.5,12002,0
2026-05-15T11:35:00+05:30,1364.3,1365.0,1363.3,1364.6,5735,0
2026-05-15T11:40:00+05:30,1364.6,1366.3,1363.6,1366.0,14706,0
2026-05-15T11:45:00+05:30,1365.8,1368.4,1365.6,1367.7,9698,0
2026-05-15T11:50:00+05:30,1367.9,1368.0,1366.0,1366.4,7516,0
2026-05-15T11:55:00+05:30,1366.3,1367.7,1365.3,1367.2,6425,0
2026-05-15T12:00:00+05:30,1367.2,1369.8,1366.1,1368.7,7223,0
2026-05-15T12:05:00+05:30,1368.9,1371.3,1366.7,1367.4,22846,0
2026-05-15T12:10:00+05:30,1367.7,1368.5,1367.0,1367.6,3488,0
2026-05-15T12:15:00+05:30,1368.3,1368.7,1366.0,1367.6,9115,0
2026-05-15T12:20:00+05:30,1367.6,1367.6,1365.1,1366.4,5828,0
2026-05-15T12:25:00+05:30,1366.6,1366.7,1365.6,1366.0,4216,0
2026-05-15T12:30:00+05:30,1366.1,1372.6,1365.5,1372.6,13553,0
2026-05-15T12:35:00+05:30,1372.2,1376.0,1371.7,1375.6,33473,0
2026-05-15T12:40:00+05:30,1375.8,1378.9,1375.5,1378.3,34906,0
2026-05-15T12:45:00+05:30,1378.4,1380.1,1377.0,1378.4,100178,0
2026-05-15T12:50:00+05:30,1378.5,1381.7,1378.4,1380.6,49169,0
2026-05-15T12:55:00+05:30,1380.6,1381.8,1380.6,1381.3,24412,0
2026-05-15T13:00:00+05:30,1381.4,1381.4,1377.7,1378.3,31861,0
2026-05-15T13:05:00+05:30,1378.3,1381.9,1378.3,1381.5,109860,0
2026-05-15T13:10:00+05:30,1381.5,1384.8,1381.5,1383.5,54007,0
2026-05-15T13:15:00+05:30,1383.5,1384.7,1381.8,1384.2,20500,0
2026-05-15T13:20:00+05:30,1384.2,1384.4,1382.3,1383.5,19909,0
2026-05-15T13:25:00+05:30,1383.8,1384.5,1383.0,1384.0,13601,0
2026-05-15T13:30:00+05:30,1384.0,1384.2,1381.6,1381.6,27469,0
2026-05-15T13:35:00+05:30,1382.2,1383.6,1381.5,1382.6,16276,0
2026-05-15T13:40:00+05:30,1382.6,1384.6,1382.4,1383.2,15263,0
2026-05-15T13:45:00+05:30,1383.5,1383.9,1380.0,1380.8,27896,0
2026-05-15T13:50:00+05:30,1380.9,1381.9,1378.9,1381.8,14580,0
2026-05-15T13:55:00+05:30,1381.8,1382.6,1376.7,1378.0,34734,0
2026-05-15T14:00:00+05:30,1378.3,1378.7,1375.0,1375.4,24469,0
2026-05-15T14:05:00+05:30,1375.4,1376.5,1374.0,1375.8,41176,0
2026-05-15T14:10:00+05:30,1375.9,1377.0,1374.2,1375.0,11201,0
2026-05-15T14:15:00+05:30,1375.3,1375.6,1374.1,1375.3,17714,0
2026-05-15T14:20:00+05:30,1375.3,1375.5,1371.5,1373.3,40069,0
2026-05-15T14:25:00+05:30,1373.1,1373.4,1369.1,1370.7,75955,0
2026-05-15T14:30:00+05:30,1370.9,1371.9,1368.4,1371.9,48211,0
2026-05-15T14:35:00+05:30,1371.9,1372.2,1369.8,1371.9,36360,0
2026-05-15T14:40:00+05:30,1372.0,1372.6,1371.9,1372.3,68019,0
2026-05-15T14:45:00+05:30,1371.9,1373.1,1365.2,1365.2,164163,0
2026-05-15T14:50:00+05:30,1365.2,1366.3,1364.3,1364.8,80590,0
2026-05-15T14:55:00+05:30,1365.2,1369.6,1364.4,1368.9,48603,0
2026-05-15T15:00:00+05:30,1369.1,1371.0,1364.6,1369.4,647102,0
2026-05-15T15:05:00+05:30,1369.7,1372.2,1369.5,1370.7,389071,0
2026-05-15T15:10:00+05:30,1370.7,1372.5,1370.4,1372.2,396820,0
2026-05-15T15:15:00+05:30,1372.5,1373.0,1367.1,1368.0,411240,0
2026-05-15T15:20:00+05:30,1368.1,1372.9,1367.0,1371.5,654259,0
2026-05-15T15:25:00+05:30,1371.5,1376.2,1367.5,1367.5,370869,0
2026-05-18T09:15:00+05:30,1363.7,1384.3,1363.7,1380.4,57555,0
2026-05-18T09:20:00+05:30,1381.0,1382.0,1376.2,1379.3,44934,0
2026-05-18T09:25:00+05:30,1379.3,1380.5,1374.7,1374.7,32761,0
2026-05-18T09:30:00+05:30,1374.7,1377.9,1372.0,1372.8,20494,0
2026-05-18T09:35:00+05:30,1372.7,1373.5,1371.1,1372.8,14980,0
2026-05-18T09:40:00+05:30,1372.5,1378.5,1369.0,1373.8,1415105,0
2026-05-18T09:45:00+05:30,1373.2,1376.1,1371.1,1373.2,38622,0
2026-05-18T09:50:00+05:30,1373.0,1373.6,1369.4,1370.0,25613,0
2026-05-18T09:55:00+05:30,1370.1,1373.7,1369.7,1373.7,12929,0
2026-05-18T10:00:00+05:30,1373.7,1376.8,1373.7,1375.6,40701,0
2026-05-18T10:05:00+05:30,1375.9,1376.3,1372.9,1373.7,12568,0
2026-05-18T10:10:00+05:30,1374.2,1374.2,1372.6,1373.1,13576,0
2026-05-18T10:15:00+05:30,1373.1,1385.5,1372.8,1385.5,1114551,0
2026-05-18T10:20:00+05:30,1385.5,1385.5,1377.0,1378.2,28167,0
2026-05-18T10:25:00+05:30,1378.2,1380.0,1376.6,1377.6,12435,0
2026-05-18T10:30:00+05:30,1377.6,1381.9,1377.5,1381.3,13919,0
2026-05-18T10:35:00+05:30,1381.3,1392.0,1379.3,1391.0,70566,0
2026-05-18T10:40:00+05:30,1391.2,1393.5,1389.0,1389.8,44160,0
2026-05-18T10:45:00+05:30,1390.3,1393.5,1387.5,1393.3,28240,0
2026-05-18T10:50:00+05:30,1393.3,1403.5,1393.0,1401.0,154273,0
2026-05-18T10:55:00+05:30,1401.2,1402.9,1400.0,1401.9,37315,0
2026-05-18T11:00:00+05:30,1402.0,1405.2,1400.0,1400.3,55216,0
2026-05-18T11:05:00+05:30,1400.7,1402.1,1400.0,1400.0,21818,0
2026-05-18T11:10:00+05:30,1400.2,1402.9,1400.0,1402.4,24621,0
2026-05-18T11:15:00+05:30,1402.4,1407.5,1401.1,1405.7,84668,0
2026-05-18T11:20:00+05:30,1405.7,1407.4,1403.9,1406.9,42556,0
2026-05-18T11:25:00+05:30,1407.0,1415.9,1407.0,1415.7,122259,0
2026-05-18T11:30:00+05:30,1415.4,1419.0,1412.1,1415.2,131547,0
2026-05-18T11:35:00+05:30,1415.2,1415.7,1412.1,1414.7,42470,0
2026-05-18T11:40:00+05:30,1414.9,1414.9,1411.0,1412.1,40573,0
2026-05-18T11:45:00+05:30,1411.9,1414.5,1408.7,1411.6,47352,0
2026-05-18T11:50:00+05:30,1411.6,1413.5,1408.9,1411.7,148442,0
2026-05-18T11:55:00+05:30,1412.2,1412.2,1410.2,1410.3,23881,0
2026-05-18T12:00:00+05:30,1410.3,1416.4,1410.2,1415.6,52437,0
2026-05-18T12:05:00+05:30,1415.9,1418.0,1412.6,1414.9,96656,0
2026-05-18T12:10:00+05:30,1414.6,1419.8,1412.7,1419.0,86268,0
2026-05-18T12:15:00+05:30,1419.0,1421.0,1417.2,1420.2,127485,0
2026-05-18T12:20:00+05:30,1420.5,1426.0,1420.5,1425.7,106460,0
2026-05-18T12:25:00+05:30,1425.7,1427.9,1423.9,1427.1,66694,0
2026-05-18T12:30:00+05:30,1426.8,1431.2,1426.8,1428.6,71248,0
2026-05-18T12:35:00+05:30,1428.0,1428.9,1423.5,1428.4,56818,0
2026-05-18T12:40:00+05:30,1428.2,1428.9,1425.3,1425.6,26769,0
2026-05-18T12:45:00+05:30,1425.6,1427.3,1425.0,1425.8,39277,0
2026-05-18T12:50:00+05:30,1425.4,1427.5,1425.1,1426.6,17774,0
2026-05-18T12:55:00+05:30,1426.8,1428.0,1426.1,1427.0,25473,0
2026-05-18T13:00:00+05:30,1427.2,1429.2,1426.9,1429.0,24710,0
2026-05-18T13:05:00+05:30,1429.0,1429.0,1425.0,1425.4,24360,0
2026-05-18T13:10:00+05:30,1425.4,1428.7,1425.0,1427.9,31761,0
2026-05-18T13:15:00+05:30,1428.4,1429.0,1426.6,1427.9,22487,0
2026-05-18T13:20:00+05:30,1427.7,1428.4,1426.4,1426.9,13022,0
2026-05-18T13:25:00+05:30,1426.5,1429.0,1426.4,1427.0,23970,0
2026-05-18T13:30:00+05:30,1427.5,1427.8,1425.2,1426.4,17676,0
2026-05-18T13:35:00+05:30,1426.2,1427.5,1425.8,1427.1,13161,0
2026-05-18T13:40:00+05:30,1427.1,1427.1,1423.2,1425.0,47551,0
2026-05-18T13:45:00+05:30,1425.3,1427.2,1422.7,1425.8,77805,0
2026-05-18T13:50:00+05:30,1425.8,1426.8,1425.4,1425.6,15476,0
2026-05-18T13:55:00+05:30,1425.6,1428.7,1425.5,1426.8,39173,0
2026-05-18T14:00:00+05:30,1426.9,1428.0,1426.4,1427.3,13091,0
2026-05-18T14:05:00+05:30,1427.1,1427.3,1425.0,1426.3,22083,0
2026-05-18T14:10:00+05:30,1426.3,1428.5,1424.9,1427.8,41229,0
2026-05-18T14:15:00+05:30,1427.8,1427.8,1426.0,1427.2,16209,0
2026-05-18T14:20:00+05:30,1427.1,1428.0,1426.0,1426.0,34466,0
2026-05-18T14:25:00+05:30,1425.7,1428.0,1425.0,1427.4,43399,0
2026-05-18T14:30:00+05:30,1427.4,1428.4,1426.5,1426.5,33004,0
2026-05-18T14:35:00+05:30,1427.1,1427.1,1425.3,1426.3,32775,0
2026-05-18T14:40:00+05:30,1426.3,1426.6,1425.1,1426.0,48865,0
2026-05-18T14:45:00+05:30,1426.1,1426.9,1424.5,1426.6,52988,0
2026-05-18T14:50:00+05:30,1426.6,1426.6,1424.0,1425.5,136780,0
2026-05-18T14:55:00+05:30,1425.4,1426.2,1424.8,1425.2,49155,0
2026-05-18T15:00:00+05:30,1425.2,1431.9,1425.2,1428.2,129623,0
2026-05-18T15:05:00+05:30,1428.2,1429.5,1427.0,1427.9,63611,0
2026-05-18T15:10:00+05:30,1427.8,1430.0,1427.0,1427.6,100354,0
2026-05-18T15:15:00+05:30,1427.6,1431.0,1427.6,1430.7,100536,0
2026-05-18T15:20:00+05:30,1430.7,1434.3,1430.4,1434.1,85769,0
2026-05-18T15:25:00+05:30,1434.1,1437.7,1433.2,1437.0,55526,0
2026-05-19T09:15:00+05:30,1446.3,1474.0,1445.6,1473.0,348818,0
2026-05-19T09:20:00+05:30,1473.0,1483.6,1472.1,1481.4,463803,0
2026-05-19T09:25:00+05:30,1481.4,1483.9,1475.8,1483.3,333909,0
2026-05-19T09:30:00+05:30,1483.3,1486.5,1482.0,1483.1,110803,0
2026-05-19T09:35:00+05:30,1483.2,1484.9,1480.0,1481.0,84858,0
2026-05-19T09:40:00+05:30,1481.2,1487.0,1480.0,1485.5,146748,0
2026-05-19T09:45:00+05:30,1486.1,1490.2,1482.1,1485.4,123861,0
2026-05-19T09:50:00+05:30,1485.4,1485.4,1483.0,1484.0,38827,0
2026-05-19T09:55:00+05:30,1484.0,1488.0,1483.2,1486.9,66722,0
2026-05-19T10:00:00+05:30,1486.8,1488.4,1478.5,1483.5,266626,0
2026-05-19T10:05:00+05:30,1484.1,1488.0,1482.4,1486.4,119748,0
2026-05-19T10:10:00+05:30,1487.1,1490.8,1486.4,1487.8,91284,0
2026-05-19T10:15:00+05:30,1487.8,1488.6,1485.0,1486.0,33716,0
2026-05-19T10:20:00+05:30,1486.1,1488.0,1485.0,1485.3,28644,0
2026-05-19T10:25:00+05:30,1485.3,1485.9,1481.1,1482.3,81002,0
2026-05-19T10:30:00+05:30,1482.6,1487.0,1481.6,1485.1,566429,0
2026-05-19T10:35:00+05:30,1485.1,1494.6,1484.9,1491.8,180335,0
2026-05-19T10:40:00+05:30,1492.4,1501.0,1490.7,1500.9,206720,0
2026-05-19T10:45:00+05:30,1500.9,1505.1,1497.0,1497.4,213384,0
2026-05-19T10:50:00+05:30,1497.4,1497.5,1492.7,1494.3,75351,0
2026-05-19T10:55:00+05:30,1494.8,1498.9,1493.5,1496.0,54424,0
2026-05-19T11:00:00+05:30,1496.6,1503.2,1495.9,1502.0,79705,0
2026-05-19T11:05:00+05:30,1502.1,1503.9,1500.0,1502.5,95591,0
2026-05-19T11:10:00+05:30,1502.6,1506.0,1501.5,1504.3,116664,0
2026-05-19T11:15:00+05:30,1504.2,1506.8,1502.9,1504.6,141009,0
2026-05-19T11:20:00+05:30,1504.8,1505.2,1502.5,1504.1,58960,0
2026-05-19T11:25:00+05:30,1504.2,1504.5,1500.0,1502.7,68835,0
2026-05-19T11:30:00+05:30,1502.7,1504.0,1488.8,1489.8,163675,0
2026-05-19T11:35:00+05:30,1489.7,1494.0,1487.7,1493.1,82878,0
2026-05-19T11:40:00+05:30,1493.0,1494.0,1489.2,1490.3,74106,0
2026-05-19T11:45:00+05:30,1490.7,1491.7,1485.2,1486.1,51280,0
2026-05-19T11:50:00+05:30,1486.1,1486.2,1484.1,1484.8,38777,0
2026-05-19T11:55:00+05:30,1485.1,1486.5,1479.9,1480.2,78114,0
2026-05-19T12:00:00+05:30,1480.3,1482.0,1479.9,1481.7,75318,0
2026-05-19T12:05:00+05:30,1481.7,1481.9,1480.0,1480.3,41223,0
2026-05-19T12:10:00+05:30,1480.3,1481.2,1479.0,1480.0,62319,0
2026-05-19T12:15:00+05:30,1480.1,1481.6,1478.7,1480.4,100569,0
2026-05-19T12:20:00+05:30,1480.9,1481.9,1476.0,1480.6,143552,0
2026-05-19T12:25:00+05:30,1480.6,1482.3,1480.0,1480.1,38335,0
2026-05-19T12:30:00+05:30,1480.7,1482.2,1478.2,1481.2,87775,0
2026-05-19T12:35:00+05:30,1481.4,1482.9,1478.6,1482.6,41521,0
2026-05-19T12:40:00+05:30,1482.6,1483.5,1480.5,1483.5,17895,0
2026-05-19T12:45:00+05:30,1483.5,1483.5,1480.2,1481.6,26821,0
2026-05-19T12:50:00+05:30,1481.8,1481.8,1477.0,1477.6,34657,0
2026-05-19T12:55:00+05:30,1477.8,1479.3,1477.0,1478.0,22932,0
2026-05-19T13:00:00+05:30,1478.5,1480.1,1477.6,1479.3,22084,0
2026-05-19T13:05:00+05:30,1479.8,1480.1,1477.5,1479.9,19425,0
2026-05-19T13:10:00+05:30,1479.9,1480.5,1478.2,1479.7,16685,0
2026-05-19T13:15:00+05:30,1479.9,1480.6,1479.0,1479.7,13561,0
2026-05-19T13:20:00+05:30,1479.7,1481.1,1479.1,1480.6,20608,0
2026-05-19T13:25:00+05:30,1481.0,1481.0,1479.6,1480.0,20021,0
2026-05-19T13:30:00+05:30,1480.3,1481.0,1477.0,1478.0,93165,0
2026-05-19T13:35:00+05:30,1478.0,1480.2,1475.3,1478.2,141461,0
2026-05-19T13:40:00+05:30,1478.8,1478.9,1475.0,1476.5,31938,0
2026-05-19T13:45:00+05:30,1476.7,1478.5,1475.3,1477.4,23579,0
2026-05-19T13:50:00+05:30,1477.8,1478.0,1476.3,1476.7,21508,0
2026-05-19T13:55:00+05:30,1477.2,1477.2,1474.1,1475.0,38525,0
2026-05-19T14:00:00+05:30,1475.0,1478.2,1474.2,1476.8,58173,0
2026-05-19T14:05:00+05:30,1477.0,1478.6,1476.7,1478.3,18419,0
2026-05-19T14:10:00+05:30,1478.0,1478.4,1476.6,1476.9,16915,0
2026-05-19T14:15:00+05:30,1477.3,1478.1,1474.4,1474.4,27290,0
2026-05-19T14:20:00+05:30,1474.4,1475.4,1472.4,1474.1,27326,0
2026-05-19T14:25:00+05:30,1474.1,1474.2,1471.5,1471.9,33731,0
2026-05-19T14:30:00+05:30,1472.0,1474.3,1471.9,1472.8,30030,0
2026-05-19T14:35:00+05:30,1472.8,1472.9,1471.0,1472.5,18977,0
2026-05-19T14:40:00+05:30,1472.5,1475.0,1470.1,1471.7,56237,0
2026-05-19T14:45:00+05:30,1471.7,1471.7,1466.6,1468.5,54616,0
2026-05-19T14:50:00+05:30,1468.7,1470.9,1468.6,1470.7,36272,0
2026-05-19T14:55:00+05:30,1470.7,1471.3,1469.0,1469.9,22841,0
2026-05-19T15:00:00+05:30,1470.0,1470.4,1467.7,1468.9,49259,0
2026-05-19T15:05:00+05:30,1469.0,1469.8,1468.6,1469.6,41873,0
2026-05-19T15:10:00+05:30,1469.7,1471.0,1468.3,1470.2,67296,0
2026-05-19T15:15:00+05:30,1470.5,1470.5,1467.2,1467.8,64395,0
2026-05-19T15:20:00+05:30,1467.8,1468.3,1463.2,1464.8,144305,0
2026-05-19T15:25:00+05:30,1464.8,1467.0,1461.2,1467.0,73868,0
2026-05-20T09:15:00+05:30,1453.6,1465.0,1443.6,1464.9,175533,0
2026-05-20T09:20:00+05:30,1464.3,1468.3,1460.1,1467.3,77464,0
2026-05-20T09:25:00+05:30,1467.9,1470.0,1466.0,1467.6,64983,0
2026-05-20T09:30:00+05:30,1467.5,1470.0,1467.0,1469.7,34076,0
2026-05-20T09:35:00+05:30,1469.7,1472.9,1469.0,1472.1,47434,0
2026-05-20T09:40:00+05:30,1472.9,1474.2,1466.6,1474.2,59002,0
2026-05-20T09:45:00+05:30,1473.5,1475.0,1473.5,1474.4,43506,0
2026-05-20T09:50:00+05:30,1474.4,1476.5,1473.0,1476.1,50095,0
2026-05-20T09:55:00+05:30,1476.0,1476.2,1469.1,1470.1,51178,0
2026-05-20T10:00:00+05:30,1470.1,1473.2,1467.3,1468.7,38166,0
2026-05-20T10:05:00+05:30,1468.7,1471.3,1465.6,1470.5,43088,0
2026-05-20T10:10:00+05:30,1470.5,1471.0,1467.5,1468.6,15290,0
2026-05-20T10:15:00+05:30,1468.6,1471.1,1464.1,1465.2,38052,0
2026-05-20T10:20:00+05:30,1465.0,1466.4,1461.0,1463.9,57843,0
2026-05-20T10:25:00+05:30,1464.5,1467.1,1462.8,1466.5,24651,0
2026-05-20T10:30:00+05:30,1467.1,1469.0,1465.6,1468.6,35238,0
2026-05-20T10:35:00+05:30,1468.3,1468.9,1463.5,1467.0,32390,0
2026-05-20T10:40:00+05:30,1467.0,1467.3,1464.6,1464.9,17455,0
2026-05-20T10:45:00+05:30,1465.0,1466.0,1463.6,1465.4,19292,0
2026-05-20T10:50:00+05:30,1466.0,1466.4,1463.0,1464.3,17052,0
2026-05-20T10:55:00+05:30,1464.7,1467.6,1463.0,1464.8,51886,0
2026-05-20T11:00:00+05:30,1465.0,1465.6,1463.0,1464.4,16874,0
2026-05-20T11:05:00+05:30,1464.0,1465.0,1463.0,1464.1,13497,0
2026-05-20T11:10:00+05:30,1464.2,1464.8,1462.9,1463.3,12349,0
2026-05-20T11:15:00+05:30,1463.4,1465.0,1461.3,1464.6,22122,0
2026-05-20T11:20:00+05:30,1464.9,1465.8,1462.1,1462.3,17248,0
2026-05-20T11:25:00+05:30,1462.4,1463.1,1460.1,1461.7,18252,0
2026-05-20T11:30:00+05:30,1461.4,1461.7,1457.6,1459.9,25274,0
2026-05-20T11:35:00+05:30,1459.3,1459.9,1458.1,1458.8,21875,0
2026-05-20T11:40:00+05:30,1458.4,1459.5,1457.0,1458.2,45379,0
2026-05-20T11:45:00+05:30,1458.2,1463.4,1458.2,1463.3,24752,0
2026-05-20T11:50:00+05:30,1463.3,1463.3,1461.1,1461.1,19444,0
2026-05-20T11:55:00+05:30,1461.3,1461.8,1458.1,1460.1,33114,0
2026-05-20T12:00:00+05:30,1460.3,1461.0,1457.5,1458.8,16010,0
2026-05-20T12:05:00+05:30,1459.3,1461.0,1457.4,1458.7,26593,0
2026-05-20T12:10:00+05:30,1458.6,1459.1,1457.1,1457.6,12753,0
2026-05-20T12:15:00+05:30,1458.0,1459.4,1457.1,1457.8,14178,0
2026-05-20T12:20:00+05:30,1457.8,1458.7,1457.3,1458.1,10048,0
2026-05-20T12:25:00+05:30,1458.2,1458.8,1457.0,1457.0,11180,0
2026-05-20T12:30:00+05:30,1457.4,1458.4,1455.0,1455.0,11915,0
2026-05-20T12:35:00+05:30,1455.6,1456.4,1448.6,1450.0,32612,0
2026-05-20T12:40:00+05:30,1450.0,1450.0,1447.2,1447.8,16415,0
2026-05-20T12:45:00+05:30,1448.0,1448.6,1447.1,1447.7,10213,0
2026-05-20T12:50:00+05:30,1447.7,1448.4,1447.0,1448.2,9992,0
2026-05-20T12:55:00+05:30,1448.2,1448.7,1446.7,1448.5,14169,0
2026-05-20T13:00:00+05:30,1448.5,1448.5,1445.4,1446.1,11963,0
2026-05-20T13:05:00+05:30,1446.9,1447.2,1442.0,1442.4,25012,0
2026-05-20T13:10:00+05:30,1442.5,1444.6,1442.5,1443.6,15092,0
2026-05-20T13:15:00+05:30,1443.6,1444.9,1440.8,1444.3,24995,0
2026-05-20T13:20:00+05:30,1443.8,1445.1,1442.1,1444.7,8058,0
2026-05-20T13:25:00+05:30,1444.7,1446.0,1443.5,1444.2,10833,0
2026-05-20T13:30:00+05:30,1444.3,1446.4,1443.2,1444.0,11288,0
2026-05-20T13:35:00+05:30,1444.5,1445.0,1442.2,1442.3,5691,0
2026-05-20T13:40:00+05:30,1442.9,1444.2,1440.2,1442.4,22074,0
2026-05-20T13:45:00+05:30,1442.4,1443.7,1439.6,1440.0,21624,0
2026-05-20T13:50:00+05:30,1440.0,1440.7,1437.3,1439.6,15817,0
2026-05-20T13:55:00+05:30,1440.0,1441.7,1439.5,1440.6,9028,0
2026-05-20T14:00:00+05:30,1440.6,1441.6,1438.6,1439.5,14804,0
2026-05-20T14:05:00+05:30,1439.5,1442.2,1439.2,1441.8,6183,0
2026-05-20T14:10:00+05:30,1441.8,1443.0,1440.7,1441.0,9790,0
2026-05-20T14:15:00+05:30,1441.0,1442.0,1436.9,1439.7,89222,0
2026-05-20T14:20:00+05:30,1440.3,1443.0,1439.7,1442.9,10056,0
2026-05-20T14:25:00+05:30,1442.9,1443.0,1442.0,1442.7,7686,0
2026-05-20T14:30:00+05:30,1443.0,1443.0,1439.4,1439.7,9227,0
2026-05-20T14:35:00+05:30,1440.4,1441.9,1438.2,1440.7,14786,0
2026-05-20T14:40:00+05:30,1440.9,1442.0,1439.0,1441.4,7081,0
2026-05-20T14:45:00+05:30,1441.4,1442.5,1440.7,1441.8,9576,0
2026-05-20T14:50:00+05:30,1441.8,1442.8,1441.0,1442.4,10777,0
2026-05-20T14:55:00+05:30,1442.8,1443.0,1440.6,1441.7,61976,0
2026-05-20T15:00:00+05:30,1441.7,1441.8,1439.1,1440.4,24422,0
2026-05-20T15:05:00+05:30,1440.8,1443.9,1440.2,1442.8,30983,0
2026-05-20T15:10:00+05:30,1442.7,1443.8,1440.8,1441.1,36934,0
2026-05-20T15:15:00+05:30,1441.1,1442.1,1438.9,1439.2,58128,0
2026-05-20T15:20:00+05:30,1439.6,1439.6,1434.7,1438.0,137030,0
2026-05-20T15:25:00+05:30,1437.3,1442.0,1437.3,1439.0,40714,0
2026-05-21T09:15:00+05:30,1445.1,1450.0,1442.2,1443.7,49527,0
2026-05-21T09:20:00+05:30,1443.9,1445.9,1440.9,1443.5,18506,0
2026-05-21T09:25:00+05:30,1443.7,1444.1,1440.1,1441.3,17004,0
2026-05-21T09:30:00+05:30,1441.3,1443.2,1440.0,1440.2,9926,0
2026-05-21T09:35:00+05:30,1440.2,1444.0,1438.8,1442.0,13329,0
2026-05-21T09:40:00+05:30,1442.3,1442.9,1439.1,1441.8,12274,0
2026-05-21T09:45:00+05:30,1441.7,1443.5,1440.6,1442.8,11740,0
2026-05-21T09:50:00+05:30,1442.5,1446.0,1441.8,1443.9,13241,0
2026-05-21T09:55:00+05:30,1443.9,1443.9,1440.6,1441.1,6226,0
2026-05-21T10:00:00+05:30,1440.7,1442.4,1440.1,1441.1,9252,0
2026-05-21T10:05:00+05:30,1441.4,1442.1,1437.4,1437.4,14842,0
2026-05-21T10:10:00+05:30,1438.0,1439.4,1437.1,1437.5,13767,0
2026-05-21T10:15:00+05:30,1437.5,1438.2,1436.2,1436.5,6921,0
2026-05-21T10:20:00+05:30,1436.5,1440.5,1436.2,1437.8,10955,0
2026-05-21T10:25:00+05:30,1437.8,1438.0,1435.2,1436.2,9719,0
2026-05-21T10:30:00+05:30,1436.2,1436.4,1429.2,1431.0,32260,0
2026-05-21T10:35:00+05:30,1431.2,1431.2,1424.2,1425.4,31663,0
2026-05-21T10:40:00+05:30,1426.0,1426.6,1424.0,1425.8,21658,0
2026-05-21T10:45:00+05:30,1426.3,1430.0,1426.0,1429.3,13997,0
2026-05-21T10:50:00+05:30,1429.3,1432.9,1428.2,1432.7,8561,0
2026-05-21T10:55:00+05:30,1432.7,1432.9,1428.6,1429.4,7994,0
2026-05-21T11:00:00+05:30,1430.0,1432.5,1429.2,1432.3,8993,0
2026-05-21T11:05:00+05:30,1432.3,1433.7,1431.4,1433.1,10507,0
2026-05-21T11:10:00+05:30,1433.0,1433.5,1430.1,1430.8,8318,0
2026-05-21T11:15:00+05:30,1431.1,1432.4,1429.4,1432.3,13302,0
2026-05-21T11:20:00+05:30,1432.3,1433.0,1430.8,1431.6,4152,0
2026-05-21T11:25:00+05:30,1431.9,1432.0,1428.6,1429.5,5710,0
2026-05-21T11:30:00+05:30,1429.5,1429.5,1428.3,1428.4,4042,0
2026-05-21T11:35:00+05:30,1428.5,1428.5,1425.0,1427.0,25149,0
2026-05-21T11:40:00+05:30,1427.0,1427.0,1423.8,1424.7,18823,0
2026-05-21T11:45:00+05:30,1424.7,1425.0,1422.0,1423.8,14362,0
2026-05-21T11:50:00+05:30,1423.8,1424.2,1421.1,1422.8,12479,0
2026-05-21T11:55:00+05:30,1422.8,1425.1,1422.1,1424.8,4526,0
2026-05-21T12:00:00+05:30,1424.7,1426.9,1424.3,1425.1,8369,0
2026-05-21T12:05:00+05:30,1425.8,1426.9,1424.3,1426.1,7076,0
2026-05-21T12:10:00+05:30,1426.3,1426.9,1423.4,1423.5,5199,0
2026-05-21T12:15:00+05:30,1423.7,1424.1,1422.8,1424.1,3936,0
2026-05-21T12:20:00+05:30,1424.1,1424.7,1422.6,1423.8,4120,0
2026-05-21T12:25:00+05:30,1423.8,1425.0,1422.2,1422.3,10897,0
2026-05-21T12:30:00+05:30,1423.1,1423.7,1420.0,1421.1,14700,0
2026-05-21T12:35:00+05:30,1421.8,1421.9,1417.0,1418.0,17458,0
2026-05-21T12:40:00+05:30,1418.2,1420.0,1416.3,1419.7,10396,0
2026-05-21T12:45:00+05:30,1420.0,1426.3,1419.0,1424.0,23649,0
2026-05-21T12:50:00+05:30,1424.0,1425.4,1422.2,1423.4,6129,0
2026-05-21T12:55:00+05:30,1423.4,1425.1,1421.7,1425.0,5124,0
2026-05-21T13:00:00+05:30,1425.1,1426.6,1423.8,1426.5,14589,0
2026-05-21T13:05:00+05:30,1426.5,1427.0,1425.1,1425.4,6735,0
2026-05-21T13:10:00+05:30,1425.5,1425.6,1422.0,1422.3,6008,0
2026-05-21T13:15:00+05:30,1422.7,1422.9,1421.4,1422.8,4809,0
2026-05-21T13:20:00+05:30,1422.8,1424.9,1422.0,1423.8,2310,0
2026-05-21T13:25:00+05:30,1423.8,1423.8,1421.5,1422.7,2653,0
2026-05-21T13:30:00+05:30,1422.9,1424.4,1420.9,1423.8,7930,0
2026-05-21T13:35:00+05:30,1423.7,1423.9,1422.2,1422.8,11400,0
2026-05-21T13:40:00+05:30,1422.8,1425.9,1422.1,1424.8,10838,0
2026-05-21T13:45:00+05:30,1424.9,1425.8,1423.4,1423.7,7125,0
2026-05-21T13:50:00+05:30,1423.9,1425.0,1422.5,1423.5,14663,0
2026-05-21T13:55:00+05:30,1423.6,1425.6,1422.2,1425.6,9418,0
2026-05-21T14:00:00+05:30,1425.6,1425.6,1423.0,1423.5,4227,0
2026-05-21T14:05:00+05:30,1423.5,1424.0,1421.1,1421.6,7516,0
2026-05-21T14:10:00+05:30,1421.6,1423.4,1420.6,1422.8,19121,0
2026-05-21T14:15:00+05:30,1422.8,1423.1,1421.5,1421.8,4429,0
2026-05-21T14:20:00+05:30,1422.0,1423.8,1421.5,1423.7,4990,0
2026-05-21T14:25:00+05:30,1423.7,1423.7,1422.0,1422.5,4763,0
2026-05-21T14:30:00+05:30,1422.5,1422.5,1420.2,1422.0,8005,0
2026-05-21T14:35:00+05:30,1422.0,1423.7,1421.4,1422.6,11505,0
2026-05-21T14:40:00+05:30,1422.6,1424.0,1420.2,1422.1,12705,0
2026-05-21T14:45:00+05:30,1422.1,1422.7,1421.3,1421.9,6405,0
2026-05-21T14:50:00+05:30,1421.9,1422.4,1420.9,1421.4,6337,0
2026-05-21T14:55:00+05:30,1421.4,1423.3,1420.7,1423.2,7205,0
2026-05-21T15:00:00+05:30,1423.3,1423.3,1419.1,1419.3,32185,0
2026-05-21T15:05:00+05:30,1419.5,1420.3,1417.5,1418.6,27468,0
2026-05-21T15:10:00+05:30,1418.9,1421.4,1418.6,1419.6,35026,0
2026-05-21T15:15:00+05:30,1419.6,1422.2,1418.0,1419.7,46718,0
2026-05-21T15:20:00+05:30,1419.7,1421.0,1418.4,1420.1,40577,0
2026-05-21T15:25:00+05:30,1420.0,1421.8,1419.0,1419.8,35663,0
2026-05-22T09:15:00+05:30,1425.0,1429.3,1407.1,1408.2,56226,0
2026-05-22T09:20:00+05:30,1409.0,1414.6,1408.6,1408.6,19390,0
2026-05-22T09:25:00+05:30,1409.7,1411.2,1406.1,1407.8,21455,0
2026-05-22T09:30:00+05:30,1407.5,1417.3,1406.8,1416.2,25103,0
2026-05-22T09:35:00+05:30,1417.0,1421.8,1415.0,1415.5,17627,0
2026-05-22T09:40:00+05:30,1415.6,1417.7,1411.7,1415.1,6733,0
2026-05-22T09:45:00+05:30,1415.2,1415.4,1410.4,1412.7,6944,0
2026-05-22T09:50:00+05:30,1412.7,1421.5,1412.1,1420.5,10223,0
2026-05-22T09:55:00+05:30,1420.9,1422.6,1419.6,1420.0,9495,0
2026-05-22T10:00:00+05:30,1420.0,1420.5,1417.6,1419.2,5286,0
2026-05-22T10:05:00+05:30,1419.2,1421.7,1418.8,1420.8,6751,0
2026-05-22T10:10:00+05:30,1421.1,1422.0,1417.2,1417.3,6644,0
2026-05-22T10:15:00+05:30,1418.0,1418.0,1415.7,1415.8,5112,0
2026-05-22T10:20:00+05:30,1416.5,1420.0,1416.5,1419.7,5638,0
2026-05-22T10:25:00+05:30,1419.7,1423.8,1419.3,1422.7,12784,0
2026-05-22T10:30:00+05:30,1422.4,1425.0,1420.6,1423.4,12436,0
2026-05-22T10:35:00+05:30,1423.4,1424.7,1422.7,1424.6,3939,0
2026-05-22T10:40:00+05:30,1424.6,1426.2,1422.8,1422.8,9915,0
2026-05-22T10:45:00+05:30,1423.4,1425.0,1422.4,1423.3,7706,0
2026-05-22T10:50:00+05:30,1423.6,1423.6,1422.3,1423.0,4739,0
2026-05-22T10:55:00+05:30,1423.1,1423.8,1420.6,1421.5,5027,0
2026-05-22T11:00:00+05:30,1421.6,1422.2,1420.0,1421.4,3023,0
2026-05-22T11:05:00+05:30,1421.5,1423.6,1421.3,1423.6,5068,0
2026-05-22T11:10:00+05:30,1423.5,1423.9,1420.6,1421.8,3944,0
2026-05-22T11:15:00+05:30,1421.4,1421.8,1419.4,1420.0,3793,0
2026-05-22T11:20:00+05:30,1420.5,1423.4,1420.2,1423.1,2574,0
2026-05-22T11:25:00+05:30,1423.4,1424.3,1420.7,1424.3,4387,0
2026-05-22T11:30:00+05:30,1424.2,1424.9,1422.6,1422.6,5019,0
2026-05-22T11:35:00+05:30,1423.0,1423.4,1421.8,1422.8,3679,0
2026-05-22T11:40:00+05:30,1422.9,1423.0,1421.3,1422.8,4887,0
2026-05-22T11:45:00+05:30,1422.8,1423.7,1421.1,1422.5,3491,0
2026-05-22T11:50:00+05:30,1422.5,1423.0,1421.0,1421.9,3280,0
2026-05-22T11:55:00+05:30,1422.1,1423.0,1420.9,1421.4,3895,0
2026-05-22T12:00:00+05:30,1421.8,1421.8,1418.7,1419.6,5325,0
2026-05-22T12:05:00+05:30,1419.6,1419.8,1418.5,1418.5,3505,0
2026-05-22T12:10:00+05:30,1418.5,1419.5,1417.3,1418.6,5837,0
2026-05-22T12:15:00+05:30,1418.8,1418.8,1415.6,1416.6,7176,0
2026-05-22T12:20:00+05:30,1416.6,1417.8,1414.3,1416.4,6549,0
2026-05-22T12:25:00+05:30,1416.6,1417.3,1416.1,1416.9,2919,0
2026-05-22T12:30:00+05:30,1417.0,1417.9,1414.4,1417.9,13104,0
2026-05-22T12:35:00+05:30,1417.7,1418.1,1416.8,1417.4,4014,0
2026-05-22T12:40:00+05:30,1417.3,1419.2,1415.7,1417.2,6565,0
2026-05-22T12:45:00+05:30,1417.0,1419.0,1416.8,1418.6,2403,0
2026-05-22T12:50:00+05:30,1418.6,1420.0,1418.3,1419.0,3236,0
2026-05-22T12:55:00+05:30,1419.0,1419.3,1417.2,1418.6,2739,0
2026-05-22T13:00:00+05:30,1418.6,1418.9,1416.4,1417.4,2381,0
2026-05-22T13:05:00+05:30,1417.4,1417.9,1415.6,1416.5,4992,0
2026-05-22T13:10:00+05:30,1417.0,1418.0,1416.3,1418.0,2055,0
2026-05-22T13:15:00+05:30,1418.0,1419.6,1416.6,1418.3,4733,0
2026-05-22T13:20:00+05:30,1418.8,1419.9,1418.0,1419.8,4422,0
2026-05-22T13:25:00+05:30,1419.9,1421.9,1419.1,1421.3,3737,0
2026-05-22T13:30:00+05:30,1421.3,1421.8,1419.7,1420.2,7438,0
2026-05-22T13:35:00+05:30,1420.6,1420.6,1418.4,1419.1,2522,0
2026-05-22T13:40:00+05:30,1419.2,1420.9,1419.1,1420.2,3098,0
2026-05-22T13:45:00+05:30,1420.2,1422.9,1420.1,1420.4,4112,0
2026-05-22T13:50:00+05:30,1421.2,1421.3,1420.1,1420.2,3146,0
2026-05-22T13:55:00+05:30,1420.5,1420.5,1418.8,1419.6,1861,0
2026-05-22T14:00:00+05:30,1419.6,1420.3,1417.9,1418.5,4288,0
2026-05-22T14:05:00+05:30,1418.5,1421.0,1417.1,1420.2,3325,0
2026-05-22T14:10:00+05:30,1420.4,1421.9,1419.5,1420.8,4797,0
2026-05-22T14:15:00+05:30,1420.8,1421.7,1419.5,1421.3,4335,0
2026-05-22T14:20:00+05:30,1421.2,1422.7,1420.0,1421.7,6662,0
2026-05-22T14:25:00+05:30,1422.0,1422.1,1418.5,1419.4,5959,0
2026-05-22T14:30:00+05:30,1419.2,1421.0,1418.4,1419.2,19608,0
2026-05-22T14:35:00+05:30,1419.2,1419.6,1418.0,1418.8,2910,0
2026-05-22T14:40:00+05:30,1419.1,1419.1,1417.4,1417.9,3961,0
2026-05-22T14:45:00+05:30,1417.9,1423.0,1417.9,1422.6,20246,0
2026-05-22T14:50:00+05:30,1422.6,1424.4,1421.9,1423.3,7639,0
2026-05-22T14:55:00+05:30,1423.6,1423.8,1422.4,1422.6,6306,0
2026-05-22T15:00:00+05:30,1422.8,1422.8,1419.5,1421.8,23411,0
2026-05-22T15:05:00+05:30,1422.2,1423.3,1421.0,1422.4,18765,0
2026-05-22T15:10:00+05:30,1422.5,1423.0,1421.1,1421.7,20663,0
2026-05-22T15:15:00+05:30,1421.6,1422.6,1418.7,1422.3,28907,0
2026-05-22T15:20:00+05:30,1422.4,1424.9,1421.3,1424.0,29925,0
2026-05-22T15:25:00+05:30,1423.0,1427.0,1423.0,1424.2,27472,0
2026-05-25T09:15:00+05:30,1429.4,1434.9,1422.2,1426.6,79104,0
2026-05-25T09:20:00+05:30,1427.1,1428.4,1424.1,1425.4,25631,0
2026-05-25T09:25:00+05:30,1425.7,1430.9,1424.9,1427.9,14694,0
2026-05-25T09:30:00+05:30,1427.9,1428.0,1421.2,1426.2,15610,0
2026-05-25T09:35:00+05:30,1426.4,1433.0,1425.9,1431.9,15859,0
2026-05-25T09:40:00+05:30,1431.9,1433.4,1430.5,1430.9,5187,0
2026-05-25T09:45:00+05:30,1431.4,1433.6,1428.0,1431.5,6624,0
2026-05-25T09:50:00+05:30,1432.0,1434.9,1430.7,1433.1,18095,0
2026-05-25T09:55:00+05:30,1433.2,1437.5,1431.9,1436.2,22118,0
2026-05-25T10:00:00+05:30,1436.0,1436.3,1434.0,1435.1,16900,0
2026-05-25T10:05:00+05:30,1435.1,1436.7,1433.6,1436.0,14336,0
2026-05-25T10:10:00+05:30,1436.0,1438.8,1436.0,1436.9,13763,0
2026-05-25T10:15:00+05:30,1437.3,1439.8,1436.7,1438.5,9561,0
2026-05-25T10:20:00+05:30,1438.9,1441.6,1437.1,1438.4,20459,0
2026-05-25T10:25:00+05:30,1438.4,1439.0,1436.9,1437.8,14984,0
2026-05-25T10:30:00+05:30,1437.8,1440.0,1435.2,1438.7,13139,0
2026-05-25T10:35:00+05:30,1439.5,1441.8,1438.2,1439.2,13397,0
2026-05-25T10:40:00+05:30,1439.2,1442.7,1438.6,1442.1,13354,0
2026-05-25T10:45:00+05:30,1442.1,1442.1,1437.0,1438.0,8308,0
2026-05-25T10:50:00+05:30,1438.7,1439.5,1437.9,1439.1,7087,0
2026-05-25T10:55:00+05:30,1439.1,1441.0,1437.9,1440.5,12052,0
2026-05-25T11:00:00+05:30,1440.6,1442.5,1439.6,1441.1,6552,0
2026-05-25T11:05:00+05:30,1441.1,1441.9,1439.4,1441.8,34045,0
2026-05-25T11:10:00+05:30,1441.7,1444.4,1441.0,1443.0,17345,0
2026-05-25T11:15:00+05:30,1443.0,1444.7,1441.6,1444.2,11802,0
2026-05-25T11:20:00+05:30,1444.3,1445.0,1443.0,1444.0,9190,0
2026-05-25T11:25:00+05:30,1444.0,1444.6,1442.1,1442.7,6224,0
2026-05-25T11:30:00+05:30,1442.7,1443.0,1442.2,1442.5,3088,0
2026-05-25T11:35:00+05:30,1442.5,1444.4,1441.1,1444.4,4597,0
2026-05-25T11:40:00+05:30,1444.4,1444.4,1441.7,1441.7,6530,0
2026-05-25T11:45:00+05:30,1442.3,1442.3,1437.0,1437.3,22661,0
2026-05-25T11:50:00+05:30,1437.8,1439.7,1437.0,1439.3,6693,0
2026-05-25T11:55:00+05:30,1439.4,1439.9,1438.3,1438.9,2841,0
2026-05-25T12:00:00+05:30,1439.0,1439.4,1438.0,1439.2,2218,0
2026-05-25T12:05:00+05:30,1439.2,1439.4,1437.6,1438.7,3842,0
2026-05-25T12:10:00+05:30,1438.7,1439.2,1437.0,1437.8,7928,0
2026-05-25T12:15:00+05:30,1438.1,1438.2,1434.6,1435.1,17492,0
2026-05-25T12:20:00+05:30,1435.6,1435.9,1435.1,1435.4,5071,0
2026-05-25T12:25:00+05:30,1435.7,1437.0,1434.6,1436.8,8801,0
2026-05-25T12:30:00+05:30,1436.8,1437.0,1434.7,1435.3,7361,0
2026-05-25T12:35:00+05:30,1435.6,1437.0,1435.3,1437.0,2567,0
2026-05-25T12:40:00+05:30,1437.0,1437.0,1435.8,1436.4,2555,0
2026-05-25T12:45:00+05:30,1436.6,1436.7,1435.1,1436.0,2497,0
2026-05-25T12:50:00+05:30,1436.0,1436.0,1435.4,1436.0,1092,0
2026-05-25T12:55:00+05:30,1436.0,1437.0,1435.2,1436.9,3335,0
2026-05-25T13:00:00+05:30,1436.8,1438.7,1436.4,1438.1,20356,0
2026-05-25T13:05:00+05:30,1438.0,1438.6,1437.1,1438.0,4051,0
2026-05-25T13:10:00+05:30,1437.9,1438.3,1437.2,1437.3,6514,0
2026-05-25T13:15:00+05:30,1437.5,1440.0,1437.1,1439.6,5760,0
2026-05-25T13:20:00+05:30,1439.9,1442.2,1439.7,1442.2,5178,0
2026-05-25T13:25:00+05:30,1442.5,1442.7,1441.3,1442.7,3503,0
2026-05-25T13:30:00+05:30,1442.7,1445.0,1442.3,1444.7,8843,0
2026-05-25T13:35:00+05:30,1444.7,1444.7,1439.5,1441.3,3469,0
2026-05-25T13:40:00+05:30,1441.3,1441.6,1439.6,1440.0,3674,0
2026-05-25T13:45:00+05:30,1440.1,1440.2,1438.5,1440.0,3697,0
2026-05-25T13:50:00+05:30,1440.0,1440.0,1437.8,1438.8,5445,0
2026-05-25T13:55:00+05:30,1439.0,1439.0,1437.4,1438.4,2891,0
2026-05-25T14:00:00+05:30,1438.4,1438.5,1436.9,1438.4,2967,0
2026-05-25T14:05:00+05:30,1438.4,1438.5,1437.0,1437.1,6059,0
2026-05-25T14:10:00+05:30,1437.3,1438.9,1436.7,1437.6,5887,0
2026-05-25T14:15:00+05:30,1437.5,1438.3,1436.6,1437.6,2896,0
2026-05-25T14:20:00+05:30,1438.1,1439.0,1437.0,1438.1,6168,0
2026-05-25T14:25:00+05:30,1438.1,1438.2,1436.7,1437.3,2577,0
2026-05-25T14:30:00+05:30,1437.9,1438.0,1436.5,1436.6,2266,0
2026-05-25T14:35:00+05:30,1437.4,1437.5,1435.6,1436.7,2590,0
2026-05-25T14:40:00+05:30,1436.7,1437.4,1436.0,1437.0,6821,0
2026-05-25T14:45:00+05:30,1437.0,1438.4,1436.3,1437.1,7281,0
2026-05-25T14:50:00+05:30,1437.4,1437.4,1435.0,1436.0,17461,0
2026-05-25T14:55:00+05:30,1436.0,1436.5,1434.8,1435.8,10958,0
2026-05-25T15:00:00+05:30,1435.8,1435.8,1433.7,1435.2,16168,0
2026-05-25T15:05:00+05:30,1435.2,1435.2,1432.9,1434.1,19826,0
2026-05-25T15:10:00+05:30,1434.3,1436.6,1433.2,1435.4,31479,0
2026-05-25T15:15:00+05:30,1435.4,1437.5,1434.9,1436.9,28381,0
2026-05-25T15:20:00+05:30,1436.9,1437.0,1433.0,1434.9,44580,0
2026-05-25T15:25:00+05:30,1434.9,1439.0,1433.4,1438.5,34130,0
2026-05-26T09:15:00+05:30,1433.6,1447.8,1429.9,1447.2,47205,0
2026-05-26T09:20:00+05:30,1446.8,1448.9,1442.7,1445.7,30454,0
2026-05-26T09:25:00+05:30,1445.9,1445.9,1440.3,1441.4,11829,0
2026-05-26T09:30:00+05:30,1442.1,1443.4,1439.0,1439.6,13892,0
2026-05-26T09:35:00+05:30,1439.7,1442.2,1436.8,1439.7,14692,0
2026-05-26T09:40:00+05:30,1440.0,1449.7,1438.6,1449.0,55102,0
2026-05-26T09:45:00+05:30,1449.5,1449.5,1442.7,1444.2,21046,0
2026-05-26T09:50:00+05:30,1444.0,1444.6,1442.0,1443.0,4947,0
2026-05-26T09:55:00+05:30,1443.0,1443.4,1439.8,1442.3,11500,0
2026-05-26T10:00:00+05:30,1442.7,1442.7,1440.7,1442.2,6222,0
2026-05-26T10:05:00+05:30,1442.4,1442.5,1440.5,1441.2,7226,0
2026-05-26T10:10:00+05:30,1441.2,1444.1,1440.9,1443.2,9770,0
2026-05-26T10:15:00+05:30,1443.3,1443.5,1440.2,1441.2,3400,0
2026-05-26T10:20:00+05:30,1441.8,1444.7,1440.9,1444.6,3429,0
2026-05-26T10:25:00+05:30,1444.6,1444.9,1441.9,1443.3,5439,0
2026-05-26T10:30:00+05:30,1444.0,1444.4,1442.8,1443.9,2479,0
2026-05-26T10:35:00+05:30,1444.0,1444.8,1443.4,1444.7,2939,0
2026-05-26T10:40:00+05:30,1444.7,1444.8,1443.1,1443.1,3319,0
2026-05-26T10:45:00+05:30,1443.9,1444.0,1442.0,1442.7,3288,0
2026-05-26T10:50:00+05:30,1442.7,1443.3,1441.1,1442.2,5184,0
2026-05-26T10:55:00+05:30,1442.2,1443.4,1441.0,1441.5,8995,0
2026-05-26T11:00:00+05:30,1441.6,1443.1,1441.0,1441.4,4542,0
2026-05-26T11:05:00+05:30,1442.0,1443.7,1441.0,1443.3,6735,0
2026-05-26T11:10:00+05:30,1443.7,1444.0,1441.6,1442.6,4725,0
2026-05-26T11:15:00+05:30,1442.6,1446.0,1442.0,1445.2,8722,0
2026-05-26T11:20:00+05:30,1445.8,1445.9,1444.3,1444.9,9850,0
2026-05-26T11:25:00+05:30,1445.3,1445.9,1442.2,1442.2,4386,0
2026-05-26T11:30:00+05:30,1443.1,1444.0,1441.5,1443.7,8500,0
2026-05-26T11:35:00+05:30,1443.7,1445.5,1442.4,1444.8,11555,0
2026-05-26T11:40:00+05:30,1444.8,1445.7,1443.8,1444.5,11873,0
2026-05-26T11:45:00+05:30,1444.5,1445.5,1443.9,1445.1,9050,0
2026-05-26T11:50:00+05:30,1445.1,1445.4,1444.1,1444.5,5447,0
2026-05-26T11:55:00+05:30,1444.7,1446.0,1444.3,1445.1,7564,0
2026-05-26T12:00:00+05:30,1445.3,1445.5,1443.1,1444.9,11905,0
2026-05-26T12:05:00+05:30,1444.9,1446.5,1443.8,1445.7,5537,0
2026-05-26T12:10:00+05:30,1445.7,1446.5,1444.6,1445.4,3646,0
2026-05-26T12:15:00+05:30,1445.4,1447.6,1444.5,1447.1,19604,0
2026-05-26T12:20:00+05:30,1447.3,1448.3,1446.6,1447.3,6406,0
2026-05-26T12:25:00+05:30,1447.5,1448.1,1446.7,1447.6,4690,0
2026-05-26T12:30:00+05:30,1447.9,1449.0,1447.4,1448.1,6825,0
2026-05-26T12:35:00+05:30,1448.5,1450.9,1447.2,1449.6,45325,0
2026-05-26T12:40:00+05:30,1449.6,1449.9,1448.2,1449.1,10510,0
2026-05-26T12:45:00+05:30,1449.4,1450.5,1448.2,1450.0,15708,0
2026-05-26T12:50:00+05:30,1450.3,1452.0,1446.5,1451.1,313673,0
2026-05-26T12:55:00+05:30,1451.1,1452.2,1449.3,1450.1,15714,0
2026-05-26T13:00:00+05:30,1450.1,1450.5,1449.1,1450.0,20361,0
2026-05-26T13:05:00+05:30,1450.0,1450.6,1449.4,1450.1,11403,0
2026-05-26T13:10:00+05:30,1450.4,1453.9,1450.0,1453.5,21757,0
2026-05-26T13:15:00+05:30,1453.5,1454.4,1451.4,1454.2,23251,0
2026-05-26T13:20:00+05:30,1454.2,1454.5,1452.3,1454.1,15389,0
2026-05-26T13:25:00+05:30,1454.2,1454.7,1452.1,1453.4,10190,0
2026-05-26T13:30:00+05:30,1454.0,1456.0,1453.1,1455.0,9980,0
2026-05-26T13:35:00+05:30,1454.7,1455.0,1452.6,1453.1,8824,0
2026-05-26T13:40:00+05:30,1452.9,1453.5,1450.4,1450.9,5948,0
2026-05-26T13:45:00+05:30,1450.9,1451.8,1449.4,1450.5,5482,0
2026-05-26T13:50:00+05:30,1450.6,1451.4,1449.2,1450.8,7715,0
2026-05-26T13:55:00+05:30,1450.8,1451.2,1449.6,1450.1,4394,0
2026-05-26T14:00:00+05:30,1450.1,1450.1,1446.9,1448.8,20467,0
2026-05-26T14:05:00+05:30,1448.6,1450.0,1447.7,1449.1,10487,0
2026-05-26T14:10:00+05:30,1449.1,1449.5,1447.7,1449.0,11781,0
2026-05-26T14:15:00+05:30,1449.0,1449.4,1447.8,1448.4,12243,0
2026-05-26T14:20:00+05:30,1448.4,1449.5,1447.9,1448.8,7952,0
2026-05-26T14:25:00+05:30,1448.9,1449.5,1447.9,1449.5,9020,0
2026-05-26T14:30:00+05:30,1449.5,1449.7,1448.0,1448.8,12256,0
2026-05-26T14:35:00+05:30,1448.7,1449.4,1448.0,1448.5,13207,0
2026-05-26T14:40:00+05:30,1448.5,1448.9,1447.5,1448.6,8299,0
2026-05-26T14:45:00+05:30,1448.6,1449.5,1447.6,1449.3,12546,0
2026-05-26T14:50:00+05:30,1449.3,1451.1,1448.0,1449.9,23569,0
2026-05-26T14:55:00+05:30,1449.6,1452.3,1449.6,1450.9,12982,0
2026-05-26T15:00:00+05:30,1450.9,1456.0,1450.8,1455.6,65832,0
2026-05-26T15:05:00+05:30,1455.6,1457.3,1454.3,1455.0,75634,0
2026-05-26T15:10:00+05:30,1455.1,1460.8,1455.0,1460.1,149507,0
2026-05-26T15:15:00+05:30,1460.0,1465.8,1459.3,1460.0,150756,0
2026-05-26T15:20:00+05:30,1460.0,1461.3,1460.0,1460.0,60634,0
2026-05-26T15:25:00+05:30,1460.0,1463.0,1455.0,1460.0,96503,0
2026-05-27T09:15:00+05:30,1460.1,1467.0,1454.7,1462.3,44849,0
2026-05-27T09:20:00+05:30,1462.5,1466.1,1461.6,1464.3,46765,0
2026-05-27T09:25:00+05:30,1464.3,1466.9,1463.0,1465.1,30786,0
2026-05-27T09:30:00+05:30,1465.0,1469.0,1463.1,1469.0,47935,0
2026-05-27T09:35:00+05:30,1469.0,1471.9,1466.9,1471.5,38344,0
2026-05-27T09:40:00+05:30,1471.8,1473.4,1468.8,1470.5,36497,0
2026-05-27T09:45:00+05:30,1470.5,1471.1,1469.1,1470.3,88484,0
2026-05-27T09:50:00+05:30,1470.3,1470.8,1467.4,1470.4,242206,0
2026-05-27T09:55:00+05:30,1470.3,1472.7,1469.4,1471.2,45745,0
2026-05-27T10:00:00+05:30,1471.3,1471.9,1468.1,1471.9,110099,0
2026-05-27T10:05:00+05:30,1471.9,1472.9,1470.9,1472.1,15942,0
2026-05-27T10:10:00+05:30,1472.1,1472.8,1471.5,1472.6,11779,0
2026-05-27T10:15:00+05:30,1472.2,1477.9,1471.9,1476.0,42387,0
2026-05-27T10:20:00+05:30,1476.1,1476.2,1473.4,1475.2,55644,0
2026-05-27T10:25:00+05:30,1475.4,1475.5,1473.0,1475.2,58169,0
2026-05-27T10:30:00+05:30,1475.3,1475.6,1474.8,1475.0,11328,0
2026-05-27T10:35:00+05:30,1475.0,1475.4,1470.7,1471.8,24108,0
2026-05-27T10:40:00+05:30,1472.1,1472.6,1470.2,1472.6,13190,0
2026-05-27T10:45:00+05:30,1472.6,1473.0,1471.6,1472.6,9498,0
2026-05-27T10:50:00+05:30,1472.7,1474.4,1472.3,1474.1,9467,0
2026-05-27T10:55:00+05:30,1474.4,1476.2,1473.6,1476.0,13096,0
2026-05-27T11:00:00+05:30,1475.9,1476.1,1474.5,1475.5,8555,0
2026-05-27T11:05:00+05:30,1475.5,1479.0,1475.0,1476.1,15916,0
2026-05-27T11:10:00+05:30,1476.4,1476.4,1474.6,1475.8,7847,0
2026-05-27T11:15:00+05:30,1475.8,1475.8,1470.0,1470.0,40841,0
2026-05-27T11:20:00+05:30,1470.3,1471.0,1466.2,1466.5,16552,0
2026-05-27T11:25:00+05:30,1466.4,1467.2,1462.3,1463.4,29616,0
2026-05-27T11:30:00+05:30,1463.4,1465.0,1458.0,1458.4,36168,0
2026-05-27T11:35:00+05:30,1458.9,1459.9,1457.9,1459.6,12330,0
2026-05-27T11:40:00+05:30,1459.6,1460.0,1458.0,1458.9,9349,0
2026-05-27T11:45:00+05:30,1459.1,1463.8,1459.0,1462.0,15926,0
2026-05-27T11:50:00+05:30,1462.0,1462.2,1459.5,1459.9,7925,0
2026-05-27T11:55:00+05:30,1459.9,1460.0,1455.2,1455.7,14225,0
2026-05-27T12:00:00+05:30,1455.7,1456.7,1454.4,1454.9,11622,0
2026-05-27T12:05:00+05:30,1454.9,1458.0,1454.9,1457.5,9063,0
2026-05-27T12:10:00+05:30,1457.4,1459.5,1457.1,1458.0,9178,0
2026-05-27T12:15:00+05:30,1458.1,1458.3,1457.0,1458.0,5486,0
2026-05-27T12:20:00+05:30,1458.0,1459.0,1455.9,1457.0,6622,0
2026-05-27T12:25:00+05:30,1457.0,1457.7,1454.8,1455.3,9435,0
2026-05-27T12:30:00+05:30,1455.9,1456.0,1452.5,1455.8,13010,0
2026-05-27T12:35:00+05:30,1455.8,1460.7,1455.4,1460.5,19002,0
2026-05-27T12:40:00+05:30,1460.1,1463.1,1460.1,1461.5,41048,0
2026-05-27T12:45:00+05:30,1461.5,1461.8,1460.7,1460.9,4945,0
2026-05-27T12:50:00+05:30,1461.0,1464.3,1460.0,1463.6,24323,0
2026-05-27T12:55:00+05:30,1463.8,1463.8,1457.2,1458.3,17769,0
2026-05-27T13:00:00+05:30,1458.3,1458.3,1456.2,1457.4,6593,0
2026-05-27T13:05:00+05:30,1457.4,1457.8,1456.4,1456.6,6117,0
2026-05-27T13:10:00+05:30,1456.7,1457.3,1456.0,1456.6,3471,0
2026-05-27T13:15:00+05:30,1456.6,1456.7,1455.0,1455.3,4672,0
2026-05-27T13:20:00+05:30,1455.3,1456.0,1454.2,1455.2,6348,0
2026-05-27T13:25:00+05:30,1455.2,1457.8,1455.0,1456.6,6525,0
2026-05-27T13:30:00+05:30,1456.6,1459.7,1456.5,1458.8,9755,0
2026-05-27T13:35:00+05:30,1458.8,1460.4,1458.1,1459.0,9677,0
2026-05-27T13:40:00+05:30,1459.0,1460.0,1458.3,1458.3,6167,0
2026-05-27T13:45:00+05:30,1458.3,1458.3,1455.4,1456.2,8651,0
2026-05-27T13:50:00+05:30,1456.5,1457.4,1456.0,1457.0,6664,0
2026-05-27T13:55:00+05:30,1457.0,1457.0,1455.4,1456.5,7814,0
2026-05-27T14:00:00+05:30,1456.5,1456.6,1454.7,1455.0,8712,0
2026-05-27T14:05:00+05:30,1455.3,1455.7,1454.7,1455.4,5361,0
2026-05-27T14:10:00+05:30,1455.7,1455.8,1453.5,1455.2,8424,0
2026-05-27T14:15:00+05:30,1455.2,1455.8,1454.2,1454.8,10102,0
2026-05-27T14:20:00+05:30,1454.8,1455.8,1453.9,1454.5,17283,0
2026-05-27T14:25:00+05:30,1454.4,1455.6,1452.4,1452.8,10916,0
2026-05-27T14:30:00+05:30,1453.1,1454.7,1452.8,1453.7,8591,0
2026-05-27T14:35:00+05:30,1453.9,1454.2,1452.0,1453.5,19093,0
2026-05-27T14:40:00+05:30,1453.5,1453.6,1452.0,1453.0,11707,0
2026-05-27T14:45:00+05:30,1453.3,1453.8,1452.2,1452.3,13988,0
2026-05-27T14:50:00+05:30,1452.6,1453.1,1451.1,1452.9,23378,0
2026-05-27T14:55:00+05:30,1453.2,1455.1,1453.2,1454.5,21492,0
2026-05-27T15:00:00+05:30,1454.5,1456.6,1452.8,1453.4,42217,0
2026-05-27T15:05:00+05:30,1453.4,1455.3,1453.0,1455.2,23725,0
2026-05-27T15:10:00+05:30,1454.8,1455.9,1454.6,1455.3,28375,0
2026-05-27T15:15:00+05:30,1455.3,1456.7,1454.9,1456.3,32059,0
2026-05-27T15:20:00+05:30,1456.4,1457.9,1456.4,1456.9,35256,0
2026-05-27T15:25:00+05:30,1456.9,1457.4,1451.7,1456.2,34650,0
2026-05-29T09:15:00+05:30,1476.9,1479.0,1466.7,1476.7,61221,0
2026-05-29T09:20:00+05:30,1476.8,1476.9,1469.5,1475.3,24926,0
2026-05-29T09:25:00+05:30,1475.7,1476.5,1467.3,1468.2,50054,0
2026-05-29T09:30:00+05:30,1468.2,1468.2,1460.1,1462.3,27662,0
2026-05-29T09:35:00+05:30,1462.3,1468.5,1461.5,1467.7,26926,0
2026-05-29T09:40:00+05:30,1467.7,1470.9,1466.0,1466.7,20502,0
2026-05-29T09:45:00+05:30,1467.3,1473.9,1466.1,1473.8,22779,0
2026-05-29T09:50:00+05:30,1473.8,1473.8,1471.2,1471.5,19101,0
2026-05-29T09:55:00+05:30,1472.0,1476.1,1471.5,1474.9,34621,0
2026-05-29T10:00:00+05:30,1475.5,1480.8,1474.0,1477.5,35741,0
2026-05-29T10:05:00+05:30,1477.5,1481.7,1476.5,1479.6,27895,0
2026-05-29T10:10:00+05:30,1479.6,1480.0,1477.0,1478.6,15580,0
2026-05-29T10:15:00+05:30,1478.6,1482.2,1478.2,1480.4,21738,0
2026-05-29T10:20:00+05:30,1480.4,1480.4,1475.2,1477.0,17571,0
2026-05-29T10:25:00+05:30,1477.0,1478.0,1474.5,1475.8,25555,0
2026-05-29T10:30:00+05:30,1475.8,1478.4,1474.1,1478.3,18065,0
2026-05-29T10:35:00+05:30,1478.3,1479.4,1476.4,1477.2,15030,0
2026-05-29T10:40:00+05:30,1477.2,1479.3,1476.8,1478.0,14077,0
2026-05-29T10:45:00+05:30,1478.2,1480.0,1476.7,1477.9,15322,0
2026-05-29T10:50:00+05:30,1477.9,1478.0,1476.0,1477.9,18737,0
2026-05-29T10:55:00+05:30,1477.9,1478.1,1477.1,1477.9,14943,0
2026-05-29T11:00:00+05:30,1478.0,1479.0,1477.1,1477.6,13681,0
2026-05-29T11:05:00+05:30,1477.5,1481.0,1474.0,1480.7,31442,0
2026-05-29T11:10:00+05:30,1480.6,1484.9,1480.3,1484.0,54992,0
2026-05-29T11:15:00+05:30,1484.0,1488.6,1483.5,1487.7,34234,0
2026-05-29T11:20:00+05:30,1488.1,1490.0,1487.4,1488.8,37070,0
2026-05-29T11:25:00+05:30,1488.8,1489.0,1487.4,1488.2,13404,0
2026-05-29T11:30:00+05:30,1488.2,1490.0,1484.1,1489.4,40218,0
2026-05-29T11:35:00+05:30,1489.4,1491.4,1488.9,1490.6,18548,0
2026-05-29T11:40:00+05:30,1490.6,1491.1,1487.3,1488.0,19051,0
2026-05-29T11:45:00+05:30,1488.4,1488.9,1486.4,1487.8,18335,0
2026-05-29T11:50:00+05:30,1487.8,1487.9,1485.0,1487.7,24437,0
2026-05-29T11:55:00+05:30,1487.7,1487.8,1486.2,1486.5,14961,0
2026-05-29T12:00:00+05:30,1487.0,1487.1,1483.3,1486.7,27580,0
2026-05-29T12:05:00+05:30,1486.7,1487.1,1485.4,1486.0,18313,0
2026-05-29T12:10:00+05:30,1486.4,1487.0,1484.5,1486.3,17001,0
2026-05-29T12:15:00+05:30,1486.4,1486.7,1483.9,1486.0,20099,0
2026-05-29T12:20:00+05:30,1486.2,1486.2,1484.4,1485.0,9673,0
2026-05-29T12:25:00+05:30,1485.0,1486.2,1484.1,1485.3,12855,0
2026-05-29T12:30:00+05:30,1485.2,1485.3,1483.9,1485.0,21852,0
2026-05-29T12:35:00+05:30,1485.1,1487.2,1484.8,1486.0,11531,0
2026-05-29T12:40:00+05:30,1486.0,1486.8,1484.2,1485.1,46912,0
2026-05-29T12:45:00+05:30,1485.2,1487.0,1484.8,1485.1,8699,0
2026-05-29T12:50:00+05:30,1485.2,1485.8,1484.2,1485.1,12870,0
2026-05-29T12:55:00+05:30,1485.1,1485.3,1484.5,1485.1,10571,0
2026-05-29T13:00:00+05:30,1485.1,1487.1,1483.6,1486.0,24595,0
2026-05-29T13:05:00+05:30,1485.9,1486.6,1485.0,1485.1,8515,0
2026-05-29T13:10:00+05:30,1485.2,1486.7,1484.4,1485.9,18025,0
2026-05-29T13:15:00+05:30,1485.8,1488.0,1485.0,1486.4,11516,0
2026-05-29T13:20:00+05:30,1486.9,1488.0,1485.5,1486.8,9218,0
2026-05-29T13:25:00+05:30,1487.4,1490.0,1486.2,1487.0,13871,0
2026-05-29T13:30:00+05:30,1487.2,1488.9,1486.3,1487.0,11879,0
2026-05-29T13:35:00+05:30,1487.0,1488.0,1485.8,1487.7,14508,0
2026-05-29T13:40:00+05:30,1487.9,1489.9,1487.1,1488.0,25738,0
2026-05-29T13:45:00+05:30,1488.0,1489.9,1486.8,1488.0,17062,0
2026-05-29T13:50:00+05:30,1487.6,1488.4,1485.3,1486.1,11601,0
2026-05-29T13:55:00+05:30,1486.1,1488.0,1485.1,1487.2,11837,0
2026-05-29T14:00:00+05:30,1487.4,1489.4,1486.3,1488.0,13183,0
2026-05-29T14:05:00+05:30,1488.3,1490.4,1487.0,1490.0,20705,0
2026-05-29T14:10:00+05:30,1490.0,1493.0,1489.4,1492.8,31703,0
2026-05-29T14:15:00+05:30,1492.8,1492.9,1489.3,1491.8,79773,0
2026-05-29T14:20:00+05:30,1491.4,1492.9,1490.5,1491.5,30327,0
2026-05-29T14:25:00+05:30,1491.5,1491.9,1489.8,1490.5,25183,0
2026-05-29T14:30:00+05:30,1490.7,1495.0,1490.2,1495.0,26117,0
2026-05-29T14:35:00+05:30,1495.0,1496.0,1493.6,1494.7,39539,0
2026-05-29T14:40:00+05:30,1494.7,1494.8,1491.2,1493.8,18774,0
2026-05-29T14:45:00+05:30,1494.0,1494.7,1492.6,1494.0,17976,0
2026-05-29T14:50:00+05:30,1494.4,1495.7,1494.0,1495.7,25406,0
2026-05-29T14:55:00+05:30,1495.3,1496.6,1490.5,1491.0,45678,0
2026-05-29T15:00:00+05:30,1491.0,1495.9,1483.3,1485.0,465822,0
2026-05-29T15:05:00+05:30,1485.0,1486.1,1481.2,1484.4,380764,0
2026-05-29T15:10:00+05:30,1484.4,1484.4,1480.7,1482.9,443608,0
2026-05-29T15:15:00+05:30,1483.1,1487.1,1482.5,1485.7,372410,0
2026-05-29T15:20:00+05:30,1485.6,1489.1,1480.5,1480.6,375154,0
2026-05-29T15:25:00+05:30,1480.7,1485.0,1467.6,1480.0,288360,0
2026-06-01T09:15:00+05:30,1495.2,1512.9,1495.2,1508.7,116869,0
2026-06-01T09:20:00+05:30,1509.3,1515.0,1507.1,1512.7,87166,0
2026-06-01T09:25:00+05:30,1512.7,1515.9,1510.5,1514.2,68986,0
2026-06-01T09:30:00+05:30,1514.2,1522.0,1513.3,1521.3,128334,0
2026-06-01T09:35:00+05:30,1521.7,1525.5,1521.3,1523.9,93466,0
2026-06-01T09:40:00+05:30,1524.0,1530.0,1522.8,1529.7,152977,0
2026-06-01T09:45:00+05:30,1529.7,1533.5,1526.7,1532.4,197625,0
2026-06-01T09:50:00+05:30,1532.3,1534.5,1529.7,1533.5,62644,0
2026-06-01T09:55:00+05:30,1533.5,1534.0,1527.6,1530.0,103214,0
2026-06-01T10:00:00+05:30,1530.0,1534.5,1528.2,1529.0,64257,0
2026-06-01T10:05:00+05:30,1529.1,1534.0,1529.1,1531.3,32694,0
2026-06-01T10:10:00+05:30,1531.3,1532.1,1530.0,1530.9,25160,0
2026-06-01T10:15:00+05:30,1531.1,1531.9,1529.1,1531.3,29289,0
2026-06-01T10:20:00+05:30,1531.3,1536.5,1530.8,1531.4,82320,0
2026-06-01T10:25:00+05:30,1531.2,1533.5,1530.5,1532.6,28272,0
2026-06-01T10:30:00+05:30,1533.0,1536.0,1531.3,1532.7,48231,0
2026-06-01T10:35:00+05:30,1532.5,1533.0,1530.0,1531.2,29350,0
2026-06-01T10:40:00+05:30,1531.4,1532.0,1530.0,1530.8,19550,0
2026-06-01T10:45:00+05:30,1530.5,1532.0,1529.5,1531.1,27839,0
2026-06-01T10:50:00+05:30,1531.6,1534.5,1530.9,1533.5,24334,0
2026-06-01T10:55:00+05:30,1533.4,1535.0,1531.7,1533.6,28999,0
2026-06-01T11:00:00+05:30,1533.6,1539.6,1533.4,1537.7,126114,0
2026-06-01T11:05:00+05:30,1537.5,1540.4,1536.8,1539.6,59079,0
2026-06-01T11:10:00+05:30,1539.7,1543.5,1539.2,1542.7,71940,0
2026-06-01T11:15:00+05:30,1542.7,1544.0,1541.1,1542.0,30212,0
2026-06-01T11:20:00+05:30,1542.0,1546.5,1541.4,1545.2,89834,0
2026-06-01T11:25:00+05:30,1545.2,1547.0,1544.3,1546.1,39042,0
2026-06-01T11:30:00+05:30,1546.2,1549.5,1545.5,1546.7,79155,0
2026-06-01T11:35:00+05:30,1546.6,1547.7,1542.4,1546.1,40132,0
2026-06-01T11:40:00+05:30,1546.3,1548.0,1545.0,1546.0,24491,0
2026-06-01T11:45:00+05:30,1546.5,1549.9,1545.0,1549.9,46454,0
2026-06-01T11:50:00+05:30,1549.9,1550.5,1548.1,1550.4,58871,0
2026-06-01T11:55:00+05:30,1550.4,1551.0,1545.5,1547.7,58605,0
2026-06-01T12:00:00+05:30,1547.9,1549.0,1546.1,1548.3,34177,0
2026-06-01T12:05:00+05:30,1548.1,1553.6,1547.1,1553.6,82152,0
2026-06-01T12:10:00+05:30,1553.6,1554.5,1552.3,1554.3,69274,0
2026-06-01T12:15:00+05:30,1554.0,1555.5,1550.6,1553.0,110671,0
2026-06-01T12:20:00+05:30,1553.0,1554.9,1552.1,1554.0,58426,0
2026-06-01T12:25:00+05:30,1554.4,1556.5,1554.0,1556.5,47513,0
2026-06-01T12:30:00+05:30,1556.5,1557.0,1555.6,1556.6,33973,0
2026-06-01T12:35:00+05:30,1557.0,1557.0,1556.5,1556.5,28397,0
2026-06-01T12:40:00+05:30,1557.0,1557.0,1556.5,1556.7,23031,0
2026-06-01T12:45:00+05:30,1556.7,1556.9,1551.5,1554.5,45809,0
2026-06-01T12:50:00+05:30,1554.4,1558.0,1552.3,1557.6,51176,0
2026-06-01T12:55:00+05:30,1557.9,1558.0,1556.6,1557.6,20778,0
2026-06-01T13:00:00+05:30,1557.7,1558.5,1556.0,1557.4,56195,0
2026-06-01T13:05:00+05:30,1557.4,1557.6,1556.7,1557.2,67310,0
2026-06-01T13:10:00+05:30,1557.2,1561.5,1556.0,1561.0,133089,0
2026-06-01T13:15:00+05:30,1561.4,1561.5,1559.4,1560.8,42446,0
2026-06-01T13:20:00+05:30,1560.9,1562.0,1559.1,1560.9,52404,0
2026-06-01T13:25:00+05:30,1560.4,1562.5,1560.0,1561.2,44646,0
2026-06-01T13:30:00+05:30,1561.3,1561.8,1561.0,1561.4,18663,0
2026-06-01T13:35:00+05:30,1561.4,1561.4,1558.0,1559.5,72445,0
2026-06-01T13:40:00+05:30,1559.5,1560.6,1558.2,1560.0,138608,0
2026-06-01T13:45:00+05:30,1560.0,1560.0,1558.9,1559.0,63177,0
2026-06-01T13:50:00+05:30,1559.0,1561.5,1559.0,1560.0,38738,0
2026-06-01T13:55:00+05:30,1560.5,1560.6,1559.1,1560.3,22387,0
2026-06-01T14:00:00+05:30,1560.5,1561.0,1559.0,1560.8,53106,0
2026-06-01T14:05:00+05:30,1560.9,1561.0,1558.8,1560.3,195016,0
2026-06-01T14:10:00+05:30,1560.3,1560.8,1559.2,1560.1,79194,0
2026-06-01T14:15:00+05:30,1560.2,1560.5,1558.1,1560.0,50059,0
2026-06-01T14:20:00+05:30,1560.1,1562.0,1558.2,1560.4,54494,0
2026-06-01T14:25:00+05:30,1560.0,1560.9,1559.4,1560.0,23714,0
2026-06-01T14:30:00+05:30,1560.0,1560.4,1552.6,1553.9,117851,0
2026-06-01T14:35:00+05:30,1554.0,1556.1,1550.7,1554.9,99840,0
2026-06-01T14:40:00+05:30,1555.0,1556.9,1552.1,1554.6,105126,0
2026-06-01T14:45:00+05:30,1555.4,1555.6,1548.7,1549.5,83076,0
2026-06-01T14:50:00+05:30,1549.5,1551.6,1547.1,1547.8,98958,0
2026-06-01T14:55:00+05:30,1547.9,1550.6,1546.2,1547.3,68319,0
2026-06-01T15:00:00+05:30,1547.5,1547.9,1545.0,1547.0,97796,0
2026-06-01T15:05:00+05:30,1547.0,1547.0,1543.2,1545.0,120650,0
2026-06-01T15:10:00+05:30,1545.0,1545.9,1539.5,1543.3,219168,0
2026-06-01T15:15:00+05:30,1542.5,1544.9,1542.2,1543.4,82308,0
2026-06-01T15:20:00+05:30,1544.2,1544.2,1539.9,1539.9,90040,0
2026-06-01T15:25:00+05:30,1540.6,1542.7,1536.1,1539.0,63554,0
2026-06-02T09:15:00+05:30,1562.9,1573.5,1554.0,1566.0,288269,0
2026-06-02T09:20:00+05:30,1565.8,1571.8,1560.4,1562.8,148920,0
2026-06-02T09:25:00+05:30,1562.8,1569.7,1560.9,1566.9,63988,0
2026-06-02T09:30:00+05:30,1567.1,1574.9,1566.3,1573.2,149188,0
2026-06-02T09:35:00+05:30,1572.8,1574.8,1565.4,1567.4,112982,0
2026-06-02T09:40:00+05:30,1567.7,1574.0,1566.9,1573.5,76191,0
2026-06-02T09:45:00+05:30,1574.0,1576.0,1567.0,1570.3,94764,0
2026-06-02T09:50:00+05:30,1570.1,1574.7,1569.6,1574.3,51756,0
2026-06-02T09:55:00+05:30,1574.3,1577.0,1567.3,1568.0,103495,0
2026-06-02T10:00:00+05:30,1568.5,1568.5,1555.0,1561.0,160907,0
2026-06-02T10:05:00+05:30,1561.0,1572.4,1557.2,1570.5,106105,0
2026-06-02T10:10:00+05:30,1571.0,1574.1,1569.1,1571.9,88689,0
2026-06-02T10:15:00+05:30,1572.2,1577.4,1572.0,1576.9,58548,0
2026-06-02T10:20:00+05:30,1577.4,1577.9,1572.8,1576.0,58246,0
2026-06-02T10:25:00+05:30,1575.3,1577.0,1572.4,1574.5,51325,0
2026-06-02T10:30:00+05:30,1575.0,1581.8,1573.5,1581.0,86225,0
2026-06-02T10:35:00+05:30,1580.8,1585.0,1580.0,1583.8,89059,0
2026-06-02T10:40:00+05:30,1583.9,1589.0,1581.1,1587.1,112438,0
2026-06-02T10:45:00+05:30,1586.1,1587.4,1578.5,1580.6,55514,0
2026-06-02T10:50:00+05:30,1581.0,1583.9,1580.0,1581.6,51193,0
2026-06-02T10:55:00+05:30,1581.9,1581.9,1572.8,1573.9,91751,0
2026-06-02T11:00:00+05:30,1573.9,1575.0,1570.4,1574.1,42610,0
2026-06-02T11:05:00+05:30,1574.5,1578.9,1572.4,1578.0,36151,0
2026-06-02T11:10:00+05:30,1578.4,1578.9,1574.0,1574.7,40129,0
2026-06-02T11:15:00+05:30,1575.0,1580.6,1574.4,1579.9,25298,0
2026-06-02T11:20:00+05:30,1580.0,1582.5,1580.0,1581.0,22377,0
2026-06-02T11:25:00+05:30,1581.0,1583.7,1580.0,1581.8,23455,0
2026-06-02T11:30:00+05:30,1581.6,1584.0,1581.3,1581.8,34139,0
2026-06-02T11:35:00+05:30,1582.4,1582.8,1580.0,1580.7,30577,0
2026-06-02T11:40:00+05:30,1580.8,1581.4,1577.4,1578.2,32542,0
2026-06-02T11:45:00+05:30,1578.2,1580.7,1577.5,1578.0,46079,0
2026-06-02T11:50:00+05:30,1578.0,1580.0,1576.2,1579.1,23982,0
2026-06-02T11:55:00+05:30,1579.2,1581.0,1578.4,1579.9,17821,0
2026-06-02T12:00:00+05:30,1579.9,1580.2,1574.2,1576.2,31710,0
2026-06-02T12:05:00+05:30,1576.2,1578.0,1575.3,1577.4,18076,0
2026-06-02T12:10:00+05:30,1577.6,1577.6,1572.4,1573.6,29078,0
2026-06-02T12:15:00+05:30,1573.6,1576.1,1571.1,1573.8,24709,0
2026-06-02T12:20:00+05:30,1573.7,1575.5,1572.2,1574.2,49052,0
2026-06-02T12:25:00+05:30,1574.2,1579.9,1574.2,1579.6,45538,0
2026-06-02T12:30:00+05:30,1579.6,1582.7,1579.5,1581.4,39717,0
2026-06-02T12:35:00+05:30,1581.4,1581.8,1579.7,1580.8,30312,0
2026-06-02T12:40:00+05:30,1581.0,1581.4,1580.0,1580.6,18481,0
2026-06-02T12:45:00+05:30,1580.3,1582.7,1580.0,1580.3,42814,0
2026-06-02T12:50:00+05:30,1580.3,1581.0,1576.7,1579.1,46523,0
2026-06-02T12:55:00+05:30,1579.1,1581.4,1579.0,1580.6,32865,0
2026-06-02T13:00:00+05:30,1580.5,1581.1,1580.0,1580.9,13344,0
2026-06-02T13:05:00+05:30,1580.8,1582.0,1580.1,1581.0,23727,0
2026-06-02T13:10:00+05:30,1580.9,1581.0,1580.0,1580.6,11621,0
2026-06-02T13:15:00+05:30,1580.6,1580.6,1578.6,1579.5,23346,0
2026-06-02T13:20:00+05:30,1579.4,1580.4,1577.8,1578.8,18931,0
2026-06-02T13:25:00+05:30,1578.7,1579.3,1577.2,1578.2,20191,0
2026-06-02T13:30:00+05:30,1578.3,1579.1,1575.0,1577.7,36699,0
2026-06-02T13:35:00+05:30,1577.8,1579.1,1576.9,1578.0,24573,0
2026-06-02T13:40:00+05:30,1578.0,1580.0,1576.6,1579.5,21759,0
2026-06-02T13:45:00+05:30,1579.5,1580.2,1578.8,1579.6,11631,0
2026-06-02T13:50:00+05:30,1579.6,1582.0,1579.0,1581.3,24903,0
2026-06-02T13:55:00+05:30,1581.0,1581.8,1579.4,1581.0,21790,0
2026-06-02T14:00:00+05:30,1580.9,1580.9,1578.6,1580.1,14127,0
2026-06-02T14:05:00+05:30,1580.1,1581.4,1579.7,1581.1,12540,0
2026-06-02T14:10:00+05:30,1581.1,1581.5,1579.6,1580.9,15862,0
2026-06-02T14:15:00+05:30,1580.9,1580.9,1578.6,1579.6,15879,0
2026-06-02T14:20:00+05:30,1579.6,1580.3,1576.4,1577.3,26051,0
2026-06-02T14:25:00+05:30,1577.3,1578.4,1574.1,1576.3,60427,0
2026-06-02T14:30:00+05:30,1576.2,1579.0,1575.1,1578.1,47474,0
2026-06-02T14:35:00+05:30,1578.3,1579.0,1577.0,1577.7,18217,0
2026-06-02T14:40:00+05:30,1577.4,1578.0,1574.7,1575.3,34835,0
2026-06-02T14:45:00+05:30,1575.5,1577.9,1574.9,1577.8,47319,0
2026-06-02T14:50:00+05:30,1577.7,1579.9,1577.3,1578.8,38494,0
2026-06-02T14:55:00+05:30,1578.9,1579.3,1573.5,1574.9,40296,0
2026-06-02T15:00:00+05:30,1574.9,1577.8,1573.8,1574.6,61730,0
2026-06-02T15:05:00+05:30,1574.6,1575.2,1571.2,1572.0,88131,0
2026-06-02T15:10:00+05:30,1571.9,1573.9,1571.6,1572.0,154978,0
2026-06-02T15:15:00+05:30,1571.9,1573.3,1569.3,1572.4,103859,0
2026-06-02T15:20:00+05:30,1572.3,1573.0,1569.0,1570.0,116001,0
2026-06-02T15:25:00+05:30,1570.0,1571.8,1566.2,1570.1,114989,0
2026-06-03T09:15:00+05:30,1549.1,1554.7,1523.4,1525.4,234897,0
2026-06-03T09:20:00+05:30,1525.2,1527.1,1515.2,1521.5,196540,0
2026-06-03T09:25:00+05:30,1521.9,1523.0,1515.3,1518.4,103060,0
2026-06-03T09:30:00+05:30,1518.4,1519.1,1508.7,1510.2,148625,0
2026-06-03T09:35:00+05:30,1510.4,1511.2,1500.1,1501.2,85674,0
2026-06-03T09:40:00+05:30,1501.3,1504.7,1498.6,1502.2,130042,0
2026-06-03T09:45:00+05:30,1502.2,1502.2,1495.9,1499.9,56851,0
2026-06-03T09:50:00+05:30,1500.0,1505.0,1497.1,1499.4,57567,0
2026-06-03T09:55:00+05:30,1499.6,1501.0,1498.0,1498.4,38580,0
2026-06-03T10:00:00+05:30,1498.4,1500.5,1496.9,1499.0,39866,0
2026-06-03T10:05:00+05:30,1499.0,1499.2,1492.0,1492.7,55740,0
2026-06-03T10:10:00+05:30,1492.7,1495.0,1491.0,1492.8,48648,0
2026-06-03T10:15:00+05:30,1492.5,1496.8,1489.0,1493.3,49415,0
2026-06-03T10:20:00+05:30,1493.3,1500.0,1493.0,1498.3,55130,0
2026-06-03T10:25:00+05:30,1498.2,1499.8,1495.9,1496.9,18881,0
2026-06-03T10:30:00+05:30,1497.5,1498.9,1492.2,1494.4,23432,0
2026-06-03T10:35:00+05:30,1494.9,1500.0,1494.0,1497.9,34235,0
2026-06-03T10:40:00+05:30,1497.9,1499.3,1494.6,1495.1,13321,0
2026-06-03T10:45:00+05:30,1495.1,1498.0,1494.5,1497.8,9647,0
2026-06-03T10:50:00+05:30,1497.9,1503.5,1497.0,1503.2,38065,0
2026-06-03T10:55:00+05:30,1502.9,1503.1,1498.3,1499.9,20576,0
2026-06-03T11:00:00+05:30,1499.9,1501.6,1498.0,1498.1,14838,0
2026-06-03T11:05:00+05:30,1498.1,1498.1,1494.6,1494.9,15733,0
2026-06-03T11:10:00+05:30,1494.6,1497.4,1493.7,1496.1,17200,0
2026-06-03T11:15:00+05:30,1496.1,1498.0,1493.1,1495.0,36275,0
2026-06-03T11:20:00+05:30,1495.0,1497.0,1493.4,1496.1,9613,0
2026-06-03T11:25:00+05:30,1496.3,1496.6,1490.8,1492.1,20455,0
2026-06-03T11:30:00+05:30,1492.1,1493.0,1489.9,1490.5,33742,0
2026-06-03T11:35:00+05:30,1490.8,1491.6,1488.1,1491.6,15336,0
2026-06-03T11:40:00+05:30,1491.0,1491.3,1487.5,1489.6,11417,0
2026-06-03T11:45:00+05:30,1489.6,1491.4,1488.0,1488.9,18676,0
2026-06-03T11:50:00+05:30,1488.9,1489.3,1483.0,1483.6,50102,0
2026-06-03T11:55:00+05:30,1482.8,1483.1,1479.0,1479.3,43265,0
2026-06-03T12:00:00+05:30,1479.0,1481.0,1474.9,1478.0,86778,0
2026-06-03T12:05:00+05:30,1477.7,1477.7,1471.6,1472.9,63272,0
2026-06-03T12:10:00+05:30,1473.8,1474.4,1469.6,1473.7,123686,0
2026-06-03T12:15:00+05:30,1473.7,1475.6,1472.7,1474.4,14081,0
2026-06-03T12:20:00+05:30,1474.5,1476.0,1473.8,1475.3,10218,0
2026-06-03T12:25:00+05:30,1473.8,1478.6,1473.1,1478.6,41837,0
2026-06-03T12:30:00+05:30,1478.4,1481.7,1477.5,1480.5,35097,0
2026-06-03T12:35:00+05:30,1481.4,1486.5,1480.0,1484.5,36796,0
2026-06-03T12:40:00+05:30,1484.5,1486.7,1483.0,1484.5,48547,0
2026-06-03T12:45:00+05:30,1485.0,1485.0,1479.1,1480.9,42260,0
2026-06-03T12:50:00+05:30,1480.8,1482.0,1478.9,1481.2,12301,0
2026-06-03T12:55:00+05:30,1481.2,1481.5,1479.3,1479.8,11937,0
2026-06-03T13:00:00+05:30,1479.6,1480.0,1477.7,1479.9,11935,0
2026-06-03T13:05:00+05:30,1480.0,1483.8,1478.5,1482.6,33567,0
2026-06-03T13:10:00+05:30,1482.6,1482.6,1479.3,1480.0,38597,0
2026-06-03T13:15:00+05:30,1482.0,1482.6,1480.8,1481.7,28742,0
2026-06-03T13:20:00+05:30,1482.5,1483.2,1480.3,1482.8,44470,0
2026-06-03T13:25:00+05:30,1483.0,1485.6,1482.9,1484.5,11788,0
2026-06-03T13:30:00+05:30,1484.5,1484.5,1483.0,1484.4,8141,0
2026-06-03T13:35:00+05:30,1484.3,1484.3,1481.0,1482.0,36504,0
2026-06-03T13:40:00+05:30,1482.0,1484.5,1481.4,1482.1,9575,0
2026-06-03T13:45:00+05:30,1482.5,1489.7,1482.5,1488.0,25826,0
2026-06-03T13:50:00+05:30,1488.0,1490.0,1486.6,1487.7,37464,0
2026-06-03T13:55:00+05:30,1487.8,1488.5,1486.5,1486.7,9194,0
2026-06-03T14:00:00+05:30,1487.1,1487.4,1485.5,1486.8,29360,0
2026-06-03T14:05:00+05:30,1487.1,1487.9,1485.0,1486.1,21656,0
2026-06-03T14:10:00+05:30,1486.2,1486.9,1479.0,1479.6,104889,0
2026-06-03T14:15:00+05:30,1479.9,1484.6,1479.9,1484.3,37019,0
2026-06-03T14:20:00+05:30,1484.7,1486.9,1483.2,1484.7,14853,0
2026-06-03T14:25:00+05:30,1484.8,1484.8,1482.5,1483.5,9959,0
2026-06-03T14:30:00+05:30,1483.6,1484.6,1482.1,1483.8,12783,0
2026-06-03T14:35:00+05:30,1483.9,1485.2,1483.5,1485.0,13120,0
2026-06-03T14:40:00+05:30,1484.6,1485.0,1482.0,1482.2,50881,0
2026-06-03T14:45:00+05:30,1482.7,1484.5,1480.5,1481.0,16141,0
2026-06-03T14:50:00+05:30,1481.1,1482.0,1479.3,1480.2,33068,0
2026-06-03T14:55:00+05:30,1479.5,1479.9,1476.9,1477.0,25272,0
2026-06-03T15:00:00+05:30,1477.8,1479.8,1475.9,1477.6,62228,0
2026-06-03T15:05:00+05:30,1477.7,1478.0,1471.6,1471.8,74238,0
2026-06-03T15:10:00+05:30,1472.3,1474.3,1471.0,1472.6,61318,0
2026-06-03T15:15:00+05:30,1473.2,1473.2,1467.6,1468.6,128051,0
2026-06-03T15:20:00+05:30,1468.6,1474.6,1468.4,1472.1,140827,0
2026-06-03T15:25:00+05:30,1472.6,1473.9,1469.0,1470.0,67109,0
2026-06-04T09:15:00+05:30,1460.0,1482.6,1453.1,1480.5,93550,0
2026-06-04T09:20:00+05:30,1480.9,1491.3,1477.5,1486.8,51210,0
2026-06-04T09:25:00+05:30,1486.8,1489.0,1481.4,1487.1,35735,0
2026-06-04T09:30:00+05:30,1486.8,1487.9,1482.3,1485.0,23082,0
2026-06-04T09:35:00+05:30,1484.7,1487.0,1481.5,1485.0,21980,0
2026-06-04T09:40:00+05:30,1485.3,1487.8,1483.9,1485.7,15834,0
2026-06-04T09:45:00+05:30,1485.5,1486.9,1482.8,1484.3,9752,0
2026-06-04T09:50:00+05:30,1484.8,1486.0,1482.4,1485.1,10791,0
2026-06-04T09:55:00+05:30,1485.2,1489.2,1484.4,1487.0,10769,0
2026-06-04T10:00:00+05:30,1487.7,1488.5,1485.1,1486.7,8503,0
2026-06-04T10:05:00+05:30,1486.8,1490.0,1483.3,1489.8,15649,0
2026-06-04T10:10:00+05:30,1490.0,1491.0,1486.3,1488.4,14755,0
2026-06-04T10:15:00+05:30,1488.2,1493.3,1486.1,1491.1,14120,0
2026-06-04T10:20:00+05:30,1491.1,1491.3,1488.4,1489.0,8197,0
2026-06-04T10:25:00+05:30,1489.0,1489.3,1483.2,1486.8,13377,0
2026-06-04T10:30:00+05:30,1486.7,1488.3,1484.9,1485.3,10166,0
2026-06-04T10:35:00+05:30,1485.3,1486.4,1483.8,1485.4,8948,0
2026-06-04T10:40:00+05:30,1485.2,1485.2,1483.0,1484.4,5844,0
2026-06-04T10:45:00+05:30,1484.3,1486.5,1483.7,1485.0,8652,0
2026-06-04T10:50:00+05:30,1485.8,1489.3,1484.5,1488.6,10068,0
2026-06-04T10:55:00+05:30,1488.8,1492.9,1487.1,1490.4,20861,0
2026-06-04T11:00:00+05:30,1490.4,1490.9,1487.0,1488.0,9653,0
2026-06-04T11:05:00+05:30,1488.0,1490.8,1486.8,1489.8,5823,0
2026-06-04T11:10:00+05:30,1490.0,1490.6,1488.4,1490.3,4919,0
2026-06-04T11:15:00+05:30,1490.3,1490.4,1488.9,1489.2,4786,0
2026-06-04T11:20:00+05:30,1489.1,1496.1,1488.8,1494.2,23543,0
2026-06-04T11:25:00+05:30,1493.9,1495.0,1492.2,1493.4,8601,0
2026-06-04T11:30:00+05:30,1493.4,1494.9,1490.7,1494.9,12646,0
2026-06-04T11:35:00+05:30,1494.9,1499.4,1492.1,1497.7,49912,0
2026-06-04T11:40:00+05:30,1498.2,1499.7,1492.2,1495.0,46200,0
2026-06-04T11:45:00+05:30,1495.0,1497.5,1493.3,1493.4,23967,0
2026-06-04T11:50:00+05:30,1493.4,1494.8,1489.2,1490.8,33084,0
2026-06-04T11:55:00+05:30,1491.5,1491.8,1489.0,1490.5,22221,0
2026-06-04T12:00:00+05:30,1490.5,1491.2,1487.0,1489.7,28619,0
2026-06-04T12:05:00+05:30,1490.0,1490.2,1479.1,1481.3,74593,0
2026-06-04T12:10:00+05:30,1481.3,1482.6,1479.5,1481.2,52796,0
2026-06-04T12:15:00+05:30,1481.4,1483.0,1477.1,1477.9,44482,0
2026-06-04T12:20:00+05:30,1477.5,1478.7,1476.5,1478.6,19111,0
2026-06-04T12:25:00+05:30,1478.5,1479.9,1477.0,1478.4,17420,0
2026-06-04T12:30:00+05:30,1478.5,1479.2,1475.2,1476.9,20433,0
2026-06-04T12:35:00+05:30,1477.1,1478.4,1475.6,1476.5,18245,0
2026-06-04T12:40:00+05:30,1477.1,1477.1,1475.7,1476.8,17502,0
2026-06-04T12:45:00+05:30,1476.8,1482.4,1476.1,1479.8,63925,0
2026-06-04T12:50:00+05:30,1479.7,1483.9,1478.5,1483.9,31154,0
2026-06-04T12:55:00+05:30,1483.7,1485.7,1482.5,1485.7,24130,0
2026-06-04T13:00:00+05:30,1485.6,1485.6,1480.2,1482.7,33997,0
2026-06-04T13:05:00+05:30,1482.4,1484.9,1480.7,1484.0,20806,0
2026-06-04T13:10:00+05:30,1484.2,1485.0,1479.3,1481.6,28932,0
2026-06-04T13:15:00+05:30,1481.4,1484.3,1479.6,1484.1,25133,0
2026-06-04T13:20:00+05:30,1483.5,1487.0,1482.5,1486.8,28671,0
2026-06-04T13:25:00+05:30,1486.7,1491.6,1485.5,1486.9,25320,0
2026-06-04T13:30:00+05:30,1487.4,1488.3,1485.8,1488.0,15091,0
2026-06-04T13:35:00+05:30,1487.8,1490.0,1486.3,1488.2,22362,0
2026-06-04T13:40:00+05:30,1488.6,1488.6,1485.6,1487.1,19420,0
2026-06-04T13:45:00+05:30,1487.0,1488.0,1485.8,1486.5,18741,0
2026-06-04T13:50:00+05:30,1486.6,1487.6,1484.2,1486.3,21607,0
2026-06-04T13:55:00+05:30,1486.9,1487.0,1485.3,1486.9,17235,0
2026-06-04T14:00:00+05:30,1487.0,1488.9,1486.2,1488.3,18991,0
2026-06-04T14:05:00+05:30,1488.3,1488.9,1487.2,1488.0,17736,0
2026-06-04T14:10:00+05:30,1488.0,1489.6,1487.0,1487.3,28675,0
2026-06-04T14:15:00+05:30,1487.6,1490.0,1487.6,1489.0,17745,0
2026-06-04T14:20:00+05:30,1488.9,1489.0,1486.1,1486.5,19285,0
2026-06-04T14:25:00+05:30,1486.8,1488.5,1485.5,1486.1,25035,0
2026-06-04T14:30:00+05:30,1486.5,1490.6,1486.2,1489.3,34776,0
2026-06-04T14:35:00+05:30,1489.9,1490.4,1487.4,1488.5,24105,0
2026-06-04T14:40:00+05:30,1488.9,1490.0,1487.0,1489.0,27573,0
2026-06-04T14:45:00+05:30,1489.5,1490.9,1488.5,1488.7,27693,0
2026-06-04T14:50:00+05:30,1489.0,1490.3,1488.2,1489.2,28998,0
2026-06-04T14:55:00+05:30,1489.2,1490.9,1488.2,1488.9,27689,0
2026-06-04T15:00:00+05:30,1489.1,1490.6,1485.8,1486.4,63525,0
2026-06-04T15:05:00+05:30,1486.5,1487.3,1484.0,1484.9,46916,0
2026-06-04T15:10:00+05:30,1485.1,1486.7,1484.0,1485.8,71645,0
2026-06-04T15:15:00+05:30,1485.8,1490.8,1485.5,1487.1,81522,0
2026-06-04T15:20:00+05:30,1487.8,1490.0,1486.7,1489.5,72200,0
2026-06-04T15:25:00+05:30,1489.6,1491.7,1486.8,1486.8,69173,0
2026-06-05T09:15:00+05:30,1508.7,1524.0,1502.0,1516.8,173002,0
2026-06-05T09:20:00+05:30,1516.9,1520.0,1511.2,1511.6,105679,0
2026-06-05T09:25:00+05:30,1511.6,1514.4,1509.3,1511.0,40360,0
2026-06-05T09:30:00+05:30,1511.6,1513.0,1505.0,1506.7,39906,0
2026-06-05T09:35:00+05:30,1506.7,1507.5,1502.7,1503.9,34327,0
2026-06-05T09:40:00+05:30,1504.2,1505.1,1490.8,1500.7,68348,0
2026-06-05T09:45:00+05:30,1500.8,1502.1,1498.8,1500.6,25318,0
2026-06-05T09:50:00+05:30,1501.7,1504.9,1500.8,1504.6,11330,0
2026-06-05T09:55:00+05:30,1504.6,1504.7,1501.8,1502.5,11397,0
2026-06-05T10:00:00+05:30,1502.5,1502.5,1494.8,1499.9,33023,0
2026-06-05T10:05:00+05:30,1500.0,1500.0,1495.2,1498.6,22329,0
2026-06-05T10:10:00+05:30,1498.6,1502.2,1497.9,1501.3,18180,0
2026-06-05T10:15:00+05:30,1501.3,1501.8,1496.0,1496.3,15803,0
2026-06-05T10:20:00+05:30,1496.8,1496.8,1493.7,1496.1,13399,0
2026-06-05T10:25:00+05:30,1496.1,1496.2,1492.8,1493.0,13275,0
2026-06-05T10:30:00+05:30,1493.5,1494.8,1491.1,1491.1,15127,0
2026-06-05T10:35:00+05:30,1491.7,1497.7,1488.5,1496.0,19623,0
2026-06-05T10:40:00+05:30,1495.1,1501.8,1495.0,1501.0,165712,0
2026-06-05T10:45:00+05:30,1501.0,1502.6,1492.1,1492.8,35446,0
2026-06-05T10:50:00+05:30,1492.9,1493.2,1490.1,1491.5,12631,0
2026-06-05T10:55:00+05:30,1491.2,1494.0,1491.2,1492.5,9817,0
2026-06-05T11:00:00+05:30,1493.1,1494.0,1491.4,1491.8,7283,0
2026-06-05T11:05:00+05:30,1491.8,1493.6,1491.4,1491.6,6837,0
2026-06-05T11:10:00+05:30,1491.6,1492.2,1487.4,1487.6,19519,0
2026-06-05T11:15:00+05:30,1488.0,1490.1,1487.7,1488.4,13835,0
2026-06-05T11:20:00+05:30,1488.8,1488.8,1487.0,1487.8,8086,0
2026-06-05T11:25:00+05:30,1487.8,1487.8,1485.7,1486.8,9095,0
2026-06-05T11:30:00+05:30,1486.6,1490.4,1486.6,1488.9,13110,0
2026-06-05T11:35:00+05:30,1488.8,1489.5,1487.4,1487.4,8186,0
2026-06-05T11:40:00+05:30,1487.8,1492.2,1487.8,1491.3,12081,0
2026-06-05T11:45:00+05:30,1491.7,1493.3,1491.0,1492.4,9828,0
2026-06-05T11:50:00+05:30,1492.9,1493.3,1487.3,1487.7,11030,0
2026-06-05T11:55:00+05:30,1487.5,1488.4,1483.5,1483.8,19787,0
2026-06-05T12:00:00+05:30,1483.8,1484.4,1481.2,1482.0,18931,0
2026-06-05T12:05:00+05:30,1482.7,1484.7,1482.0,1482.4,10305,0
2026-06-05T12:10:00+05:30,1482.6,1484.2,1480.8,1484.2,13119,0
2026-06-05T12:15:00+05:30,1484.2,1484.7,1481.9,1482.5,9845,0
2026-06-05T12:20:00+05:30,1482.9,1483.0,1480.7,1481.5,13484,0
2026-06-05T12:25:00+05:30,1482.1,1483.4,1480.1,1480.1,20734,0
2026-06-05T12:30:00+05:30,1480.2,1481.0,1478.5,1478.5,13983,0
2026-06-05T12:35:00+05:30,1478.5,1479.2,1475.8,1477.7,18134,0
2026-06-05T12:40:00+05:30,1477.7,1477.7,1475.1,1475.4,14137,0
2026-06-05T12:45:00+05:30,1475.4,1478.4,1475.2,1475.8,22090,0
2026-06-05T12:50:00+05:30,1476.3,1476.5,1473.7,1474.2,19754,0
2026-06-05T12:55:00+05:30,1474.5,1475.0,1471.3,1472.3,17134,0
2026-06-05T13:00:00+05:30,1472.3,1475.3,1472.3,1473.7,15979,0
2026-06-05T13:05:00+05:30,1474.0,1474.4,1472.6,1472.7,12446,0
2026-06-05T13:10:00+05:30,1473.2,1475.6,1472.2,1472.3,20190,0
2026-06-05T13:15:00+05:30,1472.5,1474.2,1471.0,1471.1,14837,0
2026-06-05T13:20:00+05:30,1471.5,1471.6,1469.3,1470.1,16683,0
2026-06-05T13:25:00+05:30,1470.0,1473.0,1469.0,1471.3,17244,0
2026-06-05T13:30:00+05:30,1471.3,1478.8,1470.6,1475.5,45158,0
2026-06-05T13:35:00+05:30,1475.5,1476.6,1473.6,1473.9,15437,0
2026-06-05T13:40:00+05:30,1474.0,1474.0,1470.8,1471.8,11792,0
2026-06-05T13:45:00+05:30,1471.8,1473.8,1471.6,1472.2,11257,0
2026-06-05T13:50:00+05:30,1472.2,1473.9,1471.6,1472.5,12904,0
2026-06-05T13:55:00+05:30,1472.5,1474.6,1471.9,1473.0,17472,0
2026-06-05T14:00:00+05:30,1473.0,1475.8,1472.5,1475.8,11965,0
2026-06-05T14:05:00+05:30,1475.5,1475.9,1472.6,1473.0,8504,0
2026-06-05T14:10:00+05:30,1473.1,1476.4,1470.5,1472.7,19327,0
2026-06-05T14:15:00+05:30,1472.7,1479.0,1471.5,1474.1,33069,0
2026-06-05T14:20:00+05:30,1474.1,1476.0,1473.7,1475.4,7721,0
2026-06-05T14:25:00+05:30,1475.4,1476.0,1467.9,1469.9,60885,0
2026-06-05T14:30:00+05:30,1469.9,1473.5,1469.0,1470.4,72383,0
2026-06-05T14:35:00+05:30,1470.4,1470.9,1467.9,1468.8,13253,0
2026-06-05T14:40:00+05:30,1469.0,1477.4,1468.9,1475.9,24205,0
2026-06-05T14:45:00+05:30,1475.5,1479.6,1473.4,1475.2,57756,0
2026-06-05T14:50:00+05:30,1474.8,1481.1,1474.4,1479.2,34940,0
2026-06-05T14:55:00+05:30,1479.1,1481.6,1478.0,1479.6,21456,0
2026-06-05T15:00:00+05:30,1479.6,1484.3,1478.0,1483.7,36637,0
2026-06-05T15:05:00+05:30,1483.8,1484.7,1482.6,1483.8,36218,0
2026-06-05T15:10:00+05:30,1483.7,1485.0,1480.3,1483.9,73940,0
2026-06-05T15:15:00+05:30,1484.0,1485.5,1483.0,1484.3,64088,0
2026-06-05T15:20:00+05:30,1484.0,1487.8,1481.2,1485.2,110369,0
2026-06-05T15:25:00+05:30,1486.0,1488.0,1478.9,1482.0,76044,0
2026-06-08T09:15:00+05:30,1469.1,1490.0,1461.1,1472.1,120738,0
2026-06-08T09:20:00+05:30,1471.7,1472.8,1462.2,1463.2,35126,0
2026-06-08T09:25:00+05:30,1463.2,1465.9,1459.0,1465.8,53395,0
2026-06-08T09:30:00+05:30,1465.6,1469.9,1464.5,1466.4,18508,0
2026-06-08T09:35:00+05:30,1466.4,1468.2,1462.1,1464.2,95321,0
2026-06-08T09:40:00+05:30,1464.8,1465.7,1461.6,1465.6,20553,0
2026-06-08T09:45:00+05:30,1465.6,1474.0,1465.4,1469.3,29550,0
2026-06-08T09:50:00+05:30,1469.6,1473.4,1467.4,1471.7,12268,0
2026-06-08T09:55:00+05:30,1471.6,1476.6,1470.6,1475.9,22149,0
2026-06-08T10:00:00+05:30,1476.5,1478.5,1475.1,1475.7,17206,0
2026-06-08T10:05:00+05:30,1476.5,1480.3,1475.6,1479.4,11806,0
2026-06-08T10:10:00+05:30,1479.4,1482.9,1477.7,1482.0,16716,0
2026-06-08T10:15:00+05:30,1480.8,1483.9,1480.0,1482.3,13848,0
2026-06-08T10:20:00+05:30,1482.8,1484.8,1482.0,1484.1,7838,0
2026-06-08T10:25:00+05:30,1484.1,1484.2,1482.0,1482.7,9255,0
2026-06-08T10:30:00+05:30,1482.7,1495.0,1482.3,1491.3,37637,0
2026-06-08T10:35:00+05:30,1491.3,1498.0,1490.7,1496.0,30035,0
2026-06-08T10:40:00+05:30,1496.0,1501.0,1494.5,1495.4,48717,0
2026-06-08T10:45:00+05:30,1495.4,1497.6,1493.5,1494.8,14352,0
2026-06-08T10:50:00+05:30,1494.8,1495.5,1493.0,1493.3,10484,0
2026-06-08T10:55:00+05:30,1493.3,1495.0,1491.3,1494.4,9929,0
2026-06-08T11:00:00+05:30,1494.8,1495.7,1492.2,1492.8,9638,0
2026-06-08T11:05:00+05:30,1493.4,1493.6,1491.1,1492.0,7861,0
2026-06-08T11:10:00+05:30,1492.0,1492.3,1491.0,1491.1,7631,0
2026-06-08T11:15:00+05:30,1491.7,1497.1,1489.0,1496.4,44726,0
2026-06-08T11:20:00+05:30,1496.9,1499.1,1496.0,1498.2,34952,0
2026-06-08T11:25:00+05:30,1498.2,1498.2,1496.0,1496.1,27517,0
2026-06-08T11:30:00+05:30,1496.5,1503.0,1496.0,1501.4,31609,0
2026-06-08T11:35:00+05:30,1502.1,1504.0,1500.0,1503.3,12706,0
2026-06-08T11:40:00+05:30,1503.3,1504.5,1502.0,1503.7,16800,0
2026-06-08T11:45:00+05:30,1503.1,1506.9,1503.0,1506.0,20504,0
2026-06-08T11:50:00+05:30,1506.0,1506.0,1501.0,1501.5,17288,0
2026-06-08T11:55:00+05:30,1501.9,1502.6,1500.0,1501.7,13654,0
2026-06-08T12:00:00+05:30,1501.7,1504.0,1500.8,1503.5,8791,0
2026-06-08T12:05:00+05:30,1504.0,1505.0,1502.4,1503.9,11008,0
2026-06-08T12:10:00+05:30,1504.0,1504.0,1501.3,1501.8,8198,0
2026-06-08T12:15:00+05:30,1501.8,1504.1,1500.4,1503.7,11080,0
2026-06-08T12:20:00+05:30,1504.0,1505.8,1502.9,1505.8,12972,0
2026-06-08T12:25:00+05:30,1505.8,1507.0,1505.3,1505.5,17729,0
2026-06-08T12:30:00+05:30,1506.0,1506.3,1504.5,1505.4,29422,0
2026-06-08T12:35:00+05:30,1505.6,1505.6,1504.0,1505.6,39283,0
2026-06-08T12:40:00+05:30,1505.6,1508.5,1505.1,1508.3,22557,0
2026-06-08T12:45:00+05:30,1508.3,1508.8,1507.5,1508.4,18136,0
2026-06-08T12:50:00+05:30,1508.4,1511.1,1508.0,1510.0,36081,0
2026-06-08T12:55:00+05:30,1510.5,1510.5,1506.6,1507.0,52118,0
2026-06-08T13:00:00+05:30,1507.2,1509.0,1503.0,1505.8,163238,0
2026-06-08T13:05:00+05:30,1505.9,1507.7,1500.0,1501.2,108894,0
2026-06-08T13:10:00+05:30,1501.0,1506.0,1499.9,1501.7,48310,0
2026-06-08T13:15:00+05:30,1501.8,1501.9,1499.0,1499.6,25679,0
2026-06-08T13:20:00+05:30,1499.8,1500.0,1498.1,1499.9,11686,0
2026-06-08T13:25:00+05:30,1499.9,1500.0,1497.6,1499.6,17647,0
2026-06-08T13:30:00+05:30,1499.8,1500.0,1498.4,1499.6,7050,0
2026-06-08T13:35:00+05:30,1499.6,1499.8,1498.6,1499.4,8839,0
2026-06-08T13:40:00+05:30,1499.5,1499.5,1497.4,1497.7,7250,0
2026-06-08T13:45:00+05:30,1497.7,1499.6,1496.1,1499.2,13825,0
2026-06-08T13:50:00+05:30,1499.0,1501.8,1498.7,1500.5,30933,0
2026-06-08T13:55:00+05:30,1500.3,1503.1,1498.4,1502.4,18062,0
2026-06-08T14:00:00+05:30,1502.8,1504.9,1501.8,1503.2,33856,0
2026-06-08T14:05:00+05:30,1503.4,1504.6,1502.3,1503.1,10985,0
2026-06-08T14:10:00+05:30,1503.5,1503.6,1501.3,1502.3,12449,0
2026-06-08T14:15:00+05:30,1502.4,1504.0,1501.0,1503.5,13303,0
2026-06-08T14:20:00+05:30,1504.0,1505.5,1502.4,1505.0,31080,0
2026-06-08T14:25:00+05:30,1505.1,1505.4,1504.0,1505.0,57243,0
2026-06-08T14:30:00+05:30,1505.1,1506.0,1504.1,1505.0,74759,0
2026-06-08T14:35:00+05:30,1505.1,1507.0,1504.9,1505.1,49716,0
2026-06-08T14:40:00+05:30,1505.5,1506.0,1503.7,1505.5,36144,0
2026-06-08T14:45:00+05:30,1505.5,1506.5,1503.0,1503.4,41555,0
2026-06-08T14:50:00+05:30,1504.0,1507.5,1503.3,1506.3,34687,0
2026-06-08T14:55:00+05:30,1506.3,1508.6,1505.6,1507.4,31830,0
2026-06-08T15:00:00+05:30,1507.4,1507.4,1503.1,1504.7,103441,0
2026-06-08T15:05:00+05:30,1504.8,1509.7,1501.4,1504.0,136446,0
2026-06-08T15:10:00+05:30,1504.0,1505.3,1502.9,1503.1,87429,0
2026-06-08T15:15:00+05:30,1503.8,1504.0,1499.9,1500.4,32002,0
2026-06-08T15:20:00+05:30,1500.5,1502.0,1498.4,1499.8,32463,0
2026-06-08T15:25:00+05:30,1499.8,1502.0,1498.0,1498.0,34784,0
2026-06-09T09:15:00+05:30,1516.5,1518.4,1492.7,1501.5,72849,0
2026-06-09T09:20:00+05:30,1502.0,1503.2,1498.0,1499.7,30074,0
2026-06-09T09:25:00+05:30,1499.7,1500.1,1496.1,1498.0,29058,0
2026-06-09T09:30:00+05:30,1497.9,1500.9,1494.1,1496.7,29285,0
2026-06-09T09:35:00+05:30,1496.2,1497.9,1489.1,1489.1,21081,0
2026-06-09T09:40:00+05:30,1489.2,1490.0,1485.9,1486.4,19555,0
2026-06-09T09:45:00+05:30,1486.5,1487.6,1484.0,1487.5,16495,0
2026-06-09T09:50:00+05:30,1487.5,1491.4,1486.5,1486.9,18699,0
2026-06-09T09:55:00+05:30,1486.9,1488.6,1485.8,1486.6,10120,0
2026-06-09T10:00:00+05:30,1486.6,1487.7,1482.8,1482.8,16489,0
2026-06-09T10:05:00+05:30,1482.8,1485.0,1478.1,1480.6,36394,0
2026-06-09T10:10:00+05:30,1480.9,1480.9,1477.5,1479.3,12085,0
2026-06-09T10:15:00+05:30,1479.4,1480.6,1477.2,1480.0,14906,0
2026-06-09T10:20:00+05:30,1480.0,1481.4,1478.2,1479.8,13653,0
2026-06-09T10:25:00+05:30,1480.0,1481.2,1479.5,1479.5,7860,0
2026-06-09T10:30:00+05:30,1480.0,1480.0,1476.8,1478.6,14956,0
2026-06-09T10:35:00+05:30,1478.5,1480.3,1477.9,1479.9,9148,0
2026-06-09T10:40:00+05:30,1479.9,1480.5,1478.7,1479.9,10011,0
2026-06-09T10:45:00+05:30,1479.9,1481.8,1479.0,1479.4,15769,0
2026-06-09T10:50:00+05:30,1479.4,1480.0,1478.1,1479.3,6839,0
2026-06-09T10:55:00+05:30,1479.3,1481.2,1478.7,1480.2,11977,0
2026-06-09T11:00:00+05:30,1480.2,1480.7,1478.1,1478.1,7257,0
2026-06-09T11:05:00+05:30,1478.1,1489.4,1478.1,1488.1,36578,0
2026-06-09T11:10:00+05:30,1488.7,1489.0,1486.7,1487.5,11778,0
2026-06-09T11:15:00+05:30,1487.5,1489.0,1486.8,1488.0,8749,0
2026-06-09T11:20:00+05:30,1488.0,1488.7,1485.1,1485.3,12444,0
2026-06-09T11:25:00+05:30,1486.0,1486.3,1484.9,1485.5,5747,0
2026-06-09T11:30:00+05:30,1485.5,1487.3,1485.0,1486.4,5849,0
2026-06-09T11:35:00+05:30,1486.2,1487.7,1486.2,1487.3,5497,0
2026-06-09T11:40:00+05:30,1487.6,1487.9,1486.0,1487.9,6881,0
2026-06-09T11:45:00+05:30,1487.9,1491.4,1487.8,1489.2,20624,0
2026-06-09T11:50:00+05:30,1489.5,1489.9,1486.9,1487.0,8895,0
2026-06-09T11:55:00+05:30,1487.4,1489.4,1487.0,1488.1,5448,0
2026-06-09T12:00:00+05:30,1488.1,1491.0,1488.0,1489.3,5468,0
2026-06-09T12:05:00+05:30,1489.6,1489.6,1487.6,1489.6,4874,0
2026-06-09T12:10:00+05:30,1489.6,1489.6,1488.0,1488.6,3346,0
2026-06-09T12:15:00+05:30,1488.6,1488.9,1487.0,1487.1,3662,0
2026-06-09T12:20:00+05:30,1487.6,1488.6,1486.1,1487.6,7055,0
2026-06-09T12:25:00+05:30,1487.7,1487.7,1483.0,1483.5,13439,0
2026-06-09T12:30:00+05:30,1483.5,1485.2,1483.0,1485.2,10889,0
2026-06-09T12:35:00+05:30,1485.0,1485.4,1481.1,1481.5,9775,0
2026-06-09T12:40:00+05:30,1481.9,1482.1,1478.6,1479.4,9832,0
2026-06-09T12:45:00+05:30,1479.4,1481.5,1475.2,1477.9,23983,0
2026-06-09T12:50:00+05:30,1477.9,1478.8,1475.9,1475.9,10855,0
2026-06-09T12:55:00+05:30,1475.9,1477.9,1474.1,1476.8,18144,0
2026-06-09T13:00:00+05:30,1476.8,1477.5,1475.5,1477.0,8022,0
2026-06-09T13:05:00+05:30,1477.0,1478.6,1475.5,1475.5,15996,0
2026-06-09T13:10:00+05:30,1475.6,1476.3,1475.0,1476.3,6977,0
2026-06-09T13:15:00+05:30,1476.1,1477.5,1475.4,1475.7,10736,0
2026-06-09T13:20:00+05:30,1475.7,1476.4,1474.3,1474.9,10141,0
2026-06-09T13:25:00+05:30,1475.1,1475.4,1473.3,1473.9,12345,0
2026-06-09T13:30:00+05:30,1474.3,1475.7,1473.7,1473.9,9163,0
2026-06-09T13:35:00+05:30,1474.0,1476.3,1473.6,1474.4,14303,0
2026-06-09T13:40:00+05:30,1474.4,1476.2,1474.0,1475.7,10243,0
2026-06-09T13:45:00+05:30,1475.7,1476.0,1474.2,1475.5,9301,0
2026-06-09T13:50:00+05:30,1475.5,1475.6,1474.0,1474.0,9566,0
2026-06-09T13:55:00+05:30,1474.2,1476.8,1473.2,1475.6,18293,0
2026-06-09T14:00:00+05:30,1475.6,1475.7,1473.9,1475.0,9451,0
2026-06-09T14:05:00+05:30,1474.2,1475.3,1473.8,1473.8,12459,0
2026-06-09T14:10:00+05:30,1473.8,1475.1,1473.8,1474.8,11363,0
2026-06-09T14:15:00+05:30,1475.0,1477.2,1474.6,1476.4,14728,0
2026-06-09T14:20:00+05:30,1476.4,1480.0,1476.1,1480.0,28394,0
2026-06-09T14:25:00+05:30,1479.4,1481.1,1479.1,1480.0,17165,0
2026-06-09T14:30:00+05:30,1480.0,1481.0,1477.6,1479.5,19811,0
2026-06-09T14:35:00+05:30,1479.5,1479.9,1477.4,1479.9,13954,0
2026-06-09T14:40:00+05:30,1480.0,1480.9,1479.4,1480.6,22364,0
2026-06-09T14:45:00+05:30,1480.8,1481.9,1480.0,1481.1,18540,0
2026-06-09T14:50:00+05:30,1481.1,1482.3,1480.9,1482.2,18354,0
2026-06-09T14:55:00+05:30,1482.3,1484.3,1482.2,1484.0,19254,0
2026-06-09T15:00:00+05:30,1484.2,1484.2,1479.3,1481.4,62184,0
2026-06-09T15:05:00+05:30,1481.1,1484.4,1480.7,1483.6,47831,0
2026-06-09T15:10:00+05:30,1483.5,1484.5,1480.8,1483.5,51184,0
2026-06-09T15:15:00+05:30,1483.6,1486.8,1483.3,1485.4,58798,0
2026-06-09T15:20:00+05:30,1485.4,1486.9,1484.7,1485.8,44934,0
2026-06-09T15:25:00+05:30,1485.8,1486.6,1484.6,1486.5,45270,0
2026-06-10T09:15:00+05:30,1480.0,1486.0,1471.2,1484.1,35829,0
2026-06-10T09:20:00+05:30,1484.1,1485.1,1476.9,1480.6,23745,0
2026-06-10T09:25:00+05:30,1481.1,1481.9,1478.5,1479.1,19459,0
2026-06-10T09:30:00+05:30,1479.5,1481.7,1477.8,1480.9,18005,0
2026-06-10T09:35:00+05:30,1481.3,1482.0,1478.1,1478.1,13225,0
2026-06-10T09:40:00+05:30,1478.2,1484.4,1477.3,1483.4,16428,0
2026-06-10T09:45:00+05:30,1483.7,1496.3,1483.4,1495.0,41660,0
2026-06-10T09:50:00+05:30,1495.0,1496.0,1491.8,1492.6,24130,0
2026-06-10T09:55:00+05:30,1492.6,1496.0,1492.5,1493.0,11466,0
2026-06-10T10:00:00+05:30,1492.9,1493.9,1489.3,1490.3,16746,0
2026-06-10T10:05:00+05:30,1490.3,1490.8,1488.1,1488.8,8343,0
2026-06-10T10:10:00+05:30,1489.0,1489.0,1484.8,1485.9,15212,0
2026-06-10T10:15:00+05:30,1485.6,1492.0,1483.0,1491.8,28568,0
2026-06-10T10:20:00+05:30,1491.5,1493.4,1486.7,1487.0,16951,0
2026-06-10T10:25:00+05:30,1487.0,1489.1,1487.0,1487.9,6649,0
2026-06-10T10:30:00+05:30,1487.9,1488.0,1484.9,1487.0,14971,0
2026-06-10T10:35:00+05:30,1486.7,1488.1,1485.3,1485.6,10437,0
2026-06-10T10:40:00+05:30,1485.5,1487.0,1484.7,1486.2,4898,0
2026-06-10T10:45:00+05:30,1486.5,1487.0,1485.6,1486.6,5835,0
2026-06-10T10:50:00+05:30,1486.6,1486.7,1484.5,1484.8,5478,0
2026-06-10T10:55:00+05:30,1485.1,1486.0,1483.4,1484.8,9070,0
2026-06-10T11:00:00+05:30,1485.2,1485.6,1483.4,1484.7,5459,0
2026-06-10T11:05:00+05:30,1484.2,1491.0,1484.2,1490.3,9225,0
2026-06-10T11:10:00+05:30,1490.6,1490.8,1482.6,1482.9,15479,0
2026-06-10T11:15:00+05:30,1483.2,1485.3,1479.9,1479.9,16076,0
2026-06-10T11:20:00+05:30,1480.0,1482.9,1479.9,1481.4,12046,0
2026-06-10T11:25:00+05:30,1481.4,1483.7,1480.1,1482.6,14897,0
2026-06-10T11:30:00+05:30,1482.1,1483.5,1481.2,1481.3,10180,0
2026-06-10T11:35:00+05:30,1481.8,1484.3,1480.8,1482.2,16731,0
2026-06-10T11:40:00+05:30,1482.3,1483.1,1480.3,1481.1,11559,0
2026-06-10T11:45:00+05:30,1481.1,1481.5,1479.6,1480.5,15652,0
2026-06-10T11:50:00+05:30,1481.0,1482.9,1480.2,1480.6,10193,0
2026-06-10T11:55:00+05:30,1480.9,1488.0,1480.3,1487.0,42324,0
2026-06-10T12:00:00+05:30,1487.5,1488.5,1483.9,1485.1,11622,0
2026-06-10T12:05:00+05:30,1485.4,1485.4,1483.0,1483.7,10969,0
2026-06-10T12:10:00+05:30,1483.7,1486.2,1483.7,1485.4,11687,0
2026-06-10T12:15:00+05:30,1485.9,1485.9,1481.6,1482.1,8905,0
2026-06-10T12:20:00+05:30,1482.1,1482.7,1479.1,1479.4,11417,0
2026-06-10T12:25:00+05:30,1479.4,1481.5,1477.6,1479.0,20482,0
2026-06-10T12:30:00+05:30,1479.0,1480.1,1478.4,1479.1,12608,0
2026-06-10T12:35:00+05:30,1479.4,1480.3,1478.2,1478.3,11943,0
2026-06-10T12:40:00+05:30,1478.3,1478.9,1476.2,1478.0,17276,0
2026-06-10T12:45:00+05:30,1477.8,1479.7,1476.6,1478.6,15726,0
2026-06-10T12:50:00+05:30,1479.0,1482.6,1478.5,1480.5,18240,0
2026-06-10T12:55:00+05:30,1480.5,1482.5,1479.6,1482.5,17597,0
2026-06-10T13:00:00+05:30,1482.4,1484.4,1481.7,1483.2,10319,0
2026-06-10T13:05:00+05:30,1483.2,1483.2,1481.4,1482.6,5526,0
2026-06-10T13:10:00+05:30,1482.8,1482.9,1479.6,1481.0,9351,0
2026-06-10T13:15:00+05:30,1481.5,1482.8,1480.1,1481.6,9108,0
2026-06-10T13:20:00+05:30,1481.7,1482.4,1480.1,1480.1,8876,0
2026-06-10T13:25:00+05:30,1480.3,1484.2,1479.3,1483.6,8393,0
2026-06-10T13:30:00+05:30,1483.6,1487.4,1483.6,1485.0,13680,0
2026-06-10T13:35:00+05:30,1485.0,1485.5,1483.0,1484.0,8024,0
2026-06-10T13:40:00+05:30,1484.5,1484.9,1483.3,1483.9,8354,0
2026-06-10T13:45:00+05:30,1483.9,1485.1,1483.5,1484.9,9237,0
2026-06-10T13:50:00+05:30,1484.9,1485.8,1484.2,1484.9,4373,0
2026-06-10T13:55:00+05:30,1484.7,1486.4,1484.0,1486.4,5991,0
2026-06-10T14:00:00+05:30,1486.3,1487.8,1484.5,1487.6,6024,0
2026-06-10T14:05:00+05:30,1487.6,1489.0,1484.5,1484.7,13516,0
2026-06-10T14:10:00+05:30,1485.1,1485.1,1483.8,1484.3,5051,0
2026-06-10T14:15:00+05:30,1484.3,1484.8,1483.2,1483.3,6409,0
2026-06-10T14:20:00+05:30,1483.5,1485.6,1482.3,1484.5,5001,0
2026-06-10T14:25:00+05:30,1484.7,1484.7,1481.4,1481.8,6759,0
2026-06-10T14:30:00+05:30,1481.8,1482.5,1480.0,1482.1,8921,0
2026-06-10T14:35:00+05:30,1482.4,1483.2,1479.9,1480.3,9277,0
2026-06-10T14:40:00+05:30,1480.3,1481.9,1478.2,1480.4,12679,0
2026-06-10T14:45:00+05:30,1480.1,1480.4,1478.1,1478.8,12419,0
2026-06-10T14:50:00+05:30,1478.8,1481.4,1477.6,1478.2,12943,0
2026-06-10T14:55:00+05:30,1478.5,1479.6,1477.1,1478.2,16474,0
2026-06-10T15:00:00+05:30,1478.7,1478.7,1476.2,1476.9,32046,0
2026-06-10T15:05:00+05:30,1477.1,1480.9,1476.9,1479.7,27086,0
2026-06-10T15:10:00+05:30,1480.0,1481.5,1477.5,1477.7,21120,0
2026-06-10T15:15:00+05:30,1478.2,1480.6,1477.3,1479.7,27302,0
2026-06-10T15:20:00+05:30,1479.8,1480.7,1477.7,1478.2,32384,0
2026-06-10T15:25:00+05:30,1478.8,1481.0,1478.3,1479.0,21178,0
2026-06-11T09:15:00+05:30,1456.8,1468.3,1446.0,1446.3,57039,0
2026-06-11T09:20:00+05:30,1447.1,1448.8,1442.4,1444.9,38690,0
2026-06-11T09:25:00+05:30,1445.0,1448.9,1440.5,1447.7,41781,0
2026-06-11T09:30:00+05:30,1447.6,1447.7,1440.2,1441.1,27062,0
2026-06-11T09:35:00+05:30,1441.1,1451.7,1437.7,1450.0,64937,0
2026-06-11T09:40:00+05:30,1450.1,1459.4,1449.2,1455.6,38363,0
2026-06-11T09:45:00+05:30,1455.5,1463.0,1454.7,1461.6,26951,0
2026-06-11T09:50:00+05:30,1462.5,1464.3,1451.6,1457.2,55190,0
2026-06-11T09:55:00+05:30,1457.5,1457.9,1452.6,1453.1,50029,0
2026-06-11T10:00:00+05:30,1453.7,1457.1,1451.3,1453.1,37030,0
2026-06-11T10:05:00+05:30,1453.8,1458.0,1452.6,1457.1,29530,0
2026-06-11T10:10:00+05:30,1457.0,1459.9,1450.3,1450.5,52016,0
2026-06-11T10:15:00+05:30,1451.0,1456.5,1450.6,1456.0,22040,0
2026-06-11T10:20:00+05:30,1456.1,1458.2,1455.0,1455.4,47138,0
2026-06-11T10:25:00+05:30,1455.8,1467.9,1455.2,1462.3,48998,0
2026-06-11T10:30:00+05:30,1462.8,1471.7,1462.2,1465.4,45733,0
2026-06-11T10:35:00+05:30,1465.7,1466.8,1462.4,1463.4,28853,0
2026-06-11T10:40:00+05:30,1463.8,1467.5,1462.7,1464.6,21207,0
2026-06-11T10:45:00+05:30,1464.7,1466.0,1461.9,1462.0,20652,0
2026-06-11T10:50:00+05:30,1462.0,1465.0,1461.0,1463.8,14351,0
2026-06-11T10:55:00+05:30,1464.5,1466.4,1463.1,1463.9,18551,0
2026-06-11T11:00:00+05:30,1464.7,1467.0,1463.1,1465.3,31318,0
2026-06-11T11:05:00+05:30,1465.5,1467.6,1465.2,1465.6,12194,0
2026-06-11T11:10:00+05:30,1466.1,1467.6,1461.2,1461.3,22244,0
2026-06-11T11:15:00+05:30,1461.9,1463.8,1460.5,1462.9,18711,0
2026-06-11T11:20:00+05:30,1463.6,1466.9,1461.4,1462.2,21142,0
2026-06-11T11:25:00+05:30,1462.3,1462.5,1458.1,1460.0,22412,0
2026-06-11T11:30:00+05:30,1460.1,1477.2,1459.2,1477.2,55204,0
2026-06-11T11:35:00+05:30,1476.9,1478.5,1472.8,1474.9,44427,0
2026-06-11T11:40:00+05:30,1475.5,1476.8,1472.8,1475.3,15321,0
2026-06-11T11:45:00+05:30,1475.8,1478.6,1474.7,1477.0,19339,0
2026-06-11T11:50:00+05:30,1476.8,1480.1,1475.8,1476.8,29281,0
2026-06-11T11:55:00+05:30,1476.7,1481.9,1475.3,1480.4,31100,0
2026-06-11T12:00:00+05:30,1480.0,1480.9,1478.4,1478.7,10369,0
2026-06-11T12:05:00+05:30,1479.0,1479.6,1474.1,1474.3,17975,0
2026-06-11T12:10:00+05:30,1474.7,1475.7,1471.2,1471.9,18968,0
2026-06-11T12:15:00+05:30,1472.4,1474.8,1470.0,1470.1,15469,0
2026-06-11T12:20:00+05:30,1470.6,1471.9,1469.3,1469.3,12570,0
2026-06-11T12:25:00+05:30,1469.9,1469.9,1464.5,1465.3,18944,0
2026-06-11T12:30:00+05:30,1465.5,1466.7,1464.5,1465.8,10649,0
2026-06-11T12:35:00+05:30,1465.7,1468.1,1464.0,1465.8,12119,0
2026-06-11T12:40:00+05:30,1466.6,1466.6,1464.3,1465.0,12408,0
2026-06-11T12:45:00+05:30,1465.0,1465.3,1460.1,1460.1,22278,0
2026-06-11T12:50:00+05:30,1460.8,1462.5,1460.1,1460.3,12177,0
2026-06-11T12:55:00+05:30,1461.0,1464.4,1459.7,1463.2,19943,0
2026-06-11T13:00:00+05:30,1463.2,1464.4,1459.9,1460.6,14759,0
2026-06-11T13:05:00+05:30,1460.6,1460.6,1458.0,1459.2,14028,0
2026-06-11T13:10:00+05:30,1459.2,1460.2,1457.9,1458.7,11852,0
2026-06-11T13:15:00+05:30,1459.3,1461.6,1458.8,1459.8,11176,0
2026-06-11T13:20:00+05:30,1459.8,1460.3,1456.2,1458.3,10859,0
2026-06-11T13:25:00+05:30,1458.3,1458.5,1456.2,1457.3,10365,0
2026-06-11T13:30:00+05:30,1457.3,1459.5,1456.3,1456.3,15312,0
2026-06-11T13:35:00+05:30,1456.9,1457.1,1455.1,1456.1,15294,0
2026-06-11T13:40:00+05:30,1456.1,1457.7,1454.3,1455.0,12276,0
2026-06-11T13:45:00+05:30,1455.5,1458.2,1454.7,1456.0,11633,0
2026-06-11T13:50:00+05:30,1456.0,1456.0,1454.0,1455.5,12469,0
2026-06-11T13:55:00+05:30,1455.5,1458.1,1454.1,1456.4,13104,0
2026-06-11T14:00:00+05:30,1457.0,1459.0,1456.1,1458.7,14543,0
2026-06-11T14:05:00+05:30,1458.6,1458.8,1454.7,1455.8,13867,0
2026-06-11T14:10:00+05:30,1455.8,1457.0,1454.5,1456.2,11832,0
2026-06-11T14:15:00+05:30,1456.2,1457.8,1455.0,1457.7,13716,0
2026-06-11T14:20:00+05:30,1457.7,1458.8,1455.2,1456.5,15018,0
2026-06-11T14:25:00+05:30,1456.5,1461.2,1455.6,1459.6,20171,0
2026-06-11T14:30:00+05:30,1459.6,1466.8,1458.9,1465.7,55291,0
2026-06-11T14:35:00+05:30,1465.8,1466.7,1462.4,1465.4,38938,0
2026-06-11T14:40:00+05:30,1465.5,1466.4,1462.7,1463.8,19093,0
2026-06-11T14:45:00+05:30,1464.4,1465.8,1462.5,1464.6,24345,0
2026-06-11T14:50:00+05:30,1464.6,1465.4,1462.2,1463.0,27770,0
2026-06-11T14:55:00+05:30,1463.3,1463.3,1460.8,1462.4,21538,0
2026-06-11T15:00:00+05:30,1462.4,1465.8,1461.2,1462.0,46258,0
2026-06-11T15:05:00+05:30,1462.0,1464.0,1461.1,1463.4,59092,0
2026-06-11T15:10:00+05:30,1463.1,1465.8,1462.8,1465.7,64874,0
2026-06-11T15:15:00+05:30,1465.3,1467.7,1464.3,1467.4,74307,0
2026-06-11T15:20:00+05:30,1467.5,1467.7,1466.1,1467.3,66091,0
2026-06-11T15:25:00+05:30,1467.2,1469.2,1466.6,1467.0,46900,0
2026-06-12T09:15:00+05:30,1477.0,1478.6,1458.8,1461.5,56288,0
2026-06-12T09:20:00+05:30,1461.8,1464.9,1459.3,1459.5,21398,0
2026-06-12T09:25:00+05:30,1460.1,1460.7,1455.5,1456.0,20783,0
2026-06-12T09:30:00+05:30,1456.2,1458.1,1452.2,1457.4,22280,0
2026-06-12T09:35:00+05:30,1458.1,1458.4,1454.3,1455.6,30086,0
2026-06-12T09:40:00+05:30,1455.5,1458.1,1453.4,1455.4,17316,0
2026-06-12T09:45:00+05:30,1455.9,1455.9,1451.2,1453.3,16407,0
2026-06-12T09:50:00+05:30,1454.0,1454.0,1451.0,1451.5,13706,0
2026-06-12T09:55:00+05:30,1452.0,1455.4,1449.0,1452.0,41175,0
2026-06-12T10:00:00+05:30,1451.9,1452.4,1448.2,1449.0,11209,0
2026-06-12T10:05:00+05:30,1449.5,1449.9,1445.3,1446.9,14600,0
2026-06-12T10:10:00+05:30,1446.9,1449.5,1446.2,1448.6,14487,0
2026-06-12T10:15:00+05:30,1448.8,1450.3,1447.9,1449.3,12019,0
2026-06-12T10:20:00+05:30,1449.9,1453.9,1449.3,1453.6,18931,0
2026-06-12T10:25:00+05:30,1453.6,1453.8,1448.0,1448.8,40423,0
2026-06-12T10:30:00+05:30,1449.2,1449.2,1445.1,1446.8,30430,0
2026-06-12T10:35:00+05:30,1447.3,1448.8,1446.1,1447.4,10999,0
2026-06-12T10:40:00+05:30,1447.6,1450.0,1442.7,1448.5,45174,0
2026-06-12T10:45:00+05:30,1448.8,1449.3,1447.6,1448.1,11296,0
2026-06-12T10:50:00+05:30,1448.1,1448.1,1445.5,1446.0,11346,0
2026-06-12T10:55:00+05:30,1446.7,1447.3,1443.2,1443.6,18011,0
2026-06-12T11:00:00+05:30,1444.4,1445.8,1443.0,1443.2,18208,0
2026-06-12T11:05:00+05:30,1443.7,1449.5,1443.2,1447.5,66555,0
2026-06-12T11:10:00+05:30,1448.1,1449.4,1445.0,1445.3,40375,0
2026-06-12T11:15:00+05:30,1446.0,1446.3,1444.3,1445.0,12596,0
2026-06-12T11:20:00+05:30,1445.8,1446.0,1443.5,1444.0,7939,0
2026-06-12T11:25:00+05:30,1444.3,1444.6,1440.8,1441.3,32530,0
2026-06-12T11:30:00+05:30,1441.7,1443.0,1441.3,1442.0,9587,0
2026-06-12T11:35:00+05:30,1442.2,1443.0,1441.0,1442.0,19683,0
2026-06-12T11:40:00+05:30,1442.4,1443.4,1441.2,1441.7,18668,0
2026-06-12T11:45:00+05:30,1442.4,1443.1,1441.0,1442.7,10372,0
2026-06-12T11:50:00+05:30,1442.7,1443.1,1441.4,1442.3,9945,0
2026-06-12T11:55:00+05:30,1442.6,1442.8,1441.2,1441.4,6819,0
2026-06-12T12:00:00+05:30,1441.6,1441.8,1441.0,1441.0,7119,0
2026-06-12T12:05:00+05:30,1441.3,1441.7,1440.1,1440.1,16415,0
2026-06-12T12:10:00+05:30,1440.8,1441.2,1438.2,1440.3,29052,0
2026-06-12T12:15:00+05:30,1440.8,1443.0,1440.0,1440.7,12523,0
2026-06-12T12:20:00+05:30,1441.2,1442.1,1440.1,1440.6,12171,0
2026-06-12T12:25:00+05:30,1440.7,1440.9,1439.0,1439.8,17279,0
2026-06-12T12:30:00+05:30,1439.7,1439.9,1437.5,1437.5,22344,0
2026-06-12T12:35:00+05:30,1438.0,1438.0,1433.3,1434.0,52178,0
2026-06-12T12:40:00+05:30,1434.5,1434.8,1431.6,1431.6,17629,0
2026-06-12T12:45:00+05:30,1432.1,1432.1,1428.6,1429.6,33399,0
2026-06-12T12:50:00+05:30,1429.6,1431.3,1425.0,1430.2,40502,0
2026-06-12T12:55:00+05:30,1430.2,1431.9,1429.1,1430.0,22673,0
2026-06-12T13:00:00+05:30,1430.5,1431.1,1429.5,1430.4,10759,0
2026-06-12T13:05:00+05:30,1430.5,1431.7,1428.8,1430.0,9975,0
2026-06-12T13:10:00+05:30,1430.6,1431.4,1429.0,1430.0,14668,0
2026-06-12T13:15:00+05:30,1430.2,1432.0,1429.7,1429.7,12857,0
2026-06-12T13:20:00+05:30,1430.2,1430.7,1427.4,1428.0,16891,0
2026-06-12T13:25:00+05:30,1428.0,1434.2,1426.3,1430.2,49299,0
2026-06-12T13:30:00+05:30,1430.9,1432.8,1429.2,1429.2,19526,0
2026-06-12T13:35:00+05:30,1429.7,1434.8,1429.2,1433.6,36834,0
2026-06-12T13:40:00+05:30,1434.2,1436.0,1432.1,1432.7,27660,0
2026-06-12T13:45:00+05:30,1433.1,1436.2,1432.7,1434.5,25168,0
2026-06-12T13:50:00+05:30,1435.0,1435.0,1432.5,1434.0,22146,0
2026-06-12T13:55:00+05:30,1434.0,1434.9,1432.9,1433.7,22677,0
2026-06-12T14:00:00+05:30,1433.9,1436.6,1432.9,1432.9,55435,0
2026-06-12T14:05:00+05:30,1433.8,1435.1,1430.0,1431.0,80646,0
2026-06-12T14:10:00+05:30,1431.3,1433.4,1429.0,1432.9,52014,0
2026-06-12T14:15:00+05:30,1432.9,1433.2,1429.8,1431.8,42950,0
2026-06-12T14:20:00+05:30,1431.9,1433.1,1428.2,1430.8,40054,0
2026-06-12T14:25:00+05:30,1430.6,1431.2,1426.7,1430.1,76561,0
2026-06-12T14:30:00+05:30,1430.6,1432.2,1426.5,1428.0,101369,0
2026-06-12T14:35:00+05:30,1428.0,1429.0,1425.5,1428.0,59846,0
2026-06-12T14:40:00+05:30,1428.0,1429.4,1425.2,1428.1,84424,0
2026-06-12T14:45:00+05:30,1428.0,1429.3,1427.4,1428.8,39046,0
2026-06-12T14:50:00+05:30,1429.1,1429.3,1426.7,1428.4,69852,0
2026-06-12T14:55:00+05:30,1428.0,1430.4,1426.1,1429.5,138678,0
2026-06-12T15:00:00+05:30,1429.5,1430.9,1425.7,1429.9,62905,0
2026-06-12T15:05:00+05:30,1429.9,1431.3,1428.6,1429.7,30937,0
2026-06-12T15:10:00+05:30,1429.7,1429.8,1428.4,1429.0,33526,0
2026-06-12T15:15:00+05:30,1429.0,1430.9,1427.7,1428.6,72954,0
2026-06-12T15:20:00+05:30,1428.6,1430.6,1427.4,1429.9,67351,0
2026-06-12T15:25:00+05:30,1429.9,1434.0,1428.5,1433.1,66998,0
2026-06-15T09:15:00+05:30,1441.2,1454.7,1441.2,1444.8,68585,0
2026-06-15T09:20:00+05:30,1444.4,1447.4,1443.1,1446.0,17472,0
2026-06-15T09:25:00+05:30,1446.0,1446.0,1437.1,1442.4,20871,0
2026-06-15T09:30:00+05:30,1442.3,1443.0,1435.3,1437.6,20032,0
2026-06-15T09:35:00+05:30,1438.2,1438.2,1431.1,1434.0,30822,0
2026-06-15T09:40:00+05:30,1434.0,1435.7,1433.1,1435.5,12393,0
2026-06-15T09:45:00+05:30,1435.7,1435.7,1433.2,1434.3,18384,0
2026-06-15T09:50:00+05:30,1434.4,1435.0,1433.3,1434.4,6586,0
2026-06-15T09:55:00+05:30,1434.4,1435.0,1432.1,1433.5,12103,0
2026-06-15T10:00:00+05:30,1433.6,1434.3,1431.9,1434.0,12243,0
2026-06-15T10:05:00+05:30,1434.1,1434.1,1432.1,1432.8,6827,0
2026-06-15T10:10:00+05:30,1433.0,1433.5,1431.9,1432.0,16688,0
2026-06-15T10:15:00+05:30,1432.5,1434.6,1427.7,1433.4,96306,0
2026-06-15T10:20:00+05:30,1433.4,1434.3,1431.6,1433.7,10561,0
2026-06-15T10:25:00+05:30,1434.0,1436.0,1432.8,1435.5,7337,0
2026-06-15T10:30:00+05:30,1435.6,1436.0,1433.0,1434.2,8585,0
2026-06-15T10:35:00+05:30,1434.2,1435.4,1429.4,1431.6,77122,0
2026-06-15T10:40:00+05:30,1431.6,1435.0,1431.5,1434.8,17442,0
2026-06-15T10:45:00+05:30,1434.8,1435.1,1432.7,1432.9,7072,0
2026-06-15T10:50:00+05:30,1433.3,1434.9,1432.0,1434.5,20973,0
2026-06-15T10:55:00+05:30,1434.5,1447.6,1434.1,1440.7,79070,0
2026-06-15T11:00:00+05:30,1440.7,1441.1,1437.4,1437.7,21528,0
2026-06-15T11:05:00+05:30,1437.7,1442.7,1435.8,1441.5,21248,0
2026-06-15T11:10:00+05:30,1441.7,1448.0,1440.8,1444.2,29357,0
2026-06-15T11:15:00+05:30,1444.0,1444.5,1442.3,1442.8,10562,0
2026-06-15T11:20:00+05:30,1443.4,1445.0,1440.1,1441.0,5889,0
2026-06-15T11:25:00+05:30,1441.2,1443.0,1439.9,1440.4,9184,0
2026-06-15T11:30:00+05:30,1440.4,1440.4,1434.8,1436.5,11628,0
2026-06-15T11:35:00+05:30,1436.6,1440.5,1435.2,1438.9,20913,0
2026-06-15T11:40:00+05:30,1438.9,1439.3,1436.5,1437.4,6297,0
2026-06-15T11:45:00+05:30,1437.4,1438.2,1434.9,1437.4,12230,0
2026-06-15T11:50:00+05:30,1437.4,1437.4,1434.7,1435.9,8165,0
2026-06-15T11:55:00+05:30,1435.9,1437.2,1435.2,1436.0,7102,0
2026-06-15T12:00:00+05:30,1436.2,1438.0,1435.2,1438.0,53140,0
2026-06-15T12:05:00+05:30,1438.0,1438.0,1434.5,1435.3,7826,0
2026-06-15T12:10:00+05:30,1435.3,1435.6,1431.1,1432.5,27209,0
2026-06-15T12:15:00+05:30,1432.5,1432.9,1431.2,1431.6,12740,0
2026-06-15T12:20:00+05:30,1431.7,1432.0,1430.3,1430.8,28629,0
2026-06-15T12:25:00+05:30,1430.8,1431.5,1430.0,1430.8,39001,0
2026-06-15T12:30:00+05:30,1430.7,1432.6,1430.1,1432.2,61452,0
2026-06-15T12:35:00+05:30,1432.2,1432.6,1429.5,1430.2,56096,0
2026-06-15T12:40:00+05:30,1430.7,1430.7,1429.0,1430.0,21810,0
2026-06-15T12:45:00+05:30,1430.3,1431.7,1429.9,1431.6,30560,0
2026-06-15T12:50:00+05:30,1431.6,1432.7,1430.0,1430.3,33146,0
2026-06-15T12:55:00+05:30,1430.5,1432.5,1430.2,1432.0,51316,0
2026-06-15T13:00:00+05:30,1432.2,1432.5,1430.9,1431.8,8216,0
2026-06-15T13:05:00+05:30,1431.8,1432.5,1430.4,1432.5,9109,0
2026-06-15T13:10:00+05:30,1432.5,1435.0,1429.8,1433.2,88863,0
2026-06-15T13:15:00+05:30,1433.5,1433.7,1429.1,1429.1,24648,0
2026-06-15T13:20:00+05:30,1429.6,1430.1,1426.8,1427.0,25813,0
2026-06-15T13:25:00+05:30,1427.0,1427.4,1424.0,1426.0,29080,0
2026-06-15T13:30:00+05:30,1426.2,1427.2,1425.2,1425.6,23781,0
2026-06-15T13:35:00+05:30,1425.6,1427.0,1425.0,1425.3,53191,0
2026-06-15T13:40:00+05:30,1425.8,1426.9,1424.4,1425.1,11400,0
2026-06-15T13:45:00+05:30,1425.2,1425.8,1424.4,1425.0,6078,0
2026-06-15T13:50:00+05:30,1425.0,1426.0,1423.6,1424.8,24895,0
2026-06-15T13:55:00+05:30,1424.9,1427.4,1424.4,1427.3,9347,0
2026-06-15T14:00:00+05:30,1427.3,1428.9,1426.7,1428.0,21649,0
2026-06-15T14:05:00+05:30,1428.0,1428.8,1427.1,1427.8,10937,0
2026-06-15T14:10:00+05:30,1427.8,1428.0,1426.3,1427.3,23907,0
2026-06-15T14:15:00+05:30,1427.4,1427.9,1426.2,1427.4,12438,0
2026-06-15T14:20:00+05:30,1427.4,1428.0,1426.2,1427.1,16405,0
2026-06-15T14:25:00+05:30,1427.1,1427.9,1425.9,1426.8,10189,0
2026-06-15T14:30:00+05:30,1426.8,1428.0,1425.9,1427.0,7184,0
2026-06-15T14:35:00+05:30,1427.0,1427.9,1425.6,1426.0,16846,0
2026-06-15T14:40:00+05:30,1426.0,1426.6,1425.4,1426.2,11921,0
2026-06-15T14:45:00+05:30,1426.2,1426.5,1425.1,1425.3,13442,0
2026-06-15T14:50:00+05:30,1425.3,1426.2,1424.1,1425.2,14289,0
2026-06-15T14:55:00+05:30,1425.2,1427.1,1424.0,1424.8,18165,0
2026-06-15T15:00:00+05:30,1424.8,1426.8,1423.9,1424.9,67397,0
2026-06-15T15:05:00+05:30,1425.0,1426.9,1424.2,1426.0,29374,0
2026-06-15T15:10:00+05:30,1426.0,1426.1,1424.0,1424.9,34444,0
2026-06-15T15:15:00+05:30,1424.9,1426.3,1424.0,1425.0,61990,0
2026-06-15T15:20:00+05:30,1424.6,1426.0,1424.6,1425.1,39461,0
2026-06-15T15:25:00+05:30,1425.4,1428.7,1425.0,1426.9,41228,0
2026-06-16T09:15:00+05:30,1435.1,1440.9,1430.0,1440.9,28520,0
2026-06-16T09:20:00+05:30,1440.4,1443.5,1437.3,1438.1,26598,0
2026-06-16T09:25:00+05:30,1438.2,1439.7,1436.1,1439.2,16737,0
2026-06-16T09:30:00+05:30,1439.3,1446.9,1438.8,1445.2,56127,0
2026-06-16T09:35:00+05:30,1445.5,1448.9,1443.2,1447.4,47099,0
2026-06-16T09:40:00+05:30,1447.4,1448.5,1446.5,1447.0,18783,0
2026-06-16T09:45:00+05:30,1447.1,1447.1,1437.2,1438.4,25281,0
2026-06-16T09:50:00+05:30,1438.1,1440.6,1436.0,1439.8,23075,0
2026-06-16T09:55:00+05:30,1438.9,1440.0,1438.1,1439.1,7070,0
2026-06-16T10:00:00+05:30,1438.9,1442.4,1438.6,1440.6,14114,0
2026-06-16T10:05:00+05:30,1440.5,1442.0,1439.4,1441.3,8219,0
2026-06-16T10:10:00+05:30,1441.4,1443.0,1440.1,1442.5,6612,0
2026-06-16T10:15:00+05:30,1443.0,1447.0,1442.6,1446.0,13260,0
2026-06-16T10:20:00+05:30,1446.0,1451.8,1445.1,1449.2,38474,0
2026-06-16T10:25:00+05:30,1449.0,1452.8,1448.1,1449.4,27769,0
2026-06-16T10:30:00+05:30,1449.1,1455.7,1448.8,1449.9,42022,0
2026-06-16T10:35:00+05:30,1449.9,1452.0,1447.8,1449.0,16620,0
2026-06-16T10:40:00+05:30,1448.9,1450.0,1446.6,1447.7,7208,0
2026-06-16T10:45:00+05:30,1447.5,1448.5,1446.8,1447.4,6163,0
2026-06-16T10:50:00+05:30,1447.4,1447.4,1441.5,1442.1,10894,0
2026-06-16T10:55:00+05:30,1442.3,1444.6,1442.0,1443.6,10953,0
2026-06-16T11:00:00+05:30,1443.6,1444.4,1442.1,1442.5,5625,0
2026-06-16T11:05:00+05:30,1442.8,1444.1,1442.5,1442.6,3108,0
2026-06-16T11:10:00+05:30,1442.6,1442.6,1438.0,1438.4,15610,0
2026-06-16T11:15:00+05:30,1438.7,1440.0,1438.0,1438.0,7365,0
2026-06-16T11:20:00+05:30,1438.3,1439.5,1438.0,1439.2,6478,0
2026-06-16T11:25:00+05:30,1439.2,1439.8,1436.7,1437.4,6704,0
2026-06-16T11:30:00+05:30,1437.3,1437.9,1435.0,1436.3,13173,0
2026-06-16T11:35:00+05:30,1436.3,1436.8,1432.3,1433.2,11007,0
2026-06-16T11:40:00+05:30,1433.5,1434.4,1431.9,1432.6,7380,0
2026-06-16T11:45:00+05:30,1432.3,1434.6,1432.0,1434.6,6172,0
2026-06-16T11:50:00+05:30,1434.6,1435.0,1432.3,1433.0,6864,0
2026-06-16T11:55:00+05:30,1432.8,1433.8,1431.0,1433.4,8955,0
2026-06-16T12:00:00+05:30,1433.4,1433.5,1430.5,1431.4,9172,0
2026-06-16T12:05:00+05:30,1431.2,1431.6,1430.4,1431.2,4336,0
2026-06-16T12:10:00+05:30,1431.3,1432.2,1431.1,1431.7,5388,0
2026-06-16T12:15:00+05:30,1431.7,1432.4,1431.3,1431.7,3729,0
2026-06-16T12:20:00+05:30,1431.7,1432.5,1430.5,1431.9,5147,0
2026-06-16T12:25:00+05:30,1431.9,1433.3,1431.4,1432.8,5206,0
2026-06-16T12:30:00+05:30,1432.8,1433.9,1432.5,1433.9,6218,0
2026-06-16T12:35:00+05:30,1433.8,1437.1,1433.2,1434.1,6415,0
2026-06-16T12:40:00+05:30,1434.1,1434.5,1427.5,1429.0,30608,0
2026-06-16T12:45:00+05:30,1429.0,1429.7,1424.9,1428.3,120039,0
2026-06-16T12:50:00+05:30,1428.3,1429.4,1422.9,1423.8,104509,0
2026-06-16T12:55:00+05:30,1423.2,1426.7,1423.2,1426.7,20688,0
2026-06-16T13:00:00+05:30,1426.6,1426.7,1424.3,1425.5,9276,0
2026-06-16T13:05:00+05:30,1425.7,1428.5,1425.0,1428.5,6195,0
2026-06-16T13:10:00+05:30,1428.5,1429.8,1428.0,1429.2,9950,0
2026-06-16T13:15:00+05:30,1429.2,1430.0,1427.7,1428.2,6385,0
2026-06-16T13:20:00+05:30,1428.2,1429.9,1427.6,1429.3,4370,0
2026-06-16T13:25:00+05:30,1429.5,1430.8,1429.0,1429.7,7457,0
2026-06-16T13:30:00+05:30,1429.7,1431.9,1429.7,1431.4,21333,0
2026-06-16T13:35:00+05:30,1431.4,1432.3,1430.0,1431.5,16307,0
2026-06-16T13:40:00+05:30,1431.5,1432.3,1430.8,1431.3,5260,0
2026-06-16T13:45:00+05:30,1431.4,1432.3,1430.1,1431.5,3205,0
2026-06-16T13:50:00+05:30,1431.5,1434.0,1431.2,1434.0,9585,0
2026-06-16T13:55:00+05:30,1433.4,1436.5,1433.2,1435.1,12568,0
2026-06-16T14:00:00+05:30,1435.3,1436.7,1433.0,1436.4,29405,0
2026-06-16T14:05:00+05:30,1436.4,1439.1,1435.6,1438.3,51668,0
2026-06-16T14:10:00+05:30,1438.2,1442.7,1438.0,1441.9,330417,0
2026-06-16T14:15:00+05:30,1441.9,1442.1,1440.6,1441.5,8596,0
2026-06-16T14:20:00+05:30,1441.8,1442.2,1439.8,1441.5,36013,0
2026-06-16T14:25:00+05:30,1441.6,1442.8,1441.1,1442.3,7637,0
2026-06-16T14:30:00+05:30,1442.3,1442.5,1441.1,1441.7,11644,0
2026-06-16T14:35:00+05:30,1441.9,1443.8,1440.0,1443.8,68500,0
2026-06-16T14:40:00+05:30,1443.7,1445.5,1442.1,1443.1,110267,0
2026-06-16T14:45:00+05:30,1443.0,1445.9,1442.2,1445.3,44531,0
2026-06-16T14:50:00+05:30,1445.8,1446.4,1444.5,1445.6,13273,0
2026-06-16T14:55:00+05:30,1445.6,1445.6,1443.9,1444.7,7709,0
2026-06-16T15:00:00+05:30,1444.7,1446.2,1443.5,1445.8,27814,0
2026-06-16T15:05:00+05:30,1445.9,1446.4,1445.3,1446.0,17936,0
2026-06-16T15:10:00+05:30,1446.0,1446.8,1445.5,1446.6,22036,0
2026-06-16T15:15:00+05:30,1446.4,1446.7,1445.0,1445.0,73543,0
2026-06-16T15:20:00+05:30,1445.5,1447.7,1445.0,1445.9,38409,0
2026-06-16T15:25:00+05:30,1445.9,1451.0,1445.0,1450.0,98268,0
2026-06-17T09:15:00+05:30,1455.0,1467.7,1454.0,1466.2,147581,0
2026-06-17T09:20:00+05:30,1466.4,1467.7,1463.1,1465.0,72826,0
2026-06-17T09:25:00+05:30,1465.0,1465.8,1460.2,1464.3,40933,0
2026-06-17T09:30:00+05:30,1464.7,1469.5,1463.3,1467.6,62972,0
2026-06-17T09:35:00+05:30,1467.6,1474.5,1467.0,1472.7,79499,0
2026-06-17T09:40:00+05:30,1472.7,1472.7,1469.1,1470.3,38396,0
2026-06-17T09:45:00+05:30,1470.5,1471.4,1465.9,1468.6,51902,0
2026-06-17T09:50:00+05:30,1468.6,1468.6,1466.3,1467.3,26222,0
2026-06-17T09:55:00+05:30,1467.9,1468.6,1466.4,1467.3,18293,0
2026-06-17T10:00:00+05:30,1467.6,1467.6,1461.4,1464.9,42278,0
2026-06-17T10:05:00+05:30,1464.9,1467.4,1464.4,1466.5,20219,0
2026-06-17T10:10:00+05:30,1466.5,1469.8,1465.4,1465.9,31912,0
2026-06-17T10:15:00+05:30,1465.9,1466.6,1463.6,1466.0,23832,0
2026-06-17T10:20:00+05:30,1465.9,1466.4,1463.4,1466.3,8470,0
2026-06-17T10:25:00+05:30,1466.3,1468.6,1465.9,1467.4,16912,0
2026-06-17T10:30:00+05:30,1467.1,1468.4,1467.0,1468.1,7434,0
2026-06-17T10:35:00+05:30,1468.1,1468.1,1464.5,1465.5,14738,0
2026-06-17T10:40:00+05:30,1465.5,1468.0,1465.0,1467.3,12060,0
2026-06-17T10:45:00+05:30,1467.9,1468.0,1466.0,1467.9,8449,0
2026-06-17T10:50:00+05:30,1467.9,1471.1,1466.7,1469.0,18170,0
2026-06-17T10:55:00+05:30,1469.5,1470.0,1466.0,1467.0,17233,0
2026-06-17T11:00:00+05:30,1467.4,1467.4,1461.8,1465.4,34162,0
2026-06-17T11:05:00+05:30,1465.4,1466.4,1465.1,1466.1,8153,0
2026-06-17T11:10:00+05:30,1466.2,1470.1,1465.7,1468.3,73286,0
2026-06-17T11:15:00+05:30,1468.2,1468.5,1466.0,1467.0,14450,0
2026-06-17T11:20:00+05:30,1467.5,1468.3,1466.1,1467.8,6091,0
2026-06-17T11:25:00+05:30,1467.7,1468.5,1466.6,1468.3,17582,0
2026-06-17T11:30:00+05:30,1468.3,1469.8,1466.9,1469.0,19044,0
2026-06-17T11:35:00+05:30,1469.0,1469.2,1467.1,1467.6,8419,0
2026-06-17T11:40:00+05:30,1467.6,1468.6,1465.5,1466.7,7352,0
2026-06-17T11:45:00+05:30,1466.8,1467.1,1465.5,1467.0,13150,0
2026-06-17T11:50:00+05:30,1467.0,1467.8,1465.2,1466.6,19573,0
2026-06-17T11:55:00+05:30,1466.5,1467.4,1465.1,1466.5,13715,0
2026-06-17T12:00:00+05:30,1467.1,1467.6,1464.7,1467.6,17796,0
2026-06-17T12:05:00+05:30,1467.5,1468.0,1466.7,1467.9,8178,0
2026-06-17T12:10:00+05:30,1467.9,1469.4,1467.1,1469.3,7389,0
2026-06-17T12:15:00+05:30,1469.3,1470.0,1468.6,1469.9,12700,0
2026-06-17T12:20:00+05:30,1470.0,1472.0,1469.6,1469.7,15998,0
2026-06-17T12:25:00+05:30,1470.0,1471.4,1469.4,1470.2,9371,0
2026-06-17T12:30:00+05:30,1470.2,1470.4,1468.9,1469.1,9794,0
2026-06-17T12:35:00+05:30,1469.3,1470.0,1468.7,1469.4,9994,0
2026-06-17T12:40:00+05:30,1469.5,1472.8,1469.4,1472.5,21760,0
2026-06-17T12:45:00+05:30,1472.7,1474.4,1472.6,1474.0,13652,0
2026-06-17T12:50:00+05:30,1474.4,1476.2,1471.2,1474.4,100199,0
2026-06-17T12:55:00+05:30,1474.6,1476.7,1473.1,1476.6,16956,0
2026-06-17T13:00:00+05:30,1476.7,1476.8,1475.3,1475.5,14141,0
2026-06-17T13:05:00+05:30,1476.0,1476.0,1474.3,1474.9,10447,0
2026-06-17T13:10:00+05:30,1475.0,1475.0,1468.0,1469.1,48219,0
2026-06-17T13:15:00+05:30,1469.3,1470.0,1467.8,1470.0,15139,0
2026-06-17T13:20:00+05:30,1470.0,1471.3,1469.0,1469.8,27659,0
2026-06-17T13:25:00+05:30,1469.9,1470.0,1469.5,1469.8,7244,0
2026-06-17T13:30:00+05:30,1469.8,1470.0,1469.0,1469.3,11112,0
2026-06-17T13:35:00+05:30,1469.9,1473.0,1468.3,1471.2,15286,0
2026-06-17T13:40:00+05:30,1471.3,1471.3,1468.1,1470.0,17696,0
2026-06-17T13:45:00+05:30,1470.0,1470.0,1468.3,1469.0,9268,0
2026-06-17T13:50:00+05:30,1469.0,1469.0,1466.6,1466.7,11251,0
2026-06-17T13:55:00+05:30,1466.7,1467.7,1464.0,1464.7,28486,0
2026-06-17T14:00:00+05:30,1464.8,1466.2,1464.6,1464.9,29613,0
2026-06-17T14:05:00+05:30,1465.0,1465.0,1464.5,1465.0,10627,0
2026-06-17T14:10:00+05:30,1465.0,1465.0,1463.9,1464.8,10801,0
2026-06-17T14:15:00+05:30,1464.8,1465.6,1464.5,1465.0,17431,0
2026-06-17T14:20:00+05:30,1465.0,1465.6,1464.6,1465.0,15192,0
2026-06-17T14:25:00+05:30,1465.0,1465.0,1462.1,1462.2,21358,0
2026-06-17T14:30:00+05:30,1463.0,1464.0,1462.2,1463.6,11194,0
2026-06-17T14:35:00+05:30,1463.7,1463.8,1458.5,1461.2,96577,0
2026-06-17T14:40:00+05:30,1461.3,1462.9,1458.4,1462.5,38892,0
2026-06-17T14:45:00+05:30,1462.9,1465.3,1462.5,1463.6,30528,0
2026-06-17T14:50:00+05:30,1463.6,1464.9,1459.6,1461.1,64065,0
2026-06-17T14:55:00+05:30,1460.8,1464.9,1460.7,1464.3,19083,0
2026-06-17T15:00:00+05:30,1464.4,1465.5,1463.1,1464.3,34184,0
2026-06-17T15:05:00+05:30,1464.2,1465.0,1463.1,1464.9,25006,0
2026-06-17T15:10:00+05:30,1464.8,1465.0,1460.7,1463.0,60543,0
2026-06-17T15:15:00+05:30,1463.0,1464.6,1460.9,1462.6,68419,0
2026-06-17T15:20:00+05:30,1462.6,1463.5,1461.0,1461.4,50541,0
2026-06-17T15:25:00+05:30,1461.4,1463.0,1457.1,1457.6,58111,0
