time,open,high,low,close,volume,open_interest
2026-04-20T09:15:00+05:30,2587.1,2589.0,2561.2,2572.4,115549,0
2026-04-20T09:20:00+05:30,2572.1,2583.6,2571.5,2575.7,65181,0
2026-04-20T09:25:00+05:30,2575.9,2578.5,2568.4,2570.0,50796,0
2026-04-20T09:30:00+05:30,2569.9,2578.8,2568.2,2575.9,45202,0
2026-04-20T09:35:00+05:30,2575.6,2577.9,2573.1,2576.3,50925,0
2026-04-20T09:40:00+05:30,2576.5,2577.0,2568.5,2572.7,42987,0
2026-04-20T09:45:00+05:30,2572.8,2573.3,2566.4,2569.4,77800,0
2026-04-20T09:50:00+05:30,2569.4,2575.4,2566.0,2575.4,49568,0
2026-04-20T09:55:00+05:30,2575.2,2575.6,2569.8,2573.5,21378,0
2026-04-20T10:00:00+05:30,2574.1,2577.0,2571.1,2575.9,20417,0
2026-04-20T10:05:00+05:30,2576.1,2577.5,2574.9,2575.3,10145,0
2026-04-20T10:10:00+05:30,2575.8,2575.9,2573.3,2574.9,13450,0
2026-04-20T10:15:00+05:30,2574.9,2574.9,2571.0,2571.5,12260,0
2026-04-20T10:20:00+05:30,2571.5,2573.8,2569.5,2571.4,17324,0
2026-04-20T10:25:00+05:30,2571.8,2573.2,2569.2,2572.8,16431,0
2026-04-20T10:30:00+05:30,2572.8,2576.0,2572.5,2575.0,19588,0
2026-04-20T10:35:00+05:30,2574.7,2579.5,2574.5,2578.3,26915,0
2026-04-20T10:40:00+05:30,2578.3,2578.6,2575.0,2575.3,10433,0
2026-04-20T10:45:00+05:30,2575.0,2575.3,2571.0,2573.0,26750,0
2026-04-20T10:50:00+05:30,2573.3,2574.4,2571.5,2573.0,16661,0
2026-04-20T10:55:00+05:30,2572.9,2574.2,2571.0,2573.1,12784,0
2026-04-20T11:00:00+05:30,2573.6,2578.0,2571.6,2578.0,16129,0
2026-04-20T11:05:00+05:30,2577.7,2580.9,2574.8,2575.1,45713,0
2026-04-20T11:10:00+05:30,2575.6,2577.7,2574.4,2576.6,24919,0
2026-04-20T11:15:00+05:30,2576.6,2580.9,2576.2,2580.3,20648,0
2026-04-20T11:20:00+05:30,2580.2,2589.7,2579.6,2589.0,46781,0
2026-04-20T11:25:00+05:30,2589.0,2593.0,2586.2,2590.0,42946,0
2026-04-20T11:30:00+05:30,2590.0,2590.5,2582.8,2588.0,45799,0
2026-04-20T11:35:00+05:30,2587.5,2590.3,2587.3,2589.8,28657,0
2026-04-20T11:40:00+05:30,2590.0,2592.0,2588.0,2590.9,40251,0
2026-04-20T11:45:00+05:30,2590.9,2591.8,2588.6,2590.2,24912,0
2026-04-20T11:50:00+05:30,2590.7,2591.7,2589.8,2590.4,22789,0
2026-04-20T11:55:00+05:30,2590.4,2591.6,2588.0,2591.2,29343,0
2026-04-20T12:00:00+05:30,2591.2,2591.8,2588.0,2588.7,27562,0
2026-04-20T12:05:00+05:30,2588.7,2591.1,2588.0,2590.0,15350,0
2026-04-20T12:10:00+05:30,2590.0,2590.0,2588.0,2588.8,16069,0
2026-04-20T12:15:00+05:30,2588.8,2589.4,2585.4,2586.5,20474,0
2026-04-20T12:20:00+05:30,2586.5,2588.7,2585.9,2588.3,28644,0
2026-04-20T12:25:00+05:30,2588.0,2591.5,2587.3,2591.0,17665,0
2026-04-20T12:30:00+05:30,2591.0,2593.8,2591.0,2593.3,21852,0
2026-04-20T12:35:00+05:30,2593.5,2594.0,2592.0,2592.7,20152,0
2026-04-20T12:40:00+05:30,2592.7,2592.9,2589.4,2592.3,20804,0
2026-04-20T12:45:00+05:30,2592.8,2593.0,2589.6,2591.7,15799,0
2026-04-20T12:50:00+05:30,2590.8,2593.1,2590.8,2592.3,16970,0
2026-04-20T12:55:00+05:30,2592.3,2592.6,2590.0,2591.5,15126,0
2026-04-20T13:00:00+05:30,2591.3,2591.5,2583.4,2585.2,33790,0
2026-04-20T13:05:00+05:30,2585.1,2587.5,2582.3,2583.5,21543,0
2026-04-20T13:10:00+05:30,2583.5,2586.0,2582.2,2583.0,40020,0
2026-04-20T13:15:00+05:30,2583.5,2586.7,2582.5,2584.1,15570,0
2026-04-20T13:20:00+05:30,2584.1,2585.5,2582.3,2584.5,15974,0
2026-04-20T13:25:00+05:30,2584.4,2586.0,2582.2,2585.9,44223,0
2026-04-20T13:30:00+05:30,2585.8,2586.8,2583.5,2585.0,19105,0
2026-04-20T13:35:00+05:30,2585.4,2585.8,2582.1,2582.6,16637,0
2026-04-20T13:40:00+05:30,2582.8,2584.7,2582.2,2583.3,15596,0
2026-04-20T13:45:00+05:30,2583.3,2583.8,2580.0,2580.4,19040,0
2026-04-20T13:50:00+05:30,2580.7,2584.0,2580.0,2583.9,15510,0
2026-04-20T13:55:00+05:30,2583.8,2584.8,2582.1,2583.8,24972,0
2026-04-20T14:00:00+05:30,2583.6,2583.8,2580.9,2582.0,15005,0
2026-04-20T14:05:00+05:30,2581.7,2582.1,2580.0,2581.7,13787,0
2026-04-20T14:10:00+05:30,2581.8,2584.9,2581.8,2584.3,15180,0
2026-04-20T14:15:00+05:30,2584.3,2585.0,2581.6,2583.2,20307,0
2026-04-20T14:20:00+05:30,2583.3,2586.5,2582.7,2585.6,22944,0
2026-04-20T14:25:00+05:30,2586.1,2589.7,2585.6,2588.4,22495,0
2026-04-20T14:30:00+05:30,2588.4,2588.5,2585.2,2588.0,29970,0
2026-04-20T14:35:00+05:30,2588.0,2588.2,2585.6,2586.4,16837,0
2026-04-20T14:40:00+05:30,2586.0,2587.5,2582.2,2586.9,41613,0
2026-04-20T14:45:00+05:30,2586.6,2587.5,2582.0,2587.5,39857,0
2026-04-20T14:50:00+05:30,2587.1,2589.9,2585.4,2589.2,23783,0
2026-04-20T14:55:00+05:30,2589.0,2590.5,2588.0,2588.7,21729,0
2026-04-20T15:00:00+05:30,2589.1,2590.4,2584.1,2584.4,42176,0
2026-04-20T15:05:00+05:30,2584.4,2585.6,2582.8,2582.8,46692,0
2026-04-20T15:10:00+05:30,2583.0,2583.7,2580.0,2581.0,63962,0
2026-04-20T15:15:00+05:30,2581.1,2581.5,2571.0,2571.6,73851,0
2026-04-20T15:20:00+05:30,2571.6,2578.5,2571.3,2574.1,75397,0
2026-04-20T15:25:00+05:30,2574.1,2577.3,2571.9,2575.9,52973,0
2026-04-21T09:15:00+05:30,2560.0,2577.7,2560.0,2570.0,108218,0
2026-04-21T09:20:00+05:30,2570.2,2578.0,2570.2,2573.3,30735,0
2026-04-21T09:25:00+05:30,2574.3,2578.4,2571.5,2571.7,18796,0
2026-04-21T09:30:00+05:30,2572.0,2575.0,2570.3,2572.6,20883,0
2026-04-21T09:35:00+05:30,2572.4,2576.2,2571.0,2573.0,23268,0
2026-04-21T09:40:00+05:30,2572.8,2575.8,2571.9,2574.0,15953,0
2026-04-21T09:45:00+05:30,2574.4,2581.6,2573.4,2580.2,40159,0
2026-04-21T09:50:00+05:30,2580.2,2583.5,2576.7,2580.4,42005,0
2026-04-21T09:55:00+05:30,2579.9,2582.5,2578.1,2582.2,21432,0
2026-04-21T10:00:00+05:30,2582.4,2584.6,2581.4,2584.4,15074,0
2026-04-21T10:05:00+05:30,2584.2,2592.0,2583.0,2590.3,55416,0
2026-04-21T10:10:00+05:30,2590.8,2593.0,2588.6,2589.5,30700,0
2026-04-21T10:15:00+05:30,2589.5,2590.9,2585.5,2586.0,21672,0
2026-04-21T10:20:00+05:30,2586.0,2587.8,2585.2,2587.3,16426,0
2026-04-21T10:25:00+05:30,2587.3,2587.6,2585.1,2587.6,14414,0
2026-04-21T10:30:00+05:30,2587.3,2590.0,2586.1,2588.9,20105,0
2026-04-21T10:35:00+05:30,2588.9,2589.1,2585.0,2586.0,14657,0
2026-04-21T10:40:00+05:30,2586.0,2586.9,2583.6,2584.8,18765,0
2026-04-21T10:45:00+05:30,2584.8,2587.1,2580.8,2582.5,34851,0
2026-04-21T10:50:00+05:30,2582.0,2586.4,2582.0,2584.8,37427,0
2026-04-21T10:55:00+05:30,2584.9,2591.5,2583.4,2587.4,40038,0
2026-04-21T11:00:00+05:30,2587.4,2589.4,2585.0,2588.8,33923,0
2026-04-21T11:05:00+05:30,2589.0,2589.8,2586.8,2588.0,28168,0
2026-04-21T11:10:00+05:30,2587.5,2589.0,2586.1,2586.3,12822,0
2026-04-21T11:15:00+05:30,2586.4,2589.6,2585.5,2589.2,29728,0
2026-04-21T11:20:00+05:30,2589.1,2589.2,2586.4,2588.9,15346,0
2026-04-21T11:25:00+05:30,2588.3,2589.7,2586.9,2588.4,16512,0
2026-04-21T11:30:00+05:30,2588.0,2590.0,2584.6,2585.9,67122,0
2026-04-21T11:35:00+05:30,2585.9,2595.2,2584.6,2591.3,98196,0
2026-04-21T11:40:00+05:30,2591.3,2598.0,2589.5,2597.9,43698,0
2026-04-21T11:45:00+05:30,2597.9,2600.8,2597.9,2600.0,82300,0
2026-04-21T11:50:00+05:30,2599.9,2601.5,2598.5,2601.0,26687,0
2026-04-21T11:55:00+05:30,2601.2,2603.0,2600.0,2601.7,27530,0
2026-04-21T12:00:00+05:30,2601.7,2602.0,2600.0,2601.1,18991,0
2026-04-21T12:05:00+05:30,2601.1,2602.9,2600.2,2602.9,16874,0
2026-04-21T12:10:00+05:30,2602.7,2606.9,2600.4,2605.8,63031,0
2026-04-21T12:15:00+05:30,2605.0,2606.0,2600.1,2602.0,36985,0
2026-04-21T12:20:00+05:30,2602.0,2603.8,2601.0,2601.5,17849,0
2026-04-21T12:25:00+05:30,2601.8,2603.4,2600.6,2601.9,16553,0
2026-04-21T12:30:00+05:30,2601.9,2605.0,2599.5,2600.6,45376,0
2026-04-21T12:35:00+05:30,2600.7,2601.9,2598.7,2600.2,24493,0
2026-04-21T12:40:00+05:30,2601.0,2602.0,2599.0,2601.4,28601,0
2026-04-21T12:45:00+05:30,2601.4,2601.7,2597.7,2600.6,25132,0
2026-04-21T12:50:00+05:30,2600.6,2600.9,2595.2,2600.1,80390,0
2026-04-21T12:55:00+05:30,2600.1,2601.2,2597.0,2599.1,34668,0
2026-04-21T13:00:00+05:30,2599.1,2600.1,2598.0,2599.0,20142,0
2026-04-21T13:05:00+05:30,2599.2,2600.6,2598.0,2599.4,32776,0
2026-04-21T13:10:00+05:30,2599.9,2600.8,2598.1,2600.2,22531,0
2026-04-21T13:15:00+05:30,2600.2,2601.5,2600.0,2601.5,23884,0
2026-04-21T13:20:00+05:30,2601.5,2604.7,2601.5,2603.7,25734,0
2026-04-21T13:25:00+05:30,2603.7,2605.3,2601.5,2603.8,44884,0
2026-04-21T13:30:00+05:30,2604.4,2605.0,2601.6,2605.0,17060,0
2026-04-21T13:35:00+05:30,2605.0,2605.0,2601.4,2604.0,30041,0
2026-04-21T13:40:00+05:30,2604.0,2604.1,2601.0,2603.4,30845,0
2026-04-21T13:45:00+05:30,2602.7,2604.0,2600.2,2604.0,27512,0
2026-04-21T13:50:00+05:30,2604.2,2606.0,2603.4,2605.0,19189,0
2026-04-21T13:55:00+05:30,2605.0,2606.2,2603.7,2605.1,15943,0
2026-04-21T14:00:00+05:30,2605.2,2606.5,2602.0,2603.5,48602,0
2026-04-21T14:05:00+05:30,2603.5,2604.6,2602.7,2603.2,15037,0
2026-04-21T14:10:00+05:30,2603.8,2604.7,2600.7,2602.1,28053,0
2026-04-21T14:15:00+05:30,2602.3,2603.3,2600.0,2600.4,28515,0
2026-04-21T14:20:00+05:30,2600.5,2604.7,2600.0,2603.7,28173,0
2026-04-21T14:25:00+05:30,2604.2,2604.3,2602.9,2604.3,20929,0
2026-04-21T14:30:00+05:30,2604.4,2606.0,2603.5,2605.5,28415,0
2026-04-21T14:35:00+05:30,2605.5,2605.9,2603.3,2603.5,20451,0
2026-04-21T14:40:00+05:30,2603.9,2604.3,2602.0,2603.7,24605,0
2026-04-21T14:45:00+05:30,2604.0,2605.1,2602.5,2604.5,29044,0
2026-04-21T14:50:00+05:30,2604.5,2607.0,2603.3,2606.6,32212,0
2026-04-21T14:55:00+05:30,2606.5,2609.3,2606.1,2608.0,36684,0
2026-04-21T15:00:00+05:30,2608.0,2614.0,2607.7,2611.9,122925,0
2026-04-21T15:05:00+05:30,2611.8,2612.0,2606.2,2608.4,59174,0
2026-04-21T15:10:00+05:30,2608.6,2611.7,2607.5,2609.9,109178,0
2026-04-21T15:15:00+05:30,2609.8,2612.6,2608.0,2610.3,72793,0
2026-04-21T15:20:00+05:30,2610.3,2612.5,2609.6,2611.6,75539,0
2026-04-21T15:25:00+05:30,2611.6,2612.9,2609.0,2609.9,61019,0
2026-04-22T09:15:00+05:30,2580.0,2580.0,2560.1,2574.8,317993,0
2026-04-22T09:20:00+05:30,2574.7,2578.9,2561.1,2562.5,131801,0
2026-04-22T09:25:00+05:30,2562.6,2566.4,2558.1,2560.6,101222,0
2026-04-22T09:30:00+05:30,2560.8,2572.9,2557.0,2570.4,154221,0
2026-04-22T09:35:00+05:30,2571.4,2577.9,2570.4,2570.4,90509,0
2026-04-22T09:40:00+05:30,2570.4,2576.2,2567.0,2574.9,44326,0
2026-04-22T09:45:00+05:30,2575.4,2579.4,2573.9,2574.9,67871,0
2026-04-22T09:50:00+05:30,2574.9,2577.3,2570.0,2570.2,64863,0
2026-04-22T09:55:00+05:30,2570.7,2573.7,2568.0,2569.4,41763,0
2026-04-22T10:00:00+05:30,2569.7,2571.3,2566.0,2568.3,47247,0
2026-04-22T10:05:00+05:30,2567.8,2569.5,2565.3,2567.0,29712,0
2026-04-22T10:10:00+05:30,2566.4,2568.5,2563.6,2565.0,35900,0
2026-04-22T10:15:00+05:30,2564.9,2565.9,2563.0,2565.0,34854,0
2026-04-22T10:20:00+05:30,2564.8,2565.2,2560.9,2563.1,58742,0
2026-04-22T10:25:00+05:30,2562.9,2564.0,2562.0,2562.8,26190,0
2026-04-22T10:30:00+05:30,2562.7,2564.6,2562.0,2563.5,29708,0
2026-04-22T10:35:00+05:30,2563.5,2565.0,2560.0,2561.4,64377,0
2026-04-22T10:40:00+05:30,2561.5,2563.7,2560.2,2562.0,38356,0
2026-04-22T10:45:00+05:30,2562.7,2565.3,2561.5,2564.9,44637,0
2026-04-22T10:50:00+05:30,2564.9,2564.9,2561.0,2561.1,44214,0
2026-04-22T10:55:00+05:30,2561.1,2563.8,2560.0,2562.1,30034,0
2026-04-22T11:00:00+05:30,2561.3,2562.2,2560.0,2560.9,36681,0
2026-04-22T11:05:00+05:30,2560.5,2561.5,2557.4,2557.4,38787,0
2026-04-22T11:10:00+05:30,2557.3,2558.6,2553.0,2554.6,76947,0
2026-04-22T11:15:00+05:30,2554.0,2555.0,2551.0,2551.8,51099,0
2026-04-22T11:20:00+05:30,2552.0,2554.4,2551.3,2554.0,37061,0
2026-04-22T11:25:00+05:30,2553.9,2556.4,2552.2,2554.1,59708,0
2026-04-22T11:30:00+05:30,2554.2,2554.2,2547.8,2549.6,80712,0
2026-04-22T11:35:00+05:30,2549.6,2550.8,2548.0,2550.2,20572,0
2026-04-22T11:40:00+05:30,2550.1,2550.8,2535.2,2536.7,92565,0
2026-04-22T11:45:00+05:30,2536.7,2539.7,2533.3,2534.7,94509,0
2026-04-22T11:50:00+05:30,2534.7,2535.9,2531.8,2532.9,43787,0
2026-04-22T11:55:00+05:30,2532.9,2536.0,2531.2,2534.9,42500,0
2026-04-22T12:00:00+05:30,2534.8,2535.7,2527.1,2527.2,69783,0
2026-04-22T12:05:00+05:30,2527.4,2527.5,2520.1,2520.5,84919,0
2026-04-22T12:10:00+05:30,2521.4,2522.4,2516.2,2517.6,64798,0
2026-04-22T12:15:00+05:30,2517.9,2519.9,2510.0,2513.7,94444,0
2026-04-22T12:20:00+05:30,2513.6,2513.6,2508.8,2511.3,187852,0
2026-04-22T12:25:00+05:30,2511.3,2511.9,2503.6,2507.8,98708,0
2026-04-22T12:30:00+05:30,2508.1,2514.0,2507.1,2508.9,129487,0
2026-04-22T12:35:00+05:30,2508.6,2508.8,2505.1,2507.2,57458,0
2026-04-22T12:40:00+05:30,2507.2,2510.0,2506.3,2508.9,49267,0
2026-04-22T12:45:00+05:30,2509.7,2514.9,2508.6,2513.5,66555,0
2026-04-22T12:50:00+05:30,2513.5,2514.0,2509.3,2513.2,64418,0
2026-04-22T12:55:00+05:30,2513.2,2517.9,2512.1,2515.4,57530,0
2026-04-22T13:00:00+05:30,2514.6,2517.7,2513.0,2516.8,39595,0
2026-04-22T13:05:00+05:30,2516.9,2522.2,2516.9,2520.7,56457,0
2026-04-22T13:10:00+05:30,2521.0,2524.4,2520.0,2523.3,49824,0
2026-04-22T13:15:00+05:30,2522.7,2524.0,2520.7,2522.0,36753,0
2026-04-22T13:20:00+05:30,2522.0,2523.9,2521.0,2523.9,38342,0
2026-04-22T13:25:00+05:30,2523.9,2530.9,2522.9,2529.3,68134,0
2026-04-22T13:30:00+05:30,2529.6,2529.8,2527.5,2529.4,42292,0
2026-04-22T13:35:00+05:30,2529.4,2530.8,2526.2,2530.0,92734,0
2026-04-22T13:40:00+05:30,2529.9,2531.6,2528.5,2530.0,36490,0
2026-04-22T13:45:00+05:30,2530.0,2533.0,2529.5,2531.9,34977,0
2026-04-22T13:50:00+05:30,2531.9,2538.0,2527.7,2537.7,52079,0
2026-04-22T13:55:00+05:30,2537.7,2551.1,2537.1,2549.5,136234,0
2026-04-22T14:00:00+05:30,2550.0,2556.1,2546.0,2552.0,299833,0
2026-04-22T14:05:00+05:30,2551.8,2558.8,2550.0,2552.1,81949,0
2026-04-22T14:10:00+05:30,2552.0,2552.1,2542.6,2543.6,74447,0
2026-04-22T14:15:00+05:30,2544.0,2548.0,2540.2,2542.4,49693,0
2026-04-22T14:20:00+05:30,2542.8,2544.8,2540.1,2543.5,50396,0
2026-04-22T14:25:00+05:30,2543.5,2544.9,2541.7,2542.3,34959,0
2026-04-22T14:30:00+05:30,2542.5,2546.9,2541.6,2546.5,36517,0
2026-04-22T14:35:00+05:30,2546.4,2548.6,2544.2,2545.0,43973,0
2026-04-22T14:40:00+05:30,2544.7,2546.0,2542.8,2544.6,54213,0
2026-04-22T14:45:00+05:30,2544.6,2545.0,2542.8,2544.0,37773,0
2026-04-22T14:50:00+05:30,2544.0,2545.0,2543.0,2544.8,30538,0
2026-04-22T14:55:00+05:30,2544.8,2545.2,2544.1,2545.0,40523,0
2026-04-22T15:00:00+05:30,2544.8,2544.8,2538.7,2541.0,83031,0
2026-04-22T15:05:00+05:30,2540.9,2541.1,2538.4,2540.8,60794,0
2026-04-22T15:10:00+05:30,2540.7,2540.9,2538.2,2538.5,89493,0
2026-04-22T15:15:00+05:30,2538.3,2539.9,2535.6,2537.4,74781,0
2026-04-22T15:20:00+05:30,2537.4,2538.5,2535.3,2538.1,84938,0
2026-04-22T15:25:00+05:30,2538.1,2538.2,2530.0,2535.3,93600,0
2026-04-23T09:15:00+05:30,2529.0,2551.0,2518.4,2547.2,148464,0
2026-04-23T09:20:00+05:30,2547.5,2548.5,2538.0,2540.9,63407,0
2026-04-23T09:25:00+05:30,2540.9,2544.2,2535.1,2536.8,51789,0
2026-04-23T09:30:00+05:30,2536.7,2538.9,2530.2,2534.9,56920,0
2026-04-23T09:35:00+05:30,2535.6,2536.0,2531.2,2534.7,49568,0
2026-04-23T09:40:00+05:30,2535.9,2537.9,2534.2,2536.0,24676,0
2026-04-23T09:45:00+05:30,2536.1,2540.0,2532.8,2537.5,35708,0
2026-04-23T09:50:00+05:30,2538.0,2541.7,2537.8,2538.1,27192,0
2026-04-23T09:55:00+05:30,2538.1,2543.3,2538.0,2542.2,25364,0
2026-04-23T10:00:00+05:30,2542.2,2550.7,2538.5,2548.7,49665,0
2026-04-23T10:05:00+05:30,2549.0,2551.0,2546.4,2546.8,26589,0
2026-04-23T10:10:00+05:30,2546.9,2547.7,2542.5,2547.0,29072,0
2026-04-23T10:15:00+05:30,2547.0,2550.0,2545.2,2549.1,35957,0
2026-04-23T10:20:00+05:30,2549.6,2554.8,2547.4,2553.0,44983,0
2026-04-23T10:25:00+05:30,2553.3,2554.3,2550.1,2551.3,21576,0
2026-04-23T10:30:00+05:30,2551.3,2553.4,2550.4,2553.2,17161,0
2026-04-23T10:35:00+05:30,2553.2,2554.7,2549.1,2552.2,45912,0
2026-04-23T10:40:00+05:30,2552.8,2559.0,2551.1,2554.9,42783,0
2026-04-23T10:45:00+05:30,2554.9,2556.0,2551.1,2553.1,32856,0
2026-04-23T10:50:00+05:30,2553.9,2556.8,2553.0,2556.4,23359,0
2026-04-23T10:55:00+05:30,2556.4,2559.0,2554.8,2557.9,30172,0
2026-04-23T11:00:00+05:30,2557.9,2559.3,2556.5,2558.1,18423,0
2026-04-23T11:05:00+05:30,2558.0,2559.5,2552.6,2553.9,24023,0
2026-04-23T11:10:00+05:30,2553.8,2554.3,2550.0,2552.5,28839,0
2026-04-23T11:15:00+05:30,2552.5,2557.2,2552.0,2552.4,37236,0
2026-04-23T11:20:00+05:30,2552.8,2555.0,2551.6,2553.9,26868,0
2026-04-23T11:25:00+05:30,2554.0,2555.2,2552.3,2554.3,22444,0
2026-04-23T11:30:00+05:30,2554.3,2557.3,2553.8,2556.0,9620,0
2026-04-23T11:35:00+05:30,2556.2,2556.2,2551.8,2554.8,15073,0
2026-04-23T11:40:00+05:30,2554.8,2555.3,2553.3,2554.3,13111,0
2026-04-23T11:45:00+05:30,2554.8,2554.8,2552.7,2554.5,9969,0
2026-04-23T11:50:00+05:30,2554.5,2555.0,2552.5,2554.0,9773,0
2026-04-23T11:55:00+05:30,2554.5,2554.7,2551.0,2552.3,19875,0
2026-04-23T12:00:00+05:30,2552.4,2553.7,2551.0,2553.0,15520,0
2026-04-23T12:05:00+05:30,2553.0,2554.5,2551.0,2553.1,19759,0
2026-04-23T12:10:00+05:30,2553.1,2554.1,2548.3,2549.3,23489,0
2026-04-23T12:15:00+05:30,2550.2,2551.1,2548.0,2548.6,13870,0
2026-04-23T12:20:00+05:30,2549.1,2551.2,2548.6,2549.4,11698,0
2026-04-23T12:25:00+05:30,2549.3,2549.4,2542.4,2545.2,30254,0
2026-04-23T12:30:00+05:30,2545.2,2545.6,2540.1,2543.4,23541,0
2026-04-23T12:35:00+05:30,2543.4,2544.6,2539.3,2540.7,45120,0
2026-04-23T12:40:00+05:30,2541.2,2544.2,2539.0,2542.3,67157,0
2026-04-23T12:45:00+05:30,2542.3,2543.4,2536.6,2538.4,30874,0
2026-04-23T12:50:00+05:30,2538.9,2538.9,2534.2,2536.9,32830,0
2026-04-23T12:55:00+05:30,2537.1,2537.5,2534.0,2536.5,20983,0
2026-04-23T13:00:00+05:30,2536.7,2537.5,2534.8,2536.0,20380,0
2026-04-23T13:05:00+05:30,2536.3,2537.3,2534.5,2536.8,11898,0
2026-04-23T13:10:00+05:30,2536.8,2537.1,2533.8,2534.9,15772,0
2026-04-23T13:15:00+05:30,2534.9,2538.6,2533.3,2538.0,22277,0
2026-04-23T13:20:00+05:30,2538.2,2542.3,2537.8,2541.4,82064,0
2026-04-23T13:25:00+05:30,2541.4,2544.0,2538.6,2540.2,40679,0
2026-04-23T13:30:00+05:30,2540.2,2540.2,2538.0,2538.3,13810,0
2026-04-23T13:35:00+05:30,2538.6,2538.8,2532.0,2534.0,24224,0
2026-04-23T13:40:00+05:30,2533.8,2535.0,2531.9,2532.5,17019,0
2026-04-23T13:45:00+05:30,2532.7,2534.0,2529.6,2530.9,47106,0
2026-04-23T13:50:00+05:30,2531.5,2533.0,2530.0,2532.0,17344,0
2026-04-23T13:55:00+05:30,2532.0,2533.0,2529.9,2531.3,45066,0
2026-04-23T14:00:00+05:30,2531.3,2531.3,2527.0,2530.9,20815,0
2026-04-23T14:05:00+05:30,2530.7,2530.7,2526.9,2528.0,23208,0
2026-04-23T14:10:00+05:30,2528.1,2528.6,2526.0,2527.2,19170,0
2026-04-23T14:15:00+05:30,2527.2,2529.7,2524.7,2524.9,33193,0
2026-04-23T14:20:00+05:30,2525.4,2527.8,2524.6,2525.3,30727,0
2026-04-23T14:25:00+05:30,2525.3,2526.6,2523.9,2525.0,19448,0
2026-04-23T14:30:00+05:30,2525.0,2527.4,2524.6,2525.9,25692,0
2026-04-23T14:35:00+05:30,2526.3,2526.9,2524.0,2524.0,36948,0
2026-04-23T14:40:00+05:30,2524.3,2524.3,2519.1,2520.0,31049,0
2026-04-23T14:45:00+05:30,2520.0,2524.9,2518.0,2523.4,50954,0
2026-04-23T14:50:00+05:30,2523.6,2524.2,2520.5,2523.6,36832,0
2026-04-23T14:55:00+05:30,2523.5,2525.2,2522.6,2524.7,23690,0
2026-04-23T15:00:00+05:30,2524.7,2526.9,2521.8,2524.2,64451,0
2026-04-23T15:05:00+05:30,2524.3,2524.9,2522.2,2524.3,37111,0
2026-04-23T15:10:00+05:30,2524.3,2525.5,2521.8,2522.5,42906,0
2026-04-23T15:15:00+05:30,2521.8,2522.5,2519.0,2520.5,59765,0
2026-04-23T15:20:00+05:30,2520.5,2522.9,2519.6,2519.8,60497,0
2026-04-23T15:25:00+05:30,2519.8,2521.1,2516.3,2518.2,65097,0
2026-04-24T09:15:00+05:30,2488.0,2505.0,2484.0,2502.4,194438,0
2026-04-24T09:20:00+05:30,2502.4,2504.0,2478.0,2481.4,155081,0
2026-04-24T09:25:00+05:30,2481.4,2481.8,2472.3,2474.7,91745,0
2026-04-24T09:30:00+05:30,2474.7,2475.4,2468.3,2470.2,70924,0
2026-04-24T09:35:00+05:30,2470.1,2476.0,2469.1,2475.5,70023,0
2026-04-24T09:40:00+05:30,2475.6,2476.5,2468.5,2471.6,58904,0
2026-04-24T09:45:00+05:30,2471.7,2472.3,2463.0,2466.9,124008,0
2026-04-24T09:50:00+05:30,2466.9,2468.5,2458.5,2460.0,63755,0
2026-04-24T09:55:00+05:30,2460.6,2466.4,2456.7,2464.8,73472,0
2026-04-24T10:00:00+05:30,2464.8,2468.6,2459.4,2460.7,50436,0
2026-04-24T10:05:00+05:30,2460.7,2465.0,2457.1,2457.5,46946,0
2026-04-24T10:10:00+05:30,2457.6,2462.4,2454.0,2460.2,66226,0
2026-04-24T10:15:00+05:30,2460.2,2460.2,2452.7,2460.0,55556,0
2026-04-24T10:20:00+05:30,2460.0,2462.8,2454.3,2456.5,58553,0
2026-04-24T10:25:00+05:30,2456.5,2462.8,2455.5,2459.9,44982,0
2026-04-24T10:30:00+05:30,2459.6,2463.7,2456.5,2460.3,43253,0
2026-04-24T10:35:00+05:30,2460.2,2463.2,2457.8,2460.0,25353,0
2026-04-24T10:40:00+05:30,2460.0,2460.3,2446.3,2447.0,82578,0
2026-04-24T10:45:00+05:30,2446.8,2449.2,2438.7,2440.6,160851,0
2026-04-24T10:50:00+05:30,2441.1,2448.1,2440.4,2446.0,46474,0
2026-04-24T10:55:00+05:30,2445.4,2446.6,2437.0,2439.0,114570,0
2026-04-24T11:00:00+05:30,2439.1,2443.9,2435.1,2440.0,51154,0
2026-04-24T11:05:00+05:30,2440.7,2445.5,2440.0,2443.6,31698,0
2026-04-24T11:10:00+05:30,2443.6,2445.1,2438.6,2439.9,27956,0
2026-04-24T11:15:00+05:30,2439.8,2440.0,2431.0,2435.0,85479,0
2026-04-24T11:20:00+05:30,2435.1,2437.3,2432.1,2434.4,62387,0
2026-04-24T11:25:00+05:30,2434.4,2435.1,2430.0,2430.4,62453,0
2026-04-24T11:30:00+05:30,2430.3,2430.6,2426.6,2429.9,45860,0
2026-04-24T11:35:00+05:30,2429.9,2430.8,2425.9,2426.6,25081,0
2026-04-24T11:40:00+05:30,2426.6,2426.6,2421.6,2423.9,45322,0
2026-04-24T11:45:00+05:30,2424.0,2426.0,2413.5,2416.5,135198,0
2026-04-24T11:50:00+05:30,2416.5,2416.5,2406.0,2410.0,181047,0
2026-04-24T11:55:00+05:30,2410.3,2415.6,2406.0,2409.6,48860,0
2026-04-24T12:00:00+05:30,2409.6,2413.7,2408.5,2410.0,40827,0
2026-04-24T12:05:00+05:30,2410.0,2414.1,2409.5,2412.3,48532,0
2026-04-24T12:10:00+05:30,2411.5,2415.3,2411.5,2412.9,33861,0
2026-04-24T12:15:00+05:30,2413.0,2415.0,2411.1,2411.1,42172,0
2026-04-24T12:20:00+05:30,2411.3,2412.1,2410.0,2411.2,32716,0
2026-04-24T12:25:00+05:30,2411.2,2412.6,2409.0,2410.8,32930,0
2026-04-24T12:30:00+05:30,2411.0,2415.1,2409.0,2414.0,64940,0
2026-04-24T12:35:00+05:30,2414.0,2414.2,2406.0,2409.3,55861,0
2026-04-24T12:40:00+05:30,2409.2,2410.7,2404.0,2404.1,40287,0
2026-04-24T12:45:00+05:30,2404.2,2405.0,2402.2,2403.5,66004,0
2026-04-24T12:50:00+05:30,2403.5,2405.0,2401.2,2403.3,52890,0
2026-04-24T12:55:00+05:30,2403.1,2405.5,2402.1,2402.2,25097,0
2026-04-24T13:00:00+05:30,2402.2,2402.4,2395.1,2395.6,115817,0
2026-04-24T13:05:00+05:30,2395.1,2396.2,2391.0,2395.6,77843,0
2026-04-24T13:10:00+05:30,2395.5,2395.9,2391.3,2395.9,35536,0
2026-04-24T13:15:00+05:30,2395.9,2398.5,2394.2,2397.8,39421,0
2026-04-24T13:20:00+05:30,2397.2,2399.0,2395.0,2397.7,26052,0
2026-04-24T13:25:00+05:30,2397.4,2401.5,2397.0,2397.7,31816,0
2026-04-24T13:30:00+05:30,2397.8,2397.8,2395.0,2395.4,30377,0
2026-04-24T13:35:00+05:30,2395.4,2396.6,2391.6,2392.5,41773,0
2026-04-24T13:40:00+05:30,2392.2,2394.8,2391.1,2391.9,51084,0
2026-04-24T13:45:00+05:30,2391.8,2400.4,2391.6,2396.4,84303,0
2026-04-24T13:50:00+05:30,2396.4,2399.7,2395.0,2398.5,31799,0
2026-04-24T13:55:00+05:30,2398.6,2398.8,2393.0,2395.8,28984,0
2026-04-24T14:00:00+05:30,2395.9,2398.8,2394.0,2395.0,30418,0
2026-04-24T14:05:00+05:30,2394.2,2395.1,2388.8,2391.1,87205,0
2026-04-24T14:10:00+05:30,2391.1,2394.6,2390.5,2393.0,74671,0
2026-04-24T14:15:00+05:30,2393.2,2399.0,2391.5,2398.6,45511,0
2026-04-24T14:20:00+05:30,2398.6,2403.1,2396.3,2397.1,100290,0
2026-04-24T14:25:00+05:30,2397.0,2403.0,2396.0,2398.1,62364,0
2026-04-24T14:30:00+05:30,2398.0,2399.9,2396.4,2398.0,59036,0
2026-04-24T14:35:00+05:30,2398.0,2399.1,2393.2,2397.8,70862,0
2026-04-24T14:40:00+05:30,2396.5,2401.1,2396.5,2400.0,61975,0
2026-04-24T14:45:00+05:30,2400.0,2404.0,2398.0,2402.8,76001,0
2026-04-24T14:50:00+05:30,2402.5,2403.9,2399.0,2400.0,65369,0
2026-04-24T14:55:00+05:30,2400.0,2401.0,2397.8,2398.7,65199,0
2026-04-24T15:00:00+05:30,2398.8,2400.5,2395.1,2395.9,74080,0
2026-04-24T15:05:00+05:30,2395.9,2396.0,2392.7,2395.5,78067,0
2026-04-24T15:10:00+05:30,2395.5,2396.3,2392.0,2396.0,120819,0
2026-04-24T15:15:00+05:30,2395.8,2398.7,2394.6,2397.8,113683,0
2026-04-24T15:20:00+05:30,2397.8,2399.0,2396.0,2398.6,118613,0
2026-04-24T15:25:00+05:30,2398.7,2403.0,2395.0,2401.0,141136,0
2026-04-27T09:15:00+05:30,2396.9,2420.3,2396.9,2416.0,312546,0
2026-04-27T09:20:00+05:30,2416.0,2428.8,2414.1,2425.5,192196,0
2026-04-27T09:25:00+05:30,2424.5,2427.8,2421.7,2423.9,106307,0
2026-04-27T09:30:00+05:30,2423.9,2428.0,2418.5,2419.6,91945,0
2026-04-27T09:35:00+05:30,2419.4,2422.8,2414.7,2416.7,92066,0
2026-04-27T09:40:00+05:30,2416.8,2429.9,2416.4,2428.8,88870,0
2026-04-27T09:45:00+05:30,2428.8,2435.0,2428.6,2435.0,106240,0
2026-04-27T09:50:00+05:30,2434.9,2439.0,2430.7,2435.9,85871,0
2026-04-27T09:55:00+05:30,2435.4,2438.0,2430.0,2430.2,61408,0
2026-04-27T10:00:00+05:30,2430.2,2430.9,2425.7,2425.8,56047,0
2026-04-27T10:05:00+05:30,2425.7,2426.7,2423.6,2424.3,46478,0
2026-04-27T10:10:00+05:30,2424.3,2429.4,2424.0,2427.5,49376,0
2026-04-27T10:15:00+05:30,2427.0,2436.4,2427.0,2434.8,53032,0
2026-04-27T10:20:00+05:30,2434.8,2436.6,2432.0,2436.5,46196,0
2026-04-27T10:25:00+05:30,2436.4,2438.5,2435.2,2436.6,36246,0
2026-04-27T10:30:00+05:30,2436.6,2437.6,2431.5,2434.2,36159,0
2026-04-27T10:35:00+05:30,2434.2,2439.9,2433.7,2435.3,61612,0
2026-04-27T10:40:00+05:30,2435.3,2436.0,2431.1,2434.6,65314,0
2026-04-27T10:45:00+05:30,2434.8,2437.0,2434.3,2437.0,42457,0
2026-04-27T10:50:00+05:30,2437.0,2438.9,2435.4,2436.5,40531,0
2026-04-27T10:55:00+05:30,2436.5,2437.0,2434.9,2435.6,33713,0
2026-04-27T11:00:00+05:30,2435.6,2446.0,2435.0,2441.9,95989,0
2026-04-27T11:05:00+05:30,2442.2,2442.3,2434.9,2437.0,55268,0
2026-04-27T11:10:00+05:30,2437.0,2442.0,2435.6,2439.9,42049,0
2026-04-27T11:15:00+05:30,2440.0,2442.9,2439.6,2441.3,51851,0
2026-04-27T11:20:00+05:30,2441.5,2441.5,2434.4,2438.5,60968,0
2026-04-27T11:25:00+05:30,2438.4,2438.5,2432.8,2435.3,53813,0
2026-04-27T11:30:00+05:30,2435.4,2436.7,2431.8,2435.1,73097,0
2026-04-27T11:35:00+05:30,2435.1,2435.1,2430.8,2432.8,75425,0
2026-04-27T11:40:00+05:30,2432.8,2439.0,2431.6,2438.3,154697,0
2026-04-27T11:45:00+05:30,2438.4,2439.9,2434.0,2438.7,48906,0
2026-04-27T11:50:00+05:30,2438.7,2441.9,2436.2,2441.9,56379,0
2026-04-27T11:55:00+05:30,2441.9,2444.0,2441.8,2443.1,48455,0
2026-04-27T12:00:00+05:30,2443.1,2445.0,2442.1,2443.1,57043,0
2026-04-27T12:05:00+05:30,2443.2,2448.7,2443.2,2448.4,69077,0
2026-04-27T12:10:00+05:30,2448.4,2451.0,2448.1,2449.9,82012,0
2026-04-27T12:15:00+05:30,2449.9,2450.0,2448.2,2449.9,48830,0
2026-04-27T12:20:00+05:30,2449.9,2452.0,2446.1,2450.9,77169,0
2026-04-27T12:25:00+05:30,2451.0,2451.0,2449.0,2450.4,39675,0
2026-04-27T12:30:00+05:30,2450.4,2451.6,2448.4,2448.4,64471,0
2026-04-27T12:35:00+05:30,2448.4,2450.4,2446.6,2448.4,55621,0
2026-04-27T12:40:00+05:30,2448.6,2449.0,2443.8,2448.7,37359,0
2026-04-27T12:45:00+05:30,2448.7,2451.0,2447.8,2449.0,45736,0
2026-04-27T12:50:00+05:30,2449.0,2451.9,2448.0,2449.3,50874,0
2026-04-27T12:55:00+05:30,2449.4,2450.2,2448.0,2448.9,40968,0
2026-04-27T13:00:00+05:30,2448.9,2450.9,2448.2,2450.1,70989,0
2026-04-27T13:05:00+05:30,2450.1,2450.2,2447.0,2449.2,45961,0
2026-04-27T13:10:00+05:30,2449.1,2450.0,2446.1,2449.1,47884,0
2026-04-27T13:15:00+05:30,2449.1,2450.0,2443.6,2444.4,72537,0
2026-04-27T13:20:00+05:30,2444.4,2446.1,2442.5,2444.6,52345,0
2026-04-27T13:25:00+05:30,2444.5,2446.6,2444.1,2445.0,58987,0
2026-04-27T13:30:00+05:30,2445.0,2447.2,2444.7,2446.0,54024,0
2026-04-27T13:35:00+05:30,2446.0,2447.9,2445.0,2447.3,62377,0
2026-04-27T13:40:00+05:30,2447.5,2449.3,2444.3,2444.7,53991,0
2026-04-27T13:45:00+05:30,2444.8,2447.6,2443.0,2443.4,57221,0
2026-04-27T13:50:00+05:30,2443.3,2446.2,2442.1,2446.1,41436,0
2026-04-27T13:55:00+05:30,2446.1,2447.0,2444.5,2446.4,49028,0
2026-04-27T14:00:00+05:30,2446.3,2448.4,2445.9,2447.5,47548,0
2026-04-27T14:05:00+05:30,2447.5,2448.4,2444.8,2447.7,46054,0
2026-04-27T14:10:00+05:30,2447.7,2449.1,2446.1,2447.7,74316,0
2026-04-27T14:15:00+05:30,2447.6,2448.0,2445.0,2446.8,47641,0
2026-04-27T14:20:00+05:30,2446.8,2446.8,2442.6,2442.7,35322,0
2026-04-27T14:25:00+05:30,2442.7,2444.4,2440.8,2443.7,58975,0
2026-04-27T14:30:00+05:30,2443.7,2446.0,2442.2,2444.0,162398,0
2026-04-27T14:35:00+05:30,2444.2,2458.0,2443.2,2454.6,149335,0
2026-04-27T14:40:00+05:30,2454.7,2459.0,2452.6,2454.6,157653,0
2026-04-27T14:45:00+05:30,2454.6,2457.6,2450.3,2451.2,84225,0
2026-04-27T14:50:00+05:30,2451.2,2452.3,2449.2,2450.2,123811,0
2026-04-27T14:55:00+05:30,2450.2,2451.1,2448.4,2450.1,48520,0
2026-04-27T15:00:00+05:30,2450.0,2450.0,2446.0,2448.3,142869,0
2026-04-27T15:05:00+05:30,2448.4,2448.6,2444.5,2445.8,121194,0
2026-04-27T15:10:00+05:30,2445.7,2448.1,2443.7,2447.8,154539,0
2026-04-27T15:15:00+05:30,2447.8,2448.2,2444.4,2444.8,157558,0
2026-04-27T15:20:00+05:30,2445.0,2454.9,2444.9,2450.5,196183,0
2026-04-27T15:25:00+05:30,2450.4,2451.0,2445.0,2448.0,153675,0
2026-04-28T09:15:00+05:30,2444.0,2467.6,2437.9,2462.7,159361,0
2026-04-28T09:20:00+05:30,2462.7,2463.2,2450.3,2452.0,81997,0
2026-04-28T09:25:00+05:30,2452.0,2461.0,2451.4,2459.5,35236,0
2026-04-28T09:30:00+05:30,2459.6,2459.7,2455.3,2455.3,32804,0
2026-04-28T09:35:00+05:30,2456.3,2459.2,2454.9,2457.6,46810,0
2026-04-28T09:40:00+05:30,2457.6,2459.5,2455.2,2459.0,35910,0
2026-04-28T09:45:00+05:30,2459.0,2460.7,2455.5,2456.4,44025,0
2026-04-28T09:50:00+05:30,2456.4,2460.3,2455.0,2459.5,61245,0
2026-04-28T09:55:00+05:30,2459.5,2476.8,2458.0,2476.5,119246,0
2026-04-28T10:00:00+05:30,2476.0,2487.0,2475.1,2475.5,118766,0
2026-04-28T10:05:00+05:30,2476.3,2484.1,2474.4,2479.9,72520,0
2026-04-28T10:10:00+05:30,2479.9,2480.2,2477.8,2479.0,32031,0
2026-04-28T10:15:00+05:30,2479.0,2481.0,2476.9,2477.1,40983,0
2026-04-28T10:20:00+05:30,2477.8,2480.1,2477.0,2479.0,28664,0
2026-04-28T10:25:00+05:30,2478.5,2481.4,2478.5,2481.2,26618,0
2026-04-28T10:30:00+05:30,2481.2,2481.5,2473.5,2477.0,42975,0
2026-04-28T10:35:00+05:30,2477.0,2478.6,2470.0,2471.4,34118,0
2026-04-28T10:40:00+05:30,2471.4,2473.4,2469.6,2473.1,40456,0
2026-04-28T10:45:00+05:30,2473.1,2474.9,2471.1,2471.8,33994,0
2026-04-28T10:50:00+05:30,2471.3,2474.8,2471.0,2474.5,23167,0
2026-04-28T10:55:00+05:30,2474.7,2476.8,2471.8,2471.8,31317,0
2026-04-28T11:00:00+05:30,2472.0,2472.0,2468.0,2470.0,36493,0
2026-04-28T11:05:00+05:30,2469.9,2470.0,2465.6,2466.9,71056,0
2026-04-28T11:10:00+05:30,2466.9,2468.8,2464.7,2467.9,66067,0
2026-04-28T11:15:00+05:30,2467.9,2469.5,2466.0,2468.9,46417,0
2026-04-28T11:20:00+05:30,2468.8,2470.5,2468.0,2468.4,35879,0
2026-04-28T11:25:00+05:30,2468.4,2468.8,2462.1,2464.5,44913,0
2026-04-28T11:30:00+05:30,2464.5,2467.6,2461.0,2467.6,36789,0
2026-04-28T11:35:00+05:30,2467.6,2471.0,2467.2,2469.2,37424,0
2026-04-28T11:40:00+05:30,2469.3,2469.3,2465.4,2468.1,26747,0
2026-04-28T11:45:00+05:30,2468.4,2469.6,2465.7,2469.4,29308,0
2026-04-28T11:50:00+05:30,2469.4,2469.4,2461.3,2463.6,258383,0
2026-04-28T11:55:00+05:30,2463.6,2464.5,2457.3,2460.0,72387,0
2026-04-28T12:00:00+05:30,2460.0,2460.9,2453.2,2454.0,33882,0
2026-04-28T12:05:00+05:30,2454.0,2456.5,2448.8,2450.7,131011,0
2026-04-28T12:10:00+05:30,2450.8,2454.0,2448.6,2452.9,33729,0
2026-04-28T12:15:00+05:30,2452.9,2456.6,2452.4,2454.9,54537,0
2026-04-28T12:20:00+05:30,2455.2,2456.7,2450.2,2452.1,40276,0
2026-04-28T12:25:00+05:30,2452.7,2453.3,2448.6,2451.0,39025,0
2026-04-28T12:30:00+05:30,2451.1,2451.3,2447.0,2450.0,47809,0
2026-04-28T12:35:00+05:30,2450.0,2450.2,2447.8,2448.0,32821,0
2026-04-28T12:40:00+05:30,2448.0,2448.0,2444.5,2444.6,42737,0
2026-04-28T12:45:00+05:30,2445.0,2445.1,2440.5,2441.7,48790,0
2026-04-28T12:50:00+05:30,2442.5,2442.5,2438.9,2442.0,74818,0
2026-04-28T12:55:00+05:30,2442.0,2442.3,2437.0,2437.9,43382,0
2026-04-28T13:00:00+05:30,2438.3,2442.1,2433.9,2440.2,49845,0
2026-04-28T13:05:00+05:30,2440.6,2444.0,2440.1,2442.0,31316,0
2026-04-28T13:10:00+05:30,2442.3,2442.9,2437.9,2439.8,91248,0
2026-04-28T13:15:00+05:30,2439.9,2441.0,2438.5,2440.7,23543,0
2026-04-28T13:20:00+05:30,2440.7,2441.7,2438.1,2438.6,31175,0
2026-04-28T13:25:00+05:30,2438.6,2440.2,2436.2,2436.2,37343,0
2026-04-28T13:30:00+05:30,2436.8,2437.1,2432.1,2433.8,43326,0
2026-04-28T13:35:00+05:30,2433.9,2434.2,2427.4,2433.5,70124,0
2026-04-28T13:40:00+05:30,2433.4,2437.5,2432.7,2434.5,34117,0
2026-04-28T13:45:00+05:30,2434.7,2435.9,2430.0,2433.4,78952,0
2026-04-28T13:50:00+05:30,2433.2,2436.8,2433.0,2435.0,29896,0
2026-04-28T13:55:00+05:30,2435.1,2436.9,2433.1,2435.0,48556,0
2026-04-28T14:00:00+05:30,2435.1,2435.2,2433.2,2435.0,73494,0
2026-04-28T14:05:00+05:30,2435.0,2435.9,2431.4,2435.4,37499,0
2026-04-28T14:10:00+05:30,2435.7,2436.0,2432.3,2434.7,33854,0
2026-04-28T14:15:00+05:30,2434.7,2434.9,2431.6,2433.7,41764,0
2026-04-28T14:20:00+05:30,2433.7,2434.7,2431.2,2433.5,30675,0
2026-04-28T14:25:00+05:30,2434.0,2436.3,2432.5,2434.5,37060,0
2026-04-28T14:30:00+05:30,2434.6,2439.5,2434.4,2436.1,77329,0
2026-04-28T14:35:00+05:30,2436.5,2439.9,2434.8,2439.0,48179,0
2026-04-28T14:40:00+05:30,2439.0,2440.5,2438.6,2440.5,47037,0
2026-04-28T14:45:00+05:30,2440.5,2445.0,2439.1,2444.8,63058,0
2026-04-28T14:50:00+05:30,2444.9,2450.0,2444.9,2449.4,94197,0
2026-04-28T14:55:00+05:30,2449.4,2450.6,2447.8,2448.6,62527,0
2026-04-28T15:00:00+05:30,2448.6,2450.0,2444.1,2445.0,130272,0
2026-04-28T15:05:00+05:30,2445.0,2447.7,2443.0,2443.2,125817,0
2026-04-28T15:10:00+05:30,2443.3,2444.0,2441.4,2442.3,102364,0
2026-04-28T15:15:00+05:30,2442.4,2445.0,2442.3,2444.2,109602,0
2026-04-28T15:20:00+05:30,2444.3,2446.3,2443.3,2444.4,193512,0
2026-04-28T15:25:00+05:30,2444.4,2450.7,2444.0,2450.7,79610,0
2026-04-29T09:15:00+05:30,2451.0,2459.6,2447.6,2454.4,82738,0
2026-04-29T09:20:00+05:30,2455.8,2457.5,2448.9,2454.4,57673,0
2026-04-29T09:25:00+05:30,2454.4,2456.1,2450.5,2452.9,46528,0
2026-04-29T09:30:00+05:30,2453.5,2454.1,2448.1,2449.7,32788,0
2026-04-29T09:35:00+05:30,2449.7,2458.2,2449.0,2457.1,34280,0
2026-04-29T09:40:00+05:30,2457.7,2465.0,2457.1,2461.8,61513,0
2026-04-29T09:45:00+05:30,2461.8,2472.0,2461.0,2471.7,56952,0
2026-04-29T09:50:00+05:30,2471.7,2481.0,2471.2,2475.5,76093,0
2026-04-29T09:55:00+05:30,2475.5,2475.5,2462.0,2463.4,59661,0
2026-04-29T10:00:00+05:30,2463.4,2470.5,2462.7,2469.0,39911,0
2026-04-29T10:05:00+05:30,2469.5,2470.7,2465.5,2470.1,16139,0
2026-04-29T10:10:00+05:30,2470.1,2474.6,2470.0,2474.0,18217,0
2026-04-29T10:15:00+05:30,2474.0,2474.8,2469.5,2470.8,29707,0
2026-04-29T10:20:00+05:30,2470.8,2472.2,2469.4,2471.4,13195,0
2026-04-29T10:25:00+05:30,2471.6,2474.1,2470.1,2472.9,24323,0
2026-04-29T10:30:00+05:30,2472.9,2472.9,2467.7,2471.7,26618,0
2026-04-29T10:35:00+05:30,2471.8,2476.1,2471.7,2474.8,32066,0
2026-04-29T10:40:00+05:30,2474.7,2475.0,2471.0,2472.5,17632,0
2026-04-29T10:45:00+05:30,2472.5,2472.5,2468.2,2470.5,27741,0
2026-04-29T10:50:00+05:30,2470.3,2472.0,2468.8,2472.0,28825,0
2026-04-29T10:55:00+05:30,2472.0,2480.0,2471.7,2480.0,58572,0
2026-04-29T11:00:00+05:30,2479.9,2482.8,2479.6,2480.8,43869,0
2026-04-29T11:05:00+05:30,2480.9,2485.0,2479.6,2484.9,29069,0
2026-04-29T11:10:00+05:30,2485.0,2485.8,2476.9,2479.7,47813,0
2026-04-29T11:15:00+05:30,2480.3,2483.4,2472.5,2475.0,92953,0
2026-04-29T11:20:00+05:30,2475.0,2475.0,2469.9,2473.4,52110,0
2026-04-29T11:25:00+05:30,2473.6,2475.8,2473.0,2473.3,14182,0
2026-04-29T11:30:00+05:30,2473.3,2476.0,2472.8,2475.3,39274,0
2026-04-29T11:35:00+05:30,2475.3,2478.0,2475.0,2476.8,15542,0
2026-04-29T11:40:00+05:30,2476.8,2477.7,2474.5,2475.8,15721,0
2026-04-29T11:45:00+05:30,2475.8,2477.4,2474.1,2474.6,12712,0
2026-04-29T11:50:00+05:30,2475.0,2477.7,2474.9,2475.4,17363,0
2026-04-29T11:55:00+05:30,2475.7,2477.5,2474.5,2477.4,14536,0
2026-04-29T12:00:00+05:30,2477.5,2478.3,2475.7,2476.7,13922,0
2026-04-29T12:05:00+05:30,2476.8,2480.0,2475.4,2479.5,14563,0
2026-04-29T12:10:00+05:30,2479.6,2483.5,2479.3,2481.1,45373,0
2026-04-29T12:15:00+05:30,2481.2,2483.0,2480.7,2482.5,16393,0
2026-04-29T12:20:00+05:30,2482.8,2482.8,2480.0,2481.8,15800,0
2026-04-29T12:25:00+05:30,2481.8,2482.8,2480.9,2482.0,20052,0
2026-04-29T12:30:00+05:30,2482.1,2484.0,2481.0,2483.4,33186,0
2026-04-29T12:35:00+05:30,2483.5,2486.0,2480.2,2482.5,49267,0
2026-04-29T12:40:00+05:30,2482.8,2485.1,2482.0,2485.1,24174,0
2026-04-29T12:45:00+05:30,2485.2,2485.9,2485.0,2485.6,14550,0
2026-04-29T12:50:00+05:30,2485.9,2486.6,2485.0,2485.8,16867,0
2026-04-29T12:55:00+05:30,2485.8,2486.5,2485.0,2485.5,14793,0
2026-04-29T13:00:00+05:30,2485.4,2486.0,2483.2,2484.4,55473,0
2026-04-29T13:05:00+05:30,2485.1,2486.5,2483.6,2485.2,21145,0
2026-04-29T13:10:00+05:30,2485.9,2486.3,2485.0,2485.3,10752,0
2026-04-29T13:15:00+05:30,2485.2,2485.5,2483.7,2485.5,32983,0
2026-04-29T13:20:00+05:30,2485.5,2486.0,2483.7,2484.7,33980,0
2026-04-29T13:25:00+05:30,2485.1,2487.9,2483.9,2483.9,27553,0
2026-04-29T13:30:00+05:30,2481.8,2482.4,2476.7,2480.2,49483,0
2026-04-29T13:35:00+05:30,2480.3,2480.7,2478.7,2479.9,45318,0
2026-04-29T13:40:00+05:30,2480.0,2480.0,2471.5,2473.4,123690,0
2026-04-29T13:45:00+05:30,2473.5,2476.0,2472.6,2473.7,20463,0
2026-04-29T13:50:00+05:30,2473.2,2475.4,2473.2,2474.1,18970,0
2026-04-29T13:55:00+05:30,2474.2,2477.1,2473.9,2476.1,23813,0
2026-04-29T14:00:00+05:30,2476.0,2476.6,2468.1,2469.1,52334,0
2026-04-29T14:05:00+05:30,2469.2,2470.1,2468.0,2468.9,25061,0
2026-04-29T14:10:00+05:30,2468.9,2470.0,2467.4,2469.6,27143,0
2026-04-29T14:15:00+05:30,2470.1,2471.8,2468.2,2468.2,29852,0
2026-04-29T14:20:00+05:30,2467.3,2471.8,2467.3,2471.3,20578,0
2026-04-29T14:25:00+05:30,2471.7,2471.8,2469.0,2470.0,22443,0
2026-04-29T14:30:00+05:30,2470.2,2477.6,2468.5,2476.0,49752,0
2026-04-29T14:35:00+05:30,2475.6,2476.9,2474.6,2475.7,11044,0
2026-04-29T14:40:00+05:30,2475.7,2478.6,2475.2,2478.3,26057,0
2026-04-29T14:45:00+05:30,2478.5,2479.0,2474.4,2475.4,25341,0
2026-04-29T14:50:00+05:30,2475.5,2476.9,2475.2,2475.9,23106,0
2026-04-29T14:55:00+05:30,2476.1,2476.3,2472.3,2473.9,34466,0
2026-04-29T15:00:00+05:30,2474.2,2479.1,2474.2,2477.3,93328,0
2026-04-29T15:05:00+05:30,2477.3,2478.3,2476.6,2478.1,72392,0
2026-04-29T15:10:00+05:30,2478.0,2478.1,2473.0,2473.5,85143,0
2026-04-29T15:15:00+05:30,2473.6,2474.8,2472.7,2473.5,72176,0
2026-04-29T15:20:00+05:30,2473.4,2475.1,2470.5,2471.0,95064,0
2026-04-29T15:25:00+05:30,2471.0,2472.9,2465.0,2465.0,82639,0
2026-04-30T09:15:00+05:30,2479.0,2479.0,2455.1,2465.4,164931,0
2026-04-30T09:20:00+05:30,2465.4,2467.6,2455.1,2455.1,49765,0
2026-04-30T09:25:00+05:30,2455.7,2461.0,2451.0,2455.8,112128,0
2026-04-30T09:30:00+05:30,2455.9,2473.0,2455.0,2470.0,62641,0
2026-04-30T09:35:00+05:30,2470.0,2476.7,2464.8,2472.7,48989,0
2026-04-30T09:40:00+05:30,2472.7,2472.8,2466.0,2470.0,28209,0
2026-04-30T09:45:00+05:30,2470.0,2470.7,2466.1,2469.6,27852,0
2026-04-30T09:50:00+05:30,2469.5,2476.9,2467.9,2474.2,45529,0
2026-04-30T09:55:00+05:30,2473.7,2477.9,2470.2,2474.3,28684,0
2026-04-30T10:00:00+05:30,2473.9,2474.8,2470.0,2470.6,30287,0
2026-04-30T10:05:00+05:30,2470.4,2474.5,2468.9,2469.4,32995,0
2026-04-30T10:10:00+05:30,2469.4,2471.2,2468.4,2471.0,20743,0
2026-04-30T10:15:00+05:30,2471.0,2472.8,2465.0,2467.1,38722,0
2026-04-30T10:20:00+05:30,2466.8,2471.8,2463.0,2468.0,79866,0
2026-04-30T10:25:00+05:30,2467.8,2471.8,2465.8,2469.8,28167,0
2026-04-30T10:30:00+05:30,2469.7,2470.2,2466.2,2468.1,31567,0
2026-04-30T10:35:00+05:30,2468.2,2468.3,2464.4,2465.2,15638,0
2026-04-30T10:40:00+05:30,2465.0,2466.3,2462.0,2462.6,20897,0
2026-04-30T10:45:00+05:30,2462.0,2462.5,2458.0,2459.1,25079,0
2026-04-30T10:50:00+05:30,2458.7,2459.3,2455.1,2455.9,25197,0
2026-04-30T10:55:00+05:30,2455.8,2457.5,2453.0,2454.1,28478,0
2026-04-30T11:00:00+05:30,2454.0,2455.9,2453.5,2454.6,20437,0
2026-04-30T11:05:00+05:30,2454.9,2459.7,2454.0,2456.0,48097,0
2026-04-30T11:10:00+05:30,2455.7,2456.6,2453.0,2453.1,17435,0
2026-04-30T11:15:00+05:30,2453.1,2456.0,2450.0,2450.3,35282,0
2026-04-30T11:20:00+05:30,2450.3,2450.3,2445.0,2445.8,44713,0
2026-04-30T11:25:00+05:30,2446.6,2447.3,2445.0,2445.1,21527,0
2026-04-30T11:30:00+05:30,2445.3,2445.3,2438.0,2441.9,41704,0
2026-04-30T11:35:00+05:30,2441.8,2444.7,2438.5,2439.8,63717,0
2026-04-30T11:40:00+05:30,2439.0,2443.2,2438.3,2441.0,13946,0
2026-04-30T11:45:00+05:30,2441.0,2442.5,2439.5,2441.8,15278,0
2026-04-30T11:50:00+05:30,2441.8,2448.4,2441.1,2447.7,26513,0
2026-04-30T11:55:00+05:30,2447.9,2453.9,2447.5,2452.8,24745,0
2026-04-30T12:00:00+05:30,2452.8,2457.9,2452.5,2455.0,70045,0
2026-04-30T12:05:00+05:30,2454.6,2457.1,2453.7,2455.0,24068,0
2026-04-30T12:10:00+05:30,2455.0,2457.8,2453.3,2457.1,70435,0
2026-04-30T12:15:00+05:30,2457.1,2457.7,2454.0,2455.2,16104,0
2026-04-30T12:20:00+05:30,2455.1,2455.9,2453.6,2455.2,32273,0
2026-04-30T12:25:00+05:30,2455.2,2460.9,2453.9,2460.5,41684,0
2026-04-30T12:30:00+05:30,2460.0,2467.9,2460.0,2467.6,46744,0
2026-04-30T12:35:00+05:30,2467.4,2470.6,2461.3,2465.1,54251,0
2026-04-30T12:40:00+05:30,2465.1,2473.9,2463.7,2473.0,41410,0
2026-04-30T12:45:00+05:30,2472.3,2474.3,2470.1,2472.9,26976,0
2026-04-30T12:50:00+05:30,2472.9,2474.0,2468.5,2472.1,39339,0
2026-04-30T12:55:00+05:30,2472.0,2472.4,2468.7,2470.1,23593,0
2026-04-30T13:00:00+05:30,2470.0,2472.2,2468.2,2470.3,24531,0
2026-04-30T13:05:00+05:30,2470.1,2470.7,2462.0,2465.7,24149,0
2026-04-30T13:10:00+05:30,2465.6,2469.7,2463.4,2468.7,22002,0
2026-04-30T13:15:00+05:30,2468.4,2471.1,2467.3,2469.7,32035,0
2026-04-30T13:20:00+05:30,2469.6,2473.0,2469.5,2470.2,28413,0
2026-04-30T13:25:00+05:30,2469.7,2472.7,2469.0,2470.3,63413,0
2026-04-30T13:30:00+05:30,2469.6,2472.7,2468.9,2469.8,20104,0
2026-04-30T13:35:00+05:30,2469.9,2474.7,2469.8,2474.1,30435,0
2026-04-30T13:40:00+05:30,2473.9,2481.1,2473.4,2480.8,53505,0
2026-04-30T13:45:00+05:30,2480.8,2481.8,2479.0,2481.0,52304,0
2026-04-30T13:50:00+05:30,2481.0,2481.3,2478.5,2479.4,34342,0
2026-04-30T13:55:00+05:30,2480.0,2484.0,2480.0,2482.8,26801,0
2026-04-30T14:00:00+05:30,2482.7,2488.0,2482.1,2486.1,45353,0
2026-04-30T14:05:00+05:30,2486.4,2486.6,2481.0,2482.8,50725,0
2026-04-30T14:10:00+05:30,2483.8,2484.7,2480.1,2480.4,43074,0
2026-04-30T14:15:00+05:30,2480.3,2482.0,2477.6,2478.5,39188,0
2026-04-30T14:20:00+05:30,2478.5,2480.8,2476.1,2478.1,65033,0
2026-04-30T14:25:00+05:30,2477.5,2478.2,2472.7,2474.8,53760,0
2026-04-30T14:30:00+05:30,2473.9,2482.2,2473.9,2480.2,44655,0
2026-04-30T14:35:00+05:30,2480.4,2483.8,2478.7,2483.4,58544,0
2026-04-30T14:40:00+05:30,2483.3,2490.9,2482.0,2490.0,193420,0
2026-04-30T14:45:00+05:30,2490.3,2491.0,2482.0,2483.3,239781,0
2026-04-30T14:50:00+05:30,2482.1,2483.2,2476.5,2477.1,102880,0
2026-04-30T14:55:00+05:30,2478.1,2479.3,2475.2,2476.1,78228,0
2026-04-30T15:00:00+05:30,2477.2,2479.1,2470.0,2473.2,151500,0
2026-04-30T15:05:00+05:30,2473.1,2473.6,2470.0,2470.1,99895,0
2026-04-30T15:10:00+05:30,2470.2,2473.9,2468.3,2473.0,121565,0
2026-04-30T15:15:00+05:30,2473.0,2477.0,2472.5,2474.8,111672,0
2026-04-30T15:20:00+05:30,2474.8,2478.0,2472.9,2476.8,120395,0
2026-04-30T15:25:00+05:30,2476.9,2477.6,2472.0,2474.8,102722,0
2026-05-04T09:15:00+05:30,2494.0,2498.3,2458.2,2461.7,197868,0
2026-05-04T09:20:00+05:30,2461.3,2466.5,2452.4,2454.2,101423,0
2026-05-04T09:25:00+05:30,2454.2,2459.2,2448.0,2456.7,92792,0
2026-05-04T09:30:00+05:30,2456.4,2466.1,2452.0,2462.9,73250,0
2026-05-04T09:35:00+05:30,2463.8,2476.5,2459.3,2467.0,109415,0
2026-05-04T09:40:00+05:30,2467.5,2468.0,2460.0,2464.0,31409,0
2026-05-04T09:45:00+05:30,2463.1,2464.0,2459.3,2460.0,26048,0
2026-05-04T09:50:00+05:30,2460.1,2467.2,2458.3,2464.7,15736,0
2026-05-04T09:55:00+05:30,2463.4,2467.0,2460.9,2463.3,11714,0
2026-05-04T10:00:00+05:30,2463.3,2464.0,2460.0,2461.5,16378,0
2026-05-04T10:05:00+05:30,2461.5,2464.8,2459.0,2461.7,14765,0
2026-05-04T10:10:00+05:30,2461.7,2462.7,2447.5,2449.0,71083,0
2026-05-04T10:15:00+05:30,2449.8,2453.4,2449.0,2450.0,33633,0
2026-05-04T10:20:00+05:30,2449.0,2450.1,2445.2,2447.5,41295,0
2026-05-04T10:25:00+05:30,2447.5,2449.6,2444.0,2449.6,29217,0
2026-05-04T10:30:00+05:30,2449.2,2450.0,2445.0,2446.6,29741,0
2026-05-04T10:35:00+05:30,2446.6,2448.5,2445.7,2447.6,13089,0
2026-05-04T10:40:00+05:30,2447.6,2447.6,2445.0,2445.9,15304,0
2026-05-04T10:45:00+05:30,2445.2,2447.6,2445.0,2446.5,15879,0
2026-05-04T10:50:00+05:30,2446.0,2448.8,2445.1,2446.8,18762,0
2026-05-04T10:55:00+05:30,2446.3,2446.8,2443.0,2444.0,25431,0
2026-05-04T11:00:00+05:30,2444.0,2446.4,2443.0,2444.9,14351,0
2026-05-04T11:05:00+05:30,2444.3,2446.0,2441.5,2442.6,15641,0
2026-05-04T11:10:00+05:30,2442.6,2446.2,2442.3,2446.0,18311,0
2026-05-04T11:15:00+05:30,2446.0,2448.4,2441.1,2442.0,19034,0
2026-05-04T11:20:00+05:30,2442.0,2447.0,2441.9,2443.8,15834,0
2026-05-04T11:25:00+05:30,2443.9,2444.6,2441.0,2441.5,27269,0
2026-05-04T11:30:00+05:30,2441.5,2442.2,2436.6,2441.0,47166,0
2026-05-04T11:35:00+05:30,2441.0,2441.7,2435.0,2436.6,47062,0
2026-05-04T11:40:00+05:30,2436.6,2438.4,2435.8,2436.9,22236,0
2026-05-04T11:45:00+05:30,2436.9,2441.1,2434.0,2440.0,28616,0
2026-05-04T11:50:00+05:30,2440.0,2441.9,2437.0,2438.5,14464,0
2026-05-04T11:55:00+05:30,2438.5,2439.8,2437.0,2438.1,15514,0
2026-05-04T12:00:00+05:30,2438.4,2440.0,2437.1,2438.3,15531,0
2026-05-04T12:05:00+05:30,2438.7,2440.6,2438.0,2439.2,22024,0
2026-05-04T12:10:00+05:30,2439.2,2439.2,2435.7,2435.7,16720,0
2026-05-04T12:15:00+05:30,2436.0,2436.7,2431.1,2434.4,39018,0
2026-05-04T12:20:00+05:30,2434.2,2436.0,2432.0,2433.3,19237,0
2026-05-04T12:25:00+05:30,2433.3,2434.8,2433.0,2433.8,15996,0
2026-05-04T12:30:00+05:30,2433.8,2433.9,2431.0,2431.1,22545,0
2026-05-04T12:35:00+05:30,2431.1,2434.0,2431.0,2431.1,18880,0
2026-05-04T12:40:00+05:30,2431.8,2432.4,2426.4,2427.3,52610,0
2026-05-04T12:45:00+05:30,2428.0,2430.3,2426.2,2428.7,28771,0
2026-05-04T12:50:00+05:30,2429.0,2432.5,2428.6,2432.1,32914,0
2026-05-04T12:55:00+05:30,2431.4,2431.9,2428.8,2430.5,24703,0
2026-05-04T13:00:00+05:30,2430.6,2431.1,2428.2,2430.1,17025,0
2026-05-04T13:05:00+05:30,2430.2,2433.1,2430.0,2431.0,30886,0
2026-05-04T13:10:00+05:30,2431.0,2431.9,2430.0,2430.3,10405,0
2026-05-04T13:15:00+05:30,2430.3,2434.2,2430.0,2431.0,26444,0
2026-05-04T13:20:00+05:30,2431.1,2431.1,2428.0,2429.6,22527,0
2026-05-04T13:25:00+05:30,2429.6,2430.9,2426.0,2426.9,24342,0
2026-05-04T13:30:00+05:30,2426.8,2428.7,2425.0,2426.0,40677,0
2026-05-04T13:35:00+05:30,2426.0,2428.0,2425.4,2426.0,23021,0
2026-05-04T13:40:00+05:30,2426.4,2430.0,2426.0,2428.6,26369,0
2026-05-04T13:45:00+05:30,2428.6,2429.0,2427.0,2427.7,20524,0
2026-05-04T13:50:00+05:30,2427.7,2430.3,2427.1,2428.1,19703,0
2026-05-04T13:55:00+05:30,2428.6,2429.8,2425.5,2429.0,30598,0
2026-05-04T14:00:00+05:30,2429.0,2429.1,2426.5,2429.0,19483,0
2026-05-04T14:05:00+05:30,2429.0,2431.0,2427.3,2431.0,30031,0
2026-05-04T14:10:00+05:30,2431.0,2435.0,2430.0,2431.3,43376,0
2026-05-04T14:15:00+05:30,2431.3,2439.0,2431.0,2437.5,64012,0
2026-05-04T14:20:00+05:30,2437.5,2438.8,2435.0,2436.5,33278,0
2026-05-04T14:25:00+05:30,2436.5,2437.3,2435.3,2436.7,18574,0
2026-05-04T14:30:00+05:30,2436.7,2438.0,2435.8,2436.9,20689,0
2026-05-04T14:35:00+05:30,2436.9,2438.2,2436.0,2437.3,19474,0
2026-05-04T14:40:00+05:30,2437.9,2438.2,2435.1,2435.9,21555,0
2026-05-04T14:45:00+05:30,2436.4,2436.4,2432.0,2433.1,25579,0
2026-05-04T14:50:00+05:30,2433.2,2434.8,2430.1,2434.8,29160,0
2026-05-04T14:55:00+05:30,2434.7,2435.5,2431.3,2433.5,20488,0
2026-05-04T15:00:00+05:30,2433.5,2436.0,2430.7,2433.0,38708,0
2026-05-04T15:05:00+05:30,2433.0,2434.4,2431.9,2433.0,34426,0
2026-05-04T15:10:00+05:30,2433.6,2434.2,2431.7,2432.5,60062,0
2026-05-04T15:15:00+05:30,2432.5,2433.7,2430.1,2431.7,76541,0
2026-05-04T15:20:00+05:30,2431.7,2431.9,2428.7,2428.7,67322,0
2026-05-04T15:25:00+05:30,2428.7,2431.0,2426.2,2430.0,99280,0
2026-05-05T09:15:00+05:30,2430.0,2454.8,2412.2,2452.0,143612,0
2026-05-05T09:20:00+05:30,2452.0,2460.4,2436.3,2436.5,101734,0
2026-05-05T09:25:00+05:30,2436.5,2440.9,2434.0,2436.5,66972,0
2026-05-05T09:30:00+05:30,2437.6,2441.4,2434.9,2436.0,36350,0
2026-05-05T09:35:00+05:30,2436.4,2438.8,2431.3,2437.8,36483,0
2026-05-05T09:40:00+05:30,2438.3,2441.2,2432.9,2437.1,49406,0
2026-05-05T09:45:00+05:30,2437.1,2448.9,2434.6,2448.4,47362,0
2026-05-05T09:50:00+05:30,2448.4,2456.9,2447.1,2454.1,101548,0
2026-05-05T09:55:00+05:30,2454.1,2454.1,2446.0,2448.6,34620,0
2026-05-05T10:00:00+05:30,2448.6,2451.2,2443.6,2447.2,37615,0
2026-05-05T10:05:00+05:30,2446.7,2449.5,2445.8,2447.4,19604,0
2026-05-05T10:10:00+05:30,2447.4,2449.8,2445.0,2445.9,14751,0
2026-05-05T10:15:00+05:30,2445.9,2449.4,2439.6,2447.5,56615,0
2026-05-05T10:20:00+05:30,2447.5,2450.8,2444.9,2446.5,44956,0
2026-05-05T10:25:00+05:30,2446.5,2447.9,2444.0,2446.8,12077,0
2026-05-05T10:30:00+05:30,2446.8,2448.0,2444.5,2445.9,22961,0
2026-05-05T10:35:00+05:30,2445.9,2447.0,2440.7,2445.3,20049,0
2026-05-05T10:40:00+05:30,2445.4,2446.9,2443.4,2445.5,15415,0
2026-05-05T10:45:00+05:30,2445.5,2445.8,2440.0,2441.6,20759,0
2026-05-05T10:50:00+05:30,2441.8,2441.8,2435.1,2439.1,51488,0
2026-05-05T10:55:00+05:30,2439.1,2443.9,2437.6,2441.7,41024,0
2026-05-05T11:00:00+05:30,2441.5,2444.4,2439.0,2444.0,28419,0
2026-05-05T11:05:00+05:30,2444.0,2444.6,2440.0,2440.3,30019,0
2026-05-05T11:10:00+05:30,2440.3,2442.1,2437.7,2441.0,25705,0
2026-05-05T11:15:00+05:30,2441.0,2443.0,2438.7,2440.4,24389,0
2026-05-05T11:20:00+05:30,2440.4,2444.0,2439.7,2440.4,36654,0
2026-05-05T11:25:00+05:30,2440.4,2440.6,2435.0,2436.7,35657,0
2026-05-05T11:30:00+05:30,2436.9,2439.5,2436.7,2438.9,12727,0
2026-05-05T11:35:00+05:30,2438.9,2440.0,2436.2,2437.7,15652,0
2026-05-05T11:40:00+05:30,2437.9,2437.9,2433.0,2434.4,15975,0
2026-05-05T11:45:00+05:30,2434.4,2434.8,2430.0,2433.5,24861,0
2026-05-05T11:50:00+05:30,2433.4,2436.0,2432.1,2434.7,17139,0
2026-05-05T11:55:00+05:30,2434.7,2435.8,2433.9,2434.7,19334,0
2026-05-05T12:00:00+05:30,2434.8,2436.0,2432.8,2435.4,19849,0
2026-05-05T12:05:00+05:30,2435.5,2437.9,2435.0,2437.3,7114,0
2026-05-05T12:10:00+05:30,2437.6,2439.5,2436.8,2438.3,19005,0
2026-05-05T12:15:00+05:30,2438.3,2441.5,2437.8,2440.3,19188,0
2026-05-05T12:20:00+05:30,2440.3,2442.3,2438.8,2439.0,21051,0
2026-05-05T12:25:00+05:30,2439.5,2439.8,2436.5,2438.0,13004,0
2026-05-05T12:30:00+05:30,2437.9,2440.9,2437.4,2440.2,28140,0
2026-05-05T12:35:00+05:30,2440.1,2441.9,2436.9,2440.9,50847,0
2026-05-05T12:40:00+05:30,2441.0,2443.4,2438.0,2438.0,31315,0
2026-05-05T12:45:00+05:30,2438.1,2438.1,2429.1,2430.6,38398,0
2026-05-05T12:50:00+05:30,2430.6,2431.3,2425.2,2426.5,27507,0
2026-05-05T12:55:00+05:30,2426.4,2428.6,2425.0,2426.5,34289,0
2026-05-05T13:00:00+05:30,2426.5,2427.5,2424.0,2426.1,30229,0
2026-05-05T13:05:00+05:30,2426.1,2429.5,2424.0,2425.1,35755,0
2026-05-05T13:10:00+05:30,2425.1,2426.4,2424.0,2425.0,52767,0
2026-05-05T13:15:00+05:30,2424.9,2425.2,2421.8,2422.9,49098,0
2026-05-05T13:20:00+05:30,2422.5,2424.1,2419.3,2422.4,67601,0
2026-05-05T13:25:00+05:30,2422.4,2423.7,2418.5,2419.0,35203,0
2026-05-05T13:30:00+05:30,2418.8,2421.2,2416.7,2419.2,107916,0
2026-05-05T13:35:00+05:30,2420.0,2426.3,2418.7,2425.2,37792,0
2026-05-05T13:40:00+05:30,2425.2,2428.8,2422.2,2426.2,59883,0
2026-05-05T13:45:00+05:30,2426.2,2428.6,2423.7,2425.3,37783,0
2026-05-05T13:50:00+05:30,2425.4,2426.4,2423.9,2424.1,25912,0
2026-05-05T13:55:00+05:30,2424.2,2425.1,2421.0,2421.8,51572,0
2026-05-05T14:00:00+05:30,2421.7,2422.6,2420.0,2420.2,21210,0
2026-05-05T14:05:00+05:30,2421.1,2422.4,2420.5,2421.3,16828,0
2026-05-05T14:10:00+05:30,2421.3,2424.0,2419.3,2422.1,25957,0
2026-05-05T14:15:00+05:30,2422.2,2424.7,2420.5,2422.3,41431,0
2026-05-05T14:20:00+05:30,2422.3,2424.0,2420.7,2421.4,21707,0
2026-05-05T14:25:00+05:30,2421.4,2427.5,2420.4,2427.3,27062,0
2026-05-05T14:30:00+05:30,2427.0,2427.4,2423.3,2424.8,55375,0
2026-05-05T14:35:00+05:30,2424.8,2425.7,2420.6,2423.7,112200,0
2026-05-05T14:40:00+05:30,2423.4,2427.0,2421.1,2426.5,22285,0
2026-05-05T14:45:00+05:30,2426.7,2426.9,2421.6,2422.2,40248,0
2026-05-05T14:50:00+05:30,2422.6,2423.9,2421.2,2421.8,52833,0
2026-05-05T14:55:00+05:30,2421.8,2422.8,2419.6,2420.9,36755,0
2026-05-05T15:00:00+05:30,2420.9,2426.6,2420.0,2425.9,153832,0
2026-05-05T15:05:00+05:30,2426.2,2430.1,2422.6,2429.0,127316,0
2026-05-05T15:10:00+05:30,2429.2,2431.2,2425.4,2430.0,135788,0
2026-05-05T15:15:00+05:30,2430.4,2432.0,2428.6,2430.8,82918,0
2026-05-05T15:20:00+05:30,2430.8,2430.8,2423.6,2428.2,133902,0
2026-05-05T15:25:00+05:30,2428.4,2435.4,2428.2,2429.8,104201,0
2026-05-06T09:15:00+05:30,2441.9,2454.6,2439.1,2446.9,147622,0
2026-05-06T09:20:00+05:30,2446.3,2460.0,2446.0,2459.5,96768,0
2026-05-06T09:25:00+05:30,2459.5,2469.0,2459.1,2464.5,111223,0
2026-05-06T09:30:00+05:30,2464.5,2471.0,2457.4,2458.0,76384,0
2026-05-06T09:35:00+05:30,2458.5,2459.0,2451.0,2452.7,49063,0
2026-05-06T09:40:00+05:30,2452.7,2454.3,2444.2,2445.3,59633,0
2026-05-06T09:45:00+05:30,2445.2,2448.2,2443.0,2447.1,33915,0
2026-05-06T09:50:00+05:30,2447.5,2451.3,2446.3,2450.7,55485,0
2026-05-06T09:55:00+05:30,2451.0,2452.9,2449.3,2449.5,26793,0
2026-05-06T10:00:00+05:30,2449.5,2451.6,2447.4,2449.0,53777,0
2026-05-06T10:05:00+05:30,2449.6,2451.4,2446.6,2450.1,18053,0
2026-05-06T10:10:00+05:30,2450.1,2453.5,2449.7,2453.5,21856,0
2026-05-06T10:15:00+05:30,2453.5,2453.5,2449.7,2450.5,17904,0
2026-05-06T10:20:00+05:30,2450.5,2451.4,2446.2,2446.2,18578,0
2026-05-06T10:25:00+05:30,2446.8,2446.8,2440.0,2441.2,34369,0
2026-05-06T10:30:00+05:30,2441.2,2441.4,2435.6,2436.9,83934,0
2026-05-06T10:35:00+05:30,2436.9,2436.9,2433.4,2433.9,17272,0
2026-05-06T10:40:00+05:30,2433.9,2439.4,2433.6,2436.9,15336,0
2026-05-06T10:45:00+05:30,2437.0,2437.6,2433.5,2434.2,19686,0
2026-05-06T10:50:00+05:30,2434.2,2434.2,2431.0,2433.8,28442,0
2026-05-06T10:55:00+05:30,2433.8,2436.6,2431.3,2431.7,70711,0
2026-05-06T11:00:00+05:30,2431.7,2433.0,2431.1,2431.3,140405,0
2026-05-06T11:05:00+05:30,2431.3,2431.3,2427.3,2428.6,35127,0
2026-05-06T11:10:00+05:30,2428.6,2429.0,2425.5,2428.3,20658,0
2026-05-06T11:15:00+05:30,2428.3,2431.6,2426.9,2428.9,18524,0
2026-05-06T11:20:00+05:30,2428.9,2430.0,2426.1,2427.2,19208,0
2026-05-06T11:25:00+05:30,2427.2,2428.0,2426.0,2426.7,20288,0
2026-05-06T11:30:00+05:30,2426.8,2426.8,2421.9,2421.9,27250,0
2026-05-06T11:35:00+05:30,2422.5,2422.5,2418.5,2420.4,59511,0
2026-05-06T11:40:00+05:30,2420.5,2427.7,2420.3,2426.0,43556,0
2026-05-06T11:45:00+05:30,2426.4,2427.7,2424.1,2427.5,12903,0
2026-05-06T11:50:00+05:30,2427.5,2427.5,2424.0,2425.6,14703,0
2026-05-06T11:55:00+05:30,2425.6,2426.9,2424.6,2425.9,9191,0
2026-05-06T12:00:00+05:30,2425.9,2427.0,2424.1,2425.0,26932,0
2026-05-06T12:05:00+05:30,2425.9,2426.1,2421.5,2422.3,14515,0
2026-05-06T12:10:00+05:30,2422.7,2422.8,2420.3,2420.6,10540,0
2026-05-06T12:15:00+05:30,2420.6,2421.9,2417.0,2421.0,41488,0
2026-05-06T12:20:00+05:30,2421.0,2423.4,2420.0,2422.5,18430,0
2026-05-06T12:25:00+05:30,2422.5,2422.5,2420.2,2421.0,13609,0
2026-05-06T12:30:00+05:30,2421.0,2421.3,2419.0,2420.1,8825,0
2026-05-06T12:35:00+05:30,2420.1,2422.1,2418.4,2420.6,26126,0
2026-05-06T12:40:00+05:30,2420.6,2421.7,2418.3,2418.9,13719,0
2026-05-06T12:45:00+05:30,2418.9,2420.0,2416.0,2418.1,24937,0
2026-05-06T12:50:00+05:30,2418.1,2418.3,2413.0,2414.6,34668,0
2026-05-06T12:55:00+05:30,2414.6,2415.4,2412.4,2414.6,27946,0
2026-05-06T13:00:00+05:30,2414.7,2415.2,2413.0,2413.1,18016,0
2026-05-06T13:05:00+05:30,2413.4,2420.0,2412.9,2417.7,26064,0
2026-05-06T13:10:00+05:30,2417.8,2418.2,2415.0,2416.5,17238,0
2026-05-06T13:15:00+05:30,2416.5,2418.0,2415.5,2417.4,19883,0
2026-05-06T13:20:00+05:30,2417.4,2420.8,2417.2,2420.3,27608,0
2026-05-06T13:25:00+05:30,2420.3,2421.4,2418.9,2420.2,20583,0
2026-05-06T13:30:00+05:30,2420.2,2421.1,2418.1,2421.0,20255,0
2026-05-06T13:35:00+05:30,2421.1,2423.6,2420.0,2421.2,20717,0
2026-05-06T13:40:00+05:30,2421.5,2422.7,2420.1,2422.3,15114,0
2026-05-06T13:45:00+05:30,2422.3,2424.5,2420.0,2423.4,36328,0
2026-05-06T13:50:00+05:30,2423.5,2425.0,2414.2,2416.5,193170,0
2026-05-06T13:55:00+05:30,2416.4,2416.8,2410.3,2412.4,35950,0
2026-05-06T14:00:00+05:30,2412.4,2412.7,2406.5,2412.0,50571,0
2026-05-06T14:05:00+05:30,2412.0,2413.2,2409.0,2410.7,32162,0
2026-05-06T14:10:00+05:30,2410.6,2414.3,2409.3,2412.6,22794,0
2026-05-06T14:15:00+05:30,2413.4,2414.9,2412.6,2414.2,22253,0
2026-05-06T14:20:00+05:30,2414.2,2428.0,2413.9,2427.8,88474,0
2026-05-06T14:25:00+05:30,2428.0,2437.5,2427.1,2434.3,79768,0
2026-05-06T14:30:00+05:30,2434.3,2436.4,2426.4,2428.3,34321,0
2026-05-06T14:35:00+05:30,2428.5,2429.0,2425.4,2426.5,29493,0
2026-05-06T14:40:00+05:30,2426.4,2430.8,2426.1,2430.8,25227,0
2026-05-06T14:45:00+05:30,2430.8,2433.3,2429.0,2431.8,29708,0
2026-05-06T14:50:00+05:30,2432.5,2433.1,2427.5,2430.0,42042,0
2026-05-06T14:55:00+05:30,2430.0,2434.7,2429.3,2433.0,55315,0
2026-05-06T15:00:00+05:30,2433.1,2440.8,2432.3,2438.9,96558,0
2026-05-06T15:05:00+05:30,2439.6,2439.6,2436.0,2436.0,57949,0
2026-05-06T15:10:00+05:30,2436.4,2436.8,2430.6,2431.0,73578,0
2026-05-06T15:15:00+05:30,2430.6,2435.0,2430.6,2434.3,55461,0
2026-05-06T15:20:00+05:30,2434.2,2436.2,2432.0,2435.2,81701,0
2026-05-06T15:25:00+05:30,2435.2,2438.9,2434.0,2435.0,61240,0
2026-05-07T09:15:00+05:30,2438.2,2439.7,2422.1,2426.1,161765,0
2026-05-07T09:20:00+05:30,2425.9,2427.3,2415.0,2417.4,82377,0
2026-05-07T09:25:00+05:30,2417.3,2417.4,2406.7,2407.7,110206,0
2026-05-07T09:30:00+05:30,2407.7,2414.2,2403.2,2407.7,134825,0
2026-05-07T09:35:00+05:30,2407.7,2411.5,2403.4,2410.8,82415,0
2026-05-07T09:40:00+05:30,2410.5,2417.7,2410.1,2414.3,62334,0
2026-05-07T09:45:00+05:30,2415.2,2416.0,2413.0,2413.5,250573,0
2026-05-07T09:50:00+05:30,2413.5,2413.8,2410.0,2411.1,54510,0
2026-05-07T09:55:00+05:30,2411.0,2417.7,2411.0,2414.6,56977,0
2026-05-07T10:00:00+05:30,2414.6,2416.7,2414.1,2416.6,26806,0
2026-05-07T10:05:00+05:30,2416.7,2417.0,2412.0,2413.0,31494,0
2026-05-07T10:10:00+05:30,2413.0,2413.8,2411.0,2412.0,29732,0
2026-05-07T10:15:00+05:30,2412.0,2414.8,2411.0,2413.6,27796,0
2026-05-07T10:20:00+05:30,2413.6,2416.0,2413.1,2414.2,19514,0
2026-05-07T10:25:00+05:30,2414.0,2414.1,2411.0,2411.2,27820,0
2026-05-07T10:30:00+05:30,2411.5,2415.0,2411.0,2414.2,29451,0
2026-05-07T10:35:00+05:30,2414.8,2415.6,2412.5,2414.7,340222,0
2026-05-07T10:40:00+05:30,2414.7,2414.8,2411.4,2412.0,23449,0
2026-05-07T10:45:00+05:30,2412.0,2413.0,2410.4,2412.8,45519,0
2026-05-07T10:50:00+05:30,2412.7,2412.9,2408.0,2412.9,52327,0
2026-05-07T10:55:00+05:30,2412.9,2413.5,2411.1,2412.5,15961,0
2026-05-07T11:00:00+05:30,2412.5,2412.5,2408.0,2410.5,26390,0
2026-05-07T11:05:00+05:30,2410.4,2411.0,2408.0,2408.2,23085,0
2026-05-07T11:10:00+05:30,2408.3,2408.4,2405.3,2408.3,38012,0
2026-05-07T11:15:00+05:30,2408.4,2409.0,2406.4,2407.1,75343,0
2026-05-07T11:20:00+05:30,2407.2,2407.2,2403.9,2405.0,261053,0
2026-05-07T11:25:00+05:30,2405.0,2405.0,2401.4,2404.8,46862,0
2026-05-07T11:30:00+05:30,2404.3,2407.9,2402.9,2405.8,35232,0
2026-05-07T11:35:00+05:30,2405.8,2407.4,2404.5,2405.2,19651,0
2026-05-07T11:40:00+05:30,2405.7,2405.7,2401.6,2401.6,39543,0
2026-05-07T11:45:00+05:30,2401.8,2404.0,2400.9,2403.6,50614,0
2026-05-07T11:50:00+05:30,2403.6,2405.1,2402.2,2404.0,38547,0
2026-05-07T11:55:00+05:30,2404.0,2407.0,2403.8,2406.2,22072,0
2026-05-07T12:00:00+05:30,2406.2,2409.9,2405.5,2406.2,196768,0
2026-05-07T12:05:00+05:30,2406.2,2407.4,2405.0,2405.5,30387,0
2026-05-07T12:10:00+05:30,2405.8,2406.8,2403.0,2404.2,37330,0
2026-05-07T12:15:00+05:30,2403.7,2407.9,2403.5,2406.2,38448,0
2026-05-07T12:20:00+05:30,2406.2,2409.0,2405.1,2408.6,44410,0
2026-05-07T12:25:00+05:30,2408.7,2409.8,2408.0,2408.9,28234,0
2026-05-07T12:30:00+05:30,2408.8,2408.9,2404.0,2407.2,37907,0
2026-05-07T12:35:00+05:30,2407.2,2414.5,2405.1,2413.9,221010,0
2026-05-07T12:40:00+05:30,2413.7,2417.0,2413.3,2415.0,174862,0
2026-05-07T12:45:00+05:30,2415.0,2416.0,2412.0,2415.5,64897,0
2026-05-07T12:50:00+05:30,2415.6,2416.3,2410.0,2412.4,131579,0
2026-05-07T12:55:00+05:30,2412.3,2413.8,2408.2,2411.9,42022,0
2026-05-07T13:00:00+05:30,2411.1,2413.9,2410.2,2413.4,22237,0
2026-05-07T13:05:00+05:30,2413.1,2415.0,2411.2,2412.6,29470,0
2026-05-07T13:10:00+05:30,2412.6,2412.7,2410.2,2412.5,16708,0
2026-05-07T13:15:00+05:30,2412.6,2413.3,2406.0,2409.6,48413,0
2026-05-07T13:20:00+05:30,2409.6,2412.4,2408.0,2409.5,38020,0
2026-05-07T13:25:00+05:30,2409.2,2410.4,2408.6,2409.6,10779,0
2026-05-07T13:30:00+05:30,2409.6,2410.0,2408.0,2409.1,20474,0
2026-05-07T13:35:00+05:30,2409.1,2409.2,2407.2,2407.8,36895,0
2026-05-07T13:40:00+05:30,2408.0,2410.1,2405.4,2408.9,35719,0
2026-05-07T13:45:00+05:30,2408.8,2411.0,2406.0,2409.5,30509,0
2026-05-07T13:50:00+05:30,2409.4,2410.0,2406.1,2409.3,25140,0
2026-05-07T13:55:00+05:30,2409.3,2409.9,2408.0,2409.0,22315,0
2026-05-07T14:00:00+05:30,2409.1,2409.2,2405.3,2406.5,28760,0
2026-05-07T14:05:00+05:30,2406.1,2407.7,2405.0,2406.3,53975,0
2026-05-07T14:10:00+05:30,2406.4,2407.6,2404.1,2404.4,34919,0
2026-05-07T14:15:00+05:30,2404.3,2406.0,2403.5,2403.5,57766,0
2026-05-07T14:20:00+05:30,2403.5,2406.2,2402.9,2405.6,37805,0
2026-05-07T14:25:00+05:30,2405.8,2406.6,2405.0,2405.2,18736,0
2026-05-07T14:30:00+05:30,2405.1,2406.7,2403.1,2405.3,41338,0
2026-05-07T14:35:00+05:30,2405.2,2406.0,2403.5,2404.1,132332,0
2026-05-07T14:40:00+05:30,2404.1,2405.8,2403.3,2405.0,58161,0
2026-05-07T14:45:00+05:30,2405.5,2406.0,2403.0,2403.1,58877,0
2026-05-07T14:50:00+05:30,2403.0,2404.3,2402.0,2403.0,59014,0
2026-05-07T14:55:00+05:30,2403.1,2405.0,2401.4,2402.2,367707,0
2026-05-07T15:00:00+05:30,2402.2,2406.0,2401.0,2402.1,219015,0
2026-05-07T15:05:00+05:30,2402.0,2405.0,2398.0,2398.1,251040,0
2026-05-07T15:10:00+05:30,2398.1,2402.9,2398.0,2400.0,190365,0
2026-05-07T15:15:00+05:30,2400.3,2403.2,2399.9,2401.9,198077,0
2026-05-07T15:20:00+05:30,2401.7,2401.9,2400.3,2400.4,152062,0
2026-05-07T15:25:00+05:30,2400.4,2405.0,2400.0,2403.0,128520,0
2026-05-08T09:15:00+05:30,2398.0,2404.9,2388.7,2403.3,198263,0
2026-05-08T09:20:00+05:30,2403.3,2406.3,2396.0,2398.1,93622,0
2026-05-08T09:25:00+05:30,2398.0,2407.0,2397.0,2404.5,57510,0
2026-05-08T09:30:00+05:30,2404.4,2404.5,2391.5,2394.9,68355,0
2026-05-08T09:35:00+05:30,2394.8,2397.0,2391.7,2396.4,52622,0
2026-05-08T09:40:00+05:30,2396.4,2397.8,2392.0,2392.8,34191,0
2026-05-08T09:45:00+05:30,2392.8,2397.0,2391.7,2396.3,36671,0
2026-05-08T09:50:00+05:30,2396.3,2397.7,2388.7,2390.0,135979,0
2026-05-08T09:55:00+05:30,2389.9,2391.1,2385.7,2390.1,85926,0
2026-05-08T10:00:00+05:30,2390.1,2392.8,2386.5,2386.8,53403,0
2026-05-08T10:05:00+05:30,2387.1,2389.0,2384.3,2384.8,57895,0
2026-05-08T10:10:00+05:30,2384.8,2385.4,2383.0,2384.9,43742,0
2026-05-08T10:15:00+05:30,2384.9,2385.0,2381.1,2382.2,72295,0
2026-05-08T10:20:00+05:30,2382.2,2387.2,2381.5,2384.7,138498,0
2026-05-08T10:25:00+05:30,2384.8,2385.7,2379.6,2384.8,167974,0
2026-05-08T10:30:00+05:30,2384.8,2389.0,2384.0,2387.8,69034,0
2026-05-08T10:35:00+05:30,2388.0,2389.0,2384.4,2384.4,81150,0
2026-05-08T10:40:00+05:30,2384.5,2385.0,2382.5,2384.9,45104,0
2026-05-08T10:45:00+05:30,2384.8,2384.8,2378.2,2378.7,68304,0
2026-05-08T10:50:00+05:30,2378.7,2382.3,2378.2,2381.0,43661,0
2026-05-08T10:55:00+05:30,2380.8,2381.9,2380.0,2380.1,29262,0
2026-05-08T11:00:00+05:30,2380.1,2382.2,2379.1,2380.7,31424,0
2026-05-08T11:05:00+05:30,2380.7,2382.0,2380.0,2381.8,15734,0
2026-05-08T11:10:00+05:30,2381.6,2381.8,2379.3,2380.1,18684,0
2026-05-08T11:15:00+05:30,2380.1,2380.8,2376.1,2377.1,42514,0
2026-05-08T11:20:00+05:30,2377.1,2379.0,2375.1,2377.0,29328,0
2026-05-08T11:25:00+05:30,2377.0,2378.5,2375.9,2376.7,45106,0
2026-05-08T11:30:00+05:30,2376.7,2380.7,2375.9,2380.0,19788,0
2026-05-08T11:35:00+05:30,2380.0,2380.4,2379.0,2379.9,20427,0
2026-05-08T11:40:00+05:30,2379.8,2380.4,2378.2,2378.2,16813,0
2026-05-08T11:45:00+05:30,2378.3,2379.4,2377.8,2378.1,14665,0
2026-05-08T11:50:00+05:30,2378.0,2378.9,2377.0,2378.6,13114,0
2026-05-08T11:55:00+05:30,2378.6,2379.1,2377.0,2378.2,17675,0
2026-05-08T12:00:00+05:30,2378.2,2378.4,2376.0,2376.7,25923,0
2026-05-08T12:05:00+05:30,2376.7,2377.7,2376.0,2376.3,14735,0
2026-05-08T12:10:00+05:30,2376.3,2377.3,2376.0,2377.0,12166,0
2026-05-08T12:15:00+05:30,2376.9,2378.2,2376.0,2378.1,28893,0
2026-05-08T12:20:00+05:30,2378.1,2379.3,2376.0,2376.5,21569,0
2026-05-08T12:25:00+05:30,2376.6,2380.0,2376.1,2379.4,18132,0
2026-05-08T12:30:00+05:30,2379.4,2380.8,2377.0,2377.6,20877,0
2026-05-08T12:35:00+05:30,2378.0,2380.0,2376.9,2378.9,16296,0
2026-05-08T12:40:00+05:30,2378.9,2380.0,2378.0,2378.0,13817,0
2026-05-08T12:45:00+05:30,2378.3,2378.4,2377.0,2377.6,16528,0
2026-05-08T12:50:00+05:30,2377.6,2379.2,2377.0,2379.0,16041,0
2026-05-08T12:55:00+05:30,2378.9,2380.0,2378.9,2379.9,12071,0
2026-05-08T13:00:00+05:30,2380.0,2380.0,2379.0,2380.0,18538,0
2026-05-08T13:05:00+05:30,2380.0,2387.0,2379.7,2383.8,80489,0
2026-05-08T13:10:00+05:30,2384.0,2386.8,2383.0,2386.2,80525,0
2026-05-08T13:15:00+05:30,2386.2,2386.5,2384.0,2384.8,41286,0
2026-05-08T13:20:00+05:30,2385.3,2387.0,2384.1,2386.0,47400,0
2026-05-08T13:25:00+05:30,2386.5,2389.8,2385.9,2387.9,127220,0
2026-05-08T13:30:00+05:30,2388.0,2388.2,2385.0,2387.5,34719,0
2026-05-08T13:35:00+05:30,2387.4,2387.9,2383.6,2384.2,29730,0
2026-05-08T13:40:00+05:30,2384.2,2385.6,2381.7,2382.6,21895,0
2026-05-08T13:45:00+05:30,2383.0,2383.9,2381.0,2382.0,50383,0
2026-05-08T13:50:00+05:30,2382.0,2383.2,2380.2,2382.0,44279,0
2026-05-08T13:55:00+05:30,2382.5,2382.6,2378.7,2380.0,34861,0
2026-05-08T14:00:00+05:30,2379.9,2382.9,2378.6,2380.6,49187,0
2026-05-08T14:05:00+05:30,2381.1,2384.7,2380.0,2383.3,42717,0
2026-05-08T14:10:00+05:30,2383.4,2384.8,2382.0,2382.9,50227,0
2026-05-08T14:15:00+05:30,2382.9,2384.2,2381.1,2384.1,34259,0
2026-05-08T14:20:00+05:30,2384.1,2385.0,2382.4,2383.5,38370,0
2026-05-08T14:25:00+05:30,2383.9,2386.7,2382.8,2386.2,40892,0
2026-05-08T14:30:00+05:30,2386.2,2394.0,2385.9,2392.0,85529,0
2026-05-08T14:35:00+05:30,2391.9,2398.4,2390.0,2396.5,110227,0
2026-05-08T14:40:00+05:30,2396.5,2397.4,2393.5,2394.5,49133,0
2026-05-08T14:45:00+05:30,2394.5,2401.5,2394.5,2401.0,63191,0
2026-05-08T14:50:00+05:30,2401.2,2402.5,2398.6,2400.0,38841,0
2026-05-08T14:55:00+05:30,2400.0,2400.1,2396.2,2398.2,32600,0
2026-05-08T15:00:00+05:30,2398.2,2398.2,2392.0,2393.7,70521,0
2026-05-08T15:05:00+05:30,2393.6,2394.8,2390.6,2394.5,51039,0
2026-05-08T15:10:00+05:30,2394.4,2396.4,2393.0,2395.0,50921,0
2026-05-08T15:15:00+05:30,2394.9,2396.1,2392.8,2394.1,57814,0
2026-05-08T15:20:00+05:30,2394.2,2396.9,2392.0,2396.7,85829,0
2026-05-08T15:25:00+05:30,2396.7,2397.2,2393.2,2397.2,60993,0
2026-05-11T09:15:00+05:30,2371.0,2393.8,2371.0,2391.9,115011,0
2026-05-11T09:20:00+05:30,2391.9,2391.9,2380.2,2385.9,55319,0
2026-05-11T09:25:00+05:30,2386.7,2388.0,2381.4,2387.6,25748,0
2026-05-11T09:30:00+05:30,2387.4,2394.0,2387.0,2391.8,44712,0
2026-05-11T09:35:00+05:30,2392.0,2393.0,2385.4,2385.8,28577,0
2026-05-11T09:40:00+05:30,2386.7,2388.9,2383.8,2385.5,20468,0
2026-05-11T09:45:00+05:30,2385.1,2390.0,2385.1,2389.1,16927,0
2026-05-11T09:50:00+05:30,2389.1,2392.5,2386.0,2392.2,16378,0
2026-05-11T09:55:00+05:30,2392.7,2394.9,2391.0,2391.5,23872,0
2026-05-11T10:00:00+05:30,2391.7,2393.8,2389.3,2390.3,13796,0
2026-05-11T10:05:00+05:30,2390.3,2394.6,2390.1,2392.0,13588,0
2026-05-11T10:10:00+05:30,2392.0,2392.4,2385.2,2387.0,29730,0
2026-05-11T10:15:00+05:30,2387.0,2387.5,2379.3,2381.6,37951,0
2026-05-11T10:20:00+05:30,2381.6,2387.7,2381.5,2386.1,10409,0
2026-05-11T10:25:00+05:30,2385.8,2390.0,2384.1,2388.7,10214,0
2026-05-11T10:30:00+05:30,2388.7,2401.0,2388.2,2400.5,49232,0
2026-05-11T10:35:00+05:30,2400.7,2401.0,2396.2,2397.0,19011,0
2026-05-11T10:40:00+05:30,2397.0,2400.2,2394.7,2399.6,20021,0
2026-05-11T10:45:00+05:30,2399.0,2399.9,2397.0,2397.5,14716,0
2026-05-11T10:50:00+05:30,2397.6,2399.9,2397.0,2399.3,9660,0
2026-05-11T10:55:00+05:30,2399.1,2406.0,2398.7,2404.6,21279,0
2026-05-11T11:00:00+05:30,2404.6,2408.8,2403.0,2407.9,27536,0
2026-05-11T11:05:00+05:30,2407.7,2410.0,2404.5,2406.3,27045,0
2026-05-11T11:10:00+05:30,2406.3,2409.0,2406.0,2407.0,15858,0
2026-05-11T11:15:00+05:30,2407.1,2408.0,2405.8,2407.9,37812,0
2026-05-11T11:20:00+05:30,2407.9,2409.8,2407.2,2407.7,12109,0
2026-05-11T11:25:00+05:30,2407.9,2409.0,2403.2,2405.6,17816,0
2026-05-11T11:30:00+05:30,2404.6,2405.7,2401.0,2402.6,14674,0
2026-05-11T11:35:00+05:30,2402.5,2402.9,2397.6,2402.2,16667,0
2026-05-11T11:40:00+05:30,2402.1,2406.1,2401.3,2405.5,11263,0
2026-05-11T11:45:00+05:30,2406.0,2406.0,2402.3,2404.2,7238,0
2026-05-11T11:50:00+05:30,2404.3,2407.4,2404.3,2406.6,11753,0
2026-05-11T11:55:00+05:30,2406.7,2406.7,2404.0,2405.8,12062,0
2026-05-11T12:00:00+05:30,2405.8,2406.0,2403.6,2404.6,10036,0
2026-05-11T12:05:00+05:30,2404.6,2406.5,2404.5,2404.8,6741,0
2026-05-11T12:10:00+05:30,2404.8,2406.0,2401.0,2402.0,8360,0
2026-05-11T12:15:00+05:30,2402.0,2403.7,2400.2,2403.7,15427,0
2026-05-11T12:20:00+05:30,2403.6,2414.6,2403.3,2409.6,39682,0
2026-05-11T12:25:00+05:30,2409.5,2412.4,2409.0,2410.0,21440,0
2026-05-11T12:30:00+05:30,2410.0,2414.0,2409.4,2412.5,36142,0
2026-05-11T12:35:00+05:30,2412.5,2413.4,2409.0,2410.2,25283,0
2026-05-11T12:40:00+05:30,2410.2,2414.0,2410.0,2413.8,20248,0
2026-05-11T12:45:00+05:30,2413.8,2415.0,2408.4,2409.1,22368,0
2026-05-11T12:50:00+05:30,2409.1,2410.0,2407.9,2409.4,8537,0
2026-05-11T12:55:00+05:30,2409.4,2409.6,2405.2,2405.6,20272,0
2026-05-11T13:00:00+05:30,2405.4,2407.9,2399.9,2403.3,58167,0
2026-05-11T13:05:00+05:30,2403.3,2409.7,2401.9,2409.4,20292,0
2026-05-11T13:10:00+05:30,2409.6,2410.8,2407.8,2409.9,23887,0
2026-05-11T13:15:00+05:30,2409.9,2410.0,2406.6,2408.9,20902,0
2026-05-11T13:20:00+05:30,2408.8,2410.8,2408.8,2410.4,8850,0
2026-05-11T13:25:00+05:30,2410.4,2410.7,2408.5,2408.6,9213,0
2026-05-11T13:30:00+05:30,2408.9,2409.1,2404.3,2406.5,15074,0
2026-05-11T13:35:00+05:30,2406.9,2409.5,2405.0,2405.0,9261,0
2026-05-11T13:40:00+05:30,2405.1,2406.7,2402.5,2402.5,15331,0
2026-05-11T13:45:00+05:30,2403.2,2404.8,2401.0,2402.1,70203,0
2026-05-11T13:50:00+05:30,2402.1,2404.7,2401.5,2403.5,13441,0
2026-05-11T13:55:00+05:30,2404.3,2404.6,2402.2,2402.6,13183,0
2026-05-11T14:00:00+05:30,2403.3,2404.1,2401.6,2403.0,17733,0
2026-05-11T14:05:00+05:30,2403.0,2405.4,2402.3,2404.0,9296,0
2026-05-11T14:10:00+05:30,2403.0,2405.0,2403.0,2403.7,9731,0
2026-05-11T14:15:00+05:30,2404.5,2404.7,2398.8,2400.7,25452,0
2026-05-11T14:20:00+05:30,2400.7,2403.5,2399.9,2400.0,14276,0
2026-05-11T14:25:00+05:30,2400.2,2401.7,2399.2,2399.8,12587,0
2026-05-11T14:30:00+05:30,2399.8,2405.5,2399.7,2404.7,24111,0
2026-05-11T14:35:00+05:30,2404.8,2405.5,2401.7,2403.0,15394,0
2026-05-11T14:40:00+05:30,2403.1,2403.3,2395.9,2399.1,26517,0
2026-05-11T14:45:00+05:30,2398.9,2400.1,2395.2,2396.5,23785,0
2026-05-11T14:50:00+05:30,2396.5,2400.6,2395.9,2398.0,31036,0
2026-05-11T14:55:00+05:30,2398.2,2399.9,2397.2,2398.6,9537,0
2026-05-11T15:00:00+05:30,2398.5,2398.5,2393.0,2393.1,73003,0
2026-05-11T15:05:00+05:30,2393.1,2393.1,2390.1,2390.7,60555,0
2026-05-11T15:10:00+05:30,2391.0,2392.9,2390.1,2392.1,63624,0
2026-05-11T15:15:00+05:30,2392.1,2393.6,2392.0,2393.2,56994,0
2026-05-11T15:20:00+05:30,2393.3,2393.3,2393.0,2393.0,67247,0
2026-05-11T15:25:00+05:30,2393.1,2401.0,2390.0,2400.0,85964,0
2026-05-12T09:15:00+05:30,2375.0,2375.0,2325.3,2336.9,333387,0
2026-05-12T09:20:00+05:30,2337.0,2337.9,2327.4,2332.0,142073,0
2026-05-12T09:25:00+05:30,2332.2,2332.7,2313.3,2315.3,200552,0
2026-05-12T09:30:00+05:30,2315.7,2317.0,2304.0,2312.2,162124,0
2026-05-12T09:35:00+05:30,2312.1,2315.0,2307.4,2311.5,126155,0
2026-05-12T09:40:00+05:30,2312.0,2314.8,2310.0,2311.5,86028,0
2026-05-12T09:45:00+05:30,2311.5,2312.4,2306.0,2306.1,106753,0
2026-05-12T09:50:00+05:30,2307.0,2311.6,2301.0,2310.2,175874,0
2026-05-12T09:55:00+05:30,2310.2,2311.8,2299.0,2300.9,182094,0
2026-05-12T10:00:00+05:30,2301.0,2304.7,2300.0,2300.9,65383,0
2026-05-12T10:05:00+05:30,2300.9,2303.6,2300.0,2300.6,67665,0
2026-05-12T10:10:00+05:30,2300.6,2303.8,2300.5,2301.2,72770,0
2026-05-12T10:15:00+05:30,2301.3,2303.0,2300.0,2302.1,63706,0
2026-05-12T10:20:00+05:30,2302.5,2305.0,2297.0,2298.8,120611,0
2026-05-12T10:25:00+05:30,2298.8,2298.9,2290.1,2290.3,141699,0
2026-05-12T10:30:00+05:30,2290.8,2291.0,2286.0,2288.4,155208,0
2026-05-12T10:35:00+05:30,2288.4,2289.0,2283.6,2286.2,131573,0
2026-05-12T10:40:00+05:30,2286.7,2293.0,2286.2,2292.7,58143,0
2026-05-12T10:45:00+05:30,2292.7,2295.0,2290.0,2291.8,52399,0
2026-05-12T10:50:00+05:30,2291.8,2296.0,2290.1,2295.0,79409,0
2026-05-12T10:55:00+05:30,2295.0,2296.3,2294.0,2296.1,41916,0
2026-05-12T11:00:00+05:30,2296.1,2296.9,2293.5,2295.8,44081,0
2026-05-12T11:05:00+05:30,2295.8,2296.2,2290.5,2293.0,40671,0
2026-05-12T11:10:00+05:30,2292.9,2293.9,2290.0,2290.9,33299,0
2026-05-12T11:15:00+05:30,2291.1,2295.0,2290.1,2293.7,28812,0
2026-05-12T11:20:00+05:30,2293.7,2295.8,2291.1,2291.1,36523,0
2026-05-12T11:25:00+05:30,2292.0,2293.6,2290.0,2290.9,61266,0
2026-05-12T11:30:00+05:30,2290.9,2297.4,2289.0,2295.7,122204,0
2026-05-12T11:35:00+05:30,2296.1,2301.1,2295.7,2298.3,109779,0
2026-05-12T11:40:00+05:30,2298.3,2298.3,2295.5,2297.0,32123,0
2026-05-12T11:45:00+05:30,2297.1,2298.4,2296.0,2297.9,32829,0
2026-05-12T11:50:00+05:30,2297.9,2298.9,2295.1,2298.0,41435,0
2026-05-12T11:55:00+05:30,2298.0,2303.0,2297.8,2301.9,85880,0
2026-05-12T12:00:00+05:30,2301.8,2302.0,2287.0,2288.4,109559,0
2026-05-12T12:05:00+05:30,2289.0,2292.0,2287.3,2288.9,51874,0
2026-05-12T12:10:00+05:30,2288.9,2289.0,2284.0,2286.2,107486,0
2026-05-12T12:15:00+05:30,2286.3,2287.7,2285.0,2286.0,51857,0
2026-05-12T12:20:00+05:30,2285.9,2287.8,2283.0,2286.9,81717,0
2026-05-12T12:25:00+05:30,2286.9,2292.4,2286.0,2290.7,55819,0
2026-05-12T12:30:00+05:30,2290.7,2296.0,2290.0,2295.2,58055,0
2026-05-12T12:35:00+05:30,2296.0,2297.4,2294.3,2295.8,32595,0
2026-05-12T12:40:00+05:30,2296.0,2301.6,2295.7,2300.0,45555,0
2026-05-12T12:45:00+05:30,2300.2,2302.0,2297.8,2300.9,45997,0
2026-05-12T12:50:00+05:30,2300.5,2301.0,2295.7,2296.8,48096,0
2026-05-12T12:55:00+05:30,2296.8,2299.4,2296.5,2298.6,32211,0
2026-05-12T13:00:00+05:30,2298.6,2299.3,2296.6,2299.0,33784,0
2026-05-12T13:05:00+05:30,2299.0,2300.0,2298.0,2298.3,50493,0
2026-05-12T13:10:00+05:30,2298.3,2304.0,2297.0,2302.8,67671,0
2026-05-12T13:15:00+05:30,2303.2,2304.0,2300.4,2301.5,69519,0
2026-05-12T13:20:00+05:30,2301.5,2303.0,2300.2,2300.7,38184,0
2026-05-12T13:25:00+05:30,2300.7,2301.9,2300.0,2301.9,47209,0
2026-05-12T13:30:00+05:30,2301.9,2303.0,2301.0,2301.0,47003,0
2026-05-12T13:35:00+05:30,2301.1,2302.4,2296.7,2297.1,61395,0
2026-05-12T13:40:00+05:30,2297.1,2299.8,2295.6,2296.4,46715,0
2026-05-12T13:45:00+05:30,2296.9,2298.0,2293.6,2296.8,68643,0
2026-05-12T13:50:00+05:30,2296.8,2301.0,2296.2,2300.1,36269,0
2026-05-12T13:55:00+05:30,2300.1,2301.0,2296.5,2297.7,41089,0
2026-05-12T14:00:00+05:30,2297.7,2299.2,2295.9,2296.3,59733,0
2026-05-12T14:05:00+05:30,2297.2,2300.0,2293.0,2294.9,55904,0
2026-05-12T14:10:00+05:30,2295.0,2295.0,2292.5,2294.2,48691,0
2026-05-12T14:15:00+05:30,2294.6,2299.0,2293.5,2299.0,48606,0
2026-05-12T14:20:00+05:30,2299.0,2302.2,2298.3,2302.2,54520,0
2026-05-12T14:25:00+05:30,2302.2,2302.2,2298.3,2299.7,66198,0
2026-05-12T14:30:00+05:30,2299.7,2299.9,2295.4,2296.7,42319,0
2026-05-12T14:35:00+05:30,2296.7,2299.2,2296.0,2298.0,57057,0
2026-05-12T14:40:00+05:30,2298.0,2298.8,2296.5,2297.5,62348,0
2026-05-12T14:45:00+05:30,2297.5,2300.5,2296.0,2298.3,88416,0
2026-05-12T14:50:00+05:30,2298.4,2300.9,2297.0,2299.8,62147,0
2026-05-12T14:55:00+05:30,2299.8,2299.8,2297.1,2299.6,93354,0
2026-05-12T15:00:00+05:30,2299.6,2300.3,2294.2,2300.0,187080,0
2026-05-12T15:05:00+05:30,2299.9,2301.0,2297.2,2300.8,204563,0
2026-05-12T15:10:00+05:30,2300.8,2302.0,2298.7,2299.0,221520,0
2026-05-12T15:15:00+05:30,2299.0,2304.0,2297.0,2304.0,187859,0
2026-05-12T15:20:00+05:30,2304.0,2305.3,2301.2,2302.7,138529,0
2026-05-12T15:25:00+05:30,2302.7,2304.4,2301.1,2303.5,84483,0
2026-05-13T09:15:00+05:30,2306.0,2309.2,2291.8,2303.6,180825,0
2026-05-13T09:20:00+05:30,2303.2,2307.9,2300.6,2304.6,61590,0
2026-05-13T09:25:00+05:30,2305.0,2306.6,2297.7,2298.6,62360,0
2026-05-13T09:30:00+05:30,2297.8,2302.0,2296.0,2297.4,38824,0
2026-05-13T09:35:00+05:30,2297.0,2301.9,2290.4,2291.4,58645,0
2026-05-13T09:40:00+05:30,2290.6,2295.0,2288.6,2293.5,57454,0
2026-05-13T09:45:00+05:30,2293.5,2296.7,2288.0,2289.4,33031,0
2026-05-13T09:50:00+05:30,2289.4,2296.7,2289.1,2294.6,34567,0
2026-05-13T09:55:00+05:30,2295.0,2297.4,2292.0,2293.5,28585,0
2026-05-13T10:00:00+05:30,2293.6,2295.0,2290.1,2294.6,27600,0
2026-05-13T10:05:00+05:30,2294.5,2298.0,2294.0,2295.7,21627,0
2026-05-13T10:10:00+05:30,2295.7,2296.5,2291.2,2295.8,23493,0
2026-05-13T10:15:00+05:30,2296.4,2297.5,2293.4,2296.7,29583,0
2026-05-13T10:20:00+05:30,2296.7,2299.9,2295.8,2297.2,27046,0
2026-05-13T10:25:00+05:30,2297.5,2299.2,2290.8,2291.0,51269,0
2026-05-13T10:30:00+05:30,2291.2,2297.1,2290.5,2296.0,35421,0
2026-05-13T10:35:00+05:30,2296.1,2296.3,2285.6,2287.7,65266,0
2026-05-13T10:40:00+05:30,2287.8,2292.0,2286.8,2291.4,29140,0
2026-05-13T10:45:00+05:30,2291.5,2293.8,2291.4,2291.9,17824,0
2026-05-13T10:50:00+05:30,2291.8,2296.7,2291.6,2293.8,22556,0
2026-05-13T10:55:00+05:30,2293.9,2294.4,2286.5,2286.5,35612,0
2026-05-13T11:00:00+05:30,2286.5,2290.8,2286.3,2287.2,27646,0
2026-05-13T11:05:00+05:30,2287.6,2288.9,2286.3,2287.4,18216,0
2026-05-13T11:10:00+05:30,2287.2,2288.9,2285.1,2286.9,33536,0
2026-05-13T11:15:00+05:30,2286.9,2290.0,2286.7,2289.4,18293,0
2026-05-13T11:20:00+05:30,2289.1,2291.8,2288.5,2291.2,13871,0
2026-05-13T11:25:00+05:30,2291.7,2291.7,2287.8,2289.5,40391,0
2026-05-13T11:30:00+05:30,2289.5,2293.6,2289.2,2292.4,27212,0
2026-05-13T11:35:00+05:30,2292.9,2296.0,2291.1,2294.3,28796,0
2026-05-13T11:40:00+05:30,2294.3,2294.6,2290.8,2293.2,25252,0
2026-05-13T11:45:00+05:30,2293.2,2293.6,2287.4,2287.8,49605,0
2026-05-13T11:50:00+05:30,2287.9,2290.0,2285.1,2286.2,54868,0
2026-05-13T11:55:00+05:30,2285.6,2286.5,2281.0,2281.5,62352,0
2026-05-13T12:00:00+05:30,2281.5,2285.0,2277.6,2285.0,78080,0
2026-05-13T12:05:00+05:30,2285.0,2288.0,2282.8,2284.8,29010,0
2026-05-13T12:10:00+05:30,2284.6,2287.7,2283.0,2287.2,18449,0
2026-05-13T12:15:00+05:30,2287.2,2287.7,2284.0,2285.4,22779,0
2026-05-13T12:20:00+05:30,2285.4,2285.4,2281.9,2282.8,29151,0
2026-05-13T12:25:00+05:30,2283.0,2283.7,2281.0,2281.7,24657,0
2026-05-13T12:30:00+05:30,2281.7,2283.4,2279.5,2280.9,28649,0
2026-05-13T12:35:00+05:30,2280.9,2283.5,2278.2,2283.5,41862,0
2026-05-13T12:40:00+05:30,2283.5,2283.7,2277.0,2278.1,39228,0
2026-05-13T12:45:00+05:30,2278.1,2279.8,2277.6,2278.9,18685,0
2026-05-13T12:50:00+05:30,2278.9,2283.2,2278.0,2282.2,28219,0
2026-05-13T12:55:00+05:30,2282.6,2285.0,2282.0,2284.6,23329,0
2026-05-13T13:00:00+05:30,2284.5,2285.9,2280.5,2282.3,57370,0
2026-05-13T13:05:00+05:30,2283.0,2283.9,2278.2,2278.7,23668,0
2026-05-13T13:10:00+05:30,2278.7,2281.6,2278.5,2280.2,15640,0
2026-05-13T13:15:00+05:30,2280.9,2281.0,2278.2,2279.0,15440,0
2026-05-13T13:20:00+05:30,2278.9,2279.4,2277.5,2278.0,19709,0
2026-05-13T13:25:00+05:30,2278.0,2278.0,2272.8,2274.3,70108,0
2026-05-13T13:30:00+05:30,2274.3,2278.7,2274.3,2277.0,19127,0
2026-05-13T13:35:00+05:30,2277.0,2278.4,2276.0,2277.9,14023,0
2026-05-13T13:40:00+05:30,2277.9,2278.0,2275.6,2276.1,19532,0
2026-05-13T13:45:00+05:30,2276.1,2277.9,2275.0,2276.7,27537,0
2026-05-13T13:50:00+05:30,2276.6,2277.0,2274.1,2276.0,26460,0
2026-05-13T13:55:00+05:30,2275.5,2278.6,2274.0,2278.5,28385,0
2026-05-13T14:00:00+05:30,2278.5,2280.5,2275.9,2277.7,64021,0
2026-05-13T14:05:00+05:30,2277.7,2280.9,2277.0,2280.9,32082,0
2026-05-13T14:10:00+05:30,2280.9,2285.2,2280.5,2285.0,71076,0
2026-05-13T14:15:00+05:30,2285.0,2285.2,2279.9,2280.0,109310,0
2026-05-13T14:20:00+05:30,2280.0,2281.9,2276.0,2280.0,50192,0
2026-05-13T14:25:00+05:30,2279.9,2280.3,2277.0,2279.0,23321,0
2026-05-13T14:30:00+05:30,2278.9,2281.0,2278.4,2280.0,31052,0
2026-05-13T14:35:00+05:30,2280.0,2282.9,2278.0,2279.0,28668,0
2026-05-13T14:40:00+05:30,2278.9,2281.8,2277.0,2279.8,45567,0
2026-05-13T14:45:00+05:30,2279.8,2281.1,2277.6,2280.4,29913,0
2026-05-13T14:50:00+05:30,2280.4,2282.1,2279.3,2281.0,34458,0
2026-05-13T14:55:00+05:30,2281.6,2281.6,2278.3,2280.5,26724,0
2026-05-13T15:00:00+05:30,2280.0,2280.5,2273.9,2274.7,98882,0
2026-05-13T15:05:00+05:30,2274.8,2275.1,2273.0,2274.4,86060,0
2026-05-13T15:10:00+05:30,2274.4,2274.7,2271.5,2272.4,81750,0
2026-05-13T15:15:00+05:30,2272.4,2272.4,2270.1,2271.9,78252,0
2026-05-13T15:20:00+05:30,2271.8,2271.9,2269.0,2270.9,112714,0
2026-05-13T15:25:00+05:30,2270.9,2275.0,2270.0,2274.0,73202,0
2026-05-14T09:15:00+05:30,2265.0,2265.0,2206.4,2250.9,567322,0
2026-05-14T09:20:00+05:30,2250.0,2256.3,2245.2,2254.1,146139,0
2026-05-14T09:25:00+05:30,2254.0,2256.9,2249.3,2255.0,80029,0
2026-05-14T09:30:00+05:30,2255.8,2256.4,2243.7,2244.9,108670,0
2026-05-14T09:35:00+05:30,2243.9,2245.3,2230.2,2231.9,137724,0
2026-05-14T09:40:00+05:30,2231.9,2235.8,2230.0,2235.3,101886,0
2026-05-14T09:45:00+05:30,2234.8,2237.0,2231.0,2231.2,102348,0
2026-05-14T09:50:00+05:30,2231.9,2233.0,2228.5,2230.0,70211,0
2026-05-14T09:55:00+05:30,2230.0,2231.9,2226.0,2231.2,60321,0
2026-05-14T10:00:00+05:30,2230.7,2240.7,2229.7,2239.3,114272,0
2026-05-14T10:05:00+05:30,2239.1,2246.5,2235.4,2243.0,69675,0
2026-05-14T10:10:00+05:30,2243.0,2245.1,2236.0,2239.9,76577,0
2026-05-14T10:15:00+05:30,2239.9,2239.9,2234.2,2236.0,48115,0
2026-05-14T10:20:00+05:30,2236.2,2236.7,2230.1,2234.2,40989,0
2026-05-14T10:25:00+05:30,2234.3,2235.6,2231.1,2232.9,32888,0
2026-05-14T10:30:00+05:30,2232.8,2235.4,2231.0,2234.9,38007,0
2026-05-14T10:35:00+05:30,2235.0,2241.0,2233.8,2235.7,37936,0
2026-05-14T10:40:00+05:30,2236.6,2237.5,2232.0,2232.0,43874,0
2026-05-14T10:45:00+05:30,2232.2,2232.2,2222.8,2223.1,84438,0
2026-05-14T10:50:00+05:30,2223.1,2223.9,2221.0,2222.6,49429,0
2026-05-14T10:55:00+05:30,2222.1,2224.4,2218.8,2222.1,61422,0
2026-05-14T11:00:00+05:30,2222.2,2226.6,2220.2,2224.4,40628,0
2026-05-14T11:05:00+05:30,2224.4,2228.0,2223.8,2226.5,49620,0
2026-05-14T11:10:00+05:30,2226.5,2230.0,2226.1,2229.0,42891,0
2026-05-14T11:15:00+05:30,2229.0,2237.4,2226.2,2237.3,84807,0
2026-05-14T11:20:00+05:30,2237.4,2243.6,2235.0,2243.5,100708,0
2026-05-14T11:25:00+05:30,2243.5,2244.5,2233.1,2236.6,74352,0
2026-05-14T11:30:00+05:30,2236.1,2236.6,2231.6,2231.6,55265,0
2026-05-14T11:35:00+05:30,2231.6,2233.4,2222.6,2227.3,82454,0
2026-05-14T11:40:00+05:30,2227.3,2230.3,2225.0,2230.1,39265,0
2026-05-14T11:45:00+05:30,2230.1,2233.3,2229.2,2231.8,53731,0
2026-05-14T11:50:00+05:30,2231.8,2232.4,2229.0,2230.3,44863,0
2026-05-14T11:55:00+05:30,2230.2,2233.4,2227.0,2227.5,69984,0
2026-05-14T12:00:00+05:30,2227.5,2227.7,2217.1,2219.0,76324,0
2026-05-14T12:05:00+05:30,2219.2,2220.9,2218.0,2219.0,52153,0
2026-05-14T12:10:00+05:30,2219.0,2220.4,2215.1,2220.0,85215,0
2026-05-14T12:15:00+05:30,2220.0,2224.3,2219.0,2219.6,45507,0
2026-05-14T12:20:00+05:30,2219.6,2222.0,2216.0,2220.2,53632,0
2026-05-14T12:25:00+05:30,2220.2,2222.1,2218.5,2220.1,56849,0
2026-05-14T12:30:00+05:30,2220.6,2221.6,2217.9,2219.0,43272,0
2026-05-14T12:35:00+05:30,2219.0,2219.8,2214.0,2215.0,55300,0
2026-05-14T12:40:00+05:30,2215.0,2217.1,2212.6,2216.1,66266,0
2026-05-14T12:45:00+05:30,2216.3,2219.8,2215.0,2218.6,93201,0
2026-05-14T12:50:00+05:30,2219.0,2219.4,2212.9,2213.5,49470,0
2026-05-14T12:55:00+05:30,2213.5,2216.2,2212.1,2214.5,53480,0
2026-05-14T13:00:00+05:30,2214.5,2227.6,2213.9,2227.1,67094,0
2026-05-14T13:05:00+05:30,2227.5,2231.3,2226.7,2230.0,65057,0
2026-05-14T13:10:00+05:30,2229.8,2240.0,2228.8,2238.3,141671,0
2026-05-14T13:15:00+05:30,2238.3,2245.9,2237.4,2243.8,100462,0
2026-05-14T13:20:00+05:30,2244.0,2249.0,2242.6,2243.4,85914,0
2026-05-14T13:25:00+05:30,2243.6,2247.6,2242.9,2245.0,70683,0
2026-05-14T13:30:00+05:30,2245.0,2246.9,2243.0,2246.0,40516,0
2026-05-14T13:35:00+05:30,2246.0,2247.6,2243.9,2244.1,41860,0
2026-05-14T13:40:00+05:30,2244.6,2247.0,2243.1,2246.0,44508,0
2026-05-14T13:45:00+05:30,2246.0,2250.0,2245.5,2248.6,69703,0
2026-05-14T13:50:00+05:30,2248.6,2252.0,2245.6,2251.6,71708,0
2026-05-14T13:55:00+05:30,2251.8,2255.9,2250.0,2252.0,55830,0
2026-05-14T14:00:00+05:30,2252.6,2255.0,2250.4,2253.2,44173,0
2026-05-14T14:05:00+05:30,2253.6,2255.9,2250.6,2253.4,55106,0
2026-05-14T14:10:00+05:30,2253.3,2254.0,2248.9,2249.7,49151,0
2026-05-14T14:15:00+05:30,2249.8,2252.5,2249.7,2251.6,32843,0
2026-05-14T14:20:00+05:30,2251.4,2253.0,2251.1,2252.0,32172,0
2026-05-14T14:25:00+05:30,2252.0,2254.0,2249.4,2251.3,56519,0
2026-05-14T14:30:00+05:30,2251.6,2254.7,2250.7,2253.4,43157,0
2026-05-14T14:35:00+05:30,2253.1,2254.0,2246.7,2247.2,64367,0
2026-05-14T14:40:00+05:30,2247.4,2249.8,2246.0,2247.0,38021,0
2026-05-14T14:45:00+05:30,2247.3,2248.9,2243.1,2246.2,70149,0
2026-05-14T14:50:00+05:30,2246.5,2253.4,2245.8,2249.8,77880,0
2026-05-14T14:55:00+05:30,2249.8,2250.6,2247.1,2248.9,34816,0
2026-05-14T15:00:00+05:30,2248.9,2250.9,2244.4,2247.0,152024,0
2026-05-14T15:05:00+05:30,2246.7,2247.2,2243.0,2244.2,85239,0
2026-05-14T15:10:00+05:30,2244.3,2247.0,2242.3,2246.0,91621,0
2026-05-14T15:15:00+05:30,2245.9,2249.9,2244.5,2248.9,95969,0
2026-05-14T15:20:00+05:30,2248.9,2249.5,2241.9,2244.8,112963,0
2026-05-14T15:25:00+05:30,2244.5,2250.0,2243.1,2249.9,68876,0
2026-05-15T09:15:00+05:30,2252.0,2290.0,2252.0,2286.3,227061,0
2026-05-15T09:20:00+05:30,2287.4,2304.8,2280.0,2303.8,207946,0
2026-05-15T09:25:00+05:30,2304.0,2304.9,2295.8,2299.4,163170,0
2026-05-15T09:30:00+05:30,2299.7,2300.0,2277.6,2288.4,297534,0
2026-05-15T09:35:00+05:30,2288.3,2297.2,2285.0,2293.5,98393,0
2026-05-15T09:40:00+05:30,2293.5,2296.4,2289.4,2295.8,115687,0
2026-05-15T09:45:00+05:30,2295.8,2298.3,2291.6,2291.8,54465,0
2026-05-15T09:50:00+05:30,2292.1,2297.9,2290.2,2297.0,36975,0
2026-05-15T09:55:00+05:30,2297.0,2299.9,2290.6,2292.4,52048,0
2026-05-15T10:00:00+05:30,2291.6,2297.1,2290.2,2295.0,29810,0
2026-05-15T10:05:00+05:30,2294.9,2295.3,2286.4,2287.0,42680,0
2026-05-15T10:10:00+05:30,2287.2,2290.1,2282.1,2290.1,45948,0
2026-05-15T10:15:00+05:30,2290.1,2293.1,2288.4,2289.8,35211,0
2026-05-15T10:20:00+05:30,2290.2,2291.8,2288.3,2289.8,13508,0
2026-05-15T10:25:00+05:30,2289.8,2290.4,2286.8,2286.8,14929,0
2026-05-15T10:30:00+05:30,2286.7,2289.3,2284.0,2289.1,18249,0
2026-05-15T10:35:00+05:30,2289.2,2290.1,2287.5,2289.8,20949,0
2026-05-15T10:40:00+05:30,2290.0,2293.7,2288.0,2292.9,30793,0
2026-05-15T10:45:00+05:30,2292.6,2296.2,2292.2,2294.3,27250,0
2026-05-15T10:50:00+05:30,2294.2,2295.4,2290.0,2292.9,28541,0
2026-05-15T10:55:00+05:30,2292.6,2294.5,2290.9,2292.5,15088,0
2026-05-15T11:00:00+05:30,2292.5,2293.2,2288.2,2289.6,39412,0
2026-05-15T11:05:00+05:30,2289.5,2289.5,2281.0,2281.7,41428,0
2026-05-15T11:10:00+05:30,2281.8,2285.8,2277.2,2279.2,37428,0
2026-05-15T11:15:00+05:30,2279.5,2282.0,2277.0,2281.1,26349,0
2026-05-15T11:20:00+05:30,2281.0,2284.5,2279.2,2281.8,19963,0
2026-05-15T11:25:00+05:30,2281.8,2284.8,2281.5,2282.7,14290,0
2026-05-15T11:30:00+05:30,2282.6,2283.7,2279.0,2282.3,14869,0
2026-05-15T11:35:00+05:30,2281.8,2284.1,2281.2,2283.5,15254,0
2026-05-15T11:40:00+05:30,2283.1,2283.5,2280.0,2282.4,15567,0
2026-05-15T11:45:00+05:30,2282.6,2283.4,2278.1,2280.2,15475,0
2026-05-15T11:50:00+05:30,2280.4,2282.3,2278.7,2280.0,33404,0
2026-05-15T11:55:00+05:30,2280.0,2282.0,2277.5,2280.9,16983,0
2026-05-15T12:00:00+05:30,2281.4,2285.4,2279.6,2284.0,16933,0
2026-05-15T12:05:00+05:30,2284.0,2286.8,2282.2,2283.7,18807,0
2026-05-15T12:10:00+05:30,2283.7,2286.0,2283.0,2285.0,13841,0
2026-05-15T12:15:00+05:30,2284.5,2286.0,2281.5,2281.9,19514,0
2026-05-15T12:20:00+05:30,2281.8,2282.4,2278.1,2279.7,16686,0
2026-05-15T12:25:00+05:30,2279.6,2281.2,2278.2,2280.3,12648,0
2026-05-15T12:30:00+05:30,2280.3,2283.5,2280.0,2282.6,9542,0
2026-05-15T12:35:00+05:30,2282.6,2285.0,2281.1,2284.4,16022,0
2026-05-15T12:40:00+05:30,2284.6,2288.4,2284.6,2287.3,17044,0
2026-05-15T12:45:00+05:30,2287.7,2289.1,2284.0,2287.1,20632,0
2026-05-15T12:50:00+05:30,2287.1,2289.5,2283.6,2285.5,15291,0
2026-05-15T12:55:00+05:30,2285.5,2287.2,2282.2,2283.9,13027,0
2026-05-15T13:00:00+05:30,2283.7,2283.8,2281.3,2282.3,12654,0
2026-05-15T13:05:00+05:30,2282.3,2284.7,2282.1,2284.0,10140,0
2026-05-15T13:10:00+05:30,2284.4,2285.9,2282.9,2284.8,11268,0
2026-05-15T13:15:00+05:30,2284.8,2286.4,2283.0,2284.4,22130,0
2026-05-15T13:20:00+05:30,2284.4,2284.8,2278.1,2281.7,19724,0
2026-05-15T13:25:00+05:30,2281.6,2281.8,2279.5,2280.1,15810,0
2026-05-15T13:30:00+05:30,2280.1,2280.5,2275.3,2276.7,27072,0
2026-05-15T13:35:00+05:30,2276.4,2279.5,2276.2,2277.4,15083,0
2026-05-15T13:40:00+05:30,2277.4,2279.1,2275.1,2275.6,16333,0
2026-05-15T13:45:00+05:30,2275.8,2277.3,2268.0,2271.1,59241,0
2026-05-15T13:50:00+05:30,2271.2,2274.8,2269.9,2274.2,18125,0
2026-05-15T13:55:00+05:30,2274.3,2274.5,2270.0,2270.9,13300,0
2026-05-15T14:00:00+05:30,2270.5,2271.3,2268.2,2268.4,25752,0
2026-05-15T14:05:00+05:30,2268.9,2271.5,2268.1,2271.0,10750,0
2026-05-15T14:10:00+05:30,2271.0,2271.6,2268.6,2271.5,13364,0
2026-05-15T14:15:00+05:30,2271.2,2272.2,2269.0,2271.8,15882,0
2026-05-15T14:20:00+05:30,2272.1,2272.3,2270.1,2272.1,12472,0
2026-05-15T14:25:00+05:30,2271.6,2272.6,2268.5,2271.0,16616,0
2026-05-15T14:30:00+05:30,2271.1,2271.6,2265.8,2268.6,50523,0
2026-05-15T14:35:00+05:30,2269.1,2269.4,2260.0,2267.6,60449,0
2026-05-15T14:40:00+05:30,2267.4,2267.7,2264.2,2267.7,32403,0
2026-05-15T14:45:00+05:30,2267.2,2268.4,2260.5,2260.8,53001,0
2026-05-15T14:50:00+05:30,2260.6,2264.0,2259.7,2261.2,67897,0
2026-05-15T14:55:00+05:30,2261.2,2267.3,2261.2,2265.0,31877,0
2026-05-15T15:00:00+05:30,2265.1,2269.0,2262.0,2267.6,130149,0
2026-05-15T15:05:00+05:30,2267.4,2269.0,2262.1,2262.6,95804,0
2026-05-15T15:10:00+05:30,2263.0,2265.0,2262.0,2263.7,120765,0
2026-05-15T15:15:00+05:30,2263.8,2263.9,2258.8,2261.5,147238,0
2026-05-15T15:20:00+05:30,2261.5,2265.0,2261.4,2263.9,132084,0
2026-05-15T15:25:00+05:30,2263.9,2267.5,2263.0,2267.0,79822,0
2026-05-18T09:15:00+05:30,2264.0,2283.6,2261.7,2278.3,132709,0
2026-05-18T09:20:00+05:30,2278.3,2279.0,2264.0,2269.3,77589,0
2026-05-18T09:25:00+05:30,2269.2,2272.9,2265.0,2265.2,32466,0
2026-05-18T09:30:00+05:30,2266.0,2267.1,2261.0,2263.0,44505,0
2026-05-18T09:35:00+05:30,2263.0,2264.1,2256.7,2259.2,32271,0
2026-05-18T09:40:00+05:30,2259.6,2265.9,2258.1,2262.0,23329,0
2026-05-18T09:45:00+05:30,2262.5,2263.0,2259.3,2262.2,13305,0
2026-05-18T09:50:00+05:30,2262.0,2264.6,2257.1,2258.2,16411,0
2026-05-18T09:55:00+05:30,2258.2,2262.1,2257.2,2260.6,20078,0
2026-05-18T10:00:00+05:30,2260.6,2264.0,2260.1,2261.4,20464,0
2026-05-18T10:05:00+05:30,2261.9,2261.9,2252.2,2254.6,35726,0
2026-05-18T10:10:00+05:30,2254.0,2255.9,2253.0,2254.7,18383,0
2026-05-18T10:15:00+05:30,2255.2,2260.7,2254.2,2259.2,15767,0
2026-05-18T10:20:00+05:30,2259.3,2260.2,2257.0,2257.0,10305,0
2026-05-18T10:25:00+05:30,2257.8,2258.3,2255.0,2255.2,11617,0
2026-05-18T10:30:00+05:30,2255.3,2260.5,2255.0,2260.4,24080,0
2026-05-18T10:35:00+05:30,2260.5,2271.7,2260.0,2270.0,28040,0
2026-05-18T10:40:00+05:30,2270.0,2272.1,2265.3,2266.7,34594,0
2026-05-18T10:45:00+05:30,2266.7,2269.1,2262.0,2268.5,22360,0
2026-05-18T10:50:00+05:30,2268.6,2274.9,2268.5,2274.0,35672,0
2026-05-18T10:55:00+05:30,2274.7,2278.6,2273.0,2277.0,26965,0
2026-05-18T11:00:00+05:30,2277.5,2280.0,2266.6,2270.2,166301,0
2026-05-18T11:05:00+05:30,2270.1,2272.3,2267.9,2268.6,19960,0
2026-05-18T11:10:00+05:30,2268.3,2269.4,2263.6,2264.1,23140,0
2026-05-18T11:15:00+05:30,2264.1,2267.5,2263.1,2266.1,16952,0
2026-05-18T11:20:00+05:30,2266.1,2271.2,2264.7,2270.1,19813,0
2026-05-18T11:25:00+05:30,2270.8,2272.9,2264.9,2267.5,85108,0
2026-05-18T11:30:00+05:30,2267.6,2271.6,2266.3,2268.3,18484,0
2026-05-18T11:35:00+05:30,2268.3,2268.4,2266.0,2268.1,15453,0
2026-05-18T11:40:00+05:30,2268.1,2268.6,2265.0,2267.9,12970,0
2026-05-18T11:45:00+05:30,2267.9,2270.5,2265.0,2266.0,17070,0
2026-05-18T11:50:00+05:30,2266.0,2269.7,2263.0,2268.6,13754,0
2026-05-18T11:55:00+05:30,2269.0,2269.3,2265.0,2265.5,10391,0
2026-05-18T12:00:00+05:30,2265.8,2269.3,2264.9,2267.3,62764,0
2026-05-18T12:05:00+05:30,2267.8,2270.9,2267.2,2269.8,19457,0
2026-05-18T12:10:00+05:30,2269.8,2278.5,2269.1,2278.2,140666,0
2026-05-18T12:15:00+05:30,2278.2,2283.1,2275.7,2278.0,51825,0
2026-05-18T12:20:00+05:30,2278.0,2280.9,2273.5,2274.8,131021,0
2026-05-18T12:25:00+05:30,2274.8,2280.0,2274.0,2275.0,70682,0
2026-05-18T12:30:00+05:30,2275.0,2284.0,2275.0,2280.5,103733,0
2026-05-18T12:35:00+05:30,2279.9,2286.3,2278.9,2283.9,49818,0
2026-05-18T12:40:00+05:30,2284.1,2284.9,2278.3,2279.0,38946,0
2026-05-18T12:45:00+05:30,2279.2,2281.4,2278.9,2280.3,17898,0
2026-05-18T12:50:00+05:30,2280.3,2282.0,2279.5,2281.0,18068,0
2026-05-18T12:55:00+05:30,2281.3,2285.4,2280.9,2283.8,21383,0
2026-05-18T13:00:00+05:30,2284.0,2290.0,2283.8,2287.8,39896,0
2026-05-18T13:05:00+05:30,2288.4,2289.1,2282.3,2283.9,26294,0
2026-05-18T13:10:00+05:30,2283.9,2287.0,2283.5,2286.9,20678,0
2026-05-18T13:15:00+05:30,2286.9,2288.0,2284.1,2287.1,29389,0
2026-05-18T13:20:00+05:30,2287.1,2287.1,2285.5,2287.0,10582,0
2026-05-18T13:25:00+05:30,2286.9,2292.0,2285.3,2287.3,166796,0
2026-05-18T13:30:00+05:30,2287.3,2290.1,2278.4,2279.8,60868,0
2026-05-18T13:35:00+05:30,2279.8,2280.5,2278.0,2278.8,30338,0
2026-05-18T13:40:00+05:30,2278.8,2280.3,2278.2,2279.5,31595,0
2026-05-18T13:45:00+05:30,2279.5,2279.5,2275.2,2278.9,30949,0
2026-05-18T13:50:00+05:30,2278.9,2282.0,2278.6,2280.8,15982,0
2026-05-18T13:55:00+05:30,2280.9,2284.1,2280.9,2282.3,12140,0
2026-05-18T14:00:00+05:30,2282.6,2282.7,2281.0,2282.3,10769,0
2026-05-18T14:05:00+05:30,2282.1,2282.3,2280.0,2280.9,10930,0
2026-05-18T14:10:00+05:30,2281.4,2282.7,2279.0,2280.1,53834,0
2026-05-18T14:15:00+05:30,2280.0,2280.1,2276.1,2280.0,25138,0
2026-05-18T14:20:00+05:30,2280.0,2281.2,2276.2,2276.9,26758,0
2026-05-18T14:25:00+05:30,2276.8,2281.0,2275.8,2280.5,53908,0
2026-05-18T14:30:00+05:30,2280.5,2282.3,2279.2,2279.3,22514,0
2026-05-18T14:35:00+05:30,2279.9,2280.0,2278.0,2278.6,11452,0
2026-05-18T14:40:00+05:30,2279.0,2280.9,2278.5,2279.5,14000,0
2026-05-18T14:45:00+05:30,2280.1,2280.1,2278.2,2279.3,11651,0
2026-05-18T14:50:00+05:30,2279.3,2279.5,2277.5,2278.7,15399,0
2026-05-18T14:55:00+05:30,2278.4,2279.6,2277.1,2279.4,31629,0
2026-05-18T15:00:00+05:30,2279.5,2292.9,2278.6,2280.0,255488,0
2026-05-18T15:05:00+05:30,2279.5,2287.4,2279.5,2282.7,279308,0
2026-05-18T15:10:00+05:30,2282.1,2284.0,2279.8,2281.5,192556,0
2026-05-18T15:15:00+05:30,2281.5,2284.2,2279.0,2283.0,188716,0
2026-05-18T15:20:00+05:30,2283.0,2287.4,2279.6,2287.0,161560,0
2026-05-18T15:25:00+05:30,2287.0,2290.4,2285.6,2289.9,97032,0
2026-05-19T09:15:00+05:30,2300.0,2355.1,2297.1,2353.0,1141296,0
2026-05-19T09:20:00+05:30,2353.0,2370.1,2347.0,2349.3,1317236,0
2026-05-19T09:25:00+05:30,2349.3,2352.5,2337.3,2351.7,255006,0
2026-05-19T09:30:00+05:30,2352.5,2363.8,2348.5,2359.0,475749,0
2026-05-19T09:35:00+05:30,2358.8,2377.6,2355.8,2360.0,434928,0
2026-05-19T09:40:00+05:30,2360.3,2366.0,2347.0,2353.6,830610,0
2026-05-19T09:45:00+05:30,2353.6,2356.8,2345.0,2346.3,89401,0
2026-05-19T09:50:00+05:30,2346.3,2349.1,2344.0,2347.4,88968,0
2026-05-19T09:55:00+05:30,2347.9,2352.1,2346.8,2348.1,47158,0
2026-05-19T10:00:00+05:30,2348.6,2354.9,2348.4,2350.4,65878,0
2026-05-19T10:05:00+05:30,2350.4,2357.9,2349.8,2355.1,76369,0
2026-05-19T10:10:00+05:30,2356.2,2358.0,2354.1,2354.1,43587,0
2026-05-19T10:15:00+05:30,2354.1,2356.0,2343.0,2344.4,185321,0
2026-05-19T10:20:00+05:30,2344.4,2349.5,2343.9,2347.0,34750,0
2026-05-19T10:25:00+05:30,2347.0,2348.3,2345.5,2347.6,37539,0
2026-05-19T10:30:00+05:30,2347.6,2350.1,2344.7,2350.1,45243,0
2026-05-19T10:35:00+05:30,2350.1,2355.6,2349.0,2354.2,47712,0
2026-05-19T10:40:00+05:30,2354.3,2359.4,2352.5,2358.0,70360,0
2026-05-19T10:45:00+05:30,2358.0,2359.3,2346.1,2346.6,295838,0
2026-05-19T10:50:00+05:30,2346.6,2349.7,2342.0,2348.3,98575,0
2026-05-19T10:55:00+05:30,2348.3,2357.1,2348.3,2352.4,219276,0
2026-05-19T11:00:00+05:30,2352.2,2355.4,2350.8,2355.1,23894,0
2026-05-19T11:05:00+05:30,2355.3,2360.9,2353.9,2360.0,171717,0
2026-05-19T11:10:00+05:30,2360.0,2368.8,2359.0,2363.3,364357,0
2026-05-19T11:15:00+05:30,2363.7,2368.7,2357.9,2365.2,302745,0
2026-05-19T11:20:00+05:30,2365.2,2369.0,2359.2,2363.6,271742,0
2026-05-19T11:25:00+05:30,2363.6,2363.9,2358.0,2362.7,33001,0
2026-05-19T11:30:00+05:30,2363.2,2363.7,2354.0,2356.5,263267,0
2026-05-19T11:35:00+05:30,2356.6,2360.8,2355.0,2358.9,30258,0
2026-05-19T11:40:00+05:30,2359.1,2362.5,2358.8,2360.0,24069,0
2026-05-19T11:45:00+05:30,2360.0,2361.9,2354.2,2356.3,149867,0
2026-05-19T11:50:00+05:30,2356.3,2356.3,2352.1,2352.8,40874,0
2026-05-19T11:55:00+05:30,2352.8,2354.0,2351.0,2351.3,35220,0
2026-05-19T12:00:00+05:30,2351.3,2352.9,2347.0,2350.0,65253,0
2026-05-19T12:05:00+05:30,2350.0,2350.5,2348.0,2348.2,33626,0
2026-05-19T12:10:00+05:30,2348.3,2351.0,2343.8,2346.0,42353,0
2026-05-19T12:15:00+05:30,2346.3,2346.8,2342.3,2343.0,31737,0
2026-05-19T12:20:00+05:30,2343.0,2343.4,2337.1,2338.7,41578,0
2026-05-19T12:25:00+05:30,2338.7,2340.6,2336.8,2338.4,32488,0
2026-05-19T12:30:00+05:30,2338.7,2339.5,2336.1,2337.7,22494,0
2026-05-19T12:35:00+05:30,2337.7,2340.3,2334.2,2339.0,42289,0
2026-05-19T12:40:00+05:30,2339.0,2339.0,2335.1,2336.5,27940,0
2026-05-19T12:45:00+05:30,2336.5,2338.7,2333.8,2336.7,49544,0
2026-05-19T12:50:00+05:30,2336.9,2337.1,2332.7,2333.7,43677,0
2026-05-19T12:55:00+05:30,2333.7,2336.3,2332.7,2333.1,25714,0
2026-05-19T13:00:00+05:30,2333.9,2334.6,2330.0,2330.4,31102,0
2026-05-19T13:05:00+05:30,2330.8,2335.1,2330.3,2333.4,43724,0
2026-05-19T13:10:00+05:30,2333.6,2334.7,2329.5,2334.1,127591,0
2026-05-19T13:15:00+05:30,2333.8,2337.7,2332.0,2336.0,26368,0
2026-05-19T13:20:00+05:30,2336.4,2336.5,2333.5,2335.1,28644,0
2026-05-19T13:25:00+05:30,2335.3,2335.3,2331.1,2331.6,41022,0
2026-05-19T13:30:00+05:30,2332.5,2337.1,2331.5,2336.0,56435,0
2026-05-19T13:35:00+05:30,2335.9,2335.9,2328.1,2328.7,73438,0
2026-05-19T13:40:00+05:30,2328.6,2329.3,2327.0,2329.3,28853,0
2026-05-19T13:45:00+05:30,2329.6,2331.5,2328.9,2331.0,25845,0
2026-05-19T13:50:00+05:30,2330.8,2331.0,2327.6,2329.7,37662,0
2026-05-19T13:55:00+05:30,2329.8,2330.6,2324.6,2325.6,83219,0
2026-05-19T14:00:00+05:30,2326.2,2337.2,2325.6,2334.0,94122,0
2026-05-19T14:05:00+05:30,2334.5,2337.0,2333.3,2336.4,45571,0
2026-05-19T14:10:00+05:30,2336.5,2339.0,2333.4,2335.8,73278,0
2026-05-19T14:15:00+05:30,2335.8,2338.0,2335.4,2335.9,33202,0
2026-05-19T14:20:00+05:30,2336.6,2338.8,2334.2,2337.6,63640,0
2026-05-19T14:25:00+05:30,2337.6,2339.5,2336.1,2338.0,48040,0
2026-05-19T14:30:00+05:30,2338.0,2338.0,2334.7,2338.0,47619,0
2026-05-19T14:35:00+05:30,2337.6,2338.0,2332.8,2333.3,51086,0
2026-05-19T14:40:00+05:30,2334.0,2338.6,2333.0,2335.5,52657,0
2026-05-19T14:45:00+05:30,2335.5,2335.9,2331.3,2334.1,57404,0
2026-05-19T14:50:00+05:30,2334.1,2337.1,2333.5,2335.5,61212,0
2026-05-19T14:55:00+05:30,2335.5,2336.1,2332.2,2334.4,48798,0
2026-05-19T15:00:00+05:30,2334.6,2334.6,2326.3,2328.2,185398,0
2026-05-19T15:05:00+05:30,2328.4,2331.8,2326.1,2329.5,162937,0
2026-05-19T15:10:00+05:30,2329.6,2329.6,2327.6,2328.4,117216,0
2026-05-19T15:15:00+05:30,2328.4,2328.4,2322.0,2327.1,156885,0
2026-05-19T15:20:00+05:30,2327.0,2327.2,2323.1,2325.0,181342,0
2026-05-19T15:25:00+05:30,2325.0,2331.9,2319.1,2330.0,193297,0
2026-05-20T09:15:00+05:30,2323.9,2342.0,2317.8,2339.1,255521,0
2026-05-20T09:20:00+05:30,2339.1,2339.9,2330.5,2332.3,65254,0
2026-05-20T09:25:00+05:30,2332.1,2333.0,2328.0,2332.4,46469,0
2026-05-20T09:30:00+05:30,2332.3,2335.0,2330.4,2335.0,43780,0
2026-05-20T09:35:00+05:30,2334.4,2340.0,2333.0,2339.5,78568,0
2026-05-20T09:40:00+05:30,2339.5,2340.0,2333.8,2334.4,44001,0
2026-05-20T09:45:00+05:30,2334.1,2338.0,2330.2,2336.4,43200,0
2026-05-20T09:50:00+05:30,2336.6,2342.0,2336.5,2339.8,97167,0
2026-05-20T09:55:00+05:30,2339.9,2340.8,2336.9,2337.2,37222,0
2026-05-20T10:00:00+05:30,2337.2,2340.0,2334.0,2335.0,19404,0
2026-05-20T10:05:00+05:30,2335.0,2335.8,2328.0,2331.9,100795,0
2026-05-20T10:10:00+05:30,2331.9,2331.9,2328.6,2329.5,23087,0
2026-05-20T10:15:00+05:30,2329.5,2332.3,2328.3,2328.3,26609,0
2026-05-20T10:20:00+05:30,2328.4,2330.8,2323.9,2325.9,36194,0
2026-05-20T10:25:00+05:30,2325.8,2333.0,2325.4,2332.5,15657,0
2026-05-20T10:30:00+05:30,2332.5,2334.0,2330.8,2332.9,45401,0
2026-05-20T10:35:00+05:30,2333.0,2333.0,2329.7,2330.6,16931,0
2026-05-20T10:40:00+05:30,2330.9,2331.0,2329.3,2329.8,7636,0
2026-05-20T10:45:00+05:30,2329.8,2330.0,2327.1,2328.0,9591,0
2026-05-20T10:50:00+05:30,2328.0,2330.0,2326.5,2330.0,16754,0
2026-05-20T10:55:00+05:30,2330.0,2332.8,2330.0,2331.0,16890,0
2026-05-20T11:00:00+05:30,2331.0,2335.0,2330.9,2334.5,29496,0
2026-05-20T11:05:00+05:30,2334.5,2336.2,2334.4,2336.2,30373,0
2026-05-20T11:10:00+05:30,2336.3,2340.0,2334.4,2334.9,144408,0
2026-05-20T11:15:00+05:30,2334.9,2336.3,2334.6,2335.5,9082,0
2026-05-20T11:20:00+05:30,2335.6,2338.5,2335.0,2336.3,27074,0
2026-05-20T11:25:00+05:30,2336.8,2336.9,2333.5,2335.0,15591,0
2026-05-20T11:30:00+05:30,2335.0,2335.8,2334.1,2334.8,11981,0
2026-05-20T11:35:00+05:30,2334.8,2337.9,2334.7,2336.9,31842,0
2026-05-20T11:40:00+05:30,2336.5,2337.9,2335.1,2335.9,59502,0
2026-05-20T11:45:00+05:30,2336.0,2338.0,2335.9,2337.9,18562,0
2026-05-20T11:50:00+05:30,2337.8,2340.0,2337.0,2339.7,27827,0
2026-05-20T11:55:00+05:30,2339.5,2340.0,2337.2,2337.7,17811,0
2026-05-20T12:00:00+05:30,2337.7,2338.0,2335.1,2337.5,14132,0
2026-05-20T12:05:00+05:30,2337.2,2339.9,2336.8,2338.1,28212,0
2026-05-20T12:10:00+05:30,2338.8,2339.0,2336.0,2337.1,27327,0
2026-05-20T12:15:00+05:30,2337.4,2337.5,2333.5,2335.0,16272,0
2026-05-20T12:20:00+05:30,2335.0,2335.5,2334.1,2334.5,5973,0
2026-05-20T12:25:00+05:30,2334.4,2335.5,2333.5,2335.4,11979,0
2026-05-20T12:30:00+05:30,2335.5,2335.5,2334.2,2334.6,5285,0
2026-05-20T12:35:00+05:30,2334.6,2335.5,2332.5,2333.1,19662,0
2026-05-20T12:40:00+05:30,2333.1,2333.6,2328.1,2329.8,17299,0
2026-05-20T12:45:00+05:30,2329.5,2331.8,2329.0,2330.6,10360,0
2026-05-20T12:50:00+05:30,2330.6,2333.4,2330.0,2332.6,9066,0
2026-05-20T12:55:00+05:30,2332.6,2334.8,2331.0,2331.0,12112,0
2026-05-20T13:00:00+05:30,2331.1,2332.6,2329.5,2330.6,14878,0
2026-05-20T13:05:00+05:30,2330.6,2331.6,2329.2,2330.0,20470,0
2026-05-20T13:10:00+05:30,2330.0,2330.0,2327.0,2327.0,23085,0
2026-05-20T13:15:00+05:30,2327.3,2328.3,2324.4,2327.0,18660,0
2026-05-20T13:20:00+05:30,2326.2,2328.0,2323.0,2323.9,14074,0
2026-05-20T13:25:00+05:30,2323.9,2326.7,2323.3,2323.7,10460,0
2026-05-20T13:30:00+05:30,2323.9,2329.2,2323.3,2328.6,10908,0
2026-05-20T13:35:00+05:30,2328.6,2330.0,2327.0,2327.5,14577,0
2026-05-20T13:40:00+05:30,2328.1,2328.9,2326.3,2327.5,8429,0
2026-05-20T13:45:00+05:30,2328.0,2328.3,2326.3,2327.0,12902,0
2026-05-20T13:50:00+05:30,2327.0,2328.2,2326.5,2328.0,8799,0
2026-05-20T13:55:00+05:30,2328.1,2329.9,2328.0,2329.0,7611,0
2026-05-20T14:00:00+05:30,2329.6,2330.9,2327.8,2330.0,32061,0
2026-05-20T14:05:00+05:30,2330.0,2330.5,2329.7,2330.4,11291,0
2026-05-20T14:10:00+05:30,2330.5,2331.0,2329.0,2329.7,24950,0
2026-05-20T14:15:00+05:30,2329.7,2330.5,2327.3,2330.2,45256,0
2026-05-20T14:20:00+05:30,2329.9,2332.2,2328.5,2330.0,135312,0
2026-05-20T14:25:00+05:30,2330.0,2330.0,2328.0,2330.0,18539,0
2026-05-20T14:30:00+05:30,2330.0,2330.0,2327.8,2328.5,13140,0
2026-05-20T14:35:00+05:30,2328.8,2330.0,2327.3,2329.3,15242,0
2026-05-20T14:40:00+05:30,2329.8,2330.0,2328.5,2329.6,8315,0
2026-05-20T14:45:00+05:30,2329.5,2330.0,2327.5,2328.7,14444,0
2026-05-20T14:50:00+05:30,2328.9,2329.0,2325.0,2326.5,15731,0
2026-05-20T14:55:00+05:30,2326.5,2328.5,2325.0,2326.3,13398,0
2026-05-20T15:00:00+05:30,2326.6,2330.0,2324.3,2329.3,50906,0
2026-05-20T15:05:00+05:30,2330.0,2330.0,2328.0,2328.8,57387,0
2026-05-20T15:10:00+05:30,2328.8,2330.0,2327.8,2328.6,49525,0
2026-05-20T15:15:00+05:30,2328.5,2330.0,2325.8,2326.0,70829,0
2026-05-20T15:20:00+05:30,2326.4,2326.9,2323.2,2325.2,59491,0
2026-05-20T15:25:00+05:30,2325.3,2328.1,2320.0,2324.1,74930,0
2026-05-21T09:15:00+05:30,2331.0,2335.9,2317.5,2326.8,136992,0
2026-05-21T09:20:00+05:30,2326.8,2330.9,2325.0,2329.5,39168,0
2026-05-21T09:25:00+05:30,2329.5,2329.6,2321.0,2327.2,54871,0
2026-05-21T09:30:00+05:30,2327.3,2328.8,2322.0,2324.4,45023,0
2026-05-21T09:35:00+05:30,2324.6,2325.0,2321.3,2324.7,67497,0
2026-05-21T09:40:00+05:30,2324.7,2325.6,2322.2,2323.6,52420,0
2026-05-21T09:45:00+05:30,2323.8,2323.8,2319.8,2321.9,50158,0
2026-05-21T09:50:00+05:30,2321.9,2327.0,2320.5,2324.1,66997,0
2026-05-21T09:55:00+05:30,2324.1,2325.0,2315.0,2316.2,54379,0
2026-05-21T10:00:00+05:30,2316.4,2320.6,2314.0,2320.4,128849,0
2026-05-21T10:05:00+05:30,2320.5,2322.4,2319.8,2321.5,28722,0
2026-05-21T10:10:00+05:30,2321.5,2322.7,2320.2,2321.4,29322,0
2026-05-21T10:15:00+05:30,2321.4,2322.0,2318.9,2321.5,22253,0
2026-05-21T10:20:00+05:30,2321.5,2327.0,2321.5,2322.4,96123,0
2026-05-21T10:25:00+05:30,2322.4,2324.0,2321.0,2323.0,23536,0
2026-05-21T10:30:00+05:30,2323.5,2324.0,2320.0,2321.2,31912,0
2026-05-21T10:35:00+05:30,2321.6,2322.5,2317.0,2317.0,34881,0
2026-05-21T10:40:00+05:30,2317.9,2324.8,2316.4,2324.3,29539,0
2026-05-21T10:45:00+05:30,2324.5,2326.0,2322.2,2322.4,36296,0
2026-05-21T10:50:00+05:30,2322.4,2327.0,2322.4,2326.4,23176,0
2026-05-21T10:55:00+05:30,2326.4,2326.4,2322.1,2324.3,20979,0
2026-05-21T11:00:00+05:30,2324.4,2326.5,2322.6,2325.2,36584,0
2026-05-21T11:05:00+05:30,2325.2,2326.0,2324.4,2325.7,36486,0
2026-05-21T11:10:00+05:30,2325.7,2326.2,2323.1,2323.7,27288,0
2026-05-21T11:15:00+05:30,2324.0,2324.0,2316.1,2320.2,27735,0
2026-05-21T11:20:00+05:30,2320.5,2323.0,2319.7,2321.9,10784,0
2026-05-21T11:25:00+05:30,2321.9,2323.9,2319.7,2322.0,15220,0
2026-05-21T11:30:00+05:30,2322.0,2322.0,2318.4,2319.9,17300,0
2026-05-21T11:35:00+05:30,2320.0,2323.6,2319.0,2321.7,17018,0
2026-05-21T11:40:00+05:30,2321.7,2322.0,2319.0,2319.1,10845,0
2026-05-21T11:45:00+05:30,2319.6,2320.5,2318.2,2319.4,15551,0
2026-05-21T11:50:00+05:30,2319.6,2322.9,2319.3,2321.6,18089,0
2026-05-21T11:55:00+05:30,2321.2,2322.5,2319.2,2320.4,21141,0
2026-05-21T12:00:00+05:30,2320.5,2321.8,2320.0,2320.9,7236,0
2026-05-21T12:05:00+05:30,2320.4,2320.9,2319.1,2319.5,6748,0
2026-05-21T12:10:00+05:30,2319.6,2322.0,2319.2,2319.3,10577,0
2026-05-21T12:15:00+05:30,2319.8,2321.8,2319.0,2319.3,19381,0
2026-05-21T12:20:00+05:30,2319.3,2320.2,2318.0,2318.8,17985,0
2026-05-21T12:25:00+05:30,2318.8,2320.4,2316.0,2316.9,26855,0
2026-05-21T12:30:00+05:30,2316.9,2318.3,2316.0,2317.1,19079,0
2026-05-21T12:35:00+05:30,2317.2,2318.4,2316.0,2316.5,23527,0
2026-05-21T12:40:00+05:30,2316.8,2320.0,2316.0,2319.4,12844,0
2026-05-21T12:45:00+05:30,2319.6,2322.9,2319.1,2319.4,23321,0
2026-05-21T12:50:00+05:30,2319.6,2322.8,2319.4,2322.4,8355,0
2026-05-21T12:55:00+05:30,2322.5,2323.4,2321.0,2321.4,18794,0
2026-05-21T13:00:00+05:30,2321.6,2324.3,2320.8,2324.2,17511,0
2026-05-21T13:05:00+05:30,2324.2,2324.9,2320.9,2322.3,28299,0
2026-05-21T13:10:00+05:30,2322.3,2323.1,2320.2,2320.5,11858,0
2026-05-21T13:15:00+05:30,2320.4,2322.8,2320.0,2321.5,20734,0
2026-05-21T13:20:00+05:30,2321.5,2324.4,2320.1,2324.4,24760,0
2026-05-21T13:25:00+05:30,2324.4,2325.2,2322.0,2323.1,33969,0
2026-05-21T13:30:00+05:30,2323.3,2325.8,2320.4,2324.8,38422,0
2026-05-21T13:35:00+05:30,2324.8,2325.7,2322.9,2322.9,27255,0
2026-05-21T13:40:00+05:30,2322.9,2324.1,2321.1,2322.4,12136,0
2026-05-21T13:45:00+05:30,2322.4,2324.6,2321.5,2323.0,12124,0
2026-05-21T13:50:00+05:30,2323.0,2324.5,2321.7,2323.2,7570,0
2026-05-21T13:55:00+05:30,2323.4,2330.0,2323.4,2328.0,57662,0
2026-05-21T14:00:00+05:30,2328.0,2328.0,2325.0,2326.4,24851,0
2026-05-21T14:05:00+05:30,2326.4,2327.0,2323.5,2323.6,37197,0
2026-05-21T14:10:00+05:30,2324.0,2326.1,2323.0,2324.7,84745,0
2026-05-21T14:15:00+05:30,2324.6,2325.4,2321.3,2322.3,17767,0
2026-05-21T14:20:00+05:30,2322.3,2324.4,2321.9,2324.4,9370,0
2026-05-21T14:25:00+05:30,2324.8,2325.4,2322.6,2324.0,37915,0
2026-05-21T14:30:00+05:30,2324.3,2324.5,2321.6,2323.9,26153,0
2026-05-21T14:35:00+05:30,2323.9,2326.0,2321.9,2322.3,39673,0
2026-05-21T14:40:00+05:30,2322.7,2326.0,2321.2,2323.1,50974,0
2026-05-21T14:45:00+05:30,2323.1,2325.9,2322.0,2323.9,40580,0
2026-05-21T14:50:00+05:30,2324.2,2327.8,2323.0,2327.0,107488,0
2026-05-21T14:55:00+05:30,2327.0,2330.5,2324.7,2329.9,162041,0
2026-05-21T15:00:00+05:30,2329.9,2330.1,2326.8,2328.1,114829,0
2026-05-21T15:05:00+05:30,2328.2,2328.6,2325.3,2326.8,177028,0
2026-05-21T15:10:00+05:30,2327.0,2332.0,2325.6,2326.7,207090,0
2026-05-21T15:15:00+05:30,2326.7,2329.5,2324.0,2324.6,138590,0
2026-05-21T15:20:00+05:30,2324.5,2327.1,2324.0,2325.2,115614,0
2026-05-21T15:25:00+05:30,2325.1,2326.7,2323.8,2325.4,81843,0
2026-05-22T09:15:00+05:30,2331.1,2334.9,2319.0,2321.6,61267,0
2026-05-22T09:20:00+05:30,2322.5,2324.6,2315.2,2315.8,44890,0
2026-05-22T09:25:00+05:30,2316.4,2317.5,2310.1,2312.0,60440,0
2026-05-22T09:30:00+05:30,2312.0,2318.5,2308.1,2317.6,55277,0
2026-05-22T09:35:00+05:30,2317.7,2321.5,2316.2,2318.0,35650,0
2026-05-22T09:40:00+05:30,2318.0,2318.9,2314.6,2318.0,16155,0
2026-05-22T09:45:00+05:30,2318.0,2318.7,2314.0,2316.7,13267,0
2026-05-22T09:50:00+05:30,2316.7,2323.3,2315.7,2322.4,71154,0
2026-05-22T09:55:00+05:30,2323.2,2331.8,2322.4,2327.5,96406,0
2026-05-22T10:00:00+05:30,2327.7,2332.4,2325.9,2331.8,59908,0
2026-05-22T10:05:00+05:30,2331.8,2334.4,2329.4,2333.0,71016,0
2026-05-22T10:10:00+05:30,2333.0,2334.0,2324.0,2324.7,106516,0
2026-05-22T10:15:00+05:30,2325.0,2326.5,2323.9,2326.4,31163,0
2026-05-22T10:20:00+05:30,2326.4,2332.2,2325.7,2328.4,22596,0
2026-05-22T10:25:00+05:30,2328.4,2331.7,2327.9,2330.8,15963,0
2026-05-22T10:30:00+05:30,2330.8,2339.0,2330.3,2334.3,36612,0
2026-05-22T10:35:00+05:30,2334.4,2338.5,2329.2,2336.4,222928,0
2026-05-22T10:40:00+05:30,2336.4,2340.0,2334.2,2336.0,65359,0
2026-05-22T10:45:00+05:30,2336.8,2339.7,2332.5,2332.8,22977,0
2026-05-22T10:50:00+05:30,2333.2,2334.5,2331.3,2333.7,18150,0
2026-05-22T10:55:00+05:30,2333.7,2334.4,2329.2,2330.2,18173,0
2026-05-22T11:00:00+05:30,2330.8,2331.0,2327.0,2328.7,30128,0
2026-05-22T11:05:00+05:30,2329.2,2330.6,2328.0,2329.0,16014,0
2026-05-22T11:10:00+05:30,2329.0,2330.0,2324.5,2326.1,27371,0
2026-05-22T11:15:00+05:30,2326.1,2327.6,2325.0,2326.0,13591,0
2026-05-22T11:20:00+05:30,2326.5,2329.5,2325.8,2329.4,12403,0
2026-05-22T11:25:00+05:30,2329.8,2330.3,2325.2,2329.1,72623,0
2026-05-22T11:30:00+05:30,2329.1,2330.2,2326.5,2327.1,23135,0
2026-05-22T11:35:00+05:30,2327.1,2329.0,2325.9,2328.6,19597,0
2026-05-22T11:40:00+05:30,2328.5,2330.9,2327.4,2330.9,81115,0
2026-05-22T11:45:00+05:30,2330.9,2334.4,2328.7,2328.7,20801,0
2026-05-22T11:50:00+05:30,2329.5,2330.5,2325.8,2327.3,41705,0
2026-05-22T11:55:00+05:30,2327.6,2328.1,2324.0,2325.0,40126,0
2026-05-22T12:00:00+05:30,2325.7,2326.0,2321.1,2322.3,27146,0
2026-05-22T12:05:00+05:30,2322.3,2322.8,2319.0,2319.4,53610,0
2026-05-22T12:10:00+05:30,2319.4,2321.7,2318.2,2321.5,14924,0
2026-05-22T12:15:00+05:30,2321.5,2322.1,2319.7,2320.4,13788,0
2026-05-22T12:20:00+05:30,2320.5,2321.8,2319.7,2320.1,9270,0
2026-05-22T12:25:00+05:30,2319.8,2321.0,2319.1,2321.0,10685,0
2026-05-22T12:30:00+05:30,2321.0,2321.0,2316.0,2319.5,24940,0
2026-05-22T12:35:00+05:30,2320.0,2321.1,2318.4,2319.1,11137,0
2026-05-22T12:40:00+05:30,2319.2,2321.2,2319.0,2319.6,6463,0
2026-05-22T12:45:00+05:30,2319.6,2323.6,2319.5,2322.4,12001,0
2026-05-22T12:50:00+05:30,2323.1,2325.0,2322.8,2324.7,16293,0
2026-05-22T12:55:00+05:30,2324.7,2325.2,2322.0,2322.7,10969,0
2026-05-22T13:00:00+05:30,2322.6,2323.4,2321.0,2321.0,8320,0
2026-05-22T13:05:00+05:30,2321.6,2322.2,2319.7,2320.3,11472,0
2026-05-22T13:10:00+05:30,2320.6,2321.8,2319.0,2320.8,8883,0
2026-05-22T13:15:00+05:30,2320.8,2321.8,2318.8,2318.9,8835,0
2026-05-22T13:20:00+05:30,2319.0,2320.4,2318.0,2319.2,8770,0
2026-05-22T13:25:00+05:30,2319.2,2322.3,2318.3,2320.4,6665,0
2026-05-22T13:30:00+05:30,2320.4,2321.2,2319.1,2320.1,7080,0
2026-05-22T13:35:00+05:30,2320.1,2320.1,2315.0,2316.4,23667,0
2026-05-22T13:40:00+05:30,2316.5,2318.1,2316.0,2316.8,7978,0
2026-05-22T13:45:00+05:30,2316.8,2320.7,2316.7,2317.2,10502,0
2026-05-22T13:50:00+05:30,2317.3,2319.3,2316.6,2317.8,8053,0
2026-05-22T13:55:00+05:30,2318.1,2318.3,2315.2,2316.7,10796,0
2026-05-22T14:00:00+05:30,2316.7,2317.6,2313.0,2314.9,29880,0
2026-05-22T14:05:00+05:30,2314.8,2316.7,2312.7,2315.1,11321,0
2026-05-22T14:10:00+05:30,2315.8,2316.0,2312.0,2313.1,25825,0
2026-05-22T14:15:00+05:30,2313.2,2314.7,2312.5,2313.1,22191,0
2026-05-22T14:20:00+05:30,2313.5,2317.1,2312.8,2317.1,20071,0
2026-05-22T14:25:00+05:30,2317.0,2318.6,2314.1,2315.0,20279,0
2026-05-22T14:30:00+05:30,2314.9,2317.4,2312.8,2316.5,30596,0
2026-05-22T14:35:00+05:30,2316.2,2318.5,2314.0,2315.0,16089,0
2026-05-22T14:40:00+05:30,2315.0,2315.8,2313.6,2314.6,24257,0
2026-05-22T14:45:00+05:30,2314.5,2317.0,2313.4,2316.6,26514,0
2026-05-22T14:50:00+05:30,2316.4,2317.4,2315.6,2316.8,20967,0
2026-05-22T14:55:00+05:30,2316.8,2319.7,2316.0,2318.0,30852,0
2026-05-22T15:00:00+05:30,2318.1,2318.4,2315.9,2318.2,70631,0
2026-05-22T15:05:00+05:30,2318.2,2320.5,2316.4,2319.3,64937,0
2026-05-22T15:10:00+05:30,2319.2,2319.4,2316.2,2316.4,59963,0
2026-05-22T15:15:00+05:30,2316.4,2319.0,2315.0,2318.4,67725,0
2026-05-22T15:20:00+05:30,2318.4,2318.4,2315.0,2318.0,106101,0
2026-05-22T15:25:00+05:30,2317.9,2318.5,2315.2,2317.9,88102,0
2026-05-25T09:15:00+05:30,2325.0,2326.1,2296.7,2300.0,175917,0
2026-05-25T09:20:00+05:30,2299.9,2306.6,2296.4,2300.0,74840,0
2026-05-25T09:25:00+05:30,2300.9,2306.8,2300.1,2303.0,531183,0
2026-05-25T09:30:00+05:30,2303.0,2303.7,2293.9,2298.6,68374,0
2026-05-25T09:35:00+05:30,2299.7,2302.7,2298.4,2301.9,34727,0
2026-05-25T09:40:00+05:30,2301.9,2305.0,2301.0,2303.5,23465,0
2026-05-25T09:45:00+05:30,2303.5,2304.0,2300.0,2300.6,55988,0
2026-05-25T09:50:00+05:30,2300.6,2301.3,2295.0,2296.4,36794,0
2026-05-25T09:55:00+05:30,2296.4,2298.2,2294.8,2296.9,33877,0
2026-05-25T10:00:00+05:30,2297.2,2297.3,2293.0,2294.5,36894,0
2026-05-25T10:05:00+05:30,2294.5,2299.6,2293.0,2297.9,31641,0
2026-05-25T10:10:00+05:30,2298.8,2299.5,2297.9,2299.5,11766,0
2026-05-25T10:15:00+05:30,2299.6,2303.3,2299.4,2303.3,19783,0
2026-05-25T10:20:00+05:30,2303.3,2311.9,2302.2,2305.4,55283,0
2026-05-25T10:25:00+05:30,2305.5,2305.8,2302.1,2303.9,15037,0
2026-05-25T10:30:00+05:30,2303.9,2305.2,2302.3,2303.9,16204,0
2026-05-25T10:35:00+05:30,2303.9,2304.8,2302.3,2303.3,17714,0
2026-05-25T10:40:00+05:30,2303.8,2308.0,2303.0,2307.0,28761,0
2026-05-25T10:45:00+05:30,2307.0,2310.8,2306.0,2306.3,47244,0
2026-05-25T10:50:00+05:30,2306.8,2307.8,2304.3,2307.7,46878,0
2026-05-25T10:55:00+05:30,2307.7,2310.5,2306.5,2310.5,26894,0
2026-05-25T11:00:00+05:30,2310.5,2314.8,2310.4,2314.1,43052,0
2026-05-25T11:05:00+05:30,2314.4,2317.9,2314.1,2317.2,45382,0
2026-05-25T11:10:00+05:30,2317.2,2317.2,2314.2,2315.3,27369,0
2026-05-25T11:15:00+05:30,2316.1,2317.9,2311.0,2312.6,33520,0
2026-05-25T11:20:00+05:30,2312.6,2313.9,2311.3,2313.0,11983,0
2026-05-25T11:25:00+05:30,2313.4,2313.4,2308.8,2311.1,28796,0
2026-05-25T11:30:00+05:30,2311.1,2312.2,2309.3,2310.1,19868,0
2026-05-25T11:35:00+05:30,2310.4,2311.8,2308.8,2311.8,16611,0
2026-05-25T11:40:00+05:30,2311.6,2313.7,2309.8,2310.6,12916,0
2026-05-25T11:45:00+05:30,2310.6,2311.5,2309.5,2310.0,8616,0
2026-05-25T11:50:00+05:30,2310.0,2310.2,2307.9,2308.4,18916,0
2026-05-25T11:55:00+05:30,2308.9,2308.9,2306.1,2307.3,19167,0
2026-05-25T12:00:00+05:30,2307.3,2309.4,2306.7,2307.8,14911,0
2026-05-25T12:05:00+05:30,2308.4,2308.6,2306.0,2307.7,31367,0
2026-05-25T12:10:00+05:30,2307.7,2308.5,2306.8,2307.9,14880,0
2026-05-25T12:15:00+05:30,2308.1,2308.1,2305.5,2307.8,16944,0
2026-05-25T12:20:00+05:30,2307.2,2307.8,2305.9,2306.0,16768,0
2026-05-25T12:25:00+05:30,2306.0,2306.3,2304.2,2305.8,33152,0
2026-05-25T12:30:00+05:30,2305.9,2306.7,2305.4,2306.7,9282,0
2026-05-25T12:35:00+05:30,2306.7,2311.7,2306.1,2311.2,16776,0
2026-05-25T12:40:00+05:30,2311.2,2312.9,2309.9,2310.0,14754,0
2026-05-25T12:45:00+05:30,2310.0,2310.1,2306.1,2307.4,12642,0
2026-05-25T12:50:00+05:30,2307.1,2311.5,2307.1,2311.0,14059,0
2026-05-25T12:55:00+05:30,2310.7,2313.6,2309.5,2313.3,15242,0
2026-05-25T13:00:00+05:30,2313.3,2316.7,2312.7,2316.0,20085,0
2026-05-25T13:05:00+05:30,2316.0,2316.9,2315.0,2315.2,14609,0
2026-05-25T13:10:00+05:30,2315.2,2316.9,2314.6,2315.2,19718,0
2026-05-25T13:15:00+05:30,2315.5,2316.5,2314.3,2315.6,16787,0
2026-05-25T13:20:00+05:30,2315.7,2316.5,2315.5,2316.1,10168,0
2026-05-25T13:25:00+05:30,2316.1,2316.6,2314.0,2314.6,19591,0
2026-05-25T13:30:00+05:30,2315.3,2319.7,2313.8,2319.2,45290,0
2026-05-25T13:35:00+05:30,2319.2,2319.2,2313.2,2315.8,17829,0
2026-05-25T13:40:00+05:30,2315.8,2317.1,2313.4,2313.4,12243,0
2026-05-25T13:45:00+05:30,2314.1,2315.0,2312.3,2313.8,15974,0
2026-05-25T13:50:00+05:30,2313.8,2314.7,2310.9,2311.8,24518,0
2026-05-25T13:55:00+05:30,2312.7,2313.0,2310.8,2312.0,22773,0
2026-05-25T14:00:00+05:30,2312.1,2314.6,2311.6,2313.7,33623,0
2026-05-25T14:05:00+05:30,2313.7,2314.3,2310.9,2312.2,35822,0
2026-05-25T14:10:00+05:30,2312.2,2313.8,2308.5,2309.3,28429,0
2026-05-25T14:15:00+05:30,2309.3,2311.0,2309.0,2310.5,21352,0
2026-05-25T14:20:00+05:30,2310.5,2312.7,2309.0,2311.9,25439,0
2026-05-25T14:25:00+05:30,2311.9,2314.7,2311.1,2313.2,23711,0
2026-05-25T14:30:00+05:30,2313.2,2314.5,2312.0,2313.7,23433,0
2026-05-25T14:35:00+05:30,2313.9,2314.7,2312.5,2313.7,19626,0
2026-05-25T14:40:00+05:30,2313.8,2315.2,2312.2,2314.9,35637,0
2026-05-25T14:45:00+05:30,2315.0,2315.0,2310.6,2311.9,26727,0
2026-05-25T14:50:00+05:30,2311.9,2312.5,2311.0,2312.1,22671,0
2026-05-25T14:55:00+05:30,2312.1,2313.9,2311.8,2313.8,26783,0
2026-05-25T15:00:00+05:30,2313.3,2313.3,2309.8,2310.2,48649,0
2026-05-25T15:05:00+05:30,2310.2,2311.0,2309.0,2309.3,39030,0
2026-05-25T15:10:00+05:30,2309.3,2309.9,2308.0,2308.2,42067,0
2026-05-25T15:15:00+05:30,2308.0,2308.2,2305.1,2305.8,50958,0
2026-05-25T15:20:00+05:30,2305.8,2307.4,2305.2,2306.0,63842,0
2026-05-25T15:25:00+05:30,2306.6,2310.0,2305.8,2307.4,51397,0
2026-05-26T09:15:00+05:30,2308.2,2327.9,2302.6,2326.4,146892,0
2026-05-26T09:20:00+05:30,2327.1,2327.4,2320.4,2322.9,67815,0
2026-05-26T09:25:00+05:30,2322.9,2323.2,2309.5,2310.0,56486,0
2026-05-26T09:30:00+05:30,2310.0,2312.7,2306.0,2306.4,39254,0
2026-05-26T09:35:00+05:30,2306.0,2309.7,2303.0,2308.5,66086,0
2026-05-26T09:40:00+05:30,2308.9,2309.5,2306.0,2307.9,21469,0
2026-05-26T09:45:00+05:30,2308.0,2308.4,2305.0,2305.0,32190,0
2026-05-26T09:50:00+05:30,2305.3,2306.2,2303.0,2303.9,31705,0
2026-05-26T09:55:00+05:30,2303.6,2304.5,2297.4,2299.6,50845,0
2026-05-26T10:00:00+05:30,2299.6,2299.8,2295.9,2297.6,39638,0
2026-05-26T10:05:00+05:30,2297.5,2298.5,2294.0,2296.9,35363,0
2026-05-26T10:10:00+05:30,2296.9,2298.5,2296.1,2298.5,25623,0
2026-05-26T10:15:00+05:30,2298.5,2298.5,2295.0,2295.4,27332,0
2026-05-26T10:20:00+05:30,2295.7,2296.4,2292.0,2296.4,44506,0
2026-05-26T10:25:00+05:30,2296.4,2298.3,2295.5,2296.9,23429,0
2026-05-26T10:30:00+05:30,2296.5,2299.9,2296.3,2299.7,19494,0
2026-05-26T10:35:00+05:30,2299.2,2300.4,2298.0,2299.0,27745,0
2026-05-26T10:40:00+05:30,2299.0,2299.2,2295.0,2296.6,46338,0
2026-05-26T10:45:00+05:30,2296.5,2296.6,2293.6,2294.7,40091,0
2026-05-26T10:50:00+05:30,2294.8,2297.5,2294.2,2296.1,31845,0
2026-05-26T10:55:00+05:30,2296.2,2296.7,2292.2,2292.9,54813,0
2026-05-26T11:00:00+05:30,2292.9,2294.7,2292.0,2292.8,55490,0
2026-05-26T11:05:00+05:30,2292.8,2296.0,2292.0,2295.3,26962,0
2026-05-26T11:10:00+05:30,2295.3,2296.5,2294.0,2296.2,19887,0
2026-05-26T11:15:00+05:30,2296.2,2296.5,2295.2,2296.0,18281,0
2026-05-26T11:20:00+05:30,2296.0,2296.1,2293.1,2293.9,15439,0
2026-05-26T11:25:00+05:30,2293.9,2295.8,2288.4,2288.9,62377,0
2026-05-26T11:30:00+05:30,2288.9,2289.4,2285.2,2288.5,45563,0
2026-05-26T11:35:00+05:30,2288.5,2290.3,2288.5,2289.8,38449,0
2026-05-26T11:40:00+05:30,2289.8,2291.0,2287.0,2287.7,40424,0
2026-05-26T11:45:00+05:30,2287.7,2289.6,2287.0,2289.5,28779,0
2026-05-26T11:50:00+05:30,2289.5,2291.0,2288.8,2289.9,21047,0
2026-05-26T11:55:00+05:30,2289.9,2294.9,2289.4,2292.7,53590,0
2026-05-26T12:00:00+05:30,2292.7,2293.0,2289.0,2291.6,68600,0
2026-05-26T12:05:00+05:30,2291.5,2294.7,2290.4,2294.5,42409,0
2026-05-26T12:10:00+05:30,2294.5,2294.8,2292.0,2292.6,18739,0
2026-05-26T12:15:00+05:30,2293.1,2294.0,2291.2,2294.0,16118,0
2026-05-26T12:20:00+05:30,2293.9,2296.0,2293.0,2295.3,26382,0
2026-05-26T12:25:00+05:30,2295.3,2295.8,2293.5,2295.5,14276,0
2026-05-26T12:30:00+05:30,2295.1,2298.5,2294.3,2296.1,34176,0
2026-05-26T12:35:00+05:30,2296.1,2296.4,2294.1,2295.2,12774,0
2026-05-26T12:40:00+05:30,2295.2,2296.7,2292.3,2296.5,39138,0
2026-05-26T12:45:00+05:30,2296.5,2297.6,2294.2,2297.3,63060,0
2026-05-26T12:50:00+05:30,2297.3,2298.8,2295.0,2298.6,42550,0
2026-05-26T12:55:00+05:30,2298.6,2300.0,2297.6,2299.0,64452,0
2026-05-26T13:00:00+05:30,2298.8,2298.9,2293.4,2293.7,26634,0
2026-05-26T13:05:00+05:30,2294.0,2295.0,2289.8,2290.6,58201,0
2026-05-26T13:10:00+05:30,2290.6,2293.3,2289.7,2293.3,37780,0
2026-05-26T13:15:00+05:30,2293.3,2295.3,2291.1,2294.8,41046,0
2026-05-26T13:20:00+05:30,2294.8,2296.8,2294.0,2295.6,34734,0
2026-05-26T13:25:00+05:30,2295.6,2297.0,2293.2,2293.6,42035,0
2026-05-26T13:30:00+05:30,2293.7,2297.7,2292.3,2294.6,76155,0
2026-05-26T13:35:00+05:30,2294.6,2295.4,2291.3,2291.6,10957,0
2026-05-26T13:40:00+05:30,2291.6,2293.6,2288.0,2288.5,44809,0
2026-05-26T13:45:00+05:30,2288.5,2289.9,2285.0,2285.4,62471,0
2026-05-26T13:50:00+05:30,2285.4,2285.4,2281.0,2282.9,55131,0
2026-05-26T13:55:00+05:30,2282.9,2282.9,2280.0,2281.3,38793,0
2026-05-26T14:00:00+05:30,2281.4,2281.5,2276.0,2277.2,58888,0
2026-05-26T14:05:00+05:30,2277.0,2278.0,2275.0,2277.2,30600,0
2026-05-26T14:10:00+05:30,2277.2,2277.6,2275.1,2276.6,22214,0
2026-05-26T14:15:00+05:30,2276.6,2276.6,2275.0,2276.0,28688,0
2026-05-26T14:20:00+05:30,2276.0,2277.0,2273.6,2274.8,73650,0
2026-05-26T14:25:00+05:30,2275.0,2276.0,2273.8,2274.8,84799,0
2026-05-26T14:30:00+05:30,2274.7,2276.2,2273.1,2275.7,40409,0
2026-05-26T14:35:00+05:30,2275.7,2277.0,2273.0,2275.5,38026,0
2026-05-26T14:40:00+05:30,2275.6,2276.0,2272.5,2275.2,47643,0
2026-05-26T14:45:00+05:30,2275.1,2277.0,2274.2,2276.4,30839,0
2026-05-26T14:50:00+05:30,2276.7,2277.5,2273.6,2275.6,25451,0
2026-05-26T14:55:00+05:30,2275.2,2276.5,2274.8,2276.0,25736,0
2026-05-26T15:00:00+05:30,2275.8,2276.0,2272.4,2275.0,92204,0
2026-05-26T15:05:00+05:30,2274.9,2278.0,2274.2,2275.5,112786,0
2026-05-26T15:10:00+05:30,2275.4,2275.8,2273.9,2275.2,137959,0
2026-05-26T15:15:00+05:30,2275.4,2278.6,2274.0,2276.1,160295,0
2026-05-26T15:20:00+05:30,2276.3,2278.9,2275.3,2277.9,125303,0
2026-05-26T15:25:00+05:30,2277.2,2281.4,2276.8,2281.4,115201,0
2026-05-27T09:15:00+05:30,2275.0,2292.9,2273.1,2279.7,128078,0
2026-05-27T09:20:00+05:30,2279.5,2283.3,2276.6,2281.7,53110,0
2026-05-27T09:25:00+05:30,2281.7,2282.5,2276.1,2276.4,35366,0
2026-05-27T09:30:00+05:30,2276.1,2276.8,2269.0,2270.0,77459,0
2026-05-27T09:35:00+05:30,2269.9,2272.9,2269.0,2271.0,72707,0
2026-05-27T09:40:00+05:30,2270.8,2273.4,2267.5,2268.8,59227,0
2026-05-27T09:45:00+05:30,2268.8,2268.8,2260.9,2263.5,75701,0
2026-05-27T09:50:00+05:30,2264.0,2268.9,2263.2,2267.1,28603,0
2026-05-27T09:55:00+05:30,2267.1,2269.7,2266.0,2266.1,20867,0
2026-05-27T10:00:00+05:30,2266.0,2268.0,2265.0,2268.0,16441,0
2026-05-27T10:05:00+05:30,2268.0,2270.0,2267.0,2268.6,28901,0
2026-05-27T10:10:00+05:30,2268.6,2270.7,2267.3,2269.9,29871,0
2026-05-27T10:15:00+05:30,2269.9,2277.2,2269.2,2275.9,90168,0
2026-05-27T10:20:00+05:30,2276.0,2277.8,2270.0,2271.3,26152,0
2026-05-27T10:25:00+05:30,2271.5,2271.5,2268.1,2270.0,17777,0
2026-05-27T10:30:00+05:30,2270.0,2270.6,2268.5,2269.2,15092,0
2026-05-27T10:35:00+05:30,2269.1,2270.5,2268.4,2270.0,15788,0
2026-05-27T10:40:00+05:30,2269.8,2270.7,2268.4,2269.2,15622,0
2026-05-27T10:45:00+05:30,2269.2,2270.6,2268.2,2269.8,32874,0
2026-05-27T10:50:00+05:30,2270.0,2274.0,2269.4,2274.0,21087,0
2026-05-27T10:55:00+05:30,2273.7,2274.8,2270.7,2273.0,30103,0
2026-05-27T11:00:00+05:30,2273.0,2276.5,2272.2,2275.9,27251,0
2026-05-27T11:05:00+05:30,2275.9,2283.6,2275.9,2281.7,85773,0
2026-05-27T11:10:00+05:30,2281.6,2282.9,2279.6,2279.6,27189,0
2026-05-27T11:15:00+05:30,2280.2,2280.3,2276.0,2276.1,18711,0
2026-05-27T11:20:00+05:30,2276.3,2277.8,2276.0,2276.7,11539,0
2026-05-27T11:25:00+05:30,2276.9,2277.0,2273.8,2275.0,18024,0
2026-05-27T11:30:00+05:30,2275.0,2276.7,2273.4,2273.5,19462,0
2026-05-27T11:35:00+05:30,2273.6,2275.1,2270.6,2273.6,21695,0
2026-05-27T11:40:00+05:30,2273.0,2277.0,2272.6,2275.0,14208,0
2026-05-27T11:45:00+05:30,2275.0,2277.0,2274.4,2275.8,22931,0
2026-05-27T11:50:00+05:30,2275.8,2275.8,2273.1,2274.9,15728,0
2026-05-27T11:55:00+05:30,2274.8,2275.6,2272.1,2273.9,12501,0
2026-05-27T12:00:00+05:30,2273.9,2275.4,2272.3,2274.2,13584,0
2026-05-27T12:05:00+05:30,2274.2,2275.4,2274.2,2275.0,8981,0
2026-05-27T12:10:00+05:30,2275.0,2277.0,2273.8,2274.0,14771,0
2026-05-27T12:15:00+05:30,2274.0,2275.6,2272.7,2274.4,16040,0
2026-05-27T12:20:00+05:30,2274.3,2274.4,2270.0,2271.0,24512,0
2026-05-27T12:25:00+05:30,2271.0,2271.2,2268.0,2268.0,16777,0
2026-05-27T12:30:00+05:30,2268.2,2270.0,2266.8,2269.9,16039,0
2026-05-27T12:35:00+05:30,2270.0,2273.7,2269.9,2273.5,11396,0
2026-05-27T12:40:00+05:30,2273.5,2275.0,2272.6,2273.9,10642,0
2026-05-27T12:45:00+05:30,2273.9,2274.7,2271.3,2272.3,10697,0
2026-05-27T12:50:00+05:30,2272.4,2272.9,2270.7,2271.5,9563,0
2026-05-27T12:55:00+05:30,2272.0,2272.1,2270.2,2270.8,6532,0
2026-05-27T13:00:00+05:30,2271.2,2272.0,2270.2,2271.8,7140,0
2026-05-27T13:05:00+05:30,2272.0,2272.9,2271.0,2271.9,10763,0
2026-05-27T13:10:00+05:30,2271.9,2272.7,2270.0,2271.4,14829,0
2026-05-27T13:15:00+05:30,2271.3,2271.4,2268.3,2269.7,16789,0
2026-05-27T13:20:00+05:30,2269.3,2272.4,2268.2,2272.0,8833,0
2026-05-27T13:25:00+05:30,2272.0,2273.5,2271.8,2273.2,9775,0
2026-05-27T13:30:00+05:30,2273.2,2273.7,2272.9,2273.0,10685,0
2026-05-27T13:35:00+05:30,2273.0,2273.3,2272.0,2272.2,6961,0
2026-05-27T13:40:00+05:30,2272.0,2272.9,2270.8,2271.7,7246,0
2026-05-27T13:45:00+05:30,2271.5,2272.5,2270.8,2272.0,7767,0
2026-05-27T13:50:00+05:30,2272.0,2273.1,2271.0,2272.9,11795,0
2026-05-27T13:55:00+05:30,2272.9,2273.5,2271.6,2272.9,10847,0
2026-05-27T14:00:00+05:30,2272.9,2273.1,2271.4,2272.9,20095,0
2026-05-27T14:05:00+05:30,2272.9,2273.0,2270.0,2270.5,20262,0
2026-05-27T14:10:00+05:30,2270.4,2271.5,2269.5,2270.3,19473,0
2026-05-27T14:15:00+05:30,2270.2,2272.0,2269.2,2269.4,16684,0
2026-05-27T14:20:00+05:30,2269.4,2270.9,2267.8,2269.6,23056,0
2026-05-27T14:25:00+05:30,2269.7,2270.4,2268.0,2269.3,16057,0
2026-05-27T14:30:00+05:30,2268.8,2270.6,2267.1,2267.5,20821,0
2026-05-27T14:35:00+05:30,2267.7,2268.9,2265.0,2266.9,27943,0
2026-05-27T14:40:00+05:30,2266.7,2269.9,2265.5,2269.6,26935,0
2026-05-27T14:45:00+05:30,2269.4,2270.3,2267.5,2269.9,33045,0
2026-05-27T14:50:00+05:30,2269.9,2274.5,2269.1,2273.0,99080,0
2026-05-27T14:55:00+05:30,2273.2,2275.0,2272.9,2273.9,57050,0
2026-05-27T15:00:00+05:30,2273.8,2277.4,2273.0,2273.9,105807,0
2026-05-27T15:05:00+05:30,2273.9,2276.0,2273.6,2275.6,72266,0
2026-05-27T15:10:00+05:30,2275.8,2279.3,2275.0,2278.7,112357,0
2026-05-27T15:15:00+05:30,2278.8,2291.2,2278.1,2291.0,208844,0
2026-05-27T15:20:00+05:30,2291.1,2295.6,2288.6,2295.0,206687,0
2026-05-27T15:25:00+05:30,2295.1,2295.6,2282.8,2289.9,85384,0
2026-05-29T09:15:00+05:30,2291.0,2325.0,2291.0,2322.9,519523,0
2026-05-29T09:20:00+05:30,2323.2,2324.7,2312.9,2320.8,158889,0
2026-05-29T09:25:00+05:30,2321.3,2324.0,2309.7,2310.7,165514,0
2026-05-29T09:30:00+05:30,2310.6,2310.7,2298.4,2305.3,134917,0
2026-05-29T09:35:00+05:30,2305.0,2314.9,2304.4,2313.0,66303,0
2026-05-29T09:40:00+05:30,2313.0,2323.9,2312.4,2319.1,162604,0
2026-05-29T09:45:00+05:30,2319.3,2324.6,2318.0,2324.0,75892,0
2026-05-29T09:50:00+05:30,2323.8,2326.5,2321.0,2324.1,106330,0
2026-05-29T09:55:00+05:30,2324.1,2326.3,2323.0,2323.5,74672,0
2026-05-29T10:00:00+05:30,2323.9,2334.0,2323.4,2331.8,178375,0
2026-05-29T10:05:00+05:30,2331.8,2332.0,2321.5,2324.1,86884,0
2026-05-29T10:10:00+05:30,2324.1,2329.2,2316.0,2322.5,74449,0
2026-05-29T10:15:00+05:30,2323.0,2325.9,2320.0,2322.1,74727,0
2026-05-29T10:20:00+05:30,2322.1,2323.0,2315.1,2316.7,95437,0
2026-05-29T10:25:00+05:30,2316.2,2316.7,2308.7,2310.5,65744,0
2026-05-29T10:30:00+05:30,2310.5,2317.1,2310.0,2315.5,43052,0
2026-05-29T10:35:00+05:30,2315.5,2317.2,2307.0,2307.8,66523,0
2026-05-29T10:40:00+05:30,2308.3,2311.4,2305.4,2309.5,71840,0
2026-05-29T10:45:00+05:30,2309.5,2311.1,2308.3,2310.1,24876,0
2026-05-29T10:50:00+05:30,2310.1,2310.2,2306.0,2306.1,18726,0
2026-05-29T10:55:00+05:30,2306.7,2311.8,2305.7,2311.1,59017,0
2026-05-29T11:00:00+05:30,2311.1,2313.3,2306.4,2307.7,28698,0
2026-05-29T11:05:00+05:30,2308.4,2309.5,2306.0,2309.5,20346,0
2026-05-29T11:10:00+05:30,2309.5,2311.6,2307.6,2311.4,21356,0
2026-05-29T11:15:00+05:30,2311.2,2311.8,2309.2,2310.5,35993,0
2026-05-29T11:20:00+05:30,2310.4,2310.5,2308.3,2309.0,30628,0
2026-05-29T11:25:00+05:30,2309.1,2309.2,2307.7,2309.1,61870,0
2026-05-29T11:30:00+05:30,2309.1,2310.0,2303.6,2305.7,40314,0
2026-05-29T11:35:00+05:30,2305.7,2311.0,2304.8,2307.8,85911,0
2026-05-29T11:40:00+05:30,2307.8,2308.5,2305.0,2307.5,29282,0
2026-05-29T11:45:00+05:30,2307.1,2309.6,2300.0,2301.6,48887,0
2026-05-29T11:50:00+05:30,2302.1,2303.2,2300.0,2300.9,28251,0
2026-05-29T11:55:00+05:30,2300.9,2300.9,2294.4,2298.0,102301,0
2026-05-29T12:00:00+05:30,2297.9,2298.0,2295.8,2296.8,33783,0
2026-05-29T12:05:00+05:30,2296.8,2296.8,2294.1,2294.6,35569,0
2026-05-29T12:10:00+05:30,2294.5,2296.2,2293.2,2294.1,53400,0
2026-05-29T12:15:00+05:30,2294.0,2294.9,2292.5,2294.6,32698,0
2026-05-29T12:20:00+05:30,2294.6,2294.9,2292.6,2293.3,34246,0
2026-05-29T12:25:00+05:30,2293.3,2293.9,2292.6,2293.1,27090,0
2026-05-29T12:30:00+05:30,2293.4,2293.4,2290.0,2291.4,59430,0
2026-05-29T12:35:00+05:30,2291.4,2295.9,2291.3,2293.8,46844,0
2026-05-29T12:40:00+05:30,2293.8,2294.7,2291.1,2292.2,31585,0
2026-05-29T12:45:00+05:30,2292.1,2295.0,2292.0,2294.2,33466,0
2026-05-29T12:50:00+05:30,2294.3,2294.8,2291.0,2291.0,28436,0
2026-05-29T12:55:00+05:30,2291.2,2292.1,2290.0,2290.6,29394,0
2026-05-29T13:00:00+05:30,2290.7,2291.3,2287.5,2289.5,67575,0
2026-05-29T13:05:00+05:30,2289.5,2290.6,2287.1,2289.4,29223,0
2026-05-29T13:10:00+05:30,2289.4,2289.4,2287.0,2287.1,35387,0
2026-05-29T13:15:00+05:30,2287.1,2288.2,2285.0,2287.7,31308,0
2026-05-29T13:20:00+05:30,2287.7,2287.8,2282.0,2284.4,53647,0
2026-05-29T13:25:00+05:30,2284.4,2286.7,2283.7,2284.9,35669,0
2026-05-29T13:30:00+05:30,2284.5,2285.9,2284.0,2284.6,22044,0
2026-05-29T13:35:00+05:30,2284.6,2285.3,2283.0,2284.8,29086,0
2026-05-29T13:40:00+05:30,2284.8,2287.8,2284.3,2284.9,40383,0
2026-05-29T13:45:00+05:30,2284.9,2285.7,2282.6,2282.9,34339,0
2026-05-29T13:50:00+05:30,2282.9,2283.0,2279.5,2281.2,80449,0
2026-05-29T13:55:00+05:30,2281.4,2283.8,2280.8,2283.7,21932,0
2026-05-29T14:00:00+05:30,2283.6,2283.6,2280.1,2280.9,38943,0
2026-05-29T14:05:00+05:30,2280.9,2283.0,2280.0,2282.8,35281,0
2026-05-29T14:10:00+05:30,2282.8,2284.9,2282.0,2283.5,36051,0
2026-05-29T14:15:00+05:30,2283.6,2283.6,2281.6,2281.7,33861,0
2026-05-29T14:20:00+05:30,2281.7,2284.9,2281.6,2283.5,39601,0
2026-05-29T14:25:00+05:30,2283.5,2284.6,2281.7,2283.1,46550,0
2026-05-29T14:30:00+05:30,2283.3,2294.7,2282.6,2293.6,98057,0
2026-05-29T14:35:00+05:30,2293.5,2296.4,2292.1,2292.9,44239,0
2026-05-29T14:40:00+05:30,2292.9,2293.8,2290.0,2293.3,50575,0
2026-05-29T14:45:00+05:30,2293.3,2296.2,2291.4,2295.0,53549,0
2026-05-29T14:50:00+05:30,2295.5,2297.8,2293.5,2297.6,78223,0
2026-05-29T14:55:00+05:30,2297.6,2298.2,2295.0,2297.6,96693,0
2026-05-29T15:00:00+05:30,2297.6,2299.0,2260.7,2264.3,2539429,0
2026-05-29T15:05:00+05:30,2264.3,2264.5,2249.6,2251.7,2231643,0
2026-05-29T15:10:00+05:30,2251.6,2254.9,2246.6,2253.3,2461574,0
2026-05-29T15:15:00+05:30,2253.5,2258.5,2251.5,2255.4,1814307,0
2026-05-29T15:20:00+05:30,2255.4,2255.7,2249.0,2250.2,1484205,0
2026-05-29T15:25:00+05:30,2250.2,2259.4,2235.0,2256.0,1283243,0
2026-06-01T09:15:00+05:30,2284.0,2306.4,2280.0,2293.9,241618,0
2026-06-01T09:20:00+05:30,2294.1,2303.3,2292.2,2300.5,119688,0
2026-06-01T09:25:00+05:30,2300.8,2303.8,2295.1,2302.2,80765,0
2026-06-01T09:30:00+05:30,2302.2,2306.4,2300.0,2304.7,91844,0
2026-06-01T09:35:00+05:30,2304.7,2308.7,2296.2,2296.2,129459,0
2026-06-01T09:40:00+05:30,2297.4,2300.0,2296.1,2299.9,20785,0
2026-06-01T09:45:00+05:30,2299.9,2304.5,2299.6,2303.0,79165,0
2026-06-01T09:50:00+05:30,2303.0,2308.1,2302.1,2305.5,116166,0
2026-06-01T09:55:00+05:30,2305.5,2307.9,2299.4,2300.2,61267,0
2026-06-01T10:00:00+05:30,2300.4,2303.5,2300.2,2301.1,59953,0
2026-06-01T10:05:00+05:30,2301.4,2307.9,2301.2,2303.0,86558,0
2026-06-01T10:10:00+05:30,2303.9,2307.9,2303.0,2307.2,55366,0
2026-06-01T10:15:00+05:30,2307.8,2312.9,2303.8,2311.2,140816,0
2026-06-01T10:20:00+05:30,2311.2,2328.1,2311.0,2325.2,160946,0
2026-06-01T10:25:00+05:30,2325.2,2329.0,2319.1,2322.2,72768,0
2026-06-01T10:30:00+05:30,2322.7,2325.0,2316.2,2317.7,26345,0
2026-06-01T10:35:00+05:30,2317.1,2320.7,2314.4,2317.0,22678,0
2026-06-01T10:40:00+05:30,2317.0,2319.8,2285.0,2303.0,3402558,0
2026-06-01T10:45:00+05:30,2302.9,2309.7,2296.2,2309.7,164200,0
2026-06-01T10:50:00+05:30,2309.7,2315.5,2308.6,2312.1,70081,0
2026-06-01T10:55:00+05:30,2312.5,2313.4,2310.0,2312.4,25563,0
2026-06-01T11:00:00+05:30,2313.0,2318.0,2313.0,2316.6,59214,0
2026-06-01T11:05:00+05:30,2316.8,2317.5,2314.5,2316.9,24984,0
2026-06-01T11:10:00+05:30,2316.9,2322.8,2316.6,2321.1,53442,0
2026-06-01T11:15:00+05:30,2321.5,2322.1,2317.4,2320.5,28835,0
2026-06-01T11:20:00+05:30,2320.5,2327.8,2320.4,2322.8,102928,0
2026-06-01T11:25:00+05:30,2322.7,2325.9,2321.5,2323.2,40090,0
2026-06-01T11:30:00+05:30,2323.4,2328.8,2323.2,2326.5,62977,0
2026-06-01T11:35:00+05:30,2327.1,2328.5,2325.0,2327.0,41368,0
2026-06-01T11:40:00+05:30,2327.0,2328.9,2325.0,2327.8,35473,0
2026-06-01T11:45:00+05:30,2328.3,2329.9,2326.4,2329.0,30482,0
2026-06-01T11:50:00+05:30,2329.2,2329.8,2326.4,2328.1,33335,0
2026-06-01T11:55:00+05:30,2328.6,2328.8,2321.7,2323.9,36744,0
2026-06-01T12:00:00+05:30,2323.9,2325.6,2322.6,2324.0,31869,0
2026-06-01T12:05:00+05:30,2324.0,2331.8,2323.5,2330.4,100264,0
2026-06-01T12:10:00+05:30,2331.0,2333.2,2329.9,2332.6,46222,0
2026-06-01T12:15:00+05:30,2332.9,2335.0,2331.1,2334.5,54304,0
2026-06-01T12:20:00+05:30,2334.7,2334.8,2331.0,2331.0,39108,0
2026-06-01T12:25:00+05:30,2332.0,2334.9,2331.1,2334.2,20541,0
2026-06-01T12:30:00+05:30,2334.2,2334.5,2333.0,2334.0,17078,0
2026-06-01T12:35:00+05:30,2334.3,2334.3,2330.1,2332.8,17036,0
2026-06-01T12:40:00+05:30,2332.8,2333.8,2329.7,2330.0,18715,0
2026-06-01T12:45:00+05:30,2330.0,2331.9,2329.9,2331.0,25716,0
2026-06-01T12:50:00+05:30,2330.8,2331.9,2329.4,2331.0,22837,0
2026-06-01T12:55:00+05:30,2331.0,2334.4,2330.0,2331.1,53568,0
2026-06-01T13:00:00+05:30,2331.8,2333.0,2327.5,2328.7,65001,0
2026-06-01T13:05:00+05:30,2328.1,2328.7,2326.0,2326.9,19096,0
2026-06-01T13:10:00+05:30,2326.9,2327.1,2324.0,2326.0,33677,0
2026-06-01T13:15:00+05:30,2325.4,2326.6,2323.3,2324.8,22324,0
2026-06-01T13:20:00+05:30,2324.9,2325.5,2322.0,2322.9,18671,0
2026-06-01T13:25:00+05:30,2322.5,2323.9,2322.0,2322.5,13140,0
2026-06-01T13:30:00+05:30,2322.5,2324.7,2320.5,2323.3,29934,0
2026-06-01T13:35:00+05:30,2323.5,2323.9,2320.9,2322.0,28211,0
2026-06-01T13:40:00+05:30,2321.3,2322.0,2320.6,2321.4,21426,0
2026-06-01T13:45:00+05:30,2321.4,2321.4,2319.1,2319.4,20146,0
2026-06-01T13:50:00+05:30,2319.4,2320.0,2317.2,2317.7,22936,0
2026-06-01T13:55:00+05:30,2317.7,2318.0,2314.0,2315.6,27183,0
2026-06-01T14:00:00+05:30,2316.4,2316.5,2310.8,2312.0,23423,0
2026-06-01T14:05:00+05:30,2312.0,2312.8,2310.0,2310.2,18579,0
2026-06-01T14:10:00+05:30,2310.2,2311.4,2307.3,2308.0,17895,0
2026-06-01T14:15:00+05:30,2308.0,2310.0,2306.3,2310.0,37367,0
2026-06-01T14:20:00+05:30,2310.0,2312.2,2308.5,2308.6,18854,0
2026-06-01T14:25:00+05:30,2308.6,2312.0,2307.7,2310.2,26133,0
2026-06-01T14:30:00+05:30,2309.4,2312.0,2303.5,2304.5,64352,0
2026-06-01T14:35:00+05:30,2304.3,2309.5,2303.0,2308.3,31855,0
2026-06-01T14:40:00+05:30,2307.8,2308.2,2303.1,2304.0,26527,0
2026-06-01T14:45:00+05:30,2303.5,2306.0,2301.8,2302.7,34307,0
2026-06-01T14:50:00+05:30,2302.7,2304.3,2301.0,2302.5,24308,0
2026-06-01T14:55:00+05:30,2302.5,2303.0,2300.0,2303.0,37069,0
2026-06-01T15:00:00+05:30,2303.0,2303.0,2298.2,2299.7,84734,0
2026-06-01T15:05:00+05:30,2299.7,2299.8,2294.3,2298.0,108065,0
2026-06-01T15:10:00+05:30,2298.1,2301.2,2296.0,2296.7,74864,0
2026-06-01T15:15:00+05:30,2296.7,2298.0,2295.1,2295.5,96368,0
2026-06-01T15:20:00+05:30,2295.1,2296.8,2294.1,2296.8,112670,0
2026-06-01T15:25:00+05:30,2296.7,2299.9,2296.3,2296.4,93776,0
2026-06-02T09:15:00+05:30,2320.0,2351.0,2316.2,2347.7,660153,0
2026-06-02T09:20:00+05:30,2348.5,2365.9,2347.4,2361.0,419595,0
2026-06-02T09:25:00+05:30,2361.0,2370.6,2359.9,2365.0,243408,0
2026-06-02T09:30:00+05:30,2364.9,2370.1,2363.8,2366.5,229265,0
2026-06-02T09:35:00+05:30,2366.8,2371.9,2363.2,2364.5,184856,0
2026-06-02T09:40:00+05:30,2364.5,2381.8,2364.2,2380.1,299742,0
2026-06-02T09:45:00+05:30,2380.2,2384.5,2375.4,2377.5,155383,0
2026-06-02T09:50:00+05:30,2377.5,2389.0,2372.4,2388.7,215087,0
2026-06-02T09:55:00+05:30,2389.0,2395.1,2387.0,2393.8,240605,0
2026-06-02T10:00:00+05:30,2394.0,2400.0,2390.2,2397.0,164450,0
2026-06-02T10:05:00+05:30,2397.0,2406.0,2395.6,2405.6,258162,0
2026-06-02T10:10:00+05:30,2405.7,2415.0,2405.7,2411.2,267414,0
2026-06-02T10:15:00+05:30,2411.3,2423.6,2410.1,2421.0,268364,0
2026-06-02T10:20:00+05:30,2421.0,2422.0,2413.7,2415.1,190322,0
2026-06-02T10:25:00+05:30,2415.5,2418.5,2412.8,2415.4,133043,0
2026-06-02T10:30:00+05:30,2415.0,2420.0,2413.0,2416.9,126352,0
2026-06-02T10:35:00+05:30,2416.8,2430.0,2414.3,2429.0,235746,0
2026-06-02T10:40:00+05:30,2429.0,2439.3,2425.2,2439.0,199683,0
2026-06-02T10:45:00+05:30,2439.3,2444.0,2435.2,2439.2,214332,0
2026-06-02T10:50:00+05:30,2439.0,2443.9,2434.0,2438.7,155132,0
2026-06-02T10:55:00+05:30,2438.6,2439.1,2431.9,2433.2,118562,0
2026-06-02T11:00:00+05:30,2433.3,2436.0,2428.6,2435.4,120500,0
2026-06-02T11:05:00+05:30,2435.4,2435.7,2431.1,2434.9,82049,0
2026-06-02T11:10:00+05:30,2435.0,2435.8,2432.1,2434.1,68372,0
2026-06-02T11:15:00+05:30,2434.1,2440.0,2434.0,2439.4,139509,0
2026-06-02T11:20:00+05:30,2439.4,2443.9,2439.4,2443.0,118428,0
2026-06-02T11:25:00+05:30,2443.0,2451.1,2442.0,2445.7,256656,0
2026-06-02T11:30:00+05:30,2445.2,2448.5,2443.2,2447.8,82375,0
2026-06-02T11:35:00+05:30,2447.8,2449.1,2446.3,2448.4,64955,0
2026-06-02T11:40:00+05:30,2448.4,2451.0,2446.3,2447.0,106879,0
2026-06-02T11:45:00+05:30,2447.0,2449.0,2445.5,2446.0,70432,0
2026-06-02T11:50:00+05:30,2446.0,2449.0,2442.7,2442.7,87963,0
2026-06-02T11:55:00+05:30,2443.7,2445.5,2440.6,2444.1,73676,0
2026-06-02T12:00:00+05:30,2444.1,2444.1,2432.7,2434.5,145734,0
2026-06-02T12:05:00+05:30,2434.6,2439.0,2434.0,2437.1,88050,0
2026-06-02T12:10:00+05:30,2437.1,2439.2,2432.3,2434.0,85897,0
2026-06-02T12:15:00+05:30,2434.0,2434.9,2428.0,2428.0,125451,0
2026-06-02T12:20:00+05:30,2428.9,2429.0,2424.1,2425.1,174057,0
2026-06-02T12:25:00+05:30,2426.1,2432.4,2425.2,2431.7,120764,0
2026-06-02T12:30:00+05:30,2431.7,2447.7,2431.0,2447.0,164856,0
2026-06-02T12:35:00+05:30,2447.1,2447.5,2444.0,2445.5,63548,0
2026-06-02T12:40:00+05:30,2445.5,2447.5,2444.0,2446.0,80692,0
2026-06-02T12:45:00+05:30,2446.9,2457.4,2445.8,2451.0,218426,0
2026-06-02T12:50:00+05:30,2451.0,2451.1,2443.2,2444.8,140675,0
2026-06-02T12:55:00+05:30,2444.9,2446.9,2440.5,2443.6,144662,0
2026-06-02T13:00:00+05:30,2443.6,2446.6,2441.0,2444.1,78578,0
2026-06-02T13:05:00+05:30,2444.1,2446.0,2442.0,2445.6,62365,0
2026-06-02T13:10:00+05:30,2445.6,2446.0,2443.0,2444.6,79731,0
2026-06-02T13:15:00+05:30,2444.7,2444.7,2438.0,2439.7,73772,0
2026-06-02T13:20:00+05:30,2439.7,2440.0,2436.4,2437.8,58901,0
2026-06-02T13:25:00+05:30,2437.7,2439.7,2436.5,2438.6,66171,0
2026-06-02T13:30:00+05:30,2438.6,2444.5,2437.5,2443.9,79214,0
2026-06-02T13:35:00+05:30,2443.9,2445.7,2441.0,2441.3,63615,0
2026-06-02T13:40:00+05:30,2442.0,2444.0,2440.1,2443.1,53627,0
2026-06-02T13:45:00+05:30,2443.1,2443.7,2440.0,2441.0,55842,0
2026-06-02T13:50:00+05:30,2441.0,2444.0,2439.7,2443.6,57504,0
2026-06-02T13:55:00+05:30,2443.5,2444.0,2440.7,2441.0,52992,0
2026-06-02T14:00:00+05:30,2441.5,2441.5,2436.4,2439.9,69075,0
2026-06-02T14:05:00+05:30,2439.9,2443.8,2439.4,2443.0,60741,0
2026-06-02T14:10:00+05:30,2442.6,2446.6,2441.0,2444.7,83448,0
2026-06-02T14:15:00+05:30,2444.8,2445.1,2439.9,2443.6,69293,0
2026-06-02T14:20:00+05:30,2443.5,2447.2,2441.0,2444.0,129911,0
2026-06-02T14:25:00+05:30,2444.1,2444.9,2441.1,2441.5,88149,0
2026-06-02T14:30:00+05:30,2441.8,2444.0,2441.4,2442.4,74606,0
2026-06-02T14:35:00+05:30,2442.4,2443.0,2440.1,2441.1,92355,0
2026-06-02T14:40:00+05:30,2441.0,2444.0,2439.7,2443.9,145766,0
2026-06-02T14:45:00+05:30,2443.9,2448.0,2441.1,2441.5,153790,0
2026-06-02T14:50:00+05:30,2441.5,2445.7,2441.3,2442.0,85822,0
2026-06-02T14:55:00+05:30,2442.0,2446.5,2441.7,2444.7,89051,0
2026-06-02T15:00:00+05:30,2444.7,2447.3,2442.1,2446.0,239224,0
2026-06-02T15:05:00+05:30,2445.9,2447.0,2441.5,2442.3,282813,0
2026-06-02T15:10:00+05:30,2442.3,2444.1,2442.1,2443.2,239674,0
2026-06-02T15:15:00+05:30,2443.0,2454.4,2442.9,2451.3,307510,0
2026-06-02T15:20:00+05:30,2451.0,2452.5,2446.3,2451.4,260418,0
2026-06-02T15:25:00+05:30,2451.4,2453.8,2447.0,2451.1,206522,0
2026-06-03T09:15:00+05:30,2393.0,2393.0,2321.6,2321.6,1141145,0
2026-06-03T09:20:00+05:30,2322.8,2328.0,2307.2,2310.2,1061263,0
2026-06-03T09:25:00+05:30,2311.2,2311.4,2297.7,2305.0,616614,0
2026-06-03T09:30:00+05:30,2305.0,2305.5,2291.6,2297.5,438968,0
2026-06-03T09:35:00+05:30,2297.6,2300.0,2286.0,2287.1,335474,0
2026-06-03T09:40:00+05:30,2287.1,2287.9,2280.6,2284.3,313363,0
2026-06-03T09:45:00+05:30,2284.3,2289.7,2282.6,2286.8,208700,0
2026-06-03T09:50:00+05:30,2286.8,2293.0,2283.5,2284.7,214151,0
2026-06-03T09:55:00+05:30,2284.4,2285.0,2277.3,2279.2,266527,0
2026-06-03T10:00:00+05:30,2279.2,2280.0,2276.0,2279.4,210983,0
2026-06-03T10:05:00+05:30,2279.2,2283.3,2276.3,2278.1,204100,0
2026-06-03T10:10:00+05:30,2278.8,2279.1,2275.0,2276.9,158187,0
2026-06-03T10:15:00+05:30,2276.8,2278.0,2268.0,2271.4,396643,0
2026-06-03T10:20:00+05:30,2271.4,2276.7,2270.2,2271.0,185512,0
2026-06-03T10:25:00+05:30,2271.0,2274.5,2268.9,2271.9,154350,0
2026-06-03T10:30:00+05:30,2272.0,2275.0,2263.0,2266.7,271893,0
2026-06-03T10:35:00+05:30,2266.7,2267.4,2262.1,2263.0,164837,0
2026-06-03T10:40:00+05:30,2263.0,2264.3,2256.0,2257.5,275680,0
2026-06-03T10:45:00+05:30,2257.5,2266.5,2255.0,2261.2,197776,0
2026-06-03T10:50:00+05:30,2261.4,2266.5,2260.0,2266.4,131817,0
2026-06-03T10:55:00+05:30,2266.4,2266.6,2261.1,2263.7,88923,0
2026-06-03T11:00:00+05:30,2263.7,2263.8,2256.0,2257.0,159063,0
2026-06-03T11:05:00+05:30,2257.0,2257.5,2246.7,2247.3,388997,0
2026-06-03T11:10:00+05:30,2247.8,2250.8,2244.1,2246.0,210817,0
2026-06-03T11:15:00+05:30,2246.2,2248.0,2243.0,2245.2,173532,0
2026-06-03T11:20:00+05:30,2245.3,2251.8,2242.1,2248.9,173905,0
2026-06-03T11:25:00+05:30,2248.9,2252.4,2244.3,2245.5,208556,0
2026-06-03T11:30:00+05:30,2245.5,2251.0,2245.1,2248.7,137589,0
2026-06-03T11:35:00+05:30,2248.7,2252.7,2246.3,2252.3,106900,0
2026-06-03T11:40:00+05:30,2252.4,2252.5,2248.0,2250.3,84306,0
2026-06-03T11:45:00+05:30,2250.3,2253.0,2246.2,2246.9,142952,0
2026-06-03T11:50:00+05:30,2247.2,2247.2,2238.0,2238.0,270801,0
2026-06-03T11:55:00+05:30,2238.7,2240.0,2224.8,2226.2,356710,0
2026-06-03T12:00:00+05:30,2226.2,2231.0,2225.5,2229.5,188080,0
2026-06-03T12:05:00+05:30,2229.7,2232.8,2225.2,2232.2,165283,0
2026-06-03T12:10:00+05:30,2231.9,2234.3,2226.4,2227.5,181200,0
2026-06-03T12:15:00+05:30,2228.0,2233.4,2227.5,2231.8,88680,0
2026-06-03T12:20:00+05:30,2232.8,2233.6,2231.4,2232.0,77818,0
2026-06-03T12:25:00+05:30,2231.7,2240.5,2230.5,2237.6,124959,0
2026-06-03T12:30:00+05:30,2237.6,2242.0,2236.2,2240.9,143573,0
2026-06-03T12:35:00+05:30,2240.6,2244.4,2237.9,2241.0,163736,0
2026-06-03T12:40:00+05:30,2241.3,2242.9,2238.4,2241.5,108046,0
2026-06-03T12:45:00+05:30,2241.5,2242.0,2237.2,2242.0,113802,0
2026-06-03T12:50:00+05:30,2242.0,2242.6,2240.2,2241.6,60866,0
2026-06-03T12:55:00+05:30,2241.8,2242.3,2237.0,2238.7,84335,0
2026-06-03T13:00:00+05:30,2239.1,2239.7,2235.3,2237.8,71175,0
2026-06-03T13:05:00+05:30,2237.9,2239.0,2235.1,2236.3,66945,0
2026-06-03T13:10:00+05:30,2236.3,2239.4,2233.6,2239.3,83567,0
2026-06-03T13:15:00+05:30,2241.0,2241.8,2237.5,2238.9,70970,0
2026-06-03T13:20:00+05:30,2238.7,2242.9,2238.0,2242.3,108406,0
2026-06-03T13:25:00+05:30,2242.5,2243.5,2240.6,2241.5,65356,0
2026-06-03T13:30:00+05:30,2241.5,2242.0,2235.8,2237.5,94503,0
2026-06-03T13:35:00+05:30,2237.4,2239.9,2233.7,2234.0,234932,0
2026-06-03T13:40:00+05:30,2234.9,2238.0,2234.0,2235.6,79703,0
2026-06-03T13:45:00+05:30,2236.0,2245.6,2235.9,2244.0,135805,0
2026-06-03T13:50:00+05:30,2243.6,2244.7,2241.6,2242.0,72856,0
2026-06-03T13:55:00+05:30,2242.3,2242.3,2239.3,2239.8,56752,0
2026-06-03T14:00:00+05:30,2239.8,2243.9,2238.9,2243.8,59070,0
2026-06-03T14:05:00+05:30,2243.8,2244.9,2241.2,2243.7,82094,0
2026-06-03T14:10:00+05:30,2243.7,2243.8,2241.5,2242.0,54929,0
2026-06-03T14:15:00+05:30,2242.0,2247.4,2241.9,2246.6,103275,0
2026-06-03T14:20:00+05:30,2247.0,2248.0,2243.9,2246.0,108792,0
2026-06-03T14:25:00+05:30,2246.0,2246.0,2243.4,2244.3,75766,0
2026-06-03T14:30:00+05:30,2244.5,2246.0,2243.6,2245.5,91499,0
2026-06-03T14:35:00+05:30,2245.5,2247.0,2243.1,2246.5,99020,0
2026-06-03T14:40:00+05:30,2247.0,2249.7,2245.6,2248.3,225698,0
2026-06-03T14:45:00+05:30,2248.0,2249.5,2246.0,2248.0,115549,0
2026-06-03T14:50:00+05:30,2248.0,2249.6,2247.1,2247.5,120982,0
2026-06-03T14:55:00+05:30,2247.9,2248.3,2245.0,2245.0,149773,0
2026-06-03T15:00:00+05:30,2245.9,2246.3,2243.0,2246.0,179182,0
2026-06-03T15:05:00+05:30,2246.0,2246.0,2239.0,2240.0,405297,0
2026-06-03T15:10:00+05:30,2239.7,2241.0,2238.9,2241.0,210904,0
2026-06-03T15:15:00+05:30,2241.0,2241.0,2236.1,2239.6,443293,0
2026-06-03T15:20:00+05:30,2239.5,2243.5,2239.1,2242.0,441184,0
2026-06-03T15:25:00+05:30,2241.9,2245.0,2239.0,2245.0,526474,0
2026-06-04T09:15:00+05:30,2241.7,2253.0,2216.6,2249.6,590223,0
2026-06-04T09:20:00+05:30,2249.4,2253.1,2241.8,2248.4,190658,0
2026-06-04T09:25:00+05:30,2248.8,2249.5,2239.2,2243.2,159233,0
2026-06-04T09:30:00+05:30,2243.2,2247.7,2235.0,2238.8,110666,0
2026-06-04T09:35:00+05:30,2239.0,2240.0,2233.0,2233.5,111142,0
2026-06-04T09:40:00+05:30,2234.0,2235.0,2230.1,2231.7,90700,0
2026-06-04T09:45:00+05:30,2232.4,2237.9,2230.0,2235.8,115290,0
2026-06-04T09:50:00+05:30,2235.7,2235.9,2227.1,2232.8,106445,0
2026-06-04T09:55:00+05:30,2232.1,2239.4,2229.4,2231.4,129291,0
2026-06-04T10:00:00+05:30,2231.4,2235.0,2230.5,2234.7,61076,0
2026-06-04T10:05:00+05:30,2234.7,2236.6,2232.2,2236.1,45103,0
2026-06-04T10:10:00+05:30,2236.1,2237.8,2233.0,2233.6,60329,0
2026-06-04T10:15:00+05:30,2233.6,2236.0,2230.5,2233.8,51117,0
2026-06-04T10:20:00+05:30,2234.2,2234.5,2230.5,2230.8,41306,0
2026-06-04T10:25:00+05:30,2230.6,2231.9,2222.2,2227.9,121541,0
2026-06-04T10:30:00+05:30,2227.9,2231.5,2226.7,2228.3,62352,0
2026-06-04T10:35:00+05:30,2228.5,2232.4,2227.0,2230.6,37804,0
2026-06-04T10:40:00+05:30,2230.6,2231.3,2227.2,2228.1,29910,0
2026-06-04T10:45:00+05:30,2228.1,2231.9,2227.8,2229.7,37155,0
2026-06-04T10:50:00+05:30,2229.9,2233.0,2228.1,2232.5,36235,0
2026-06-04T10:55:00+05:30,2232.5,2235.8,2231.0,2235.0,52887,0
2026-06-04T11:00:00+05:30,2235.0,2235.9,2228.5,2230.0,52035,0
2026-06-04T11:05:00+05:30,2229.9,2231.4,2228.2,2230.8,28134,0
2026-06-04T11:10:00+05:30,2230.8,2231.9,2230.1,2231.3,18160,0
2026-06-04T11:15:00+05:30,2231.4,2232.0,2230.0,2230.2,20255,0
2026-06-04T11:20:00+05:30,2230.3,2230.7,2228.4,2230.3,40932,0
2026-06-04T11:25:00+05:30,2230.1,2230.9,2229.0,2229.6,37545,0
2026-06-04T11:30:00+05:30,2229.4,2232.0,2227.0,2231.6,44600,0
2026-06-04T11:35:00+05:30,2231.9,2239.9,2231.6,2239.7,80911,0
2026-06-04T11:40:00+05:30,2239.6,2241.9,2237.3,2238.0,61743,0
2026-06-04T11:45:00+05:30,2237.8,2240.9,2237.8,2239.0,25550,0
2026-06-04T11:50:00+05:30,2239.0,2239.4,2234.3,2237.8,46863,0
2026-06-04T11:55:00+05:30,2237.8,2237.8,2236.0,2237.0,36191,0
2026-06-04T12:00:00+05:30,2237.0,2237.3,2234.1,2235.8,34635,0
2026-06-04T12:05:00+05:30,2235.8,2236.4,2233.0,2234.1,29830,0
2026-06-04T12:10:00+05:30,2234.0,2235.7,2232.8,2234.6,26576,0
2026-06-04T12:15:00+05:30,2234.6,2235.9,2232.6,2233.5,24561,0
2026-06-04T12:20:00+05:30,2233.5,2233.9,2231.2,2232.5,28224,0
2026-06-04T12:25:00+05:30,2232.6,2232.9,2230.0,2231.2,35620,0
2026-06-04T12:30:00+05:30,2231.2,2231.4,2227.5,2227.8,45164,0
2026-06-04T12:35:00+05:30,2227.7,2231.0,2227.1,2230.5,39863,0
2026-06-04T12:40:00+05:30,2230.6,2232.9,2230.3,2231.1,20350,0
2026-06-04T12:45:00+05:30,2231.4,2234.9,2230.7,2234.2,27570,0
2026-06-04T12:50:00+05:30,2234.0,2237.9,2232.8,2237.5,31939,0
2026-06-04T12:55:00+05:30,2237.3,2238.0,2234.8,2237.0,34622,0
2026-06-04T13:00:00+05:30,2236.8,2238.0,2235.1,2236.1,28840,0
2026-06-04T13:05:00+05:30,2236.9,2238.4,2234.3,2236.9,38556,0
2026-06-04T13:10:00+05:30,2236.9,2236.9,2230.4,2231.0,29863,0
2026-06-04T13:15:00+05:30,2231.0,2233.0,2228.2,2232.8,51506,0
2026-06-04T13:20:00+05:30,2232.5,2234.6,2231.1,2234.6,27697,0
2026-06-04T13:25:00+05:30,2234.5,2235.8,2233.8,2234.3,15467,0
2026-06-04T13:30:00+05:30,2234.1,2234.9,2231.5,2234.2,18175,0
2026-06-04T13:35:00+05:30,2234.2,2236.0,2233.0,2234.9,22798,0
2026-06-04T13:40:00+05:30,2234.9,2238.0,2233.1,2234.8,38346,0
2026-06-04T13:45:00+05:30,2234.8,2235.8,2233.9,2234.6,17127,0
2026-06-04T13:50:00+05:30,2234.6,2234.7,2231.0,2233.4,37241,0
2026-06-04T13:55:00+05:30,2233.5,2235.0,2231.3,2233.9,18242,0
2026-06-04T14:00:00+05:30,2233.9,2236.0,2233.7,2236.0,27477,0
2026-06-04T14:05:00+05:30,2236.0,2236.0,2232.3,2234.4,21928,0
2026-06-04T14:10:00+05:30,2234.4,2234.7,2232.1,2233.0,19971,0
2026-06-04T14:15:00+05:30,2233.2,2234.9,2232.9,2233.8,28652,0
2026-06-04T14:20:00+05:30,2233.8,2234.5,2232.6,2233.2,25182,0
2026-06-04T14:25:00+05:30,2233.1,2234.6,2232.6,2233.7,23573,0
2026-06-04T14:30:00+05:30,2233.4,2237.7,2233.0,2235.5,41059,0
2026-06-04T14:35:00+05:30,2235.5,2237.4,2235.3,2237.3,42973,0
2026-06-04T14:40:00+05:30,2237.1,2241.0,2235.7,2239.8,64179,0
2026-06-04T14:45:00+05:30,2239.5,2243.0,2238.6,2242.3,55008,0
2026-06-04T14:50:00+05:30,2242.4,2242.8,2239.0,2240.7,72427,0
2026-06-04T14:55:00+05:30,2240.4,2241.6,2237.8,2240.2,59561,0
2026-06-04T15:00:00+05:30,2240.1,2240.3,2235.0,2237.7,101502,0
2026-06-04T15:05:00+05:30,2237.3,2238.2,2235.0,2238.2,86702,0
2026-06-04T15:10:00+05:30,2238.1,2240.9,2237.3,2240.7,127006,0
2026-06-04T15:15:00+05:30,2240.5,2243.0,2240.1,2241.3,153320,0
2026-06-04T15:20:00+05:30,2241.7,2242.9,2241.0,2242.0,138555,0
2026-06-04T15:25:00+05:30,2241.3,2247.8,2239.0,2243.0,265242,0
2026-06-05T09:15:00+05:30,2262.9,2271.8,2251.0,2259.7,375935,0
2026-06-05T09:20:00+05:30,2259.6,2261.9,2252.1,2253.0,126203,0
2026-06-05T09:25:00+05:30,2253.0,2257.0,2250.0,2252.9,101909,0
2026-06-05T09:30:00+05:30,2252.9,2253.5,2250.0,2250.7,59682,0
2026-06-05T09:35:00+05:30,2250.7,2253.5,2247.8,2252.0,77630,0
2026-06-05T09:40:00+05:30,2252.0,2252.2,2244.9,2248.7,70731,0
2026-06-05T09:45:00+05:30,2248.6,2251.5,2247.8,2249.9,32433,0
2026-06-05T09:50:00+05:30,2250.0,2252.9,2249.6,2252.5,32914,0
2026-06-05T09:55:00+05:30,2252.5,2252.8,2246.7,2247.2,42619,0
2026-06-05T10:00:00+05:30,2247.2,2251.3,2245.1,2247.8,61038,0
2026-06-05T10:05:00+05:30,2247.6,2247.8,2243.1,2246.4,55722,0
2026-06-05T10:10:00+05:30,2246.6,2248.3,2244.9,2246.5,28677,0
2026-06-05T10:15:00+05:30,2246.5,2248.4,2244.4,2244.8,41037,0
2026-06-05T10:20:00+05:30,2244.6,2244.8,2235.4,2238.0,85277,0
2026-06-05T10:25:00+05:30,2238.0,2238.0,2232.2,2232.9,56632,0
2026-06-05T10:30:00+05:30,2232.9,2234.8,2230.5,2231.4,52076,0
2026-06-05T10:35:00+05:30,2231.0,2231.6,2225.0,2225.5,98928,0
2026-06-05T10:40:00+05:30,2225.6,2228.5,2225.1,2227.5,49611,0
2026-06-05T10:45:00+05:30,2227.5,2228.0,2222.0,2226.1,96015,0
2026-06-05T10:50:00+05:30,2225.9,2226.7,2224.4,2225.3,26957,0
2026-06-05T10:55:00+05:30,2225.1,2225.4,2222.5,2223.5,29903,0
2026-06-05T11:00:00+05:30,2223.7,2226.9,2223.5,2226.4,28058,0
2026-06-05T11:05:00+05:30,2226.4,2230.0,2226.0,2226.1,46314,0
2026-06-05T11:10:00+05:30,2226.1,2226.4,2221.0,2223.1,65806,0
2026-06-05T11:15:00+05:30,2223.0,2226.0,2222.3,2224.9,38082,0
2026-06-05T11:20:00+05:30,2225.5,2225.5,2220.8,2221.1,59967,0
2026-06-05T11:25:00+05:30,2221.1,2222.8,2217.1,2221.2,100382,0
2026-06-05T11:30:00+05:30,2220.8,2224.0,2220.3,2223.9,39106,0
2026-06-05T11:35:00+05:30,2223.5,2224.1,2221.1,2222.0,30750,0
2026-06-05T11:40:00+05:30,2222.0,2226.9,2221.5,2224.1,46005,0
2026-06-05T11:45:00+05:30,2224.9,2225.0,2223.1,2223.1,18573,0
2026-06-05T11:50:00+05:30,2223.1,2223.9,2221.0,2221.4,30737,0
2026-06-05T11:55:00+05:30,2221.3,2222.9,2221.1,2221.5,18483,0
2026-06-05T12:00:00+05:30,2221.5,2221.9,2220.0,2221.2,34190,0
2026-06-05T12:05:00+05:30,2221.1,2223.9,2218.0,2218.7,40670,0
2026-06-05T12:10:00+05:30,2218.6,2222.6,2218.6,2222.6,18366,0
2026-06-05T12:15:00+05:30,2222.5,2225.9,2222.0,2223.2,30082,0
2026-06-05T12:20:00+05:30,2223.2,2223.2,2219.3,2219.3,46230,0
2026-06-05T12:25:00+05:30,2220.0,2220.1,2217.1,2217.5,57199,0
2026-06-05T12:30:00+05:30,2217.4,2218.2,2213.1,2214.0,92640,0
2026-06-05T12:35:00+05:30,2214.0,2214.8,2210.4,2212.9,86190,0
2026-06-05T12:40:00+05:30,2212.9,2212.9,2208.0,2208.5,85546,0
2026-06-05T12:45:00+05:30,2208.5,2209.7,2207.5,2208.8,62703,0
2026-06-05T12:50:00+05:30,2208.8,2209.0,2206.0,2207.8,72406,0
2026-06-05T12:55:00+05:30,2207.3,2208.3,2206.0,2206.4,55156,0
2026-06-05T13:00:00+05:30,2206.1,2207.0,2205.2,2206.8,53541,0
2026-06-05T13:05:00+05:30,2206.8,2207.6,2202.5,2203.6,92260,0
2026-06-05T13:10:00+05:30,2203.6,2205.4,2202.0,2202.0,94935,0
2026-06-05T13:15:00+05:30,2202.4,2204.4,2201.7,2202.5,56212,0
2026-06-05T13:20:00+05:30,2202.5,2202.8,2198.1,2198.4,134411,0
2026-06-05T13:25:00+05:30,2198.5,2203.7,2198.1,2200.0,111817,0
2026-06-05T13:30:00+05:30,2199.9,2201.8,2199.0,2200.0,56800,0
2026-06-05T13:35:00+05:30,2200.0,2201.6,2199.0,2200.0,76242,0
2026-06-05T13:40:00+05:30,2199.9,2200.0,2198.1,2198.1,36169,0
2026-06-05T13:45:00+05:30,2198.1,2200.9,2198.1,2200.0,36613,0
2026-06-05T13:50:00+05:30,2199.8,2200.3,2199.1,2199.5,20874,0
2026-06-05T13:55:00+05:30,2199.4,2200.0,2199.0,2200.0,17240,0
2026-06-05T14:00:00+05:30,2199.8,2200.6,2199.5,2200.0,29823,0
2026-06-05T14:05:00+05:30,2199.9,2201.8,2199.1,2199.9,66960,0
2026-06-05T14:10:00+05:30,2199.9,2201.0,2199.7,2200.0,29031,0
2026-06-05T14:15:00+05:30,2200.0,2202.9,2199.8,2201.4,25721,0
2026-06-05T14:20:00+05:30,2201.4,2203.0,2201.0,2202.9,20875,0
2026-06-05T14:25:00+05:30,2202.7,2203.9,2202.3,2203.9,53834,0
2026-06-05T14:30:00+05:30,2203.9,2205.8,2203.1,2204.1,40055,0
2026-06-05T14:35:00+05:30,2204.0,2204.8,2200.9,2203.1,39418,0
2026-06-05T14:40:00+05:30,2203.0,2207.1,2202.1,2205.5,65100,0
2026-06-05T14:45:00+05:30,2205.5,2206.9,2202.1,2202.5,54080,0
2026-06-05T14:50:00+05:30,2202.9,2205.3,2202.5,2204.0,34147,0
2026-06-05T14:55:00+05:30,2204.1,2204.9,2202.7,2203.0,50885,0
2026-06-05T15:00:00+05:30,2202.8,2203.1,2200.0,2201.9,119966,0
2026-06-05T15:05:00+05:30,2201.6,2202.0,2200.0,2200.5,121715,0
2026-06-05T15:10:00+05:30,2200.5,2201.5,2200.0,2201.0,111714,0
2026-06-05T15:15:00+05:30,2201.2,2201.2,2200.0,2200.2,129821,0
2026-06-05T15:20:00+05:30,2200.2,2200.9,2195.2,2195.2,207183,0
2026-06-05T15:25:00+05:30,2195.5,2197.0,2192.0,2196.0,201958,0
2026-06-08T09:15:00+05:30,2170.0,2170.0,2155.0,2158.0,392011,0
2026-06-08T09:20:00+05:30,2157.9,2161.0,2147.0,2147.9,281569,0
2026-06-08T09:25:00+05:30,2147.9,2153.7,2144.1,2152.2,216922,0
2026-06-08T09:30:00+05:30,2152.2,2157.0,2151.6,2153.8,167459,0
2026-06-08T09:35:00+05:30,2153.8,2154.2,2150.0,2152.5,68870,0
2026-06-08T09:40:00+05:30,2152.6,2155.0,2149.0,2154.4,156869,0
2026-06-08T09:45:00+05:30,2154.4,2160.0,2153.5,2156.7,141307,0
2026-06-08T09:50:00+05:30,2156.7,2167.5,2153.2,2163.6,121548,0
2026-06-08T09:55:00+05:30,2163.6,2168.0,2163.0,2167.6,97314,0
2026-06-08T10:00:00+05:30,2168.0,2172.8,2164.6,2167.0,231706,0
2026-06-08T10:05:00+05:30,2167.7,2169.5,2163.0,2167.0,62929,0
2026-06-08T10:10:00+05:30,2167.0,2168.8,2162.4,2163.4,60056,0
2026-06-08T10:15:00+05:30,2163.4,2165.7,2160.0,2164.5,85972,0
2026-06-08T10:20:00+05:30,2164.5,2168.0,2163.1,2166.0,61110,0
2026-06-08T10:25:00+05:30,2166.0,2166.5,2161.9,2162.4,64230,0
2026-06-08T10:30:00+05:30,2163.0,2172.2,2162.3,2168.0,110552,0
2026-06-08T10:35:00+05:30,2168.0,2174.9,2167.0,2174.2,105795,0
2026-06-08T10:40:00+05:30,2174.0,2177.0,2168.1,2169.0,143819,0
2026-06-08T10:45:00+05:30,2169.0,2173.7,2167.3,2170.0,72303,0
2026-06-08T10:50:00+05:30,2170.0,2170.0,2167.4,2168.6,54568,0
2026-06-08T10:55:00+05:30,2168.6,2170.3,2163.1,2169.6,134869,0
2026-06-08T11:00:00+05:30,2169.6,2169.9,2167.2,2168.0,58314,0
2026-06-08T11:05:00+05:30,2168.0,2168.5,2167.0,2167.9,18500,0
2026-06-08T11:10:00+05:30,2167.9,2168.0,2163.6,2164.8,47373,0
2026-06-08T11:15:00+05:30,2164.8,2165.0,2160.5,2162.5,77534,0
2026-06-08T11:20:00+05:30,2163.6,2167.9,2162.4,2164.8,110632,0
2026-06-08T11:25:00+05:30,2164.8,2165.0,2161.3,2162.6,28098,0
2026-06-08T11:30:00+05:30,2162.6,2168.6,2161.0,2166.5,136966,0
2026-06-08T11:35:00+05:30,2166.5,2169.4,2165.2,2169.4,71996,0
2026-06-08T11:40:00+05:30,2169.4,2173.4,2166.2,2167.3,124425,0
2026-06-08T11:45:00+05:30,2167.3,2171.8,2166.2,2169.8,78670,0
2026-06-08T11:50:00+05:30,2169.8,2170.0,2165.6,2165.8,41710,0
2026-06-08T11:55:00+05:30,2165.8,2168.6,2162.9,2165.0,56333,0
2026-06-08T12:00:00+05:30,2164.8,2169.3,2163.9,2169.3,36290,0
2026-06-08T12:05:00+05:30,2169.3,2172.5,2168.1,2170.7,42426,0
2026-06-08T12:10:00+05:30,2170.7,2172.0,2169.4,2171.0,23700,0
2026-06-08T12:15:00+05:30,2171.0,2171.1,2168.9,2170.3,37111,0
2026-06-08T12:20:00+05:30,2170.3,2171.2,2169.5,2170.4,11579,0
2026-06-08T12:25:00+05:30,2170.4,2170.7,2164.0,2164.4,56310,0
2026-06-08T12:30:00+05:30,2164.4,2167.0,2163.4,2164.9,33934,0
2026-06-08T12:35:00+05:30,2164.9,2165.0,2162.5,2163.5,22378,0
2026-06-08T12:40:00+05:30,2163.7,2165.1,2162.6,2162.6,64610,0
2026-06-08T12:45:00+05:30,2163.0,2165.1,2162.7,2164.9,23362,0
2026-06-08T12:50:00+05:30,2164.9,2168.6,2163.4,2164.7,95939,0
2026-06-08T12:55:00+05:30,2164.7,2165.0,2161.2,2162.1,27412,0
2026-06-08T13:00:00+05:30,2162.1,2163.0,2158.1,2159.9,73119,0
2026-06-08T13:05:00+05:30,2159.9,2160.5,2157.1,2157.3,37054,0
2026-06-08T13:10:00+05:30,2157.3,2159.6,2155.9,2158.5,25487,0
2026-06-08T13:15:00+05:30,2158.5,2158.9,2154.4,2155.2,162940,0
2026-06-08T13:20:00+05:30,2155.2,2156.6,2153.9,2155.0,38678,0
2026-06-08T13:25:00+05:30,2155.0,2155.3,2153.4,2154.7,32568,0
2026-06-08T13:30:00+05:30,2154.7,2155.9,2153.0,2154.0,30603,0
2026-06-08T13:35:00+05:30,2154.0,2155.8,2152.5,2153.5,22341,0
2026-06-08T13:40:00+05:30,2153.5,2153.6,2146.6,2149.7,133211,0
2026-06-08T13:45:00+05:30,2149.7,2152.0,2146.2,2151.0,74183,0
2026-06-08T13:50:00+05:30,2151.0,2151.7,2148.2,2150.0,32074,0
2026-06-08T13:55:00+05:30,2150.0,2150.1,2148.6,2150.0,37620,0
2026-06-08T14:00:00+05:30,2150.0,2151.8,2149.1,2149.9,73193,0
2026-06-08T14:05:00+05:30,2149.9,2150.0,2148.1,2149.2,28944,0
2026-06-08T14:10:00+05:30,2149.2,2150.0,2148.0,2148.8,50816,0
2026-06-08T14:15:00+05:30,2148.8,2148.8,2144.7,2146.9,110668,0
2026-06-08T14:20:00+05:30,2146.9,2147.0,2144.0,2144.6,93604,0
2026-06-08T14:25:00+05:30,2144.6,2145.8,2143.6,2144.8,40000,0
2026-06-08T14:30:00+05:30,2144.8,2146.4,2144.3,2145.0,63905,0
2026-06-08T14:35:00+05:30,2145.0,2145.9,2144.1,2145.0,44703,0
2026-06-08T14:40:00+05:30,2145.0,2147.4,2143.3,2146.4,115799,0
2026-06-08T14:45:00+05:30,2146.4,2152.8,2144.9,2146.0,226232,0
2026-06-08T14:50:00+05:30,2146.1,2149.8,2145.0,2148.2,125227,0
2026-06-08T14:55:00+05:30,2148.2,2155.3,2145.0,2153.9,99838,0
2026-06-08T15:00:00+05:30,2153.8,2154.9,2148.7,2149.9,59505,0
2026-06-08T15:05:00+05:30,2149.9,2151.1,2146.0,2151.0,77418,0
2026-06-08T15:10:00+05:30,2151.0,2152.6,2150.1,2151.7,70422,0
2026-06-08T15:15:00+05:30,2151.7,2153.0,2150.0,2151.9,97624,0
2026-06-08T15:20:00+05:30,2151.9,2153.6,2150.0,2153.4,89084,0
2026-06-08T15:25:00+05:30,2152.1,2155.0,2149.4,2149.4,147030,0
2026-06-09T09:15:00+05:30,2174.0,2174.0,2154.0,2159.3,368356,0
2026-06-09T09:20:00+05:30,2159.0,2162.0,2155.6,2159.1,111957,0
2026-06-09T09:25:00+05:30,2159.1,2160.0,2152.0,2153.0,58028,0
2026-06-09T09:30:00+05:30,2152.4,2156.6,2151.4,2156.4,84028,0
2026-06-09T09:35:00+05:30,2156.0,2156.0,2148.0,2148.1,86303,0
2026-06-09T09:40:00+05:30,2148.5,2150.1,2145.0,2145.0,66534,0
2026-06-09T09:45:00+05:30,2145.8,2148.2,2144.0,2147.1,55868,0
2026-06-09T09:50:00+05:30,2147.1,2151.4,2147.1,2148.3,36945,0
2026-06-09T09:55:00+05:30,2148.3,2149.6,2146.9,2149.3,31979,0
2026-06-09T10:00:00+05:30,2149.3,2154.5,2149.1,2150.5,33404,0
2026-06-09T10:05:00+05:30,2150.5,2153.0,2148.5,2150.5,27785,0
2026-06-09T10:10:00+05:30,2150.5,2151.0,2146.9,2148.3,23878,0
2026-06-09T10:15:00+05:30,2148.3,2152.9,2146.6,2152.7,30700,0
2026-06-09T10:20:00+05:30,2152.7,2153.0,2150.1,2150.3,42671,0
2026-06-09T10:25:00+05:30,2150.2,2150.3,2146.0,2147.5,33152,0
2026-06-09T10:30:00+05:30,2147.5,2148.2,2146.0,2146.7,28928,0
2026-06-09T10:35:00+05:30,2146.4,2149.1,2146.4,2148.7,21886,0
2026-06-09T10:40:00+05:30,2148.8,2150.0,2147.0,2149.0,21689,0
2026-06-09T10:45:00+05:30,2149.5,2152.0,2148.2,2148.5,51724,0
2026-06-09T10:50:00+05:30,2148.6,2149.4,2146.9,2148.8,19205,0
2026-06-09T10:55:00+05:30,2148.8,2150.0,2148.0,2148.0,19849,0
2026-06-09T11:00:00+05:30,2148.1,2149.0,2146.0,2147.6,25246,0
2026-06-09T11:05:00+05:30,2147.6,2151.0,2147.0,2151.0,34931,0
2026-06-09T11:10:00+05:30,2151.0,2151.0,2149.0,2149.4,44194,0
2026-06-09T11:15:00+05:30,2149.4,2150.0,2149.0,2150.0,32301,0
2026-06-09T11:20:00+05:30,2149.9,2150.0,2146.2,2147.5,27633,0
2026-06-09T11:25:00+05:30,2147.0,2150.0,2146.5,2149.8,41369,0
2026-06-09T11:30:00+05:30,2149.8,2150.0,2149.3,2150.0,13670,0
2026-06-09T11:35:00+05:30,2150.0,2151.0,2149.9,2151.0,66112,0
2026-06-09T11:40:00+05:30,2151.0,2152.7,2147.3,2152.0,59586,0
2026-06-09T11:45:00+05:30,2152.5,2155.0,2152.0,2152.6,48866,0
2026-06-09T11:50:00+05:30,2152.6,2153.8,2151.5,2152.8,17193,0
2026-06-09T11:55:00+05:30,2152.7,2153.4,2152.1,2153.2,13714,0
2026-06-09T12:00:00+05:30,2153.2,2153.9,2152.3,2153.7,20470,0
2026-06-09T12:05:00+05:30,2153.7,2153.8,2151.0,2152.9,26035,0
2026-06-09T12:10:00+05:30,2153.0,2153.0,2148.2,2148.7,28217,0
2026-06-09T12:15:00+05:30,2148.7,2148.7,2148.1,2148.4,13672,0
2026-06-09T12:20:00+05:30,2148.4,2148.4,2146.0,2146.7,47865,0
2026-06-09T12:25:00+05:30,2146.7,2148.2,2146.4,2148.1,20197,0
2026-06-09T12:30:00+05:30,2148.1,2149.9,2147.3,2148.6,20522,0
2026-06-09T12:35:00+05:30,2148.6,2150.0,2147.3,2147.3,29312,0
2026-06-09T12:40:00+05:30,2147.3,2147.5,2139.0,2141.5,154288,0
2026-06-09T12:45:00+05:30,2141.5,2143.9,2139.7,2140.3,55969,0
2026-06-09T12:50:00+05:30,2140.7,2141.4,2138.0,2140.6,43375,0
2026-06-09T12:55:00+05:30,2140.9,2142.0,2140.0,2141.3,26747,0
2026-06-09T13:00:00+05:30,2141.3,2142.7,2140.5,2142.1,26561,0
2026-06-09T13:05:00+05:30,2142.1,2142.4,2140.0,2140.0,38328,0
2026-06-09T13:10:00+05:30,2140.0,2141.6,2139.3,2141.6,41770,0
2026-06-09T13:15:00+05:30,2141.6,2142.9,2140.0,2140.5,35967,0
2026-06-09T13:20:00+05:30,2140.5,2140.5,2138.5,2139.9,42497,0
2026-06-09T13:25:00+05:30,2140.0,2140.6,2139.5,2140.6,40584,0
2026-06-09T13:30:00+05:30,2140.6,2141.7,2139.5,2139.9,42738,0
2026-06-09T13:35:00+05:30,2139.9,2141.8,2139.5,2141.0,46069,0
2026-06-09T13:40:00+05:30,2141.0,2144.5,2140.6,2143.8,57093,0
2026-06-09T13:45:00+05:30,2143.8,2144.7,2142.0,2142.5,25682,0
2026-06-09T13:50:00+05:30,2142.5,2143.2,2139.9,2140.0,120983,0
2026-06-09T13:55:00+05:30,2140.0,2141.5,2136.1,2138.0,101590,0
2026-06-09T14:00:00+05:30,2138.0,2138.4,2133.8,2135.3,81188,0
2026-06-09T14:05:00+05:30,2135.6,2137.2,2133.6,2134.6,70527,0
2026-06-09T14:10:00+05:30,2134.6,2137.9,2132.8,2137.4,103409,0
2026-06-09T14:15:00+05:30,2137.4,2142.7,2137.3,2142.4,39805,0
2026-06-09T14:20:00+05:30,2142.4,2146.0,2142.1,2145.7,58124,0
2026-06-09T14:25:00+05:30,2145.8,2148.6,2145.1,2148.4,56255,0
2026-06-09T14:30:00+05:30,2148.4,2151.3,2148.3,2149.8,37460,0
2026-06-09T14:35:00+05:30,2149.8,2151.5,2148.2,2150.6,39971,0
2026-06-09T14:40:00+05:30,2150.5,2151.5,2148.0,2151.0,45079,0
2026-06-09T14:45:00+05:30,2151.0,2151.4,2149.2,2151.0,32267,0
2026-06-09T14:50:00+05:30,2151.3,2151.3,2149.0,2149.9,34853,0
2026-06-09T14:55:00+05:30,2149.9,2150.6,2147.5,2149.7,51033,0
2026-06-09T15:00:00+05:30,2149.8,2149.8,2146.0,2146.9,104880,0
2026-06-09T15:05:00+05:30,2146.9,2154.4,2146.7,2154.4,118410,0
2026-06-09T15:10:00+05:30,2154.2,2154.4,2151.3,2153.2,117830,0
2026-06-09T15:15:00+05:30,2153.2,2153.6,2151.5,2152.7,84962,0
2026-06-09T15:20:00+05:30,2152.6,2152.9,2150.2,2151.0,86223,0
2026-06-09T15:25:00+05:30,2150.9,2152.0,2148.1,2152.0,118501,0
2026-06-10T09:15:00+05:30,2151.3,2167.7,2145.9,2167.6,279274,0
2026-06-10T09:20:00+05:30,2167.4,2169.7,2160.5,2165.2,98592,0
2026-06-10T09:25:00+05:30,2165.1,2168.0,2162.7,2164.6,52365,0
2026-06-10T09:30:00+05:30,2164.8,2169.9,2161.1,2168.0,51320,0
2026-06-10T09:35:00+05:30,2168.0,2170.0,2166.7,2166.7,30569,0
2026-06-10T09:40:00+05:30,2167.5,2172.0,2165.3,2171.0,47329,0
2026-06-10T09:45:00+05:30,2171.0,2176.9,2170.0,2174.0,62865,0
2026-06-10T09:50:00+05:30,2174.0,2180.8,2172.0,2177.2,77377,0
2026-06-10T09:55:00+05:30,2178.1,2180.4,2173.7,2175.4,56722,0
2026-06-10T10:00:00+05:30,2175.1,2177.6,2171.8,2174.0,47293,0
2026-06-10T10:05:00+05:30,2174.2,2175.0,2172.0,2172.5,21223,0
2026-06-10T10:10:00+05:30,2172.4,2173.3,2166.1,2167.5,57761,0
2026-06-10T10:15:00+05:30,2167.5,2169.2,2165.0,2169.0,26771,0
2026-06-10T10:20:00+05:30,2169.0,2169.7,2163.6,2165.0,32578,0
2026-06-10T10:25:00+05:30,2165.0,2166.8,2164.0,2166.1,19679,0
2026-06-10T10:30:00+05:30,2166.0,2166.2,2162.1,2166.0,33196,0
2026-06-10T10:35:00+05:30,2166.0,2169.0,2163.1,2163.3,26481,0
2026-06-10T10:40:00+05:30,2163.9,2164.9,2163.0,2164.5,17275,0
2026-06-10T10:45:00+05:30,2164.5,2165.1,2163.0,2164.4,14186,0
2026-06-10T10:50:00+05:30,2164.4,2166.0,2163.1,2164.9,24815,0
2026-06-10T10:55:00+05:30,2164.9,2168.3,2161.0,2166.9,64717,0
2026-06-10T11:00:00+05:30,2166.8,2167.8,2163.7,2165.0,13070,0
2026-06-10T11:05:00+05:30,2165.0,2167.8,2164.8,2167.7,11460,0
2026-06-10T11:10:00+05:30,2167.8,2167.8,2164.5,2165.0,13697,0
2026-06-10T11:15:00+05:30,2165.0,2169.8,2164.8,2166.0,42777,0
2026-06-10T11:20:00+05:30,2166.1,2166.2,2163.6,2165.7,11351,0
2026-06-10T11:25:00+05:30,2165.7,2169.0,2165.1,2169.0,19002,0
2026-06-10T11:30:00+05:30,2168.9,2169.5,2166.5,2167.6,16063,0
2026-06-10T11:35:00+05:30,2167.7,2168.8,2166.3,2167.6,16593,0
2026-06-10T11:40:00+05:30,2167.2,2168.5,2166.3,2166.7,15749,0
2026-06-10T11:45:00+05:30,2166.7,2166.9,2162.5,2164.6,39439,0
2026-06-10T11:50:00+05:30,2164.6,2166.0,2164.0,2165.8,13411,0
2026-06-10T11:55:00+05:30,2165.7,2169.0,2164.5,2168.8,17976,0
2026-06-10T12:00:00+05:30,2168.5,2168.8,2166.5,2167.3,25871,0
2026-06-10T12:05:00+05:30,2167.3,2168.9,2165.7,2167.9,14390,0
2026-06-10T12:10:00+05:30,2167.8,2172.3,2167.3,2171.4,30122,0
2026-06-10T12:15:00+05:30,2171.5,2171.9,2168.0,2169.3,15173,0
2026-06-10T12:20:00+05:30,2169.3,2170.6,2162.8,2163.1,46256,0
2026-06-10T12:25:00+05:30,2163.0,2163.5,2158.7,2162.1,56526,0
2026-06-10T12:30:00+05:30,2162.2,2163.1,2160.8,2162.2,16948,0
2026-06-10T12:35:00+05:30,2161.9,2165.2,2161.0,2163.6,67608,0
2026-06-10T12:40:00+05:30,2163.0,2163.8,2158.5,2159.6,30120,0
2026-06-10T12:45:00+05:30,2159.7,2163.6,2158.4,2163.2,28781,0
2026-06-10T12:50:00+05:30,2163.4,2168.0,2162.6,2166.4,23148,0
2026-06-10T12:55:00+05:30,2166.6,2166.8,2162.9,2165.3,16019,0
2026-06-10T13:00:00+05:30,2165.6,2167.3,2164.1,2165.7,22200,0
2026-06-10T13:05:00+05:30,2166.0,2167.0,2164.0,2165.1,11276,0
2026-06-10T13:10:00+05:30,2165.2,2165.3,2161.0,2162.4,18597,0
2026-06-10T13:15:00+05:30,2162.8,2164.6,2162.0,2162.1,29709,0
2026-06-10T13:20:00+05:30,2162.5,2162.5,2160.5,2161.1,16430,0
2026-06-10T13:25:00+05:30,2161.4,2166.0,2160.0,2165.2,31103,0
2026-06-10T13:30:00+05:30,2165.5,2167.3,2164.8,2165.7,16476,0
2026-06-10T13:35:00+05:30,2165.4,2166.6,2164.0,2164.2,19334,0
2026-06-10T13:40:00+05:30,2164.2,2164.9,2162.1,2164.0,19244,0
2026-06-10T13:45:00+05:30,2164.0,2164.7,2162.7,2163.6,17165,0
2026-06-10T13:50:00+05:30,2163.6,2164.4,2161.8,2162.6,12959,0
2026-06-10T13:55:00+05:30,2162.6,2164.5,2162.0,2163.5,18011,0
2026-06-10T14:00:00+05:30,2164.0,2165.5,2162.9,2165.5,13631,0
2026-06-10T14:05:00+05:30,2165.5,2165.5,2162.1,2162.9,14302,0
2026-06-10T14:10:00+05:30,2163.0,2164.5,2162.2,2164.0,17415,0
2026-06-10T14:15:00+05:30,2164.0,2164.1,2163.0,2163.2,14580,0
2026-06-10T14:20:00+05:30,2163.2,2165.0,2162.1,2164.2,21314,0
2026-06-10T14:25:00+05:30,2164.5,2164.9,2160.5,2161.9,21325,0
2026-06-10T14:30:00+05:30,2161.9,2161.9,2155.4,2159.2,66322,0
2026-06-10T14:35:00+05:30,2159.5,2162.1,2159.0,2160.4,33604,0
2026-06-10T14:40:00+05:30,2160.4,2161.8,2154.0,2155.4,59963,0
2026-06-10T14:45:00+05:30,2155.7,2155.7,2150.2,2152.1,66721,0
2026-06-10T14:50:00+05:30,2152.3,2153.6,2150.6,2153.6,31349,0
2026-06-10T14:55:00+05:30,2153.6,2154.8,2151.6,2152.6,34817,0
2026-06-10T15:00:00+05:30,2153.2,2155.0,2151.0,2154.1,49596,0
2026-06-10T15:05:00+05:30,2154.3,2158.0,2153.5,2155.5,78992,0
2026-06-10T15:10:00+05:30,2155.5,2156.4,2153.0,2153.5,62732,0
2026-06-10T15:15:00+05:30,2153.4,2155.7,2152.7,2155.0,76020,0
2026-06-10T15:20:00+05:30,2154.9,2155.9,2152.2,2153.0,93287,0
2026-06-10T15:25:00+05:30,2153.0,2155.0,2144.8,2151.8,98615,0
2026-06-11T09:15:00+05:30,2127.0,2143.0,2120.0,2123.9,153239,0
2026-06-11T09:20:00+05:30,2123.4,2127.7,2121.0,2124.4,70258,0
2026-06-11T09:25:00+05:30,2124.4,2124.9,2117.2,2123.2,91242,0
2026-06-11T09:30:00+05:30,2123.2,2123.5,2114.9,2117.1,88644,0
2026-06-11T09:35:00+05:30,2117.1,2125.0,2113.4,2122.0,73680,0
2026-06-11T09:40:00+05:30,2122.0,2125.0,2118.0,2118.5,44108,0
2026-06-11T09:45:00+05:30,2118.4,2124.5,2118.1,2123.7,43203,0
2026-06-11T09:50:00+05:30,2123.7,2123.8,2115.5,2117.2,58936,0
2026-06-11T09:55:00+05:30,2117.8,2118.5,2110.0,2110.0,94162,0
2026-06-11T10:00:00+05:30,2110.4,2115.8,2110.0,2112.0,73886,0
2026-06-11T10:05:00+05:30,2112.5,2119.6,2112.0,2118.7,36393,0
2026-06-11T10:10:00+05:30,2118.7,2122.0,2117.5,2118.0,35032,0
2026-06-11T10:15:00+05:30,2118.0,2120.6,2116.0,2120.6,19315,0
2026-06-11T10:20:00+05:30,2120.6,2123.5,2117.8,2119.1,52118,0
2026-06-11T10:25:00+05:30,2119.1,2129.0,2118.2,2125.8,62411,0
2026-06-11T10:30:00+05:30,2125.8,2147.8,2125.3,2136.8,217567,0
2026-06-11T10:35:00+05:30,2136.7,2138.8,2134.0,2136.2,49909,0
2026-06-11T10:40:00+05:30,2136.2,2138.7,2135.0,2135.9,28264,0
2026-06-11T10:45:00+05:30,2135.7,2137.0,2132.1,2134.0,27738,0
2026-06-11T10:50:00+05:30,2133.0,2136.7,2131.3,2136.4,26367,0
2026-06-11T10:55:00+05:30,2136.4,2140.5,2135.1,2139.6,38883,0
2026-06-11T11:00:00+05:30,2140.2,2143.0,2138.0,2140.6,23681,0
2026-06-11T11:05:00+05:30,2141.2,2144.9,2140.5,2142.6,34088,0
2026-06-11T11:10:00+05:30,2142.6,2144.5,2140.0,2142.0,23966,0
2026-06-11T11:15:00+05:30,2142.5,2148.5,2141.1,2147.6,45255,0
2026-06-11T11:20:00+05:30,2148.0,2154.6,2140.7,2143.2,98309,0
2026-06-11T11:25:00+05:30,2143.9,2144.3,2137.3,2140.6,41407,0
2026-06-11T11:30:00+05:30,2140.0,2141.5,2136.3,2141.5,33677,0
2026-06-11T11:35:00+05:30,2141.4,2145.7,2137.4,2138.0,36717,0
2026-06-11T11:40:00+05:30,2138.0,2139.4,2133.8,2136.9,26864,0
2026-06-11T11:45:00+05:30,2136.9,2140.9,2136.2,2138.5,21476,0
2026-06-11T11:50:00+05:30,2138.4,2140.4,2137.7,2138.2,15592,0
2026-06-11T11:55:00+05:30,2138.1,2144.0,2138.0,2141.5,19005,0
2026-06-11T12:00:00+05:30,2142.0,2143.7,2140.7,2142.5,12779,0
2026-06-11T12:05:00+05:30,2143.0,2144.6,2140.4,2142.6,21506,0
2026-06-11T12:10:00+05:30,2142.5,2143.0,2138.6,2140.3,16323,0
2026-06-11T12:15:00+05:30,2140.3,2143.1,2139.1,2139.9,9636,0
2026-06-11T12:20:00+05:30,2140.0,2141.5,2138.5,2139.0,9517,0
2026-06-11T12:25:00+05:30,2139.0,2140.4,2137.0,2138.6,15799,0
2026-06-11T12:30:00+05:30,2138.8,2142.0,2138.8,2141.0,9832,0
2026-06-11T12:35:00+05:30,2140.3,2143.8,2137.7,2140.7,33396,0
2026-06-11T12:40:00+05:30,2140.7,2140.9,2135.0,2136.0,27747,0
2026-06-11T12:45:00+05:30,2136.0,2136.8,2131.1,2131.9,25931,0
2026-06-11T12:50:00+05:30,2132.7,2135.8,2131.5,2134.2,17338,0
2026-06-11T12:55:00+05:30,2134.2,2138.4,2133.1,2138.0,14981,0
2026-06-11T13:00:00+05:30,2138.0,2139.2,2135.1,2136.0,12834,0
2026-06-11T13:05:00+05:30,2135.9,2137.1,2135.4,2136.0,9814,0
2026-06-11T13:10:00+05:30,2135.6,2137.0,2135.0,2136.8,14485,0
2026-06-11T13:15:00+05:30,2136.8,2140.0,2135.7,2136.0,25854,0
2026-06-11T13:20:00+05:30,2136.0,2138.2,2132.2,2135.7,25554,0
2026-06-11T13:25:00+05:30,2135.7,2135.7,2132.2,2134.1,21373,0
2026-06-11T13:30:00+05:30,2135.0,2136.9,2133.7,2134.5,13505,0
2026-06-11T13:35:00+05:30,2134.5,2134.7,2132.3,2133.0,12278,0
2026-06-11T13:40:00+05:30,2133.6,2134.9,2130.3,2131.8,22902,0
2026-06-11T13:45:00+05:30,2132.2,2134.6,2131.0,2133.6,13411,0
2026-06-11T13:50:00+05:30,2133.6,2133.6,2131.2,2133.0,11061,0
2026-06-11T13:55:00+05:30,2133.0,2134.1,2131.3,2132.9,9061,0
2026-06-11T14:00:00+05:30,2132.9,2134.5,2132.1,2134.3,17315,0
2026-06-11T14:05:00+05:30,2134.3,2134.5,2131.0,2131.6,11360,0
2026-06-11T14:10:00+05:30,2131.6,2134.8,2131.6,2133.7,13003,0
2026-06-11T14:15:00+05:30,2133.8,2135.3,2133.0,2135.1,13495,0
2026-06-11T14:20:00+05:30,2135.1,2137.6,2134.2,2136.5,21527,0
2026-06-11T14:25:00+05:30,2136.5,2141.5,2135.7,2138.1,28493,0
2026-06-11T14:30:00+05:30,2138.1,2141.0,2137.5,2140.7,17368,0
2026-06-11T14:35:00+05:30,2140.7,2142.0,2136.2,2138.0,44524,0
2026-06-11T14:40:00+05:30,2138.0,2138.0,2133.0,2134.1,35084,0
2026-06-11T14:45:00+05:30,2134.5,2137.5,2131.7,2133.6,21324,0
2026-06-11T14:50:00+05:30,2133.6,2135.0,2132.0,2134.3,13375,0
2026-06-11T14:55:00+05:30,2134.3,2134.3,2131.5,2133.0,20803,0
2026-06-11T15:00:00+05:30,2133.0,2135.9,2130.2,2132.2,101132,0
2026-06-11T15:05:00+05:30,2132.3,2134.4,2131.7,2133.6,83131,0
2026-06-11T15:10:00+05:30,2133.7,2138.0,2133.3,2136.5,98399,0
2026-06-11T15:15:00+05:30,2136.5,2140.0,2135.0,2139.0,90474,0
2026-06-11T15:20:00+05:30,2139.1,2140.6,2136.4,2137.9,97746,0
2026-06-11T15:25:00+05:30,2137.9,2139.0,2130.0,2136.7,99466,0
2026-06-12T09:15:00+05:30,2150.0,2154.1,2138.0,2143.2,189860,0
2026-06-12T09:20:00+05:30,2143.2,2145.2,2139.1,2143.0,57872,0
2026-06-12T09:25:00+05:30,2143.5,2145.9,2141.0,2141.9,38259,0
2026-06-12T09:30:00+05:30,2141.9,2150.0,2138.2,2148.6,62121,0
2026-06-12T09:35:00+05:30,2148.6,2149.0,2144.0,2145.8,46101,0
2026-06-12T09:40:00+05:30,2146.2,2147.5,2143.3,2145.0,22924,0
2026-06-12T09:45:00+05:30,2144.8,2144.8,2141.2,2142.7,27933,0
2026-06-12T09:50:00+05:30,2143.0,2143.6,2140.5,2141.0,19960,0
2026-06-12T09:55:00+05:30,2141.2,2144.0,2140.5,2143.1,21659,0
2026-06-12T10:00:00+05:30,2143.8,2146.0,2142.5,2144.4,18844,0
2026-06-12T10:05:00+05:30,2144.2,2145.0,2142.5,2142.9,13935,0
2026-06-12T10:10:00+05:30,2143.7,2148.9,2142.9,2148.0,22079,0
2026-06-12T10:15:00+05:30,2148.0,2149.8,2145.0,2147.5,20949,0
2026-06-12T10:20:00+05:30,2147.8,2150.0,2147.0,2149.5,28594,0
2026-06-12T10:25:00+05:30,2149.5,2150.8,2146.0,2148.4,25809,0
2026-06-12T10:30:00+05:30,2148.3,2148.5,2146.6,2147.5,8994,0
2026-06-12T10:35:00+05:30,2147.6,2150.0,2146.9,2149.6,12858,0
2026-06-12T10:40:00+05:30,2149.6,2152.0,2148.1,2152.0,39834,0
2026-06-12T10:45:00+05:30,2152.0,2152.5,2150.7,2152.0,20672,0
2026-06-12T10:50:00+05:30,2152.0,2152.9,2150.1,2152.0,13928,0
2026-06-12T10:55:00+05:30,2152.0,2154.6,2151.4,2154.0,23382,0
2026-06-12T11:00:00+05:30,2154.0,2155.6,2153.3,2155.6,14411,0
2026-06-12T11:05:00+05:30,2155.8,2168.0,2155.2,2164.2,75586,0
2026-06-12T11:10:00+05:30,2164.9,2166.1,2162.2,2163.5,28456,0
2026-06-12T11:15:00+05:30,2163.0,2165.0,2162.3,2163.0,13820,0
2026-06-12T11:20:00+05:30,2163.5,2163.5,2160.0,2161.8,29374,0
2026-06-12T11:25:00+05:30,2161.8,2162.6,2157.4,2158.3,12982,0
2026-06-12T11:30:00+05:30,2158.3,2160.8,2158.0,2159.2,11267,0
2026-06-12T11:35:00+05:30,2159.3,2159.9,2158.0,2159.3,11768,0
2026-06-12T11:40:00+05:30,2159.3,2160.7,2158.1,2158.8,11075,0
2026-06-12T11:45:00+05:30,2158.6,2163.0,2158.0,2162.6,19423,0
2026-06-12T11:50:00+05:30,2162.7,2162.9,2160.4,2162.8,9075,0
2026-06-12T11:55:00+05:30,2162.8,2164.0,2161.5,2161.5,17678,0
2026-06-12T12:00:00+05:30,2162.7,2162.8,2160.4,2162.4,14960,0
2026-06-12T12:05:00+05:30,2162.8,2163.1,2160.6,2160.8,11920,0
2026-06-12T12:10:00+05:30,2160.8,2160.9,2155.2,2156.4,28848,0
2026-06-12T12:15:00+05:30,2156.4,2159.1,2155.3,2156.8,17426,0
2026-06-12T12:20:00+05:30,2156.8,2159.2,2156.5,2157.7,12208,0
2026-06-12T12:25:00+05:30,2157.7,2159.0,2157.4,2158.0,5850,0
2026-06-12T12:30:00+05:30,2157.9,2158.0,2155.0,2155.6,12058,0
2026-06-12T12:35:00+05:30,2156.0,2159.0,2152.7,2157.0,24701,0
2026-06-12T12:40:00+05:30,2157.4,2158.4,2153.2,2153.5,12694,0
2026-06-12T12:45:00+05:30,2153.9,2154.5,2151.0,2153.0,21695,0
2026-06-12T12:50:00+05:30,2153.0,2153.8,2149.0,2149.5,37742,0
2026-06-12T12:55:00+05:30,2149.5,2151.0,2148.0,2149.1,19643,0
2026-06-12T13:00:00+05:30,2149.1,2150.0,2148.2,2149.8,10545,0
2026-06-12T13:05:00+05:30,2149.8,2150.0,2146.1,2148.9,30668,0
2026-06-12T13:10:00+05:30,2148.9,2150.1,2147.0,2149.0,25799,0
2026-06-12T13:15:00+05:30,2149.2,2150.5,2147.3,2148.2,18171,0
2026-06-12T13:20:00+05:30,2148.9,2150.3,2147.4,2148.3,18242,0
2026-06-12T13:25:00+05:30,2148.2,2155.0,2146.5,2150.9,42079,0
2026-06-12T13:30:00+05:30,2151.0,2154.0,2150.0,2150.0,22881,0
2026-06-12T13:35:00+05:30,2150.0,2155.0,2150.0,2154.4,22927,0
2026-06-12T13:40:00+05:30,2154.5,2156.6,2152.7,2155.1,39167,0
2026-06-12T13:45:00+05:30,2155.1,2158.4,2154.4,2157.0,29163,0
2026-06-12T13:50:00+05:30,2157.0,2157.7,2154.2,2156.4,19903,0
2026-06-12T13:55:00+05:30,2156.3,2157.0,2153.9,2155.0,18834,0
2026-06-12T14:00:00+05:30,2155.7,2156.6,2155.0,2155.0,14174,0
2026-06-12T14:05:00+05:30,2155.4,2156.0,2152.6,2155.0,16172,0
2026-06-12T14:10:00+05:30,2155.0,2156.0,2153.8,2154.8,15644,0
2026-06-12T14:15:00+05:30,2154.8,2155.0,2152.7,2154.4,17173,0
2026-06-12T14:20:00+05:30,2154.4,2154.6,2152.0,2152.5,15134,0
2026-06-12T14:25:00+05:30,2152.4,2153.4,2149.7,2152.1,36775,0
2026-06-12T14:30:00+05:30,2152.5,2154.3,2151.5,2153.3,18896,0
2026-06-12T14:35:00+05:30,2153.4,2155.0,2151.9,2155.0,20802,0
2026-06-12T14:40:00+05:30,2155.0,2156.1,2153.0,2154.9,31914,0
2026-06-12T14:45:00+05:30,2155.0,2155.0,2153.1,2154.4,17422,0
2026-06-12T14:50:00+05:30,2154.4,2155.0,2153.0,2154.7,19057,0
2026-06-12T14:55:00+05:30,2154.6,2158.5,2154.0,2156.6,36113,0
2026-06-12T15:00:00+05:30,2156.2,2164.9,2154.0,2163.4,78547,0
2026-06-12T15:05:00+05:30,2163.4,2166.2,2161.3,2162.8,54164,0
2026-06-12T15:10:00+05:30,2162.8,2163.7,2161.3,2161.9,54330,0
2026-06-12T15:15:00+05:30,2161.9,2162.9,2161.3,2161.6,37503,0
2026-06-12T15:20:00+05:30,2161.6,2162.6,2160.9,2161.3,51950,0
2026-06-12T15:25:00+05:30,2161.4,2162.3,2159.0,2161.1,64824,0
2026-06-15T09:15:00+05:30,2192.0,2192.0,2170.4,2172.9,165419,0
2026-06-15T09:20:00+05:30,2172.7,2177.1,2171.6,2175.0,46644,0
2026-06-15T09:25:00+05:30,2175.7,2175.7,2166.6,2173.3,96006,0
2026-06-15T09:30:00+05:30,2173.3,2174.1,2167.1,2169.0,58514,0
2026-06-15T09:35:00+05:30,2169.0,2169.1,2165.0,2167.2,45094,0
2026-06-15T09:40:00+05:30,2167.5,2174.0,2166.1,2173.4,43418,0
2026-06-15T09:45:00+05:30,2173.3,2175.0,2170.0,2170.8,30170,0
2026-06-15T09:50:00+05:30,2170.8,2172.0,2169.0,2170.3,29578,0
2026-06-15T09:55:00+05:30,2171.0,2172.0,2166.1,2168.0,23717,0
2026-06-15T10:00:00+05:30,2168.0,2170.4,2167.8,2169.0,16995,0
2026-06-15T10:05:00+05:30,2169.0,2172.8,2166.0,2167.7,27665,0
2026-06-15T10:10:00+05:30,2167.7,2168.5,2165.1,2165.9,20647,0
2026-06-15T10:15:00+05:30,2165.9,2168.6,2163.0,2168.4,33669,0
2026-06-15T10:20:00+05:30,2168.4,2170.3,2167.3,2170.0,26715,0
2026-06-15T10:25:00+05:30,2170.0,2171.8,2168.1,2171.1,17348,0
2026-06-15T10:30:00+05:30,2171.1,2172.5,2168.6,2172.4,23220,0
2026-06-15T10:35:00+05:30,2172.4,2172.9,2169.0,2170.7,12967,0
2026-06-15T10:40:00+05:30,2170.7,2171.9,2168.5,2170.7,24669,0
2026-06-15T10:45:00+05:30,2171.4,2171.9,2170.1,2171.4,15101,0
2026-06-15T10:50:00+05:30,2171.4,2174.5,2170.0,2174.1,35708,0
2026-06-15T10:55:00+05:30,2174.5,2186.8,2173.2,2183.9,161358,0
2026-06-15T11:00:00+05:30,2183.8,2184.0,2173.6,2176.7,56792,0
2026-06-15T11:05:00+05:30,2176.7,2183.4,2175.4,2182.0,50930,0
2026-06-15T11:10:00+05:30,2182.1,2185.0,2179.3,2181.7,80985,0
2026-06-15T11:15:00+05:30,2181.6,2181.8,2178.1,2179.5,53940,0
2026-06-15T11:20:00+05:30,2179.5,2182.6,2178.0,2179.4,36333,0
2026-06-15T11:25:00+05:30,2179.4,2181.1,2176.4,2177.5,92994,0
2026-06-15T11:30:00+05:30,2177.6,2178.8,2175.0,2175.2,31411,0
2026-06-15T11:35:00+05:30,2175.3,2177.0,2173.0,2175.0,38494,0
2026-06-15T11:40:00+05:30,2175.1,2176.3,2171.2,2171.6,43700,0
2026-06-15T11:45:00+05:30,2171.9,2174.2,2169.8,2173.3,68763,0
2026-06-15T11:50:00+05:30,2173.7,2174.4,2172.0,2173.7,19237,0
2026-06-15T11:55:00+05:30,2173.7,2174.4,2173.0,2173.8,20834,0
2026-06-15T12:00:00+05:30,2173.8,2175.5,2173.0,2173.1,21827,0
2026-06-15T12:05:00+05:30,2173.9,2175.0,2171.0,2171.4,21383,0
2026-06-15T12:10:00+05:30,2171.1,2174.0,2170.1,2171.5,41928,0
2026-06-15T12:15:00+05:30,2172.1,2173.0,2167.0,2169.3,27126,0
2026-06-15T12:20:00+05:30,2169.3,2169.8,2168.3,2169.1,18317,0
2026-06-15T12:25:00+05:30,2169.1,2170.0,2168.0,2169.0,18597,0
2026-06-15T12:30:00+05:30,2169.0,2172.0,2167.6,2171.6,22674,0
2026-06-15T12:35:00+05:30,2172.9,2173.4,2170.5,2171.9,16080,0
2026-06-15T12:40:00+05:30,2172.1,2174.8,2171.9,2173.7,17851,0
2026-06-15T12:45:00+05:30,2174.3,2174.9,2173.0,2173.9,18450,0
2026-06-15T12:50:00+05:30,2173.9,2174.5,2172.4,2174.4,14968,0
2026-06-15T12:55:00+05:30,2174.5,2175.9,2173.0,2173.4,19610,0
2026-06-15T13:00:00+05:30,2173.4,2173.8,2172.2,2172.8,20631,0
2026-06-15T13:05:00+05:30,2173.0,2173.9,2172.3,2173.8,13230,0
2026-06-15T13:10:00+05:30,2173.9,2176.6,2172.8,2173.1,27289,0
2026-06-15T13:15:00+05:30,2173.4,2173.8,2172.5,2172.9,13039,0
2026-06-15T13:20:00+05:30,2172.9,2175.7,2172.8,2173.3,21787,0
2026-06-15T13:25:00+05:30,2173.9,2174.9,2172.9,2173.7,17029,0
2026-06-15T13:30:00+05:30,2173.7,2173.7,2172.0,2172.1,11722,0
2026-06-15T13:35:00+05:30,2172.2,2173.9,2171.0,2171.2,12342,0
2026-06-15T13:40:00+05:30,2171.2,2171.9,2169.1,2169.8,31764,0
2026-06-15T13:45:00+05:30,2169.8,2171.2,2167.2,2169.0,69677,0
2026-06-15T13:50:00+05:30,2169.0,2169.1,2165.0,2168.0,42525,0
2026-06-15T13:55:00+05:30,2167.9,2170.8,2167.0,2169.6,16673,0
2026-06-15T14:00:00+05:30,2169.6,2171.1,2169.6,2170.8,12319,0
2026-06-15T14:05:00+05:30,2170.8,2171.8,2168.6,2168.8,18814,0
2026-06-15T14:10:00+05:30,2168.8,2170.0,2168.0,2168.4,31427,0
2026-06-15T14:15:00+05:30,2168.4,2168.9,2168.0,2168.4,16972,0
2026-06-15T14:20:00+05:30,2168.5,2171.2,2167.0,2168.9,65894,0
2026-06-15T14:25:00+05:30,2168.9,2169.3,2165.0,2166.2,117333,0
2026-06-15T14:30:00+05:30,2166.2,2168.4,2165.4,2166.9,40705,0
2026-06-15T14:35:00+05:30,2166.9,2169.0,2165.5,2166.0,62187,0
2026-06-15T14:40:00+05:30,2166.3,2166.8,2164.5,2164.9,51207,0
2026-06-15T14:45:00+05:30,2164.9,2165.2,2161.7,2164.3,77657,0
2026-06-15T14:50:00+05:30,2164.2,2164.9,2161.4,2164.2,32138,0
2026-06-15T14:55:00+05:30,2164.2,2164.7,2161.4,2161.4,44060,0
2026-06-15T15:00:00+05:30,2161.8,2163.8,2160.0,2162.8,119008,0
2026-06-15T15:05:00+05:30,2163.3,2163.8,2160.5,2160.7,76883,0
2026-06-15T15:10:00+05:30,2161.3,2162.0,2159.3,2161.4,106570,0
2026-06-15T15:15:00+05:30,2161.4,2163.2,2160.8,2162.6,125784,0
2026-06-15T15:20:00+05:30,2162.9,2163.9,2161.6,2161.8,110605,0
2026-06-15T15:25:00+05:30,2162.0,2163.7,2160.9,2162.6,106027,0
2026-06-16T09:15:00+05:30,2167.0,2179.9,2160.6,2179.3,236254,0
2026-06-16T09:20:00+05:30,2179.5,2184.4,2175.0,2178.8,111660,0
2026-06-16T09:25:00+05:30,2179.1,2184.0,2177.4,2183.4,68058,0
2026-06-16T09:30:00+05:30,2183.4,2190.9,2183.0,2187.9,134512,0
2026-06-16T09:35:00+05:30,2187.9,2198.0,2183.0,2195.5,164918,0
2026-06-16T09:40:00+05:30,2195.5,2196.8,2190.7,2191.3,87129,0
2026-06-16T09:45:00+05:30,2192.3,2192.4,2185.1,2187.9,84983,0
2026-06-16T09:50:00+05:30,2187.0,2188.5,2186.0,2187.7,40013,0
2026-06-16T09:55:00+05:30,2187.5,2195.8,2186.3,2195.7,85471,0
2026-06-16T10:00:00+05:30,2195.8,2199.9,2194.0,2195.5,74451,0
2026-06-16T10:05:00+05:30,2195.3,2197.9,2192.9,2195.9,40708,0
2026-06-16T10:10:00+05:30,2195.9,2196.2,2194.0,2195.5,17307,0
2026-06-16T10:15:00+05:30,2195.5,2203.6,2194.1,2202.9,80308,0
2026-06-16T10:20:00+05:30,2202.9,2209.0,2201.4,2205.8,90985,0
2026-06-16T10:25:00+05:30,2205.8,2207.4,2200.0,2201.1,55035,0
2026-06-16T10:30:00+05:30,2201.1,2205.8,2194.0,2194.4,60089,0
2026-06-16T10:35:00+05:30,2194.9,2197.9,2191.5,2193.5,50195,0
2026-06-16T10:40:00+05:30,2193.4,2195.0,2190.1,2192.0,50322,0
2026-06-16T10:45:00+05:30,2192.0,2192.9,2190.5,2191.0,33241,0
2026-06-16T10:50:00+05:30,2191.1,2192.2,2188.5,2190.5,34812,0
2026-06-16T10:55:00+05:30,2190.5,2192.0,2188.6,2189.8,20455,0
2026-06-16T11:00:00+05:30,2189.5,2191.5,2189.0,2189.0,20906,0
2026-06-16T11:05:00+05:30,2189.5,2190.8,2188.4,2188.9,19416,0
2026-06-16T11:10:00+05:30,2188.7,2188.9,2183.5,2184.0,50278,0
2026-06-16T11:15:00+05:30,2184.4,2186.9,2183.6,2185.0,28443,0
2026-06-16T11:20:00+05:30,2185.0,2186.8,2184.0,2186.8,14649,0
2026-06-16T11:25:00+05:30,2186.3,2187.4,2184.1,2184.9,19608,0
2026-06-16T11:30:00+05:30,2184.8,2185.9,2183.5,2184.0,17800,0
2026-06-16T11:35:00+05:30,2184.4,2184.4,2182.0,2182.7,21063,0
2026-06-16T11:40:00+05:30,2182.8,2185.3,2182.0,2182.0,22813,0
2026-06-16T11:45:00+05:30,2182.0,2182.0,2180.1,2181.9,22361,0
2026-06-16T11:50:00+05:30,2181.9,2187.4,2180.5,2181.3,37608,0
2026-06-16T11:55:00+05:30,2181.1,2181.9,2179.0,2181.4,23178,0
2026-06-16T12:00:00+05:30,2181.3,2182.1,2179.0,2180.3,15245,0
2026-06-16T12:05:00+05:30,2180.5,2182.8,2179.0,2182.7,14599,0
2026-06-16T12:10:00+05:30,2182.7,2184.6,2182.0,2182.6,11687,0
2026-06-16T12:15:00+05:30,2182.8,2184.1,2182.0,2182.0,14042,0
2026-06-16T12:20:00+05:30,2182.2,2184.0,2182.0,2183.6,11059,0
2026-06-16T12:25:00+05:30,2183.6,2184.8,2182.8,2183.6,8128,0
2026-06-16T12:30:00+05:30,2183.9,2186.8,2182.6,2185.1,15350,0
2026-06-16T12:35:00+05:30,2185.3,2188.0,2185.0,2186.3,20843,0
2026-06-16T12:40:00+05:30,2186.6,2186.7,2182.8,2185.7,18260,0
2026-06-16T12:45:00+05:30,2184.9,2187.0,2184.2,2186.0,9865,0
2026-06-16T12:50:00+05:30,2186.1,2188.4,2185.0,2186.5,22359,0
2026-06-16T12:55:00+05:30,2186.5,2187.7,2185.0,2187.6,12253,0
2026-06-16T13:00:00+05:30,2187.7,2188.0,2185.8,2187.4,17875,0
2026-06-16T13:05:00+05:30,2187.2,2188.6,2185.3,2188.4,14832,0
2026-06-16T13:10:00+05:30,2188.6,2189.6,2187.0,2187.9,15792,0
2026-06-16T13:15:00+05:30,2187.9,2188.7,2186.3,2187.6,9298,0
2026-06-16T13:20:00+05:30,2187.4,2188.9,2187.0,2188.1,9793,0
2026-06-16T13:25:00+05:30,2188.1,2189.8,2187.4,2187.9,9502,0
2026-06-16T13:30:00+05:30,2188.3,2189.2,2188.0,2188.8,7357,0
2026-06-16T13:35:00+05:30,2189.0,2189.2,2186.2,2187.3,16304,0
2026-06-16T13:40:00+05:30,2187.7,2189.1,2186.6,2188.4,12140,0
2026-06-16T13:45:00+05:30,2188.4,2189.2,2187.5,2189.0,8969,0
2026-06-16T13:50:00+05:30,2189.0,2189.4,2186.1,2187.9,14972,0
2026-06-16T13:55:00+05:30,2188.0,2189.8,2187.9,2189.2,10016,0
2026-06-16T14:00:00+05:30,2189.0,2190.1,2188.1,2189.5,15123,0
2026-06-16T14:05:00+05:30,2189.5,2190.5,2187.0,2188.0,16780,0
2026-06-16T14:10:00+05:30,2188.6,2190.9,2187.9,2190.1,22691,0
2026-06-16T14:15:00+05:30,2190.1,2192.0,2187.3,2188.4,55773,0
2026-06-16T14:20:00+05:30,2188.4,2188.7,2187.1,2188.2,13361,0
2026-06-16T14:25:00+05:30,2188.2,2189.0,2187.4,2189.0,16403,0
2026-06-16T14:30:00+05:30,2189.0,2193.7,2188.0,2192.8,38860,0
2026-06-16T14:35:00+05:30,2192.8,2195.6,2192.5,2195.0,40699,0
2026-06-16T14:40:00+05:30,2195.1,2201.9,2195.0,2197.1,80062,0
2026-06-16T14:45:00+05:30,2197.1,2199.0,2196.0,2198.5,29212,0
2026-06-16T14:50:00+05:30,2198.5,2200.0,2197.8,2199.0,34173,0
2026-06-16T14:55:00+05:30,2199.0,2199.2,2196.5,2197.5,23854,0
2026-06-16T15:00:00+05:30,2197.5,2198.4,2195.9,2196.9,67114,0
2026-06-16T15:05:00+05:30,2197.0,2199.9,2196.9,2199.7,51447,0
2026-06-16T15:10:00+05:30,2199.7,2199.7,2198.2,2199.4,41050,0
2026-06-16T15:15:00+05:30,2199.5,2200.4,2197.0,2200.2,71974,0
2026-06-16T15:20:00+05:30,2200.2,2201.7,2198.3,2198.5,86445,0
2026-06-16T15:25:00+05:30,2198.7,2200.3,2196.1,2197.9,76710,0
2026-06-17T09:15:00+05:30,2209.0,2224.9,2200.7,2223.3,228986,0
2026-06-17T09:20:00+05:30,2223.8,2228.8,2218.0,2219.8,180447,0
2026-06-17T09:25:00+05:30,2219.9,2223.4,2216.0,2221.0,69791,0
2026-06-17T09:30:00+05:30,2221.0,2227.8,2220.6,2226.4,85536,0
2026-06-17T09:35:00+05:30,2226.4,2231.0,2225.5,2227.4,117585,0
2026-06-17T09:40:00+05:30,2227.4,2227.9,2220.0,2221.0,57274,0
2026-06-17T09:45:00+05:30,2220.9,2222.5,2216.0,2222.1,63119,0
2026-06-17T09:50:00+05:30,2222.1,2222.4,2220.1,2220.6,24178,0
2026-06-17T09:55:00+05:30,2220.6,2221.7,2219.2,2219.2,22371,0
2026-06-17T10:00:00+05:30,2219.7,2219.8,2213.7,2215.1,37216,0
2026-06-17T10:05:00+05:30,2215.8,2217.2,2215.0,2216.7,23896,0
2026-06-17T10:10:00+05:30,2216.8,2217.5,2210.1,2210.2,56096,0
2026-06-17T10:15:00+05:30,2210.6,2213.7,2210.0,2212.6,26267,0
2026-06-17T10:20:00+05:30,2213.0,2214.7,2211.7,2213.6,25741,0
2026-06-17T10:25:00+05:30,2214.4,2215.8,2213.0,2214.4,20374,0
2026-06-17T10:30:00+05:30,2214.4,2216.6,2214.3,2216.4,17900,0
2026-06-17T10:35:00+05:30,2216.4,2216.9,2213.0,2213.2,39668,0
2026-06-17T10:40:00+05:30,2213.8,2220.0,2213.1,2219.1,71228,0
2026-06-17T10:45:00+05:30,2219.1,2220.0,2216.0,2218.0,19411,0
2026-06-17T10:50:00+05:30,2218.0,2225.5,2216.0,2224.4,65015,0
2026-06-17T10:55:00+05:30,2224.4,2230.6,2223.1,2223.4,69048,0
2026-06-17T11:00:00+05:30,2224.0,2224.2,2221.2,2222.0,18155,0
2026-06-17T11:05:00+05:30,2222.9,2223.7,2220.3,2221.1,15172,0
2026-06-17T11:10:00+05:30,2221.1,2224.0,2220.0,2223.8,32869,0
2026-06-17T11:15:00+05:30,2223.8,2224.0,2221.0,2223.3,21528,0
2026-06-17T11:20:00+05:30,2223.3,2224.1,2221.6,2223.5,16938,0
2026-06-17T11:25:00+05:30,2223.5,2223.8,2221.0,2221.7,12896,0
2026-06-17T11:30:00+05:30,2222.6,2228.0,2221.6,2224.8,44327,0
2026-06-17T11:35:00+05:30,2224.4,2225.5,2223.0,2223.0,18025,0
2026-06-17T11:40:00+05:30,2223.5,2224.0,2218.0,2218.5,37331,0
2026-06-17T11:45:00+05:30,2218.5,2219.2,2217.0,2217.5,19782,0
2026-06-17T11:50:00+05:30,2217.5,2218.7,2216.1,2217.3,16169,0
2026-06-17T11:55:00+05:30,2217.3,2218.3,2216.0,2216.6,18349,0
2026-06-17T12:00:00+05:30,2216.6,2218.0,2215.0,2218.0,25821,0
2026-06-17T12:05:00+05:30,2218.0,2218.2,2216.0,2217.1,15436,0
2026-06-17T12:10:00+05:30,2217.7,2218.9,2217.1,2218.2,9700,0
2026-06-17T12:15:00+05:30,2218.1,2219.0,2217.1,2218.4,12643,0
2026-06-17T12:20:00+05:30,2218.4,2220.9,2218.0,2218.5,15172,0
2026-06-17T12:25:00+05:30,2218.8,2219.9,2216.3,2219.2,19797,0
2026-06-17T12:30:00+05:30,2219.2,2219.8,2216.9,2217.5,12820,0
2026-06-17T12:35:00+05:30,2217.8,2218.3,2215.9,2217.0,17125,0
2026-06-17T12:40:00+05:30,2217.2,2218.4,2216.8,2217.6,12101,0
2026-06-17T12:45:00+05:30,2217.7,2218.6,2216.8,2217.8,9557,0
2026-06-17T12:50:00+05:30,2217.8,2219.8,2217.4,2218.5,11273,0
2026-06-17T12:55:00+05:30,2218.5,2219.8,2217.0,2218.9,10620,0
2026-06-17T13:00:00+05:30,2219.0,2220.0,2217.7,2219.6,17068,0
2026-06-17T13:05:00+05:30,2219.8,2220.0,2218.0,2218.3,13926,0
2026-06-17T13:10:00+05:30,2218.3,2218.6,2216.9,2217.5,11181,0
2026-06-17T13:15:00+05:30,2217.5,2220.3,2217.0,2219.2,24916,0
2026-06-17T13:20:00+05:30,2219.2,2220.2,2218.7,2219.4,13124,0
2026-06-17T13:25:00+05:30,2219.4,2220.0,2218.0,2218.7,8249,0
2026-06-17T13:30:00+05:30,2218.8,2219.8,2218.0,2219.4,9376,0
2026-06-17T13:35:00+05:30,2219.4,2223.2,2219.0,2222.5,25981,0
2026-06-17T13:40:00+05:30,2222.5,2223.0,2220.0,2221.4,18428,0
2026-06-17T13:45:00+05:30,2221.4,2223.3,2220.9,2222.7,19100,0
2026-06-17T13:50:00+05:30,2222.9,2223.5,2218.5,2219.6,34454,0
2026-06-17T13:55:00+05:30,2219.6,2220.2,2218.5,2218.6,12290,0
2026-06-17T14:00:00+05:30,2218.6,2221.5,2218.1,2220.1,25540,0
2026-06-17T14:05:00+05:30,2220.3,2220.9,2217.1,2217.2,24984,0
2026-06-17T14:10:00+05:30,2218.2,2218.2,2215.3,2216.5,21149,0
2026-06-17T14:15:00+05:30,2216.5,2217.7,2215.1,2216.9,15736,0
2026-06-17T14:20:00+05:30,2216.9,2218.8,2216.0,2216.6,16340,0
2026-06-17T14:25:00+05:30,2216.6,2217.0,2212.9,2214.1,63373,0
2026-06-17T14:30:00+05:30,2214.1,2217.6,2212.4,2215.0,19846,0
2026-06-17T14:35:00+05:30,2215.2,2217.5,2214.0,2217.0,14374,0
2026-06-17T14:40:00+05:30,2217.2,2219.7,2216.3,2219.4,21842,0
2026-06-17T14:45:00+05:30,2219.2,2219.5,2218.1,2218.1,15600,0
2026-06-17T14:50:00+05:30,2218.2,2219.9,2216.1,2218.7,29451,0
2026-06-17T14:55:00+05:30,2218.7,2220.6,2217.3,2220.6,24894,0
2026-06-17T15:00:00+05:30,2220.4,2224.5,2219.1,2222.3,95559,0
2026-06-17T15:05:00+05:30,2222.7,2224.0,2222.0,2223.9,91257,0
2026-06-17T15:10:00+05:30,2223.2,2224.7,2222.5,2223.1,120522,0
2026-06-17T15:15:00+05:30,2223.1,2224.0,2222.1,2223.1,94043,0
2026-06-17T15:20:00+05:30,2223.0,2224.6,2222.9,2223.4,108205,0
2026-06-17T15:25:00+05:30,2223.4,2223.5,2220.0,2221.0,78080,0
