time,open,high,low,close,volume,open_interest
2026-05-11T09:15:00+05:30,1196.9,1202.0,1191.1,1200.3,115573,0
2026-05-11T09:20:00+05:30,1200.3,1201.7,1194.9,1200.8,59767,0
2026-05-11T09:25:00+05:30,1200.9,1202.0,1198.4,1200.4,100936,0
2026-05-11T09:30:00+05:30,1200.2,1201.6,1199.2,1201.3,26487,0
2026-05-11T09:35:00+05:30,1201.0,1203.7,1200.1,1200.8,43065,0
2026-05-11T09:40:00+05:30,1200.5,1201.9,1198.4,1198.5,22891,0
2026-05-11T09:45:00+05:30,1198.6,1205.0,1198.5,1205.0,32647,0
2026-05-11T09:50:00+05:30,1205.0,1205.0,1201.5,1204.7,42034,0
2026-05-11T09:55:00+05:30,1204.9,1206.3,1203.0,1203.9,55218,0
2026-05-11T10:00:00+05:30,1203.7,1204.2,1201.0,1202.8,58006,0
2026-05-11T10:05:00+05:30,1203.3,1205.0,1202.4,1203.9,29727,0
2026-05-11T10:10:00+05:30,1203.9,1204.1,1200.0,1201.0,74833,0
2026-05-11T10:15:00+05:30,1201.1,1201.2,1198.0,1200.6,37124,0
2026-05-11T10:20:00+05:30,1200.6,1203.2,1200.1,1202.0,30871,0
2026-05-11T10:25:00+05:30,1202.0,1203.9,1201.2,1203.3,19587,0
2026-05-11T10:30:00+05:30,1203.0,1206.2,1202.8,1205.7,33722,0
2026-05-11T10:35:00+05:30,1206.1,1206.3,1204.0,1205.5,39865,0
2026-05-11T10:40:00+05:30,1205.5,1205.5,1203.8,1204.8,18481,0
2026-05-11T10:45:00+05:30,1205.0,1205.0,1203.0,1203.7,12620,0
2026-05-11T10:50:00+05:30,1203.7,1204.5,1202.3,1203.8,30232,0
2026-05-11T10:55:00+05:30,1203.8,1205.0,1202.8,1204.5,16115,0
2026-05-11T11:00:00+05:30,1204.5,1206.0,1204.4,1205.8,41875,0
2026-05-11T11:05:00+05:30,1205.8,1206.0,1204.0,1204.3,14705,0
2026-05-11T11:10:00+05:30,1204.6,1205.2,1203.5,1203.9,23927,0
2026-05-11T11:15:00+05:30,1203.9,1203.9,1199.7,1201.0,45997,0
2026-05-11T11:20:00+05:30,1201.0,1201.8,1199.6,1199.7,55045,0
2026-05-11T11:25:00+05:30,1199.7,1199.8,1198.4,1199.2,37797,0
2026-05-11T11:30:00+05:30,1199.2,1199.2,1196.5,1197.8,33903,0
2026-05-11T11:35:00+05:30,1198.0,1199.4,1197.1,1199.4,8588,0
2026-05-11T11:40:00+05:30,1199.4,1202.6,1198.1,1202.0,30272,0
2026-05-11T11:45:00+05:30,1202.3,1204.0,1200.2,1200.5,29444,0
2026-05-11T11:50:00+05:30,1200.5,1201.4,1200.0,1200.7,10994,0
2026-05-11T11:55:00+05:30,1200.7,1200.7,1200.0,1200.6,14768,0
2026-05-11T12:00:00+05:30,1200.6,1200.6,1199.9,1200.3,13802,0
2026-05-11T12:05:00+05:30,1200.4,1201.5,1200.0,1200.5,14123,0
2026-05-11T12:10:00+05:30,1200.5,1200.5,1199.0,1200.0,54338,0
2026-05-11T12:15:00+05:30,1199.9,1200.1,1198.5,1199.6,58066,0
2026-05-11T12:20:00+05:30,1199.6,1200.3,1198.9,1199.4,23380,0
2026-05-11T12:25:00+05:30,1199.4,1200.0,1198.7,1199.2,7902,0
2026-05-11T12:30:00+05:30,1199.2,1200.0,1198.7,1200.0,8029,0
2026-05-11T12:35:00+05:30,1199.9,1199.9,1198.2,1198.7,7424,0
2026-05-11T12:40:00+05:30,1198.8,1202.9,1198.8,1202.0,24779,0
2026-05-11T12:45:00+05:30,1202.6,1202.6,1200.3,1201.0,7576,0
2026-05-11T12:50:00+05:30,1201.0,1202.5,1200.0,1202.3,18047,0
2026-05-11T12:55:00+05:30,1202.3,1202.8,1200.5,1200.5,14925,0
2026-05-11T13:00:00+05:30,1201.0,1201.8,1200.2,1200.5,9132,0
2026-05-11T13:05:00+05:30,1200.8,1201.8,1200.0,1201.0,12057,0
2026-05-11T13:10:00+05:30,1201.6,1201.6,1200.8,1201.0,4814,0
2026-05-11T13:15:00+05:30,1201.5,1202.2,1200.2,1201.4,15255,0
2026-05-11T13:20:00+05:30,1201.8,1202.8,1201.4,1202.0,14703,0
2026-05-11T13:25:00+05:30,1202.4,1202.5,1202.0,1202.2,8317,0
2026-05-11T13:30:00+05:30,1202.4,1202.4,1199.0,1200.0,101198,0
2026-05-11T13:35:00+05:30,1200.3,1202.0,1200.0,1200.4,10575,0
2026-05-11T13:40:00+05:30,1200.5,1201.5,1200.0,1200.1,8446,0
2026-05-11T13:45:00+05:30,1200.0,1201.0,1200.0,1200.3,10304,0
2026-05-11T13:50:00+05:30,1200.3,1201.9,1200.2,1201.1,6826,0
2026-05-11T13:55:00+05:30,1201.2,1201.7,1200.8,1201.0,11423,0
2026-05-11T14:00:00+05:30,1201.0,1201.5,1200.2,1200.2,15853,0
2026-05-11T14:05:00+05:30,1200.2,1201.8,1200.2,1200.5,11120,0
2026-05-11T14:10:00+05:30,1200.5,1203.2,1200.5,1202.2,47244,0
2026-05-11T14:15:00+05:30,1202.0,1202.5,1200.4,1200.6,39620,0
2026-05-11T14:20:00+05:30,1200.6,1202.2,1200.4,1201.5,52510,0
2026-05-11T14:25:00+05:30,1201.5,1202.1,1200.1,1200.1,28570,0
2026-05-11T14:30:00+05:30,1200.1,1202.2,1200.0,1202.1,25553,0
2026-05-11T14:35:00+05:30,1202.2,1202.5,1201.1,1201.2,12231,0
2026-05-11T14:40:00+05:30,1201.5,1201.7,1199.0,1200.0,98389,0
2026-05-11T14:45:00+05:30,1200.5,1201.1,1198.4,1199.1,27303,0
2026-05-11T14:50:00+05:30,1199.1,1200.0,1199.0,1199.1,16016,0
2026-05-11T14:55:00+05:30,1199.5,1199.5,1198.4,1198.4,11237,0
2026-05-11T15:00:00+05:30,1198.5,1199.7,1195.0,1195.3,63900,0
2026-05-11T15:05:00+05:30,1195.3,1195.6,1193.7,1193.9,77713,0
2026-05-11T15:10:00+05:30,1194.1,1195.4,1193.8,1194.0,57655,0
2026-05-11T15:15:00+05:30,1194.5,1196.3,1193.6,1194.0,66074,0
2026-05-11T15:20:00+05:30,1194.4,1195.5,1193.6,1193.9,74170,0
2026-05-11T15:25:00+05:30,1194.3,1195.0,1193.0,1195.0,62682,0
2026-05-12T09:15:00+05:30,1183.0,1184.0,1169.0,1174.4,241337,0
2026-05-12T09:20:00+05:30,1174.4,1175.5,1168.4,1173.5,72895,0
2026-05-12T09:25:00+05:30,1173.5,1173.7,1166.8,1169.4,86429,0
2026-05-12T09:30:00+05:30,1169.5,1170.2,1166.5,1168.1,64504,0
2026-05-12T09:35:00+05:30,1168.5,1170.3,1166.1,1170.3,77511,0
2026-05-12T09:40:00+05:30,1170.3,1171.1,1169.1,1169.5,35079,0
2026-05-12T09:45:00+05:30,1169.5,1169.6,1166.7,1167.2,64151,0
2026-05-12T09:50:00+05:30,1167.2,1167.2,1164.0,1166.0,71516,0
2026-05-12T09:55:00+05:30,1166.0,1166.2,1161.2,1162.4,72629,0
2026-05-12T10:00:00+05:30,1162.4,1163.0,1160.4,1161.3,43928,0
2026-05-12T10:05:00+05:30,1161.3,1162.3,1160.5,1161.2,53104,0
2026-05-12T10:10:00+05:30,1161.2,1162.9,1160.5,1162.2,39853,0
2026-05-12T10:15:00+05:30,1162.2,1162.5,1160.7,1162.0,35364,0
2026-05-12T10:20:00+05:30,1162.0,1162.4,1158.6,1159.6,62103,0
2026-05-12T10:25:00+05:30,1159.6,1159.6,1158.0,1158.9,39506,0
2026-05-12T10:30:00+05:30,1158.9,1158.9,1156.0,1157.5,61181,0
2026-05-12T10:35:00+05:30,1157.5,1157.7,1156.0,1156.2,29433,0
2026-05-12T10:40:00+05:30,1156.2,1157.5,1155.7,1157.3,28655,0
2026-05-12T10:45:00+05:30,1157.2,1157.6,1154.0,1154.4,65147,0
2026-05-12T10:50:00+05:30,1154.4,1155.9,1153.0,1155.0,38721,0
2026-05-12T10:55:00+05:30,1155.0,1156.2,1154.4,1155.4,45758,0
2026-05-12T11:00:00+05:30,1155.4,1155.7,1154.0,1154.1,22151,0
2026-05-12T11:05:00+05:30,1154.6,1154.9,1153.3,1154.3,22199,0
2026-05-12T11:10:00+05:30,1154.3,1155.0,1152.5,1153.0,25386,0
2026-05-12T11:15:00+05:30,1153.0,1154.5,1152.5,1154.0,21024,0
2026-05-12T11:20:00+05:30,1154.0,1156.9,1153.5,1155.4,22430,0
2026-05-12T11:25:00+05:30,1155.4,1155.8,1153.5,1153.9,25122,0
2026-05-12T11:30:00+05:30,1154.0,1155.4,1152.8,1155.3,21789,0
2026-05-12T11:35:00+05:30,1155.3,1156.2,1154.2,1155.0,27603,0
2026-05-12T11:40:00+05:30,1155.1,1155.7,1154.2,1155.5,15677,0
2026-05-12T11:45:00+05:30,1155.5,1155.5,1154.2,1155.0,14406,0
2026-05-12T11:50:00+05:30,1155.0,1155.0,1153.6,1154.4,15873,0
2026-05-12T11:55:00+05:30,1154.7,1156.7,1154.0,1154.5,20062,0
2026-05-12T12:00:00+05:30,1154.5,1154.8,1146.8,1148.5,235393,0
2026-05-12T12:05:00+05:30,1148.5,1149.1,1145.7,1146.2,54263,0
2026-05-12T12:10:00+05:30,1146.2,1146.5,1144.8,1145.8,62194,0
2026-05-12T12:15:00+05:30,1145.7,1146.1,1144.3,1145.4,48049,0
2026-05-12T12:20:00+05:30,1145.4,1145.4,1142.6,1144.0,54005,0
2026-05-12T12:25:00+05:30,1144.0,1145.7,1143.2,1145.6,25048,0
2026-05-12T12:30:00+05:30,1145.6,1148.8,1144.0,1148.5,39434,0
2026-05-12T12:35:00+05:30,1148.5,1149.0,1146.8,1148.3,33855,0
2026-05-12T12:40:00+05:30,1148.3,1150.0,1147.5,1148.7,39688,0
2026-05-12T12:45:00+05:30,1149.0,1149.0,1146.3,1147.8,27651,0
2026-05-12T12:50:00+05:30,1147.8,1148.9,1147.1,1147.2,28251,0
2026-05-12T12:55:00+05:30,1147.7,1148.0,1146.8,1147.7,40812,0
2026-05-12T13:00:00+05:30,1147.7,1148.0,1146.7,1148.0,18962,0
2026-05-12T13:05:00+05:30,1148.0,1148.1,1146.8,1147.3,23980,0
2026-05-12T13:10:00+05:30,1147.5,1150.5,1146.9,1150.4,181161,0
2026-05-12T13:15:00+05:30,1150.6,1151.4,1150.0,1150.4,24769,0
2026-05-12T13:20:00+05:30,1150.6,1150.6,1148.5,1148.9,28257,0
2026-05-12T13:25:00+05:30,1149.0,1149.0,1146.9,1147.5,66619,0
2026-05-12T13:30:00+05:30,1147.5,1148.7,1147.4,1147.5,21028,0
2026-05-12T13:35:00+05:30,1147.6,1147.8,1146.0,1147.8,24209,0
2026-05-12T13:40:00+05:30,1147.8,1148.3,1146.3,1146.7,17203,0
2026-05-12T13:45:00+05:30,1146.7,1146.7,1145.3,1146.2,21033,0
2026-05-12T13:50:00+05:30,1146.2,1147.8,1146.0,1147.0,29530,0
2026-05-12T13:55:00+05:30,1147.3,1149.4,1146.4,1148.4,62894,0
2026-05-12T14:00:00+05:30,1148.5,1148.5,1146.6,1146.6,17754,0
2026-05-12T14:05:00+05:30,1146.6,1148.4,1146.2,1146.8,32262,0
2026-05-12T14:10:00+05:30,1146.8,1146.9,1146.0,1146.7,23296,0
2026-05-12T14:15:00+05:30,1146.7,1148.5,1146.2,1148.0,32440,0
2026-05-12T14:20:00+05:30,1148.0,1149.7,1147.3,1149.3,26809,0
2026-05-12T14:25:00+05:30,1149.4,1149.8,1148.2,1149.1,21428,0
2026-05-12T14:30:00+05:30,1149.3,1149.3,1147.7,1147.8,23418,0
2026-05-12T14:35:00+05:30,1147.8,1149.5,1147.5,1149.0,41333,0
2026-05-12T14:40:00+05:30,1149.5,1149.7,1148.7,1149.0,31408,0
2026-05-12T14:45:00+05:30,1149.1,1150.5,1147.3,1147.7,57487,0
2026-05-12T14:50:00+05:30,1147.7,1147.8,1146.6,1147.0,52059,0
2026-05-12T14:55:00+05:30,1147.3,1147.3,1145.7,1146.3,36426,0
2026-05-12T15:00:00+05:30,1146.3,1147.3,1145.0,1146.2,114884,0
2026-05-12T15:05:00+05:30,1146.2,1146.6,1144.3,1144.6,116514,0
2026-05-12T15:10:00+05:30,1144.8,1146.0,1144.0,1144.6,105482,0
2026-05-12T15:15:00+05:30,1144.6,1146.0,1144.5,1146.0,127867,0
2026-05-12T15:20:00+05:30,1146.0,1147.2,1145.3,1146.6,172720,0
2026-05-12T15:25:00+05:30,1146.6,1147.8,1146.0,1147.0,86835,0
2026-05-13T09:15:00+05:30,1146.3,1154.6,1146.3,1151.3,124513,0
2026-05-13T09:20:00+05:30,1151.7,1153.9,1147.2,1149.7,73854,0
2026-05-13T09:25:00+05:30,1149.7,1150.4,1146.7,1147.5,63741,0
2026-05-13T09:30:00+05:30,1147.1,1148.3,1143.5,1144.1,57945,0
2026-05-13T09:35:00+05:30,1143.9,1144.3,1138.5,1139.2,59863,0
2026-05-13T09:40:00+05:30,1139.1,1141.8,1137.1,1140.5,52953,0
2026-05-13T09:45:00+05:30,1140.5,1144.2,1139.7,1143.0,43764,0
2026-05-13T09:50:00+05:30,1143.0,1147.5,1142.4,1146.4,42674,0
2026-05-13T09:55:00+05:30,1146.4,1149.2,1146.2,1147.6,50861,0
2026-05-13T10:00:00+05:30,1147.7,1149.5,1147.0,1149.5,27417,0
2026-05-13T10:05:00+05:30,1149.4,1150.9,1148.3,1149.7,39788,0
2026-05-13T10:10:00+05:30,1149.7,1150.0,1148.1,1149.3,21868,0
2026-05-13T10:15:00+05:30,1149.3,1151.0,1148.5,1150.5,23864,0
2026-05-13T10:20:00+05:30,1150.3,1151.4,1149.2,1151.1,25477,0
2026-05-13T10:25:00+05:30,1151.1,1151.6,1149.6,1150.1,26282,0
2026-05-13T10:30:00+05:30,1149.9,1150.7,1147.8,1150.2,26459,0
2026-05-13T10:35:00+05:30,1149.9,1150.1,1145.9,1147.0,31560,0
2026-05-13T10:40:00+05:30,1147.0,1149.3,1146.7,1149.1,22131,0
2026-05-13T10:45:00+05:30,1149.0,1150.6,1148.9,1149.8,23237,0
2026-05-13T10:50:00+05:30,1149.8,1150.7,1148.6,1149.6,15524,0
2026-05-13T10:55:00+05:30,1149.5,1149.6,1146.5,1146.9,26036,0
2026-05-13T11:00:00+05:30,1146.8,1148.0,1145.4,1147.5,26811,0
2026-05-13T11:05:00+05:30,1147.4,1147.9,1146.1,1146.8,20898,0
2026-05-13T11:10:00+05:30,1146.6,1148.5,1146.4,1148.5,31815,0
2026-05-13T11:15:00+05:30,1148.5,1150.0,1147.8,1149.2,29044,0
2026-05-13T11:20:00+05:30,1149.3,1149.5,1147.7,1149.2,20160,0
2026-05-13T11:25:00+05:30,1149.2,1149.3,1148.2,1149.0,20182,0
2026-05-13T11:30:00+05:30,1148.7,1149.9,1148.2,1149.8,17315,0
2026-05-13T11:35:00+05:30,1149.8,1151.0,1149.3,1150.3,24263,0
2026-05-13T11:40:00+05:30,1150.1,1150.5,1149.2,1150.1,24194,0
2026-05-13T11:45:00+05:30,1150.1,1150.2,1148.6,1149.1,24880,0
2026-05-13T11:50:00+05:30,1149.1,1149.7,1147.0,1148.2,35427,0
2026-05-13T11:55:00+05:30,1148.0,1148.4,1145.8,1145.9,22138,0
2026-05-13T12:00:00+05:30,1146.3,1147.1,1145.5,1147.1,32149,0
2026-05-13T12:05:00+05:30,1147.0,1147.6,1145.9,1146.2,19429,0
2026-05-13T12:10:00+05:30,1146.3,1150.5,1146.0,1150.3,21606,0
2026-05-13T12:15:00+05:30,1150.3,1150.3,1146.7,1147.4,27015,0
2026-05-13T12:20:00+05:30,1147.4,1147.7,1146.0,1146.5,22741,0
2026-05-13T12:25:00+05:30,1146.5,1146.9,1144.4,1145.2,30744,0
2026-05-13T12:30:00+05:30,1145.2,1146.0,1143.1,1144.1,20397,0
2026-05-13T12:35:00+05:30,1144.1,1144.3,1143.0,1144.3,14305,0
2026-05-13T12:40:00+05:30,1144.3,1144.3,1141.7,1142.6,27620,0
2026-05-13T12:45:00+05:30,1142.1,1143.8,1141.8,1142.8,12614,0
2026-05-13T12:50:00+05:30,1142.9,1146.0,1142.7,1146.0,20502,0
2026-05-13T12:55:00+05:30,1146.0,1148.3,1145.5,1148.0,30751,0
2026-05-13T13:00:00+05:30,1148.0,1148.3,1146.8,1147.2,15483,0
2026-05-13T13:05:00+05:30,1147.3,1148.0,1144.5,1144.8,29760,0
2026-05-13T13:10:00+05:30,1145.0,1146.7,1144.8,1146.5,14555,0
2026-05-13T13:15:00+05:30,1146.4,1146.5,1144.8,1145.1,14047,0
2026-05-13T13:20:00+05:30,1145.0,1145.5,1144.3,1144.5,11097,0
2026-05-13T13:25:00+05:30,1144.4,1145.0,1143.0,1143.2,26626,0
2026-05-13T13:30:00+05:30,1143.4,1146.5,1143.3,1145.7,19784,0
2026-05-13T13:35:00+05:30,1145.6,1146.7,1145.2,1146.0,19681,0
2026-05-13T13:40:00+05:30,1146.0,1146.8,1145.2,1145.7,12020,0
2026-05-13T13:45:00+05:30,1145.6,1146.5,1145.0,1145.2,35010,0
2026-05-13T13:50:00+05:30,1145.2,1145.2,1143.6,1143.6,18472,0
2026-05-13T13:55:00+05:30,1143.6,1144.8,1142.0,1144.3,37125,0
2026-05-13T14:00:00+05:30,1144.3,1145.0,1143.2,1144.0,14935,0
2026-05-13T14:05:00+05:30,1144.0,1144.5,1143.4,1144.5,12901,0
2026-05-13T14:10:00+05:30,1144.4,1145.0,1143.8,1144.4,15721,0
2026-05-13T14:15:00+05:30,1144.3,1144.6,1142.8,1142.8,15118,0
2026-05-13T14:20:00+05:30,1142.8,1144.5,1141.9,1144.5,50385,0
2026-05-13T14:25:00+05:30,1144.3,1144.7,1142.6,1143.2,22282,0
2026-05-13T14:30:00+05:30,1143.5,1144.3,1143.0,1143.2,19403,0
2026-05-13T14:35:00+05:30,1143.3,1144.0,1142.7,1142.8,17995,0
2026-05-13T14:40:00+05:30,1142.9,1143.8,1142.2,1142.5,27819,0
2026-05-13T14:45:00+05:30,1142.6,1143.5,1141.6,1142.9,45728,0
2026-05-13T14:50:00+05:30,1142.9,1143.3,1142.0,1142.5,25041,0
2026-05-13T14:55:00+05:30,1142.5,1143.3,1142.0,1143.0,25845,0
2026-05-13T15:00:00+05:30,1143.0,1143.0,1140.3,1142.3,171542,0
2026-05-13T15:05:00+05:30,1142.3,1144.2,1141.6,1144.1,86673,0
2026-05-13T15:10:00+05:30,1144.1,1145.4,1142.8,1143.3,155606,0
2026-05-13T15:15:00+05:30,1143.3,1145.4,1143.2,1143.7,70644,0
2026-05-13T15:20:00+05:30,1143.7,1145.3,1141.6,1143.5,84319,0
2026-05-13T15:25:00+05:30,1143.6,1146.9,1143.1,1145.0,54884,0
2026-05-14T09:15:00+05:30,1139.0,1143.2,1124.0,1127.0,315792,0
2026-05-14T09:20:00+05:30,1127.3,1128.7,1120.0,1125.2,208447,0
2026-05-14T09:25:00+05:30,1125.2,1127.8,1123.7,1127.3,112702,0
2026-05-14T09:30:00+05:30,1127.5,1127.7,1124.9,1125.5,61098,0
2026-05-14T09:35:00+05:30,1125.9,1126.0,1121.1,1123.1,100555,0
2026-05-14T09:40:00+05:30,1123.5,1124.2,1121.1,1122.8,79411,0
2026-05-14T09:45:00+05:30,1122.9,1124.0,1122.2,1122.8,52090,0
2026-05-14T09:50:00+05:30,1122.8,1122.8,1120.0,1120.3,88001,0
2026-05-14T09:55:00+05:30,1120.3,1121.0,1118.0,1119.8,117672,0
2026-05-14T10:00:00+05:30,1119.8,1123.8,1119.1,1122.7,55201,0
2026-05-14T10:05:00+05:30,1122.6,1123.0,1120.3,1122.0,44868,0
2026-05-14T10:10:00+05:30,1122.0,1122.0,1118.3,1119.5,75286,0
2026-05-14T10:15:00+05:30,1119.5,1121.2,1118.7,1119.8,36026,0
2026-05-14T10:20:00+05:30,1119.8,1119.9,1114.9,1115.9,164544,0
2026-05-14T10:25:00+05:30,1115.8,1117.8,1114.8,1116.6,131589,0
2026-05-14T10:30:00+05:30,1116.6,1116.9,1115.5,1116.0,29628,0
2026-05-14T10:35:00+05:30,1116.0,1117.6,1115.3,1116.3,39302,0
2026-05-14T10:40:00+05:30,1116.8,1117.4,1115.5,1115.9,33493,0
2026-05-14T10:45:00+05:30,1115.8,1116.2,1112.2,1112.2,62467,0
2026-05-14T10:50:00+05:30,1112.2,1113.6,1112.0,1113.1,33884,0
2026-05-14T10:55:00+05:30,1113.2,1113.4,1110.6,1110.6,50663,0
2026-05-14T11:00:00+05:30,1111.0,1112.7,1110.4,1111.7,43470,0
2026-05-14T11:05:00+05:30,1111.7,1111.9,1110.6,1111.5,37504,0
2026-05-14T11:10:00+05:30,1111.5,1113.4,1110.6,1112.5,44945,0
2026-05-14T11:15:00+05:30,1112.5,1115.4,1111.8,1115.1,66342,0
2026-05-14T11:20:00+05:30,1115.4,1117.8,1115.0,1117.0,80602,0
2026-05-14T11:25:00+05:30,1117.0,1117.5,1113.2,1113.6,59724,0
2026-05-14T11:30:00+05:30,1114.0,1115.0,1113.3,1114.0,45989,0
2026-05-14T11:35:00+05:30,1114.0,1115.0,1113.3,1114.7,39628,0
2026-05-14T11:40:00+05:30,1114.7,1116.8,1113.6,1116.5,70692,0
2026-05-14T11:45:00+05:30,1116.5,1117.4,1116.0,1116.2,50068,0
2026-05-14T11:50:00+05:30,1116.7,1116.8,1114.5,1114.5,44430,0
2026-05-14T11:55:00+05:30,1114.7,1115.6,1112.1,1112.5,53705,0
2026-05-14T12:00:00+05:30,1112.4,1112.9,1105.5,1106.7,130646,0
2026-05-14T12:05:00+05:30,1107.0,1108.1,1106.0,1106.5,85187,0
2026-05-14T12:10:00+05:30,1106.8,1107.5,1105.0,1107.5,123274,0
2026-05-14T12:15:00+05:30,1107.5,1109.0,1106.4,1106.5,93282,0
2026-05-14T12:20:00+05:30,1106.7,1107.1,1105.2,1106.8,60768,0
2026-05-14T12:25:00+05:30,1106.8,1106.9,1105.0,1105.2,77591,0
2026-05-14T12:30:00+05:30,1105.3,1105.5,1103.4,1104.3,85672,0
2026-05-14T12:35:00+05:30,1104.3,1105.1,1103.6,1104.2,67325,0
2026-05-14T12:40:00+05:30,1104.2,1106.1,1103.7,1105.0,51435,0
2026-05-14T12:45:00+05:30,1106.1,1107.4,1105.3,1107.2,62101,0
2026-05-14T12:50:00+05:30,1107.4,1107.5,1105.0,1105.7,37553,0
2026-05-14T12:55:00+05:30,1106.3,1108.8,1105.0,1108.1,55314,0
2026-05-14T13:00:00+05:30,1108.1,1113.3,1107.6,1113.2,77640,0
2026-05-14T13:05:00+05:30,1113.3,1114.5,1112.5,1114.1,35402,0
2026-05-14T13:10:00+05:30,1114.4,1118.5,1114.1,1117.4,177476,0
2026-05-14T13:15:00+05:30,1117.3,1124.7,1117.0,1123.6,224246,0
2026-05-14T13:20:00+05:30,1123.7,1128.0,1123.6,1124.5,188297,0
2026-05-14T13:25:00+05:30,1124.8,1126.3,1122.6,1123.2,234807,0
2026-05-14T13:30:00+05:30,1123.7,1125.3,1122.2,1125.0,84078,0
2026-05-14T13:35:00+05:30,1125.0,1126.4,1124.5,1125.7,38226,0
2026-05-14T13:40:00+05:30,1125.6,1126.5,1124.7,1125.8,28445,0
2026-05-14T13:45:00+05:30,1126.1,1127.2,1125.9,1126.7,24925,0
2026-05-14T13:50:00+05:30,1126.8,1126.9,1125.0,1126.4,19114,0
2026-05-14T13:55:00+05:30,1126.4,1130.8,1126.3,1130.0,120241,0
2026-05-14T14:00:00+05:30,1130.1,1131.3,1129.3,1131.0,38169,0
2026-05-14T14:05:00+05:30,1131.3,1131.3,1129.1,1130.0,58905,0
2026-05-14T14:10:00+05:30,1130.5,1130.9,1129.0,1129.4,114912,0
2026-05-14T14:15:00+05:30,1130.0,1130.6,1128.2,1129.3,128648,0
2026-05-14T14:20:00+05:30,1129.6,1130.3,1128.4,1128.7,52880,0
2026-05-14T14:25:00+05:30,1128.8,1129.3,1128.2,1129.0,22016,0
2026-05-14T14:30:00+05:30,1129.3,1130.1,1128.1,1129.1,38257,0
2026-05-14T14:35:00+05:30,1129.0,1129.2,1125.3,1126.1,34868,0
2026-05-14T14:40:00+05:30,1126.3,1127.9,1125.9,1127.4,46779,0
2026-05-14T14:45:00+05:30,1127.4,1128.0,1125.0,1125.6,44467,0
2026-05-14T14:50:00+05:30,1125.7,1128.2,1125.6,1127.1,39611,0
2026-05-14T14:55:00+05:30,1127.0,1127.9,1125.6,1127.0,24448,0
2026-05-14T15:00:00+05:30,1127.0,1128.1,1126.2,1126.9,49535,0
2026-05-14T15:05:00+05:30,1126.9,1127.4,1125.6,1125.7,58429,0
2026-05-14T15:10:00+05:30,1126.1,1126.8,1123.8,1124.1,70256,0
2026-05-14T15:15:00+05:30,1124.7,1125.0,1121.7,1121.8,75874,0
2026-05-14T15:20:00+05:30,1121.8,1122.5,1120.8,1122.1,109855,0
2026-05-14T15:25:00+05:30,1122.2,1124.0,1121.2,1123.9,94220,0
2026-05-15T09:15:00+05:30,1121.9,1146.3,1121.8,1142.2,236416,0
2026-05-15T09:20:00+05:30,1143.0,1151.4,1139.8,1151.2,206264,0
2026-05-15T09:25:00+05:30,1151.8,1152.0,1143.5,1148.5,132210,0
2026-05-15T09:30:00+05:30,1148.9,1149.0,1140.4,1143.7,81059,0
2026-05-15T09:35:00+05:30,1143.6,1146.8,1143.0,1144.9,41520,0
2026-05-15T09:40:00+05:30,1144.9,1146.0,1142.9,1143.9,142051,0
2026-05-15T09:45:00+05:30,1143.9,1145.0,1141.5,1143.3,210145,0
2026-05-15T09:50:00+05:30,1143.1,1145.0,1141.5,1142.9,144186,0
2026-05-15T09:55:00+05:30,1142.9,1144.1,1140.0,1140.9,100794,0
2026-05-15T10:00:00+05:30,1141.0,1142.5,1138.5,1139.8,80921,0
2026-05-15T10:05:00+05:30,1139.7,1140.6,1137.0,1137.0,83348,0
2026-05-15T10:10:00+05:30,1137.0,1139.7,1136.4,1139.4,27969,0
2026-05-15T10:15:00+05:30,1139.4,1140.9,1137.3,1137.6,38087,0
2026-05-15T10:20:00+05:30,1137.6,1138.8,1137.0,1138.6,18744,0
2026-05-15T10:25:00+05:30,1138.2,1138.7,1135.4,1135.4,17995,0
2026-05-15T10:30:00+05:30,1135.5,1136.0,1133.9,1135.8,33622,0
2026-05-15T10:35:00+05:30,1135.8,1136.3,1134.7,1135.6,10504,0
2026-05-15T10:40:00+05:30,1135.7,1137.6,1135.1,1137.6,14355,0
2026-05-15T10:45:00+05:30,1137.6,1139.8,1137.1,1137.8,16521,0
2026-05-15T10:50:00+05:30,1137.7,1138.4,1136.1,1138.3,16264,0
2026-05-15T10:55:00+05:30,1138.1,1139.1,1137.1,1138.0,14763,0
2026-05-15T11:00:00+05:30,1138.0,1138.2,1136.6,1137.2,13041,0
2026-05-15T11:05:00+05:30,1137.2,1137.4,1134.1,1134.7,18631,0
2026-05-15T11:10:00+05:30,1134.9,1136.1,1133.4,1134.2,17729,0
2026-05-15T11:15:00+05:30,1134.2,1135.9,1134.0,1135.8,8319,0
2026-05-15T11:20:00+05:30,1135.8,1136.5,1134.0,1135.6,9905,0
2026-05-15T11:25:00+05:30,1135.6,1136.5,1133.7,1135.1,37950,0
2026-05-15T11:30:00+05:30,1135.0,1135.4,1133.0,1135.3,14594,0
2026-05-15T11:35:00+05:30,1135.3,1136.3,1135.0,1135.7,13149,0
2026-05-15T11:40:00+05:30,1135.7,1136.5,1134.6,1136.0,8751,0
2026-05-15T11:45:00+05:30,1136.0,1136.5,1133.6,1134.6,14349,0
2026-05-15T11:50:00+05:30,1134.5,1135.4,1133.8,1134.5,10195,0
2026-05-15T11:55:00+05:30,1134.5,1134.6,1133.4,1134.3,11386,0
2026-05-15T12:00:00+05:30,1134.3,1136.2,1133.8,1135.4,15768,0
2026-05-15T12:05:00+05:30,1135.2,1136.2,1134.3,1134.8,8701,0
2026-05-15T12:10:00+05:30,1134.8,1135.5,1134.4,1135.0,8868,0
2026-05-15T12:15:00+05:30,1134.8,1135.0,1133.0,1133.4,22318,0
2026-05-15T12:20:00+05:30,1133.5,1133.8,1132.2,1133.5,11159,0
2026-05-15T12:25:00+05:30,1133.5,1133.7,1132.1,1132.5,11347,0
2026-05-15T12:30:00+05:30,1132.7,1134.4,1132.4,1133.4,14512,0
2026-05-15T12:35:00+05:30,1133.5,1135.0,1133.4,1134.9,11655,0
2026-05-15T12:40:00+05:30,1135.0,1137.0,1134.9,1136.0,20727,0
2026-05-15T12:45:00+05:30,1136.0,1138.2,1135.1,1137.4,12321,0
2026-05-15T12:50:00+05:30,1137.3,1138.3,1136.2,1136.5,15126,0
2026-05-15T12:55:00+05:30,1136.5,1137.6,1136.2,1136.3,6730,0
2026-05-15T13:00:00+05:30,1136.3,1136.3,1134.5,1135.1,16044,0
2026-05-15T13:05:00+05:30,1135.1,1136.0,1134.6,1135.5,6445,0
2026-05-15T13:10:00+05:30,1135.5,1136.7,1135.4,1135.6,6431,0
2026-05-15T13:15:00+05:30,1135.7,1136.6,1135.0,1136.4,11116,0
2026-05-15T13:20:00+05:30,1136.5,1136.6,1135.0,1135.3,10537,0
2026-05-15T13:25:00+05:30,1135.3,1136.0,1134.6,1134.7,10260,0
2026-05-15T13:30:00+05:30,1134.7,1135.0,1133.3,1133.5,13764,0
2026-05-15T13:35:00+05:30,1133.6,1134.5,1133.1,1133.3,9136,0
2026-05-15T13:40:00+05:30,1133.3,1133.3,1130.0,1130.5,25267,0
2026-05-15T13:45:00+05:30,1130.3,1131.5,1127.6,1129.1,23047,0
2026-05-15T13:50:00+05:30,1128.9,1130.6,1127.9,1130.2,18190,0
2026-05-15T13:55:00+05:30,1130.2,1130.6,1128.2,1129.1,12348,0
2026-05-15T14:00:00+05:30,1129.1,1129.4,1127.5,1127.5,9830,0
2026-05-15T14:05:00+05:30,1127.7,1128.9,1127.2,1127.9,11787,0
2026-05-15T14:10:00+05:30,1128.0,1128.6,1126.6,1127.6,12229,0
2026-05-15T14:15:00+05:30,1127.8,1128.5,1127.1,1128.0,11389,0
2026-05-15T14:20:00+05:30,1128.0,1128.5,1127.3,1128.3,7575,0
2026-05-15T14:25:00+05:30,1128.4,1128.7,1127.4,1128.0,13612,0
2026-05-15T14:30:00+05:30,1128.0,1129.6,1127.0,1129.0,21157,0
2026-05-15T14:35:00+05:30,1129.1,1129.8,1126.6,1128.9,31941,0
2026-05-15T14:40:00+05:30,1128.9,1130.0,1128.5,1129.2,18304,0
2026-05-15T14:45:00+05:30,1129.4,1129.5,1126.0,1126.0,18683,0
2026-05-15T14:50:00+05:30,1126.1,1128.0,1125.3,1127.8,39919,0
2026-05-15T14:55:00+05:30,1127.8,1130.4,1127.5,1130.0,29864,0
2026-05-15T15:00:00+05:30,1129.6,1132.9,1126.9,1132.9,229829,0
2026-05-15T15:05:00+05:30,1132.9,1134.0,1131.8,1134.0,175703,0
2026-05-15T15:10:00+05:30,1134.0,1134.5,1133.8,1134.0,152133,0
2026-05-15T15:15:00+05:30,1134.0,1134.1,1131.6,1132.0,314473,0
2026-05-15T15:20:00+05:30,1132.1,1133.6,1130.8,1132.1,260361,0
2026-05-15T15:25:00+05:30,1132.1,1134.1,1126.1,1131.0,181258,0
2026-05-18T09:15:00+05:30,1129.0,1133.4,1124.5,1130.7,102959,0
2026-05-18T09:20:00+05:30,1131.4,1132.3,1127.0,1129.6,128318,0
2026-05-18T09:25:00+05:30,1129.6,1131.8,1126.8,1127.5,33457,0
2026-05-18T09:30:00+05:30,1127.6,1127.6,1122.5,1123.0,59308,0
2026-05-18T09:35:00+05:30,1123.4,1124.0,1121.4,1123.7,49645,0
2026-05-18T09:40:00+05:30,1123.7,1128.0,1122.6,1125.9,52630,0
2026-05-18T09:45:00+05:30,1125.8,1129.7,1124.0,1128.9,40499,0
2026-05-18T09:50:00+05:30,1128.7,1128.8,1125.3,1125.9,18365,0
2026-05-18T09:55:00+05:30,1125.9,1127.8,1125.4,1127.5,30635,0
2026-05-18T10:00:00+05:30,1127.7,1129.7,1127.1,1127.7,26535,0
2026-05-18T10:05:00+05:30,1127.5,1127.9,1124.6,1125.0,11252,0
2026-05-18T10:10:00+05:30,1125.0,1125.7,1123.8,1124.5,16717,0
2026-05-18T10:15:00+05:30,1124.4,1128.0,1124.0,1127.0,28173,0
2026-05-18T10:20:00+05:30,1127.0,1127.4,1124.9,1125.5,12735,0
2026-05-18T10:25:00+05:30,1125.5,1125.7,1124.1,1124.1,22517,0
2026-05-18T10:30:00+05:30,1124.5,1127.6,1124.3,1127.4,52914,0
2026-05-18T10:35:00+05:30,1127.5,1131.9,1127.0,1131.8,39507,0
2026-05-18T10:40:00+05:30,1131.9,1132.5,1128.8,1129.4,32776,0
2026-05-18T10:45:00+05:30,1129.4,1129.5,1126.8,1129.5,11360,0
2026-05-18T10:50:00+05:30,1129.5,1136.3,1129.5,1134.5,54948,0
2026-05-18T10:55:00+05:30,1134.7,1136.1,1133.7,1135.4,34848,0
2026-05-18T11:00:00+05:30,1135.5,1138.5,1134.9,1135.2,30169,0
2026-05-18T11:05:00+05:30,1135.1,1137.0,1135.0,1135.4,18246,0
2026-05-18T11:10:00+05:30,1135.3,1136.0,1134.2,1135.4,14751,0
2026-05-18T11:15:00+05:30,1135.4,1135.4,1133.8,1135.0,13952,0
2026-05-18T11:20:00+05:30,1135.0,1136.5,1134.3,1136.3,19237,0
2026-05-18T11:25:00+05:30,1136.4,1137.7,1136.0,1137.7,18112,0
2026-05-18T11:30:00+05:30,1137.7,1140.8,1137.0,1138.2,40294,0
2026-05-18T11:35:00+05:30,1138.0,1138.2,1136.5,1138.0,12003,0
2026-05-18T11:40:00+05:30,1138.0,1138.4,1136.8,1138.4,17305,0
2026-05-18T11:45:00+05:30,1138.3,1139.6,1137.2,1137.5,15849,0
2026-05-18T11:50:00+05:30,1137.5,1139.0,1136.0,1138.3,14201,0
2026-05-18T11:55:00+05:30,1138.3,1138.3,1136.5,1137.2,8016,0
2026-05-18T12:00:00+05:30,1137.2,1139.4,1137.1,1138.5,17605,0
2026-05-18T12:05:00+05:30,1138.6,1141.4,1137.6,1140.7,115765,0
2026-05-18T12:10:00+05:30,1140.7,1144.4,1139.8,1144.4,44707,0
2026-05-18T12:15:00+05:30,1144.4,1145.8,1142.2,1143.1,29464,0
2026-05-18T12:20:00+05:30,1143.2,1143.5,1142.1,1143.1,15466,0
2026-05-18T12:25:00+05:30,1143.4,1144.6,1143.0,1143.9,26368,0
2026-05-18T12:30:00+05:30,1143.6,1145.9,1143.5,1145.1,23141,0
2026-05-18T12:35:00+05:30,1144.9,1147.3,1144.6,1147.2,37022,0
2026-05-18T12:40:00+05:30,1147.1,1147.2,1142.7,1143.4,40558,0
2026-05-18T12:45:00+05:30,1143.4,1143.7,1142.5,1143.0,12886,0
2026-05-18T12:50:00+05:30,1143.0,1143.3,1142.3,1142.8,10725,0
2026-05-18T12:55:00+05:30,1142.8,1144.4,1142.5,1143.3,21759,0
2026-05-18T13:00:00+05:30,1143.3,1145.8,1143.2,1145.0,18374,0
2026-05-18T13:05:00+05:30,1145.1,1145.1,1142.7,1143.7,10842,0
2026-05-18T13:10:00+05:30,1143.7,1144.5,1142.5,1144.3,14369,0
2026-05-18T13:15:00+05:30,1144.3,1144.8,1143.6,1144.4,13188,0
2026-05-18T13:20:00+05:30,1144.4,1144.8,1143.8,1144.4,10357,0
2026-05-18T13:25:00+05:30,1144.3,1146.9,1143.3,1144.3,25114,0
2026-05-18T13:30:00+05:30,1144.3,1145.1,1141.1,1141.6,14059,0
2026-05-18T13:35:00+05:30,1141.6,1142.7,1141.6,1142.2,5767,0
2026-05-18T13:40:00+05:30,1142.2,1142.3,1141.2,1142.0,9091,0
2026-05-18T13:45:00+05:30,1142.0,1142.5,1140.2,1142.3,15528,0
2026-05-18T13:50:00+05:30,1142.3,1142.7,1141.7,1142.6,8168,0
2026-05-18T13:55:00+05:30,1142.6,1143.6,1142.5,1143.4,8570,0
2026-05-18T14:00:00+05:30,1143.4,1144.3,1142.6,1143.8,9350,0
2026-05-18T14:05:00+05:30,1144.0,1144.0,1142.0,1143.2,7346,0
2026-05-18T14:10:00+05:30,1143.1,1144.4,1142.1,1143.5,24971,0
2026-05-18T14:15:00+05:30,1143.4,1143.4,1141.3,1142.2,20457,0
2026-05-18T14:20:00+05:30,1142.2,1143.2,1141.6,1141.6,28460,0
2026-05-18T14:25:00+05:30,1141.5,1144.2,1140.9,1143.8,28926,0
2026-05-18T14:30:00+05:30,1143.7,1146.9,1142.6,1146.0,50359,0
2026-05-18T14:35:00+05:30,1145.6,1146.0,1144.9,1145.4,13037,0
2026-05-18T14:40:00+05:30,1145.2,1146.8,1144.7,1146.7,19270,0
2026-05-18T14:45:00+05:30,1146.6,1146.9,1145.7,1146.5,14239,0
2026-05-18T14:50:00+05:30,1146.6,1146.6,1144.4,1145.3,20223,0
2026-05-18T14:55:00+05:30,1145.3,1146.5,1144.9,1145.7,35705,0
2026-05-18T15:00:00+05:30,1145.8,1149.5,1145.5,1147.0,140041,0
2026-05-18T15:05:00+05:30,1147.1,1148.0,1145.0,1145.1,70835,0
2026-05-18T15:10:00+05:30,1145.1,1145.9,1144.7,1145.2,116381,0
2026-05-18T15:15:00+05:30,1145.3,1146.1,1145.0,1146.0,89135,0
2026-05-18T15:20:00+05:30,1146.0,1148.4,1145.6,1147.5,140128,0
2026-05-18T15:25:00+05:30,1147.6,1148.0,1140.8,1146.5,124197,0
2026-05-19T09:15:00+05:30,1156.0,1187.3,1152.3,1183.7,521336,0
2026-05-19T09:20:00+05:30,1183.7,1194.1,1180.1,1190.2,438653,0
2026-05-19T09:25:00+05:30,1190.7,1193.4,1187.0,1192.0,313646,0
2026-05-19T09:30:00+05:30,1192.4,1198.3,1192.1,1193.5,265353,0
2026-05-19T09:35:00+05:30,1193.8,1194.1,1186.8,1188.0,148533,0
2026-05-19T09:40:00+05:30,1188.0,1189.2,1185.2,1186.9,74192,0
2026-05-19T09:45:00+05:30,1187.0,1189.5,1183.5,1184.1,52958,0
2026-05-19T09:50:00+05:30,1184.3,1186.3,1181.2,1186.2,69519,0
2026-05-19T09:55:00+05:30,1186.2,1188.0,1183.5,1184.3,56182,0
2026-05-19T10:00:00+05:30,1184.6,1186.3,1182.6,1182.8,31092,0
2026-05-19T10:05:00+05:30,1183.0,1186.2,1182.1,1185.4,50059,0
2026-05-19T10:10:00+05:30,1185.7,1186.3,1182.9,1184.4,26402,0
2026-05-19T10:15:00+05:30,1184.4,1184.4,1180.1,1180.1,32123,0
2026-05-19T10:20:00+05:30,1180.8,1181.8,1177.9,1178.9,38612,0
2026-05-19T10:25:00+05:30,1178.9,1179.2,1178.0,1178.6,24141,0
2026-05-19T10:30:00+05:30,1178.6,1179.0,1177.0,1177.9,118369,0
2026-05-19T10:35:00+05:30,1177.9,1180.1,1177.2,1178.4,135384,0
2026-05-19T10:40:00+05:30,1178.4,1179.5,1177.0,1177.9,41408,0
2026-05-19T10:45:00+05:30,1177.9,1178.1,1173.2,1174.6,115299,0
2026-05-19T10:50:00+05:30,1174.8,1175.3,1173.3,1174.7,47960,0
2026-05-19T10:55:00+05:30,1174.7,1176.4,1173.5,1173.5,145931,0
2026-05-19T11:00:00+05:30,1173.5,1174.2,1171.1,1172.9,55149,0
2026-05-19T11:05:00+05:30,1173.0,1175.5,1171.5,1175.1,129377,0
2026-05-19T11:10:00+05:30,1175.4,1177.6,1174.8,1175.5,43898,0
2026-05-19T11:15:00+05:30,1175.6,1176.6,1174.0,1174.4,29122,0
2026-05-19T11:20:00+05:30,1174.9,1175.5,1174.0,1174.6,42673,0
2026-05-19T11:25:00+05:30,1174.8,1180.1,1173.0,1179.6,296816,0
2026-05-19T11:30:00+05:30,1179.5,1179.8,1177.0,1178.1,39454,0
2026-05-19T11:35:00+05:30,1178.4,1179.1,1177.3,1178.0,34928,0
2026-05-19T11:40:00+05:30,1178.6,1179.2,1177.9,1177.9,20893,0
2026-05-19T11:45:00+05:30,1178.3,1178.5,1176.6,1178.3,100685,0
2026-05-19T11:50:00+05:30,1178.2,1178.8,1176.5,1177.2,109768,0
2026-05-19T11:55:00+05:30,1177.2,1179.6,1177.2,1178.7,20780,0
2026-05-19T12:00:00+05:30,1179.0,1179.5,1177.3,1177.7,28410,0
2026-05-19T12:05:00+05:30,1177.7,1179.2,1177.5,1178.3,37732,0
2026-05-19T12:10:00+05:30,1178.3,1178.3,1175.2,1175.5,20213,0
2026-05-19T12:15:00+05:30,1175.6,1176.1,1174.2,1174.9,37833,0
2026-05-19T12:20:00+05:30,1175.3,1175.9,1174.4,1174.7,14082,0
2026-05-19T12:25:00+05:30,1174.6,1175.6,1174.1,1175.4,30562,0
2026-05-19T12:30:00+05:30,1175.3,1177.9,1174.9,1177.3,34031,0
2026-05-19T12:35:00+05:30,1177.3,1177.4,1175.2,1177.0,20274,0
2026-05-19T12:40:00+05:30,1177.0,1178.0,1176.5,1177.1,15404,0
2026-05-19T12:45:00+05:30,1177.3,1178.0,1175.4,1176.2,20496,0
2026-05-19T12:50:00+05:30,1176.3,1176.7,1175.7,1176.4,16266,0
2026-05-19T12:55:00+05:30,1176.5,1179.5,1176.2,1179.3,17292,0
2026-05-19T13:00:00+05:30,1179.4,1180.0,1179.0,1179.6,29857,0
2026-05-19T13:05:00+05:30,1179.5,1180.8,1178.7,1180.1,24689,0
2026-05-19T13:10:00+05:30,1180.3,1180.6,1179.3,1180.1,36838,0
2026-05-19T13:15:00+05:30,1180.3,1182.0,1180.1,1181.2,26301,0
2026-05-19T13:20:00+05:30,1181.5,1183.0,1180.5,1181.0,51111,0
2026-05-19T13:25:00+05:30,1181.0,1183.0,1180.2,1182.0,20505,0
2026-05-19T13:30:00+05:30,1182.3,1183.9,1181.9,1182.0,31224,0
2026-05-19T13:35:00+05:30,1182.2,1182.4,1179.8,1181.3,44393,0
2026-05-19T13:40:00+05:30,1181.4,1182.0,1179.6,1180.7,41655,0
2026-05-19T13:45:00+05:30,1180.9,1182.7,1180.6,1181.2,19071,0
2026-05-19T13:50:00+05:30,1181.5,1181.7,1180.1,1180.6,37732,0
2026-05-19T13:55:00+05:30,1180.6,1181.0,1179.1,1180.3,34899,0
2026-05-19T14:00:00+05:30,1180.7,1182.8,1179.9,1181.8,41634,0
2026-05-19T14:05:00+05:30,1181.9,1183.4,1181.3,1182.5,32745,0
2026-05-19T14:10:00+05:30,1182.6,1183.5,1182.0,1183.4,36706,0
2026-05-19T14:15:00+05:30,1183.5,1184.9,1182.7,1184.4,42644,0
2026-05-19T14:20:00+05:30,1184.5,1184.9,1181.4,1182.4,80091,0
2026-05-19T14:25:00+05:30,1182.8,1184.9,1182.1,1184.1,34511,0
2026-05-19T14:30:00+05:30,1184.4,1184.7,1182.5,1183.1,41985,0
2026-05-19T14:35:00+05:30,1183.5,1183.7,1181.5,1182.8,43666,0
2026-05-19T14:40:00+05:30,1182.8,1184.3,1182.3,1182.4,41634,0
2026-05-19T14:45:00+05:30,1183.0,1183.2,1181.2,1183.2,61202,0
2026-05-19T14:50:00+05:30,1183.2,1185.1,1183.0,1184.4,64969,0
2026-05-19T14:55:00+05:30,1184.5,1185.4,1183.0,1183.0,49267,0
2026-05-19T15:00:00+05:30,1183.3,1183.9,1178.7,1179.7,156074,0
2026-05-19T15:05:00+05:30,1179.7,1179.8,1177.8,1178.0,201551,0
2026-05-19T15:10:00+05:30,1178.0,1180.2,1177.9,1179.0,107212,0
2026-05-19T15:15:00+05:30,1179.0,1180.3,1178.0,1179.2,125839,0
2026-05-19T15:20:00+05:30,1179.3,1181.0,1178.7,1179.2,110196,0
2026-05-19T15:25:00+05:30,1179.5,1182.3,1178.4,1180.0,112912,0
2026-05-20T09:15:00+05:30,1166.2,1176.0,1162.4,1175.7,209323,0
2026-05-20T09:20:00+05:30,1175.7,1177.3,1173.2,1174.0,49737,0
2026-05-20T09:25:00+05:30,1174.4,1176.2,1174.0,1174.7,38232,0
2026-05-20T09:30:00+05:30,1174.6,1178.8,1174.3,1178.5,33022,0
2026-05-20T09:35:00+05:30,1178.5,1180.9,1177.3,1180.4,35795,0
2026-05-20T09:40:00+05:30,1180.0,1180.8,1176.6,1179.9,41595,0
2026-05-20T09:45:00+05:30,1179.7,1180.9,1178.9,1180.5,35373,0
2026-05-20T09:50:00+05:30,1180.5,1181.0,1177.7,1177.8,15515,0
2026-05-20T09:55:00+05:30,1178.0,1179.2,1177.0,1177.0,15080,0
2026-05-20T10:00:00+05:30,1177.2,1177.6,1173.3,1174.0,16752,0
2026-05-20T10:05:00+05:30,1174.4,1176.6,1173.2,1176.1,22452,0
2026-05-20T10:10:00+05:30,1176.1,1176.4,1174.5,1174.6,11038,0
2026-05-20T10:15:00+05:30,1174.5,1175.7,1172.3,1173.6,13924,0
2026-05-20T10:20:00+05:30,1173.4,1174.3,1170.7,1171.9,17630,0
2026-05-20T10:25:00+05:30,1171.9,1174.1,1171.5,1174.0,13960,0
2026-05-20T10:30:00+05:30,1174.0,1175.3,1173.7,1174.5,11111,0
2026-05-20T10:35:00+05:30,1174.7,1174.8,1173.0,1173.7,11885,0
2026-05-20T10:40:00+05:30,1173.7,1174.4,1173.0,1173.1,7022,0
2026-05-20T10:45:00+05:30,1173.1,1173.4,1171.8,1172.5,8767,0
2026-05-20T10:50:00+05:30,1173.0,1173.3,1172.3,1173.2,6454,0
2026-05-20T10:55:00+05:30,1173.2,1174.3,1173.0,1173.5,6269,0
2026-05-20T11:00:00+05:30,1173.5,1174.2,1173.0,1173.4,5787,0
2026-05-20T11:05:00+05:30,1173.4,1175.0,1173.3,1175.0,8297,0
2026-05-20T11:10:00+05:30,1175.0,1175.2,1173.6,1173.6,6261,0
2026-05-20T11:15:00+05:30,1173.7,1174.4,1173.0,1173.3,6390,0
2026-05-20T11:20:00+05:30,1173.3,1175.0,1173.1,1174.3,5789,0
2026-05-20T11:25:00+05:30,1174.3,1174.5,1172.5,1173.8,8564,0
2026-05-20T11:30:00+05:30,1173.8,1174.1,1172.6,1173.1,6852,0
2026-05-20T11:35:00+05:30,1173.4,1174.0,1173.0,1173.1,6172,0
2026-05-20T11:40:00+05:30,1173.1,1179.0,1172.7,1177.1,37353,0
2026-05-20T11:45:00+05:30,1177.2,1179.0,1177.0,1178.7,13615,0
2026-05-20T11:50:00+05:30,1178.9,1179.0,1177.1,1178.0,10335,0
2026-05-20T11:55:00+05:30,1178.1,1178.5,1176.0,1176.3,11756,0
2026-05-20T12:00:00+05:30,1176.7,1176.9,1174.2,1174.6,9259,0
2026-05-20T12:05:00+05:30,1174.7,1175.5,1174.5,1175.0,7249,0
2026-05-20T12:10:00+05:30,1175.3,1176.6,1173.6,1175.1,11979,0
2026-05-20T12:15:00+05:30,1175.3,1175.6,1174.6,1175.2,3270,0
2026-05-20T12:20:00+05:30,1175.5,1175.6,1174.6,1174.9,6096,0
2026-05-20T12:25:00+05:30,1174.9,1175.2,1173.7,1174.4,5809,0
2026-05-20T12:30:00+05:30,1174.7,1175.0,1174.0,1174.4,4236,0
2026-05-20T12:35:00+05:30,1174.6,1175.0,1173.2,1173.7,10022,0
2026-05-20T12:40:00+05:30,1173.7,1173.8,1172.6,1173.2,7458,0
2026-05-20T12:45:00+05:30,1173.2,1173.7,1172.0,1173.3,6411,0
2026-05-20T12:50:00+05:30,1173.3,1173.5,1172.8,1173.5,3528,0
2026-05-20T12:55:00+05:30,1173.5,1174.5,1173.4,1173.9,5764,0
2026-05-20T13:00:00+05:30,1174.0,1174.0,1172.5,1172.8,9105,0
2026-05-20T13:05:00+05:30,1172.8,1173.0,1171.7,1172.2,5778,0
2026-05-20T13:10:00+05:30,1172.5,1173.0,1172.0,1172.5,4931,0
2026-05-20T13:15:00+05:30,1172.5,1172.6,1171.4,1171.8,6521,0
2026-05-20T13:20:00+05:30,1172.0,1172.5,1171.0,1171.3,8982,0
2026-05-20T13:25:00+05:30,1171.4,1172.0,1170.4,1170.6,7925,0
2026-05-20T13:30:00+05:30,1170.6,1172.1,1170.5,1171.6,8840,0
2026-05-20T13:35:00+05:30,1171.7,1173.1,1171.5,1171.9,11826,0
2026-05-20T13:40:00+05:30,1171.9,1172.3,1171.2,1171.6,3603,0
2026-05-20T13:45:00+05:30,1171.6,1171.8,1170.8,1171.4,8631,0
2026-05-20T13:50:00+05:30,1171.5,1172.0,1170.5,1171.4,15683,0
2026-05-20T13:55:00+05:30,1171.4,1171.6,1170.7,1171.3,6211,0
2026-05-20T14:00:00+05:30,1171.3,1171.9,1169.3,1170.6,18705,0
2026-05-20T14:05:00+05:30,1170.8,1172.9,1170.3,1172.8,18960,0
2026-05-20T14:10:00+05:30,1172.9,1173.2,1172.1,1172.5,8030,0
2026-05-20T14:15:00+05:30,1172.4,1172.8,1171.0,1171.7,9903,0
2026-05-20T14:20:00+05:30,1171.9,1172.8,1171.3,1171.6,9355,0
2026-05-20T14:25:00+05:30,1171.6,1172.0,1170.5,1171.7,7378,0
2026-05-20T14:30:00+05:30,1172.0,1172.0,1170.4,1171.0,12144,0
2026-05-20T14:35:00+05:30,1171.2,1172.0,1170.2,1171.6,7465,0
2026-05-20T14:40:00+05:30,1171.6,1172.6,1170.7,1172.6,12219,0
2026-05-20T14:45:00+05:30,1172.6,1173.8,1171.8,1172.5,15297,0
2026-05-20T14:50:00+05:30,1172.7,1172.8,1171.3,1171.6,11958,0
2026-05-20T14:55:00+05:30,1171.7,1172.7,1170.5,1170.7,21849,0
2026-05-20T15:00:00+05:30,1171.1,1171.1,1168.5,1169.2,64549,0
2026-05-20T15:05:00+05:30,1169.3,1171.4,1168.7,1170.8,56735,0
2026-05-20T15:10:00+05:30,1171.0,1171.0,1170.0,1170.4,40002,0
2026-05-20T15:15:00+05:30,1170.4,1170.4,1169.3,1169.4,41491,0
2026-05-20T15:20:00+05:30,1169.4,1169.5,1168.3,1169.3,59176,0
2026-05-20T15:25:00+05:30,1169.2,1173.0,1169.1,1172.2,61551,0
2026-05-21T09:15:00+05:30,1173.7,1180.6,1172.4,1173.5,120965,0
2026-05-21T09:20:00+05:30,1173.5,1179.2,1172.4,1174.4,65021,0
2026-05-21T09:25:00+05:30,1174.4,1174.4,1167.4,1170.2,75822,0
2026-05-21T09:30:00+05:30,1170.4,1172.0,1168.6,1172.0,29228,0
2026-05-21T09:35:00+05:30,1171.8,1172.0,1169.7,1171.0,20236,0
2026-05-21T09:40:00+05:30,1171.0,1172.0,1169.1,1171.6,14226,0
2026-05-21T09:45:00+05:30,1171.6,1172.3,1171.1,1172.3,14956,0
2026-05-21T09:50:00+05:30,1172.3,1176.0,1171.3,1174.9,35213,0
2026-05-21T09:55:00+05:30,1174.7,1174.9,1172.2,1172.5,21889,0
2026-05-21T10:00:00+05:30,1172.8,1174.4,1172.4,1173.7,13656,0
2026-05-21T10:05:00+05:30,1173.6,1173.9,1172.1,1173.0,15207,0
2026-05-21T10:10:00+05:30,1173.3,1175.2,1172.7,1173.0,15340,0
2026-05-21T10:15:00+05:30,1173.8,1175.0,1173.1,1175.0,13736,0
2026-05-21T10:20:00+05:30,1175.0,1176.4,1174.7,1174.7,16877,0
2026-05-21T10:25:00+05:30,1174.7,1174.9,1173.0,1173.0,10446,0
2026-05-21T10:30:00+05:30,1173.3,1174.2,1170.5,1170.7,16484,0
2026-05-21T10:35:00+05:30,1170.7,1170.9,1168.6,1169.5,18884,0
2026-05-21T10:40:00+05:30,1169.5,1173.6,1169.4,1173.6,22224,0
2026-05-21T10:45:00+05:30,1173.8,1174.8,1173.1,1174.1,30933,0
2026-05-21T10:50:00+05:30,1174.1,1176.0,1172.9,1175.2,21250,0
2026-05-21T10:55:00+05:30,1175.2,1175.5,1172.8,1173.7,9290,0
2026-05-21T11:00:00+05:30,1173.7,1173.7,1168.9,1170.2,116968,0
2026-05-21T11:05:00+05:30,1170.7,1173.2,1169.6,1172.0,34739,0
2026-05-21T11:10:00+05:30,1172.5,1172.9,1171.0,1171.6,31970,0
2026-05-21T11:15:00+05:30,1171.9,1172.0,1167.0,1168.9,101049,0
2026-05-21T11:20:00+05:30,1169.0,1171.2,1168.0,1170.3,37012,0
2026-05-21T11:25:00+05:30,1170.6,1171.1,1168.4,1168.4,70286,0
2026-05-21T11:30:00+05:30,1169.0,1169.1,1165.4,1165.6,25902,0
2026-05-21T11:35:00+05:30,1165.7,1167.3,1163.3,1167.1,32142,0
2026-05-21T11:40:00+05:30,1167.1,1167.5,1164.2,1164.8,29687,0
2026-05-21T11:45:00+05:30,1164.7,1164.7,1163.2,1163.8,12745,0
2026-05-21T11:50:00+05:30,1164.0,1165.9,1163.3,1165.0,32553,0
2026-05-21T11:55:00+05:30,1165.0,1167.0,1164.9,1165.3,56947,0
2026-05-21T12:00:00+05:30,1165.7,1169.7,1165.3,1169.5,63462,0
2026-05-21T12:05:00+05:30,1169.6,1172.8,1169.5,1172.1,26778,0
2026-05-21T12:10:00+05:30,1172.3,1174.0,1171.1,1171.1,21996,0
2026-05-21T12:15:00+05:30,1171.7,1172.0,1170.1,1170.8,6247,0
2026-05-21T12:20:00+05:30,1170.8,1171.0,1169.4,1170.9,14283,0
2026-05-21T12:25:00+05:30,1171.0,1171.8,1168.9,1170.1,28329,0
2026-05-21T12:30:00+05:30,1170.1,1170.4,1168.4,1169.4,10724,0
2026-05-21T12:35:00+05:30,1169.4,1169.6,1166.3,1166.8,10254,0
2026-05-21T12:40:00+05:30,1166.8,1168.9,1166.1,1168.8,24277,0
2026-05-21T12:45:00+05:30,1168.8,1169.9,1168.0,1169.8,12151,0
2026-05-21T12:50:00+05:30,1169.8,1171.4,1169.5,1170.9,8566,0
2026-05-21T12:55:00+05:30,1170.9,1172.0,1170.1,1171.3,9338,0
2026-05-21T13:00:00+05:30,1171.4,1171.9,1170.0,1171.9,8726,0
2026-05-21T13:05:00+05:30,1172.0,1172.3,1171.1,1171.3,7440,0
2026-05-21T13:10:00+05:30,1171.6,1172.0,1170.3,1171.2,8071,0
2026-05-21T13:15:00+05:30,1171.2,1171.2,1169.4,1170.4,7530,0
2026-05-21T13:20:00+05:30,1170.9,1171.7,1170.1,1171.7,5661,0
2026-05-21T13:25:00+05:30,1171.6,1172.2,1170.5,1170.5,8525,0
2026-05-21T13:30:00+05:30,1170.5,1172.1,1169.5,1172.1,12344,0
2026-05-21T13:35:00+05:30,1172.1,1172.4,1170.5,1170.7,15951,0
2026-05-21T13:40:00+05:30,1170.7,1171.0,1170.1,1170.6,5287,0
2026-05-21T13:45:00+05:30,1170.8,1172.0,1170.5,1170.5,6438,0
2026-05-21T13:50:00+05:30,1170.7,1170.8,1169.5,1170.4,6571,0
2026-05-21T13:55:00+05:30,1170.4,1173.0,1170.0,1172.9,8261,0
2026-05-21T14:00:00+05:30,1173.0,1173.0,1172.0,1172.8,8837,0
2026-05-21T14:05:00+05:30,1172.7,1172.7,1171.1,1171.3,10145,0
2026-05-21T14:10:00+05:30,1171.3,1171.5,1170.0,1170.4,30513,0
2026-05-21T14:15:00+05:30,1170.5,1171.4,1170.0,1170.1,8884,0
2026-05-21T14:20:00+05:30,1170.2,1171.5,1170.1,1171.5,7925,0
2026-05-21T14:25:00+05:30,1171.5,1172.3,1171.2,1171.6,8148,0
2026-05-21T14:30:00+05:30,1172.0,1172.1,1171.4,1171.7,5698,0
2026-05-21T14:35:00+05:30,1171.7,1172.4,1169.6,1170.1,15451,0
2026-05-21T14:40:00+05:30,1170.3,1172.8,1169.4,1171.0,16957,0
2026-05-21T14:45:00+05:30,1171.0,1171.9,1170.1,1171.4,14211,0
2026-05-21T14:50:00+05:30,1171.4,1172.3,1170.9,1172.1,7853,0
2026-05-21T14:55:00+05:30,1172.1,1172.4,1167.8,1169.0,56653,0
2026-05-21T15:00:00+05:30,1169.0,1169.6,1167.9,1168.3,80553,0
2026-05-21T15:05:00+05:30,1168.4,1169.0,1167.2,1167.7,75074,0
2026-05-21T15:10:00+05:30,1167.8,1169.2,1167.5,1167.8,92437,0
2026-05-21T15:15:00+05:30,1167.9,1168.2,1167.5,1167.9,61387,0
2026-05-21T15:20:00+05:30,1167.8,1168.7,1167.3,1168.3,121938,0
2026-05-21T15:25:00+05:30,1168.3,1168.8,1166.0,1168.0,77671,0
2026-05-22T09:15:00+05:30,1169.9,1174.3,1165.7,1168.2,50487,0
2026-05-22T09:20:00+05:30,1168.5,1169.3,1164.7,1166.6,43875,0
2026-05-22T09:25:00+05:30,1167.1,1167.8,1163.0,1164.8,28462,0
2026-05-22T09:30:00+05:30,1164.5,1169.5,1163.9,1168.6,45230,0
2026-05-22T09:35:00+05:30,1169.0,1169.5,1166.2,1166.8,21961,0
2026-05-22T09:40:00+05:30,1166.7,1167.3,1164.7,1166.4,14055,0
2026-05-22T09:45:00+05:30,1166.4,1167.5,1164.4,1164.7,13570,0
2026-05-22T09:50:00+05:30,1165.1,1168.6,1164.7,1168.5,11266,0
2026-05-22T09:55:00+05:30,1168.5,1169.6,1167.6,1168.0,20504,0
2026-05-22T10:00:00+05:30,1168.0,1168.3,1166.3,1167.2,18168,0
2026-05-22T10:05:00+05:30,1167.5,1167.9,1166.3,1167.0,9672,0
2026-05-22T10:10:00+05:30,1167.2,1167.7,1165.4,1165.7,10423,0
2026-05-22T10:15:00+05:30,1165.6,1165.8,1162.2,1163.5,22861,0
2026-05-22T10:20:00+05:30,1163.6,1167.6,1162.6,1166.7,16401,0
2026-05-22T10:25:00+05:30,1167.0,1171.8,1166.6,1170.8,23422,0
2026-05-22T10:30:00+05:30,1170.7,1174.6,1170.1,1173.7,14174,0
2026-05-22T10:35:00+05:30,1173.6,1173.8,1172.0,1173.3,10089,0
2026-05-22T10:40:00+05:30,1173.8,1176.0,1173.0,1174.0,28384,0
2026-05-22T10:45:00+05:30,1174.7,1175.4,1172.5,1173.2,11958,0
2026-05-22T10:50:00+05:30,1173.5,1173.5,1172.2,1172.8,5404,0
2026-05-22T10:55:00+05:30,1172.8,1173.3,1171.0,1171.6,6308,0
2026-05-22T11:00:00+05:30,1171.6,1171.8,1169.2,1171.1,9037,0
2026-05-22T11:05:00+05:30,1171.2,1172.6,1171.0,1172.2,5845,0
2026-05-22T11:10:00+05:30,1172.6,1173.3,1170.8,1172.0,4633,0
2026-05-22T11:15:00+05:30,1172.0,1172.4,1171.2,1171.7,5587,0
2026-05-22T11:20:00+05:30,1171.8,1174.2,1171.7,1173.4,8167,0
2026-05-22T11:25:00+05:30,1173.5,1173.7,1171.2,1172.2,8348,0
2026-05-22T11:30:00+05:30,1172.7,1174.8,1172.3,1172.7,30836,0
2026-05-22T11:35:00+05:30,1172.7,1173.6,1171.9,1173.5,6510,0
2026-05-22T11:40:00+05:30,1173.6,1174.5,1173.0,1174.1,9207,0
2026-05-22T11:45:00+05:30,1174.1,1174.5,1171.0,1172.5,29417,0
2026-05-22T11:50:00+05:30,1172.7,1172.8,1171.7,1172.2,7566,0
2026-05-22T11:55:00+05:30,1172.3,1172.8,1171.3,1171.8,5704,0
2026-05-22T12:00:00+05:30,1171.9,1171.9,1170.3,1171.8,6889,0
2026-05-22T12:05:00+05:30,1171.8,1171.9,1168.3,1168.5,49390,0
2026-05-22T12:10:00+05:30,1168.9,1169.9,1168.8,1169.2,5189,0
2026-05-22T12:15:00+05:30,1169.2,1169.4,1168.0,1168.5,12286,0
2026-05-22T12:20:00+05:30,1168.6,1169.0,1168.0,1168.2,23464,0
2026-05-22T12:25:00+05:30,1168.2,1169.3,1167.4,1168.4,9086,0
2026-05-22T12:30:00+05:30,1168.5,1169.3,1166.6,1169.0,24207,0
2026-05-22T12:35:00+05:30,1169.0,1169.2,1167.7,1168.3,9437,0
2026-05-22T12:40:00+05:30,1168.2,1169.0,1167.4,1169.0,8730,0
2026-05-22T12:45:00+05:30,1168.9,1169.2,1166.7,1166.7,8968,0
2026-05-22T12:50:00+05:30,1166.7,1168.3,1166.4,1168.1,18651,0
2026-05-22T12:55:00+05:30,1168.0,1169.0,1166.0,1166.3,16363,0
2026-05-22T13:00:00+05:30,1166.4,1166.4,1165.3,1165.7,9059,0
2026-05-22T13:05:00+05:30,1165.7,1165.7,1164.1,1164.6,8808,0
2026-05-22T13:10:00+05:30,1164.7,1165.4,1164.5,1165.1,6137,0
2026-05-22T13:15:00+05:30,1165.1,1166.3,1164.4,1164.9,12708,0
2026-05-22T13:20:00+05:30,1165.0,1165.6,1164.4,1165.6,7010,0
2026-05-22T13:25:00+05:30,1165.6,1166.1,1164.4,1166.0,26346,0
2026-05-22T13:30:00+05:30,1166.0,1166.9,1165.9,1166.2,5931,0
2026-05-22T13:35:00+05:30,1166.2,1166.2,1165.3,1165.8,8856,0
2026-05-22T13:40:00+05:30,1165.9,1166.4,1165.5,1165.9,8248,0
2026-05-22T13:45:00+05:30,1165.9,1167.0,1165.7,1165.7,13805,0
2026-05-22T13:50:00+05:30,1166.0,1166.4,1164.5,1165.0,10898,0
2026-05-22T13:55:00+05:30,1165.0,1165.1,1164.4,1164.8,5449,0
2026-05-22T14:00:00+05:30,1164.8,1165.6,1164.5,1165.3,8154,0
2026-05-22T14:05:00+05:30,1165.4,1166.3,1164.0,1166.1,10195,0
2026-05-22T14:10:00+05:30,1166.1,1166.4,1160.0,1161.4,40430,0
2026-05-22T14:15:00+05:30,1161.4,1163.6,1159.9,1163.1,227906,0
2026-05-22T14:20:00+05:30,1163.0,1164.9,1162.0,1164.3,32086,0
2026-05-22T14:25:00+05:30,1164.6,1164.8,1163.2,1163.3,26085,0
2026-05-22T14:30:00+05:30,1163.5,1165.0,1162.9,1164.7,25959,0
2026-05-22T14:35:00+05:30,1164.7,1165.0,1162.5,1163.1,25845,0
2026-05-22T14:40:00+05:30,1163.1,1163.6,1162.0,1162.0,22832,0
2026-05-22T14:45:00+05:30,1162.0,1164.2,1161.8,1164.0,27556,0
2026-05-22T14:50:00+05:30,1163.9,1165.0,1163.3,1164.5,18303,0
2026-05-22T14:55:00+05:30,1164.6,1165.0,1159.9,1163.6,168066,0
2026-05-22T15:00:00+05:30,1163.8,1163.8,1161.8,1163.5,87170,0
2026-05-22T15:05:00+05:30,1163.6,1164.2,1162.7,1163.4,71012,0
2026-05-22T15:10:00+05:30,1163.5,1163.6,1161.9,1162.7,108420,0
2026-05-22T15:15:00+05:30,1162.6,1165.9,1161.7,1165.8,100041,0
2026-05-22T15:20:00+05:30,1165.8,1167.3,1165.0,1167.1,97000,0
2026-05-22T15:25:00+05:30,1167.1,1168.0,1165.2,1167.0,71035,0
2026-05-25T09:15:00+05:30,1168.0,1175.3,1166.5,1168.0,89688,0
2026-05-25T09:20:00+05:30,1168.5,1170.0,1166.0,1167.6,35434,0
2026-05-25T09:25:00+05:30,1167.6,1169.1,1166.6,1167.1,26080,0
2026-05-25T09:30:00+05:30,1167.1,1167.2,1163.1,1164.6,34814,0
2026-05-25T09:35:00+05:30,1164.6,1166.4,1164.1,1166.2,21516,0
2026-05-25T09:40:00+05:30,1166.2,1167.3,1165.2,1165.7,11229,0
2026-05-25T09:45:00+05:30,1166.0,1166.0,1163.3,1164.7,31816,0
2026-05-25T09:50:00+05:30,1164.5,1165.0,1162.4,1163.5,16692,0
2026-05-25T09:55:00+05:30,1163.5,1164.6,1163.1,1164.0,10823,0
2026-05-25T10:00:00+05:30,1164.0,1164.0,1162.1,1162.7,11359,0
2026-05-25T10:05:00+05:30,1162.8,1164.8,1162.5,1164.8,13426,0
2026-05-25T10:10:00+05:30,1164.8,1166.9,1164.7,1166.7,12416,0
2026-05-25T10:15:00+05:30,1166.7,1169.2,1166.5,1169.0,25451,0
2026-05-25T10:20:00+05:30,1169.0,1172.2,1168.7,1170.4,26099,0
2026-05-25T10:25:00+05:30,1170.4,1170.5,1167.2,1168.4,10541,0
2026-05-25T10:30:00+05:30,1168.4,1169.6,1167.8,1168.8,5694,0
2026-05-25T10:35:00+05:30,1169.0,1171.0,1168.6,1170.5,10472,0
2026-05-25T10:40:00+05:30,1170.5,1173.0,1169.6,1173.0,13987,0
2026-05-25T10:45:00+05:30,1172.9,1175.6,1171.5,1173.0,47682,0
2026-05-25T10:50:00+05:30,1173.0,1173.4,1171.6,1173.0,8652,0
2026-05-25T10:55:00+05:30,1173.0,1174.8,1172.0,1174.0,14657,0
2026-05-25T11:00:00+05:30,1174.1,1175.8,1173.6,1175.5,19738,0
2026-05-25T11:05:00+05:30,1175.8,1178.0,1175.7,1177.0,59424,0
2026-05-25T11:10:00+05:30,1177.0,1177.0,1174.7,1176.6,18058,0
2026-05-25T11:15:00+05:30,1176.6,1176.7,1173.0,1174.6,12746,0
2026-05-25T11:20:00+05:30,1174.6,1174.8,1172.2,1173.0,7252,0
2026-05-25T11:25:00+05:30,1173.0,1174.3,1172.1,1174.0,12061,0
2026-05-25T11:30:00+05:30,1174.0,1174.2,1172.9,1173.3,7686,0
2026-05-25T11:35:00+05:30,1173.8,1174.0,1172.9,1173.5,7802,0
2026-05-25T11:40:00+05:30,1173.7,1173.8,1172.9,1173.2,7289,0
2026-05-25T11:45:00+05:30,1173.2,1173.2,1172.1,1172.6,7717,0
2026-05-25T11:50:00+05:30,1172.5,1172.6,1171.6,1172.6,11464,0
2026-05-25T11:55:00+05:30,1172.6,1173.0,1171.1,1171.7,4074,0
2026-05-25T12:00:00+05:30,1171.7,1172.7,1170.9,1171.4,4845,0
2026-05-25T12:05:00+05:30,1172.0,1172.2,1171.2,1171.3,2669,0
2026-05-25T12:10:00+05:30,1171.9,1172.1,1171.3,1171.5,2016,0
2026-05-25T12:15:00+05:30,1171.5,1171.6,1170.2,1170.4,7621,0
2026-05-25T12:20:00+05:30,1170.8,1171.0,1170.0,1170.1,8318,0
2026-05-25T12:25:00+05:30,1170.1,1170.5,1169.0,1169.3,8963,0
2026-05-25T12:30:00+05:30,1169.3,1169.6,1168.5,1168.6,5274,0
2026-05-25T12:35:00+05:30,1168.6,1170.0,1168.6,1169.3,11919,0
2026-05-25T12:40:00+05:30,1169.8,1170.2,1169.0,1169.4,3747,0
2026-05-25T12:45:00+05:30,1169.4,1169.4,1167.5,1167.9,6887,0
2026-05-25T12:50:00+05:30,1167.9,1169.3,1167.0,1169.1,8511,0
2026-05-25T12:55:00+05:30,1169.1,1171.6,1168.5,1170.7,13520,0
2026-05-25T13:00:00+05:30,1170.7,1172.5,1170.4,1171.9,11342,0
2026-05-25T13:05:00+05:30,1171.8,1172.6,1171.1,1171.8,7099,0
2026-05-25T13:10:00+05:30,1171.8,1171.8,1169.6,1170.4,7001,0
2026-05-25T13:15:00+05:30,1170.4,1171.0,1169.7,1170.9,4333,0
2026-05-25T13:20:00+05:30,1170.9,1172.9,1170.5,1172.8,10341,0
2026-05-25T13:25:00+05:30,1172.8,1174.9,1171.7,1174.9,13041,0
2026-05-25T13:30:00+05:30,1174.9,1175.5,1173.2,1174.7,22188,0
2026-05-25T13:35:00+05:30,1174.7,1174.7,1171.5,1172.1,9332,0
2026-05-25T13:40:00+05:30,1172.1,1173.0,1169.8,1169.8,12237,0
2026-05-25T13:45:00+05:30,1170.0,1170.8,1168.6,1169.7,14024,0
2026-05-25T13:50:00+05:30,1169.7,1169.8,1168.0,1168.4,17354,0
2026-05-25T13:55:00+05:30,1168.4,1168.6,1165.9,1167.3,13335,0
2026-05-25T14:00:00+05:30,1167.8,1167.9,1166.1,1167.5,9304,0
2026-05-25T14:05:00+05:30,1167.4,1167.9,1166.5,1167.0,9677,0
2026-05-25T14:10:00+05:30,1167.0,1168.0,1165.9,1167.0,16372,0
2026-05-25T14:15:00+05:30,1167.2,1168.3,1166.7,1168.3,4457,0
2026-05-25T14:20:00+05:30,1168.3,1168.7,1166.2,1166.9,10325,0
2026-05-25T14:25:00+05:30,1166.9,1168.2,1165.7,1168.2,13413,0
2026-05-25T14:30:00+05:30,1168.2,1169.6,1166.9,1169.6,8914,0
2026-05-25T14:35:00+05:30,1169.6,1170.3,1168.5,1170.0,9688,0
2026-05-25T14:40:00+05:30,1170.0,1170.0,1168.4,1168.9,10209,0
2026-05-25T14:45:00+05:30,1169.0,1169.4,1167.1,1167.4,23928,0
2026-05-25T14:50:00+05:30,1167.9,1167.9,1166.1,1166.9,33605,0
2026-05-25T14:55:00+05:30,1166.9,1168.5,1165.9,1168.3,35376,0
2026-05-25T15:00:00+05:30,1168.3,1168.3,1166.1,1166.5,62518,0
2026-05-25T15:05:00+05:30,1167.0,1167.2,1165.3,1166.9,38783,0
2026-05-25T15:10:00+05:30,1166.9,1166.9,1165.4,1166.5,49628,0
2026-05-25T15:15:00+05:30,1166.5,1166.5,1163.1,1164.5,67657,0
2026-05-25T15:20:00+05:30,1164.5,1166.2,1164.3,1165.4,66329,0
2026-05-25T15:25:00+05:30,1165.4,1168.0,1163.3,1167.1,58632,0
2026-05-26T09:15:00+05:30,1165.7,1171.5,1163.9,1170.9,53346,0
2026-05-26T09:20:00+05:30,1171.0,1171.6,1169.1,1171.3,18466,0
2026-05-26T09:25:00+05:30,1171.5,1171.5,1167.3,1167.6,15306,0
2026-05-26T09:30:00+05:30,1167.8,1168.6,1166.0,1166.5,12247,0
2026-05-26T09:35:00+05:30,1166.4,1167.5,1164.3,1167.2,53078,0
2026-05-26T09:40:00+05:30,1166.7,1167.3,1164.9,1166.7,17350,0
2026-05-26T09:45:00+05:30,1166.7,1166.8,1164.5,1165.4,12855,0
2026-05-26T09:50:00+05:30,1165.4,1165.6,1164.3,1164.3,21873,0
2026-05-26T09:55:00+05:30,1164.8,1165.2,1163.5,1164.1,16504,0
2026-05-26T10:00:00+05:30,1164.5,1165.0,1163.5,1164.8,11838,0
2026-05-26T10:05:00+05:30,1164.8,1165.7,1163.5,1165.0,9933,0
2026-05-26T10:10:00+05:30,1165.0,1166.7,1164.6,1166.0,9271,0
2026-05-26T10:15:00+05:30,1166.0,1166.5,1165.4,1165.6,5575,0
2026-05-26T10:20:00+05:30,1166.0,1167.0,1165.5,1166.5,12762,0
2026-05-26T10:25:00+05:30,1166.5,1166.8,1166.0,1166.5,9137,0
2026-05-26T10:30:00+05:30,1166.5,1167.0,1166.0,1166.7,9622,0
2026-05-26T10:35:00+05:30,1166.5,1167.5,1166.2,1166.7,9877,0
2026-05-26T10:40:00+05:30,1166.7,1167.3,1166.0,1166.2,8440,0
2026-05-26T10:45:00+05:30,1166.7,1167.2,1166.0,1167.0,10579,0
2026-05-26T10:50:00+05:30,1167.0,1167.7,1166.5,1167.1,11126,0
2026-05-26T10:55:00+05:30,1167.5,1168.4,1166.6,1167.7,22970,0
2026-05-26T11:00:00+05:30,1168.3,1168.6,1167.2,1168.0,7195,0
2026-05-26T11:05:00+05:30,1168.0,1168.5,1167.3,1167.9,6236,0
2026-05-26T11:10:00+05:30,1167.9,1168.0,1166.9,1168.0,10767,0
2026-05-26T11:15:00+05:30,1167.9,1168.8,1167.0,1167.9,8622,0
2026-05-26T11:20:00+05:30,1167.9,1168.0,1167.0,1167.4,4858,0
2026-05-26T11:25:00+05:30,1167.4,1167.7,1166.0,1166.0,6620,0
2026-05-26T11:30:00+05:30,1166.3,1167.2,1165.1,1166.5,12514,0
2026-05-26T11:35:00+05:30,1167.1,1167.9,1166.6,1167.2,12871,0
2026-05-26T11:40:00+05:30,1167.7,1167.8,1166.7,1166.8,5639,0
2026-05-26T11:45:00+05:30,1167.4,1168.6,1166.8,1167.8,6313,0
2026-05-26T11:50:00+05:30,1168.0,1169.0,1167.2,1169.0,12216,0
2026-05-26T11:55:00+05:30,1169.0,1169.4,1167.6,1168.0,8935,0
2026-05-26T12:00:00+05:30,1168.0,1168.6,1166.7,1167.8,4682,0
2026-05-26T12:05:00+05:30,1168.6,1169.0,1168.0,1168.9,5475,0
2026-05-26T12:10:00+05:30,1168.8,1170.0,1168.1,1168.3,17383,0
2026-05-26T12:15:00+05:30,1169.0,1169.9,1168.3,1169.7,12968,0
2026-05-26T12:20:00+05:30,1169.6,1169.9,1169.0,1169.5,3787,0
2026-05-26T12:25:00+05:30,1169.3,1169.9,1169.0,1169.9,6395,0
2026-05-26T12:30:00+05:30,1169.9,1170.7,1169.6,1170.0,53529,0
2026-05-26T12:35:00+05:30,1170.0,1173.7,1169.7,1172.0,40800,0
2026-05-26T12:40:00+05:30,1172.0,1172.0,1170.7,1171.2,9936,0
2026-05-26T12:45:00+05:30,1171.6,1171.6,1168.8,1170.5,8816,0
2026-05-26T12:50:00+05:30,1170.6,1171.0,1169.2,1170.5,10566,0
2026-05-26T12:55:00+05:30,1170.6,1171.6,1169.8,1170.4,13146,0
2026-05-26T13:00:00+05:30,1170.2,1170.6,1168.4,1169.1,12875,0
2026-05-26T13:05:00+05:30,1169.1,1170.1,1168.6,1169.9,9319,0
2026-05-26T13:10:00+05:30,1169.9,1170.8,1169.1,1170.0,12978,0
2026-05-26T13:15:00+05:30,1170.0,1171.0,1169.0,1170.2,19065,0
2026-05-26T13:20:00+05:30,1170.7,1171.5,1170.0,1170.1,6930,0
2026-05-26T13:25:00+05:30,1170.4,1171.5,1169.7,1171.4,15327,0
2026-05-26T13:30:00+05:30,1171.4,1172.5,1170.7,1171.4,6706,0
2026-05-26T13:35:00+05:30,1171.9,1172.0,1170.7,1170.9,5974,0
2026-05-26T13:40:00+05:30,1170.9,1171.8,1169.0,1169.5,6720,0
2026-05-26T13:45:00+05:30,1169.4,1169.9,1168.0,1168.1,6396,0
2026-05-26T13:50:00+05:30,1168.5,1168.5,1166.4,1167.8,17959,0
2026-05-26T13:55:00+05:30,1167.8,1167.8,1166.0,1166.1,10486,0
2026-05-26T14:00:00+05:30,1166.5,1166.5,1161.0,1161.0,39565,0
2026-05-26T14:05:00+05:30,1161.3,1162.5,1160.0,1161.5,29583,0
2026-05-26T14:10:00+05:30,1161.5,1163.0,1160.4,1162.6,11035,0
2026-05-26T14:15:00+05:30,1162.9,1162.9,1161.3,1161.7,5303,0
2026-05-26T14:20:00+05:30,1162.1,1162.6,1161.6,1162.0,11439,0
2026-05-26T14:25:00+05:30,1162.5,1162.7,1161.0,1161.4,17792,0
2026-05-26T14:30:00+05:30,1161.4,1162.1,1161.0,1161.3,6789,0
2026-05-26T14:35:00+05:30,1161.6,1162.1,1160.2,1161.2,8537,0
2026-05-26T14:40:00+05:30,1161.6,1162.8,1160.7,1162.3,6395,0
2026-05-26T14:45:00+05:30,1162.7,1163.2,1161.3,1161.7,7902,0
2026-05-26T14:50:00+05:30,1161.7,1162.3,1160.8,1161.4,8458,0
2026-05-26T14:55:00+05:30,1161.6,1163.2,1161.4,1162.3,10020,0
2026-05-26T15:00:00+05:30,1162.4,1162.8,1160.8,1161.9,55806,0
2026-05-26T15:05:00+05:30,1161.9,1162.7,1161.0,1161.0,42125,0
2026-05-26T15:10:00+05:30,1161.3,1162.1,1161.0,1161.7,39611,0
2026-05-26T15:15:00+05:30,1161.7,1162.2,1161.2,1161.9,32439,0
2026-05-26T15:20:00+05:30,1161.9,1163.1,1161.7,1162.2,48027,0
2026-05-26T15:25:00+05:30,1162.1,1163.0,1161.2,1162.9,38687,0
2026-05-27T09:15:00+05:30,1155.3,1166.9,1153.7,1158.6,65897,0
2026-05-27T09:20:00+05:30,1158.6,1162.9,1158.3,1161.9,29693,0
2026-05-27T09:25:00+05:30,1162.0,1162.2,1159.9,1161.3,25357,0
2026-05-27T09:30:00+05:30,1161.0,1161.7,1159.8,1161.4,23352,0
2026-05-27T09:35:00+05:30,1161.3,1162.4,1160.0,1162.3,12393,0
2026-05-27T09:40:00+05:30,1162.3,1163.7,1161.0,1161.8,12783,0
2026-05-27T09:45:00+05:30,1161.8,1161.8,1159.9,1160.2,24808,0
2026-05-27T09:50:00+05:30,1160.3,1161.3,1160.0,1160.9,8878,0
2026-05-27T09:55:00+05:30,1160.5,1160.9,1160.0,1160.1,5845,0
2026-05-27T10:00:00+05:30,1160.6,1161.8,1160.0,1161.8,12849,0
2026-05-27T10:05:00+05:30,1161.7,1163.2,1160.9,1162.5,10373,0
2026-05-27T10:10:00+05:30,1162.0,1163.5,1161.3,1163.0,6863,0
2026-05-27T10:15:00+05:30,1163.0,1165.8,1162.5,1165.3,13241,0
2026-05-27T10:20:00+05:30,1165.3,1165.8,1162.6,1163.5,12601,0
2026-05-27T10:25:00+05:30,1163.5,1163.5,1161.5,1163.0,9782,0
2026-05-27T10:30:00+05:30,1163.0,1163.3,1162.1,1162.2,3382,0
2026-05-27T10:35:00+05:30,1162.6,1163.3,1161.4,1163.0,7869,0
2026-05-27T10:40:00+05:30,1163.0,1163.0,1161.9,1162.1,3263,0
2026-05-27T10:45:00+05:30,1162.3,1162.5,1160.5,1162.5,10292,0
2026-05-27T10:50:00+05:30,1162.5,1165.6,1162.5,1165.6,14935,0
2026-05-27T10:55:00+05:30,1165.5,1165.9,1164.8,1165.3,7290,0
2026-05-27T11:00:00+05:30,1165.2,1165.8,1164.3,1165.5,8454,0
2026-05-27T11:05:00+05:30,1165.5,1167.8,1164.9,1166.5,22483,0
2026-05-27T11:10:00+05:30,1166.5,1167.6,1165.5,1167.0,7567,0
2026-05-27T11:15:00+05:30,1167.0,1167.2,1165.0,1165.5,7374,0
2026-05-27T11:20:00+05:30,1165.5,1166.0,1165.0,1165.3,4931,0
2026-05-27T11:25:00+05:30,1165.3,1165.9,1164.3,1164.9,4815,0
2026-05-27T11:30:00+05:30,1164.9,1165.6,1163.2,1164.2,9998,0
2026-05-27T11:35:00+05:30,1164.2,1164.9,1162.5,1163.7,11356,0
2026-05-27T11:40:00+05:30,1164.3,1164.9,1163.7,1164.5,3560,0
2026-05-27T11:45:00+05:30,1164.5,1165.0,1163.7,1164.8,4448,0
2026-05-27T11:50:00+05:30,1164.8,1165.0,1163.6,1164.0,6589,0
2026-05-27T11:55:00+05:30,1164.0,1164.3,1162.0,1162.8,13182,0
2026-05-27T12:00:00+05:30,1162.8,1163.4,1162.4,1162.6,7429,0
2026-05-27T12:05:00+05:30,1162.6,1163.0,1162.5,1163.0,3441,0
2026-05-27T12:10:00+05:30,1163.0,1163.9,1162.6,1163.0,6558,0
2026-05-27T12:15:00+05:30,1162.9,1163.2,1162.0,1162.9,4913,0
2026-05-27T12:20:00+05:30,1162.9,1163.2,1161.2,1162.0,6186,0
2026-05-27T12:25:00+05:30,1162.0,1162.0,1160.6,1161.0,4726,0
2026-05-27T12:30:00+05:30,1161.0,1161.2,1160.0,1161.2,8064,0
2026-05-27T12:35:00+05:30,1161.2,1162.9,1160.5,1162.8,4893,0
2026-05-27T12:40:00+05:30,1162.7,1162.8,1161.8,1162.2,3729,0
2026-05-27T12:45:00+05:30,1162.2,1162.4,1161.0,1161.9,8321,0
2026-05-27T12:50:00+05:30,1162.0,1162.0,1160.8,1161.8,15832,0
2026-05-27T12:55:00+05:30,1161.8,1162.0,1161.0,1161.7,5818,0
2026-05-27T13:00:00+05:30,1161.7,1161.9,1160.8,1161.8,4768,0
2026-05-27T13:05:00+05:30,1161.8,1161.9,1161.0,1161.5,4924,0
2026-05-27T13:10:00+05:30,1161.4,1161.6,1160.4,1161.4,6324,0
2026-05-27T13:15:00+05:30,1161.4,1161.4,1160.1,1160.6,3874,0
2026-05-27T13:20:00+05:30,1160.6,1161.4,1160.0,1161.0,5636,0
2026-05-27T13:25:00+05:30,1161.0,1161.2,1160.1,1160.9,4742,0
2026-05-27T13:30:00+05:30,1160.9,1162.7,1160.7,1162.3,15504,0
2026-05-27T13:35:00+05:30,1162.3,1163.6,1161.5,1162.5,10306,0
2026-05-27T13:40:00+05:30,1162.6,1162.9,1161.5,1162.0,8963,0
2026-05-27T13:45:00+05:30,1161.9,1162.4,1161.0,1162.4,7158,0
2026-05-27T13:50:00+05:30,1162.3,1162.7,1161.5,1162.2,4671,0
2026-05-27T13:55:00+05:30,1162.2,1162.6,1161.1,1162.4,4788,0
2026-05-27T14:00:00+05:30,1162.4,1162.6,1161.5,1162.2,2839,0
2026-05-27T14:05:00+05:30,1162.2,1162.6,1162.0,1162.2,4292,0
2026-05-27T14:10:00+05:30,1162.2,1162.2,1160.7,1160.9,6688,0
2026-05-27T14:15:00+05:30,1161.4,1162.1,1160.9,1161.2,2855,0
2026-05-27T14:20:00+05:30,1161.6,1162.3,1160.9,1161.2,9276,0
2026-05-27T14:25:00+05:30,1161.3,1161.6,1160.5,1160.5,9551,0
2026-05-27T14:30:00+05:30,1160.8,1161.7,1160.4,1160.7,6488,0
2026-05-27T14:35:00+05:30,1160.7,1161.0,1160.0,1160.9,19851,0
2026-05-27T14:40:00+05:30,1160.9,1161.7,1160.0,1161.4,17244,0
2026-05-27T14:45:00+05:30,1161.4,1161.4,1160.2,1160.9,8247,0
2026-05-27T14:50:00+05:30,1160.9,1162.0,1160.3,1161.8,15271,0
2026-05-27T14:55:00+05:30,1161.8,1162.8,1161.2,1161.6,11914,0
2026-05-27T15:00:00+05:30,1161.8,1163.6,1161.6,1162.3,39601,0
2026-05-27T15:05:00+05:30,1162.3,1164.0,1162.2,1163.9,29970,0
2026-05-27T15:10:00+05:30,1163.9,1164.6,1163.3,1163.5,42194,0
2026-05-27T15:15:00+05:30,1163.6,1166.6,1163.4,1166.1,54085,0
2026-05-27T15:20:00+05:30,1166.2,1167.0,1165.8,1166.7,52697,0
2026-05-27T15:25:00+05:30,1166.7,1169.8,1165.6,1166.9,74128,0
2026-05-29T09:15:00+05:30,1180.0,1188.8,1177.5,1188.0,243408,0
2026-05-29T09:20:00+05:30,1188.0,1190.2,1182.9,1189.5,77061,0
2026-05-29T09:25:00+05:30,1189.5,1190.5,1181.8,1183.1,83967,0
2026-05-29T09:30:00+05:30,1183.2,1183.6,1177.0,1179.8,43263,0
2026-05-29T09:35:00+05:30,1180.2,1183.9,1179.0,1183.1,23917,0
2026-05-29T09:40:00+05:30,1183.0,1185.0,1181.5,1181.8,36177,0
2026-05-29T09:45:00+05:30,1182.1,1187.5,1181.1,1186.5,36474,0
2026-05-29T09:50:00+05:30,1186.9,1188.0,1185.3,1186.3,38111,0
2026-05-29T09:55:00+05:30,1186.2,1187.4,1185.3,1186.0,20409,0
2026-05-29T10:00:00+05:30,1186.5,1191.0,1185.9,1190.0,77335,0
2026-05-29T10:05:00+05:30,1190.0,1191.7,1188.8,1190.0,50026,0
2026-05-29T10:10:00+05:30,1190.0,1191.0,1187.0,1189.3,45018,0
2026-05-29T10:15:00+05:30,1189.2,1190.5,1187.6,1189.6,27035,0
2026-05-29T10:20:00+05:30,1189.6,1189.8,1187.3,1187.5,30060,0
2026-05-29T10:25:00+05:30,1188.0,1190.0,1187.0,1188.6,22516,0
2026-05-29T10:30:00+05:30,1188.7,1188.8,1186.3,1188.0,20397,0
2026-05-29T10:35:00+05:30,1188.0,1189.4,1186.0,1187.5,22325,0
2026-05-29T10:40:00+05:30,1187.4,1188.9,1186.3,1187.5,17602,0
2026-05-29T10:45:00+05:30,1187.5,1189.8,1186.9,1187.9,26215,0
2026-05-29T10:50:00+05:30,1187.8,1188.5,1186.0,1187.0,20568,0
2026-05-29T10:55:00+05:30,1186.9,1186.9,1185.0,1186.0,29822,0
2026-05-29T11:00:00+05:30,1186.0,1186.4,1184.8,1186.2,26944,0
2026-05-29T11:05:00+05:30,1185.6,1186.7,1185.2,1185.6,23521,0
2026-05-29T11:10:00+05:30,1186.0,1187.9,1185.6,1186.9,23176,0
2026-05-29T11:15:00+05:30,1187.2,1188.7,1186.2,1188.5,22614,0
2026-05-29T11:20:00+05:30,1188.4,1189.2,1186.7,1187.2,26507,0
2026-05-29T11:25:00+05:30,1187.2,1187.9,1185.6,1185.6,27455,0
2026-05-29T11:30:00+05:30,1185.6,1186.3,1184.2,1184.5,26584,0
2026-05-29T11:35:00+05:30,1185.0,1187.4,1184.7,1186.7,41197,0
2026-05-29T11:40:00+05:30,1187.4,1187.6,1185.4,1185.8,15679,0
2026-05-29T11:45:00+05:30,1186.2,1187.8,1185.8,1187.0,19114,0
2026-05-29T11:50:00+05:30,1187.0,1187.4,1184.4,1185.6,20380,0
2026-05-29T11:55:00+05:30,1185.6,1185.6,1182.5,1184.6,76124,0
2026-05-29T12:00:00+05:30,1184.9,1185.1,1184.1,1184.7,14417,0
2026-05-29T12:05:00+05:30,1184.7,1184.8,1181.3,1182.9,23622,0
2026-05-29T12:10:00+05:30,1183.0,1183.0,1180.9,1181.2,24985,0
2026-05-29T12:15:00+05:30,1181.2,1182.9,1180.8,1182.6,27316,0
2026-05-29T12:20:00+05:30,1182.6,1183.2,1181.1,1181.9,31122,0
2026-05-29T12:25:00+05:30,1181.9,1182.5,1180.8,1181.7,25395,0
2026-05-29T12:30:00+05:30,1181.5,1181.6,1179.5,1180.8,26587,0
2026-05-29T12:35:00+05:30,1180.8,1182.0,1180.0,1181.0,23069,0
2026-05-29T12:40:00+05:30,1181.0,1182.0,1179.8,1180.5,24582,0
2026-05-29T12:45:00+05:30,1180.6,1182.8,1179.9,1181.2,24554,0
2026-05-29T12:50:00+05:30,1181.2,1181.3,1180.1,1180.4,19689,0
2026-05-29T12:55:00+05:30,1180.4,1180.4,1178.7,1179.0,32554,0
2026-05-29T13:00:00+05:30,1179.0,1181.6,1177.5,1181.6,59181,0
2026-05-29T13:05:00+05:30,1181.6,1183.5,1181.1,1183.4,114060,0
2026-05-29T13:10:00+05:30,1183.4,1184.2,1182.2,1183.5,84191,0
2026-05-29T13:15:00+05:30,1183.2,1183.8,1182.1,1183.5,70577,0
2026-05-29T13:20:00+05:30,1183.6,1185.4,1181.1,1183.2,142454,0
2026-05-29T13:25:00+05:30,1183.7,1184.2,1182.4,1184.1,66163,0
2026-05-29T13:30:00+05:30,1184.1,1186.6,1183.2,1185.2,66802,0
2026-05-29T13:35:00+05:30,1185.6,1186.4,1184.9,1186.4,17203,0
2026-05-29T13:40:00+05:30,1186.1,1186.8,1186.1,1186.4,24578,0
2026-05-29T13:45:00+05:30,1186.4,1186.6,1185.1,1185.2,73009,0
2026-05-29T13:50:00+05:30,1185.1,1185.4,1182.5,1185.4,58074,0
2026-05-29T13:55:00+05:30,1185.4,1185.7,1184.4,1185.2,33411,0
2026-05-29T14:00:00+05:30,1185.5,1185.5,1185.0,1185.1,26486,0
2026-05-29T14:05:00+05:30,1185.1,1185.9,1184.7,1185.8,19280,0
2026-05-29T14:10:00+05:30,1185.8,1187.4,1185.2,1186.2,24923,0
2026-05-29T14:15:00+05:30,1186.6,1187.1,1185.1,1185.8,19691,0
2026-05-29T14:20:00+05:30,1185.8,1187.0,1185.1,1186.4,17297,0
2026-05-29T14:25:00+05:30,1186.4,1186.9,1185.7,1186.6,18002,0
2026-05-29T14:30:00+05:30,1186.6,1190.8,1186.1,1190.0,64032,0
2026-05-29T14:35:00+05:30,1190.0,1191.7,1190.0,1190.8,47694,0
2026-05-29T14:40:00+05:30,1190.8,1191.5,1189.1,1190.0,69121,0
2026-05-29T14:45:00+05:30,1190.1,1191.5,1189.8,1191.1,49360,0
2026-05-29T14:50:00+05:30,1191.3,1191.5,1189.4,1190.6,31169,0
2026-05-29T14:55:00+05:30,1190.6,1190.6,1189.1,1190.0,256059,0
2026-05-29T15:00:00+05:30,1190.2,1190.8,1186.7,1188.2,2377268,0
2026-05-29T15:05:00+05:30,1188.2,1188.4,1180.7,1182.1,1721936,0
2026-05-29T15:10:00+05:30,1182.3,1183.9,1178.2,1180.1,1584826,0
2026-05-29T15:15:00+05:30,1180.1,1183.5,1179.9,1183.1,1180875,0
2026-05-29T15:20:00+05:30,1183.1,1183.4,1178.8,1182.1,1608634,0
2026-05-29T15:25:00+05:30,1182.1,1184.8,1178.1,1182.0,853116,0
2026-06-01T09:15:00+05:30,1190.1,1205.0,1190.1,1197.6,155355,0
2026-06-01T09:20:00+05:30,1197.4,1199.9,1195.6,1197.0,49945,0
2026-06-01T09:25:00+05:30,1196.9,1200.5,1194.2,1198.7,83174,0
2026-06-01T09:30:00+05:30,1198.7,1201.9,1198.3,1201.6,129320,0
2026-06-01T09:35:00+05:30,1201.6,1202.5,1198.1,1198.4,141935,0
2026-06-01T09:40:00+05:30,1198.4,1200.9,1197.8,1200.7,33384,0
2026-06-01T09:45:00+05:30,1200.7,1202.4,1198.9,1202.1,125797,0
2026-06-01T09:50:00+05:30,1202.1,1203.5,1201.2,1203.0,265302,0
2026-06-01T09:55:00+05:30,1203.0,1203.9,1202.0,1203.5,97462,0
2026-06-01T10:00:00+05:30,1203.5,1204.8,1197.0,1197.9,181023,0
2026-06-01T10:05:00+05:30,1197.8,1201.3,1196.3,1199.2,87887,0
2026-06-01T10:10:00+05:30,1199.2,1200.7,1198.0,1199.8,33109,0
2026-06-01T10:15:00+05:30,1199.8,1200.2,1198.0,1199.1,29762,0
2026-06-01T10:20:00+05:30,1199.4,1204.0,1199.1,1201.0,54397,0
2026-06-01T10:25:00+05:30,1201.5,1204.2,1201.1,1203.1,57820,0
2026-06-01T10:30:00+05:30,1203.3,1204.0,1200.2,1200.9,27589,0
2026-06-01T10:35:00+05:30,1200.9,1201.4,1195.4,1197.2,40627,0
2026-06-01T10:40:00+05:30,1197.4,1198.7,1195.7,1197.2,29003,0
2026-06-01T10:45:00+05:30,1197.3,1198.4,1191.8,1198.0,98958,0
2026-06-01T10:50:00+05:30,1198.0,1201.2,1197.8,1200.2,40074,0
2026-06-01T10:55:00+05:30,1199.9,1200.5,1197.1,1197.6,18209,0
2026-06-01T11:00:00+05:30,1198.0,1201.0,1197.6,1200.1,21777,0
2026-06-01T11:05:00+05:30,1200.1,1202.3,1200.0,1202.1,25251,0
2026-06-01T11:10:00+05:30,1202.1,1207.1,1202.1,1205.6,139608,0
2026-06-01T11:15:00+05:30,1205.5,1205.6,1202.8,1203.2,51164,0
2026-06-01T11:20:00+05:30,1203.2,1205.0,1202.4,1203.0,25267,0
2026-06-01T11:25:00+05:30,1203.3,1204.1,1202.5,1202.5,16713,0
2026-06-01T11:30:00+05:30,1202.7,1203.9,1202.2,1203.5,20351,0
2026-06-01T11:35:00+05:30,1203.1,1204.6,1202.5,1204.2,12789,0
2026-06-01T11:40:00+05:30,1204.4,1205.5,1203.9,1204.1,25132,0
2026-06-01T11:45:00+05:30,1204.5,1205.9,1204.0,1205.3,21085,0
2026-06-01T11:50:00+05:30,1205.4,1206.9,1205.1,1206.5,38044,0
2026-06-01T11:55:00+05:30,1206.7,1206.9,1202.7,1203.0,44413,0
2026-06-01T12:00:00+05:30,1203.1,1204.0,1201.6,1202.1,26557,0
2026-06-01T12:05:00+05:30,1202.2,1208.7,1202.1,1208.5,88358,0
2026-06-01T12:10:00+05:30,1208.0,1212.0,1208.0,1211.0,127193,0
2026-06-01T12:15:00+05:30,1211.1,1211.1,1208.0,1210.0,98364,0
2026-06-01T12:20:00+05:30,1210.4,1210.7,1209.8,1210.0,59076,0
2026-06-01T12:25:00+05:30,1210.1,1211.7,1209.9,1210.7,44382,0
2026-06-01T12:30:00+05:30,1210.6,1210.9,1209.0,1209.0,32705,0
2026-06-01T12:35:00+05:30,1209.4,1209.6,1208.0,1208.1,17866,0
2026-06-01T12:40:00+05:30,1208.2,1208.5,1207.0,1207.6,19325,0
2026-06-01T12:45:00+05:30,1207.6,1208.4,1206.5,1207.6,13444,0
2026-06-01T12:50:00+05:30,1207.8,1210.0,1207.6,1209.7,21075,0
2026-06-01T12:55:00+05:30,1209.9,1212.5,1209.3,1212.0,50287,0
2026-06-01T13:00:00+05:30,1212.3,1212.8,1211.7,1212.5,54536,0
2026-06-01T13:05:00+05:30,1212.6,1212.7,1210.3,1211.3,32289,0
2026-06-01T13:10:00+05:30,1211.3,1212.0,1210.3,1210.9,50304,0
2026-06-01T13:15:00+05:30,1211.1,1211.8,1210.8,1211.4,18620,0
2026-06-01T13:20:00+05:30,1211.3,1211.8,1210.2,1211.6,29328,0
2026-06-01T13:25:00+05:30,1211.8,1212.3,1211.1,1211.8,26552,0
2026-06-01T13:30:00+05:30,1211.9,1212.4,1210.7,1212.0,27322,0
2026-06-01T13:35:00+05:30,1212.1,1212.3,1211.4,1212.0,41274,0
2026-06-01T13:40:00+05:30,1212.1,1212.1,1212.0,1212.1,8298,0
2026-06-01T13:45:00+05:30,1212.1,1212.1,1211.5,1212.1,26837,0
2026-06-01T13:50:00+05:30,1212.0,1212.1,1208.5,1208.8,53147,0
2026-06-01T13:55:00+05:30,1208.5,1210.2,1207.1,1208.4,37027,0
2026-06-01T14:00:00+05:30,1208.4,1209.1,1205.5,1206.1,20497,0
2026-06-01T14:05:00+05:30,1206.1,1206.7,1204.3,1204.7,30025,0
2026-06-01T14:10:00+05:30,1204.5,1206.0,1204.2,1204.9,19040,0
2026-06-01T14:15:00+05:30,1204.6,1205.4,1203.5,1204.4,20541,0
2026-06-01T14:20:00+05:30,1204.2,1205.0,1202.0,1202.4,44275,0
2026-06-01T14:25:00+05:30,1202.0,1204.5,1202.0,1202.7,39902,0
2026-06-01T14:30:00+05:30,1202.4,1203.0,1200.1,1200.6,42057,0
2026-06-01T14:35:00+05:30,1200.5,1202.0,1200.5,1202.0,31757,0
2026-06-01T14:40:00+05:30,1201.7,1202.0,1200.5,1201.3,33854,0
2026-06-01T14:45:00+05:30,1201.1,1202.0,1198.7,1200.3,72821,0
2026-06-01T14:50:00+05:30,1199.7,1201.6,1198.0,1198.8,54770,0
2026-06-01T14:55:00+05:30,1198.7,1200.2,1197.8,1198.8,47338,0
2026-06-01T15:00:00+05:30,1198.8,1198.8,1194.0,1195.7,409366,0
2026-06-01T15:05:00+05:30,1195.5,1197.3,1194.8,1196.0,396760,0
2026-06-01T15:10:00+05:30,1196.0,1198.3,1194.2,1195.1,344685,0
2026-06-01T15:15:00+05:30,1195.1,1197.3,1194.1,1195.1,386263,0
2026-06-01T15:20:00+05:30,1194.8,1195.1,1192.3,1193.1,329522,0
2026-06-01T15:25:00+05:30,1193.0,1196.5,1190.1,1194.1,392886,0
2026-06-02T09:15:00+05:30,1210.0,1218.7,1202.2,1211.8,349204,0
2026-06-02T09:20:00+05:30,1211.8,1221.0,1210.1,1212.5,328788,0
2026-06-02T09:25:00+05:30,1212.5,1220.0,1211.2,1215.7,189196,0
2026-06-02T09:30:00+05:30,1215.7,1218.6,1214.6,1216.9,120569,0
2026-06-02T09:35:00+05:30,1217.0,1218.0,1213.3,1214.7,121374,0
2026-06-02T09:40:00+05:30,1214.7,1225.8,1214.5,1225.0,362537,0
2026-06-02T09:45:00+05:30,1224.8,1226.0,1221.1,1224.0,143825,0
2026-06-02T09:50:00+05:30,1223.7,1227.5,1222.3,1227.5,108780,0
2026-06-02T09:55:00+05:30,1227.5,1228.3,1226.0,1227.3,114821,0
2026-06-02T10:00:00+05:30,1227.2,1229.0,1225.1,1229.0,160761,0
2026-06-02T10:05:00+05:30,1228.9,1232.9,1227.0,1232.0,267709,0
2026-06-02T10:10:00+05:30,1232.3,1234.0,1230.1,1231.3,95125,0
2026-06-02T10:15:00+05:30,1231.4,1237.7,1231.0,1237.5,202749,0
2026-06-02T10:20:00+05:30,1237.6,1239.0,1234.4,1238.8,140400,0
2026-06-02T10:25:00+05:30,1238.8,1242.8,1237.8,1242.1,200066,0
2026-06-02T10:30:00+05:30,1242.1,1247.9,1241.6,1247.7,228511,0
2026-06-02T10:35:00+05:30,1247.7,1252.7,1246.9,1252.6,361427,0
2026-06-02T10:40:00+05:30,1252.3,1257.0,1250.7,1255.8,268966,0
2026-06-02T10:45:00+05:30,1256.0,1256.2,1247.6,1250.9,342778,0
2026-06-02T10:50:00+05:30,1250.9,1256.5,1248.7,1251.6,364532,0
2026-06-02T10:55:00+05:30,1251.6,1252.5,1246.0,1246.9,99270,0
2026-06-02T11:00:00+05:30,1247.1,1248.6,1241.0,1242.9,118826,0
2026-06-02T11:05:00+05:30,1242.6,1243.1,1240.6,1241.5,53128,0
2026-06-02T11:10:00+05:30,1241.7,1243.0,1240.0,1240.7,66188,0
2026-06-02T11:15:00+05:30,1240.4,1245.0,1240.0,1244.2,92174,0
2026-06-02T11:20:00+05:30,1244.2,1247.0,1244.1,1244.6,69908,0
2026-06-02T11:25:00+05:30,1244.8,1247.0,1243.4,1244.4,60859,0
2026-06-02T11:30:00+05:30,1244.4,1245.0,1242.7,1243.3,49705,0
2026-06-02T11:35:00+05:30,1243.6,1244.7,1242.3,1243.4,42648,0
2026-06-02T11:40:00+05:30,1242.7,1244.0,1241.3,1242.4,47307,0
2026-06-02T11:45:00+05:30,1242.2,1248.0,1242.0,1247.4,105690,0
2026-06-02T11:50:00+05:30,1247.0,1247.5,1243.1,1243.3,35288,0
2026-06-02T11:55:00+05:30,1243.7,1245.0,1241.9,1243.4,39470,0
2026-06-02T12:00:00+05:30,1243.4,1243.7,1238.0,1239.4,75885,0
2026-06-02T12:05:00+05:30,1239.0,1241.2,1238.7,1240.4,46851,0
2026-06-02T12:10:00+05:30,1240.0,1240.4,1236.9,1237.5,44999,0
2026-06-02T12:15:00+05:30,1237.5,1239.6,1237.2,1237.6,45979,0
2026-06-02T12:20:00+05:30,1237.6,1239.4,1237.0,1237.8,45300,0
2026-06-02T12:25:00+05:30,1238.4,1240.0,1237.0,1237.6,36801,0
2026-06-02T12:30:00+05:30,1237.6,1241.8,1237.3,1240.4,51358,0
2026-06-02T12:35:00+05:30,1240.9,1241.7,1238.8,1239.6,52398,0
2026-06-02T12:40:00+05:30,1239.6,1242.2,1238.8,1240.5,70360,0
2026-06-02T12:45:00+05:30,1240.9,1243.7,1240.0,1240.0,50190,0
2026-06-02T12:50:00+05:30,1240.4,1240.8,1235.6,1238.2,96976,0
2026-06-02T12:55:00+05:30,1238.4,1239.2,1236.5,1238.1,57348,0
2026-06-02T13:00:00+05:30,1238.1,1238.9,1237.0,1238.4,22732,0
2026-06-02T13:05:00+05:30,1238.5,1240.1,1238.0,1239.9,29675,0
2026-06-02T13:10:00+05:30,1239.4,1240.9,1238.5,1240.2,22440,0
2026-06-02T13:15:00+05:30,1240.2,1240.2,1236.6,1236.9,33912,0
2026-06-02T13:20:00+05:30,1236.9,1237.9,1236.0,1236.6,27262,0
2026-06-02T13:25:00+05:30,1236.8,1238.0,1236.0,1237.8,29660,0
2026-06-02T13:30:00+05:30,1237.8,1239.1,1236.0,1239.0,27147,0
2026-06-02T13:35:00+05:30,1239.1,1239.9,1238.0,1239.3,22466,0
2026-06-02T13:40:00+05:30,1239.3,1239.5,1238.0,1238.7,23691,0
2026-06-02T13:45:00+05:30,1238.9,1239.7,1238.1,1239.3,29166,0
2026-06-02T13:50:00+05:30,1239.3,1239.9,1238.1,1239.5,33004,0
2026-06-02T13:55:00+05:30,1239.6,1241.4,1238.8,1239.9,54382,0
2026-06-02T14:00:00+05:30,1239.9,1239.9,1238.2,1239.3,24943,0
2026-06-02T14:05:00+05:30,1239.8,1240.5,1239.1,1240.5,30604,0
2026-06-02T14:10:00+05:30,1240.5,1242.0,1239.3,1241.9,33120,0
2026-06-02T14:15:00+05:30,1241.9,1241.9,1239.6,1239.7,34801,0
2026-06-02T14:20:00+05:30,1239.8,1241.4,1238.6,1241.0,39837,0
2026-06-02T14:25:00+05:30,1240.9,1241.0,1239.0,1239.7,40333,0
2026-06-02T14:30:00+05:30,1239.7,1243.8,1239.4,1243.3,55828,0
2026-06-02T14:35:00+05:30,1243.2,1243.6,1242.0,1242.6,49102,0
2026-06-02T14:40:00+05:30,1242.5,1242.6,1240.1,1242.0,42017,0
2026-06-02T14:45:00+05:30,1242.0,1243.0,1241.2,1241.8,32310,0
2026-06-02T14:50:00+05:30,1241.7,1245.0,1241.3,1244.0,64183,0
2026-06-02T14:55:00+05:30,1244.0,1244.0,1241.6,1242.2,34292,0
2026-06-02T15:00:00+05:30,1242.2,1244.7,1240.1,1244.5,125544,0
2026-06-02T15:05:00+05:30,1244.4,1245.0,1242.1,1242.2,112198,0
2026-06-02T15:10:00+05:30,1242.2,1244.1,1242.0,1243.4,80610,0
2026-06-02T15:15:00+05:30,1243.4,1243.9,1241.4,1242.7,109194,0
2026-06-02T15:20:00+05:30,1242.6,1246.3,1242.1,1245.5,184645,0
2026-06-02T15:25:00+05:30,1245.4,1246.0,1240.4,1244.9,134387,0
2026-06-03T09:15:00+05:30,1228.8,1230.0,1205.2,1207.0,528248,0
2026-06-03T09:20:00+05:30,1207.4,1211.9,1201.0,1210.1,274793,0
2026-06-03T09:25:00+05:30,1210.1,1210.9,1205.6,1210.5,172525,0
2026-06-03T09:30:00+05:30,1210.3,1211.0,1205.7,1208.0,168219,0
2026-06-03T09:35:00+05:30,1208.0,1209.0,1204.5,1205.4,115997,0
2026-06-03T09:40:00+05:30,1205.4,1206.4,1202.2,1203.0,96883,0
2026-06-03T09:45:00+05:30,1203.5,1207.2,1201.1,1206.0,107297,0
2026-06-03T09:50:00+05:30,1206.0,1208.3,1203.9,1204.8,43170,0
2026-06-03T09:55:00+05:30,1204.8,1205.0,1200.2,1201.0,69867,0
2026-06-03T10:00:00+05:30,1201.0,1201.7,1198.8,1200.0,89125,0
2026-06-03T10:05:00+05:30,1200.0,1200.3,1197.6,1198.4,89411,0
2026-06-03T10:10:00+05:30,1198.6,1198.8,1196.0,1196.5,75156,0
2026-06-03T10:15:00+05:30,1196.5,1199.9,1194.5,1196.9,61562,0
2026-06-03T10:20:00+05:30,1197.0,1199.0,1196.4,1197.4,26620,0
2026-06-03T10:25:00+05:30,1197.4,1199.7,1196.1,1197.1,20494,0
2026-06-03T10:30:00+05:30,1197.1,1197.5,1193.0,1195.0,37856,0
2026-06-03T10:35:00+05:30,1195.0,1200.7,1194.0,1198.6,26418,0
2026-06-03T10:40:00+05:30,1198.6,1200.5,1196.5,1196.7,37502,0
2026-06-03T10:45:00+05:30,1196.7,1199.0,1196.1,1198.2,17796,0
2026-06-03T10:50:00+05:30,1198.2,1201.8,1197.7,1201.1,39540,0
2026-06-03T10:55:00+05:30,1200.9,1201.0,1197.5,1198.7,21441,0
2026-06-03T11:00:00+05:30,1198.7,1199.2,1195.4,1196.0,24045,0
2026-06-03T11:05:00+05:30,1196.0,1196.1,1193.0,1193.1,26586,0
2026-06-03T11:10:00+05:30,1193.5,1194.6,1191.1,1192.8,55770,0
2026-06-03T11:15:00+05:30,1192.8,1194.0,1191.0,1191.8,23510,0
2026-06-03T11:20:00+05:30,1191.8,1194.8,1191.4,1193.4,25322,0
2026-06-03T11:25:00+05:30,1193.4,1194.0,1190.4,1190.7,24873,0
2026-06-03T11:30:00+05:30,1190.7,1192.0,1188.7,1190.0,42812,0
2026-06-03T11:35:00+05:30,1190.1,1191.0,1188.9,1190.8,24386,0
2026-06-03T11:40:00+05:30,1190.8,1191.2,1189.5,1190.9,12890,0
2026-06-03T11:45:00+05:30,1191.2,1193.6,1190.7,1191.0,20975,0
2026-06-03T11:50:00+05:30,1191.0,1191.6,1189.0,1189.0,22757,0
2026-06-03T11:55:00+05:30,1189.0,1189.0,1186.2,1187.0,32871,0
2026-06-03T12:00:00+05:30,1187.0,1188.2,1185.0,1186.6,34601,0
2026-06-03T12:05:00+05:30,1186.7,1187.0,1183.8,1187.0,28922,0
2026-06-03T12:10:00+05:30,1187.0,1187.9,1183.4,1184.3,102784,0
2026-06-03T12:15:00+05:30,1184.3,1184.8,1182.0,1183.0,39000,0
2026-06-03T12:20:00+05:30,1183.1,1184.2,1181.8,1182.8,41015,0
2026-06-03T12:25:00+05:30,1183.3,1187.3,1182.6,1185.9,43698,0
2026-06-03T12:30:00+05:30,1186.0,1188.6,1185.6,1186.4,40135,0
2026-06-03T12:35:00+05:30,1186.5,1188.8,1185.2,1186.3,45916,0
2026-06-03T12:40:00+05:30,1186.4,1187.4,1184.1,1184.3,52948,0
2026-06-03T12:45:00+05:30,1184.5,1185.2,1182.4,1182.7,38852,0
2026-06-03T12:50:00+05:30,1183.1,1183.6,1182.0,1182.5,44096,0
2026-06-03T12:55:00+05:30,1182.5,1184.6,1181.8,1182.6,36658,0
2026-06-03T13:00:00+05:30,1182.7,1183.3,1181.6,1182.3,31965,0
2026-06-03T13:05:00+05:30,1182.7,1183.0,1181.3,1182.2,34172,0
2026-06-03T13:10:00+05:30,1182.5,1183.8,1181.1,1183.8,34443,0
2026-06-03T13:15:00+05:30,1183.9,1184.8,1182.5,1182.9,37283,0
2026-06-03T13:20:00+05:30,1183.1,1184.1,1182.5,1183.2,30707,0
2026-06-03T13:25:00+05:30,1183.3,1184.2,1181.6,1182.0,34802,0
2026-06-03T13:30:00+05:30,1182.1,1182.7,1181.1,1182.3,32984,0
2026-06-03T13:35:00+05:30,1182.3,1182.3,1180.1,1180.5,38607,0
2026-06-03T13:40:00+05:30,1180.5,1182.0,1180.2,1180.8,32404,0
2026-06-03T13:45:00+05:30,1180.8,1185.5,1180.4,1183.8,74492,0
2026-06-03T13:50:00+05:30,1184.0,1184.7,1182.2,1182.4,41937,0
2026-06-03T13:55:00+05:30,1182.4,1182.9,1181.6,1182.1,39037,0
2026-06-03T14:00:00+05:30,1182.1,1183.4,1181.5,1183.0,31946,0
2026-06-03T14:05:00+05:30,1183.2,1183.3,1181.8,1182.3,45920,0
2026-06-03T14:10:00+05:30,1182.3,1182.5,1179.0,1179.7,91223,0
2026-06-03T14:15:00+05:30,1179.7,1182.0,1179.1,1181.9,69067,0
2026-06-03T14:20:00+05:30,1181.9,1182.7,1181.0,1181.0,53499,0
2026-06-03T14:25:00+05:30,1181.1,1181.9,1180.2,1180.6,51299,0
2026-06-03T14:30:00+05:30,1180.8,1181.0,1179.1,1180.4,62858,0
2026-06-03T14:35:00+05:30,1180.4,1181.0,1179.4,1180.6,52517,0
2026-06-03T14:40:00+05:30,1180.8,1182.3,1180.5,1181.2,64153,0
2026-06-03T14:45:00+05:30,1181.2,1181.9,1179.9,1180.0,51436,0
2026-06-03T14:50:00+05:30,1180.2,1180.6,1178.2,1178.6,81587,0
2026-06-03T14:55:00+05:30,1178.7,1179.0,1177.1,1177.8,68086,0
2026-06-03T15:00:00+05:30,1178.0,1181.5,1177.7,1181.0,98026,0
2026-06-03T15:05:00+05:30,1180.9,1181.0,1178.6,1179.8,80875,0
2026-06-03T15:10:00+05:30,1180.0,1180.0,1179.0,1179.6,72798,0
2026-06-03T15:15:00+05:30,1179.6,1179.9,1178.0,1178.4,102147,0
2026-06-03T15:20:00+05:30,1178.4,1179.5,1177.0,1178.5,127051,0
2026-06-03T15:25:00+05:30,1178.4,1178.5,1176.8,1177.5,81833,0
2026-06-04T09:15:00+05:30,1166.4,1173.4,1158.2,1172.8,132467,0
2026-06-04T09:20:00+05:30,1172.6,1176.5,1168.7,1174.2,63450,0
2026-06-04T09:25:00+05:30,1174.0,1174.8,1171.3,1172.1,53632,0
2026-06-04T09:30:00+05:30,1172.0,1173.8,1169.3,1170.7,42101,0
2026-06-04T09:35:00+05:30,1170.9,1173.3,1170.1,1171.5,21271,0
2026-06-04T09:40:00+05:30,1171.4,1172.5,1170.0,1172.0,25083,0
2026-06-04T09:45:00+05:30,1172.2,1172.9,1170.4,1170.7,18346,0
2026-06-04T09:50:00+05:30,1171.1,1173.8,1170.5,1172.1,29290,0
2026-06-04T09:55:00+05:30,1172.0,1173.8,1170.0,1170.6,19606,0
2026-06-04T10:00:00+05:30,1170.4,1171.0,1168.4,1169.4,24345,0
2026-06-04T10:05:00+05:30,1169.5,1172.4,1168.7,1171.8,19024,0
2026-06-04T10:10:00+05:30,1171.6,1171.8,1169.6,1170.4,21189,0
2026-06-04T10:15:00+05:30,1170.6,1170.8,1168.7,1169.9,15866,0
2026-06-04T10:20:00+05:30,1169.9,1170.5,1169.0,1169.0,10429,0
2026-06-04T10:25:00+05:30,1169.0,1169.0,1165.0,1167.5,28183,0
2026-06-04T10:30:00+05:30,1167.5,1168.6,1166.9,1167.2,14682,0
2026-06-04T10:35:00+05:30,1167.4,1167.9,1166.5,1167.3,13707,0
2026-06-04T10:40:00+05:30,1167.3,1167.3,1166.0,1166.7,8198,0
2026-06-04T10:45:00+05:30,1166.7,1170.2,1166.5,1168.6,16535,0
2026-06-04T10:50:00+05:30,1168.5,1171.4,1167.4,1170.8,20853,0
2026-06-04T10:55:00+05:30,1170.8,1174.7,1170.3,1173.4,22714,0
2026-06-04T11:00:00+05:30,1173.4,1173.6,1169.1,1170.0,17418,0
2026-06-04T11:05:00+05:30,1170.3,1170.7,1167.2,1168.9,17432,0
2026-06-04T11:10:00+05:30,1168.9,1169.7,1168.2,1168.3,10890,0
2026-06-04T11:15:00+05:30,1168.3,1169.0,1167.0,1167.0,20134,0
2026-06-04T11:20:00+05:30,1167.1,1168.3,1166.8,1168.0,9276,0
2026-06-04T11:25:00+05:30,1168.1,1169.3,1166.5,1168.7,17357,0
2026-06-04T11:30:00+05:30,1168.6,1170.2,1166.7,1170.2,13002,0
2026-06-04T11:35:00+05:30,1170.2,1174.2,1170.1,1173.2,19730,0
2026-06-04T11:40:00+05:30,1173.2,1173.5,1171.4,1171.6,13417,0
2026-06-04T11:45:00+05:30,1171.9,1173.4,1171.7,1172.5,14364,0
2026-06-04T11:50:00+05:30,1172.3,1172.4,1170.0,1170.6,15848,0
2026-06-04T11:55:00+05:30,1170.5,1171.6,1169.9,1170.2,19843,0
2026-06-04T12:00:00+05:30,1170.2,1170.5,1169.0,1169.0,13304,0
2026-06-04T12:05:00+05:30,1169.2,1169.6,1167.8,1168.3,15336,0
2026-06-04T12:10:00+05:30,1168.2,1168.7,1167.3,1168.0,21043,0
2026-06-04T12:15:00+05:30,1168.0,1169.4,1167.0,1167.2,13277,0
2026-06-04T12:20:00+05:30,1167.2,1168.1,1166.8,1168.0,10533,0
2026-06-04T12:25:00+05:30,1168.1,1168.4,1165.1,1166.5,48129,0
2026-06-04T12:30:00+05:30,1166.4,1166.8,1164.0,1164.5,32057,0
2026-06-04T12:35:00+05:30,1164.5,1165.6,1164.1,1165.2,12190,0
2026-06-04T12:40:00+05:30,1165.2,1165.4,1164.6,1165.0,11961,0
2026-06-04T12:45:00+05:30,1164.8,1167.2,1163.5,1166.9,27963,0
2026-06-04T12:50:00+05:30,1166.7,1169.0,1165.5,1169.0,28895,0
2026-06-04T12:55:00+05:30,1169.0,1169.0,1167.7,1168.9,14061,0
2026-06-04T13:00:00+05:30,1168.9,1170.0,1167.8,1169.6,19049,0
2026-06-04T13:05:00+05:30,1169.6,1169.7,1167.3,1169.4,12798,0
2026-06-04T13:10:00+05:30,1169.3,1169.3,1165.0,1165.2,13333,0
2026-06-04T13:15:00+05:30,1165.1,1166.6,1163.2,1165.3,24441,0
2026-06-04T13:20:00+05:30,1165.2,1169.0,1165.0,1168.8,18236,0
2026-06-04T13:25:00+05:30,1168.9,1168.9,1167.5,1167.9,14570,0
2026-06-04T13:30:00+05:30,1167.8,1167.8,1166.3,1167.4,7680,0
2026-06-04T13:35:00+05:30,1167.3,1168.5,1167.0,1168.2,7734,0
2026-06-04T13:40:00+05:30,1168.3,1168.3,1166.4,1167.2,8723,0
2026-06-04T13:45:00+05:30,1167.3,1167.9,1166.6,1167.3,9836,0
2026-06-04T13:50:00+05:30,1167.3,1167.9,1166.3,1167.5,13925,0
2026-06-04T13:55:00+05:30,1167.6,1168.3,1166.5,1167.7,9704,0
2026-06-04T14:00:00+05:30,1167.6,1169.8,1167.6,1169.6,18298,0
2026-06-04T14:05:00+05:30,1169.6,1169.6,1168.2,1169.0,11894,0
2026-06-04T14:10:00+05:30,1169.2,1169.5,1168.3,1168.5,23478,0
2026-06-04T14:15:00+05:30,1168.6,1169.5,1167.9,1168.6,13238,0
2026-06-04T14:20:00+05:30,1168.6,1169.4,1167.8,1168.9,12488,0
2026-06-04T14:25:00+05:30,1168.9,1169.4,1168.5,1168.9,7926,0
2026-06-04T14:30:00+05:30,1169.0,1170.9,1168.5,1169.8,21167,0
2026-06-04T14:35:00+05:30,1169.9,1171.3,1169.8,1170.5,12443,0
2026-06-04T14:40:00+05:30,1170.7,1171.3,1169.9,1170.6,13094,0
2026-06-04T14:45:00+05:30,1170.7,1172.4,1169.9,1172.4,20949,0
2026-06-04T14:50:00+05:30,1172.3,1172.7,1170.6,1171.0,15964,0
2026-06-04T14:55:00+05:30,1171.1,1171.8,1170.5,1171.1,22245,0
2026-06-04T15:00:00+05:30,1171.1,1171.2,1166.5,1166.7,105892,0
2026-06-04T15:05:00+05:30,1166.7,1166.7,1164.4,1165.9,118887,0
2026-06-04T15:10:00+05:30,1165.8,1169.0,1165.8,1168.8,103467,0
2026-06-04T15:15:00+05:30,1168.7,1170.0,1168.3,1169.1,95157,0
2026-06-04T15:20:00+05:30,1169.2,1172.0,1168.6,1171.0,90243,0
2026-06-04T15:25:00+05:30,1171.1,1174.6,1170.4,1173.6,79464,0
2026-06-05T09:15:00+05:30,1179.0,1182.5,1167.9,1171.1,122048,0
2026-06-05T09:20:00+05:30,1171.3,1172.5,1167.0,1168.0,47376,0
2026-06-05T09:25:00+05:30,1167.9,1168.7,1164.0,1165.2,58179,0
2026-06-05T09:30:00+05:30,1165.7,1166.1,1162.0,1163.2,63848,0
2026-06-05T09:35:00+05:30,1163.5,1164.4,1160.9,1161.4,48827,0
2026-06-05T09:40:00+05:30,1161.4,1161.4,1155.6,1159.4,77298,0
2026-06-05T09:45:00+05:30,1159.4,1160.0,1158.1,1158.9,27473,0
2026-06-05T09:50:00+05:30,1158.6,1161.7,1158.5,1160.5,35810,0
2026-06-05T09:55:00+05:30,1160.5,1160.7,1158.8,1159.1,17257,0
2026-06-05T10:00:00+05:30,1158.9,1160.8,1156.0,1160.5,42481,0
2026-06-05T10:05:00+05:30,1160.6,1162.4,1159.4,1161.7,33478,0
2026-06-05T10:10:00+05:30,1161.9,1164.4,1161.5,1163.6,15321,0
2026-06-05T10:15:00+05:30,1163.8,1164.0,1161.9,1162.0,16008,0
2026-06-05T10:20:00+05:30,1162.0,1162.0,1159.0,1161.0,15311,0
2026-06-05T10:25:00+05:30,1161.0,1161.2,1159.6,1160.1,8622,0
2026-06-05T10:30:00+05:30,1160.0,1160.3,1157.6,1157.6,16303,0
2026-06-05T10:35:00+05:30,1157.8,1158.4,1154.0,1154.6,31279,0
2026-06-05T10:40:00+05:30,1154.6,1157.3,1154.4,1157.2,27210,0
2026-06-05T10:45:00+05:30,1157.2,1158.5,1153.3,1154.5,28185,0
2026-06-05T10:50:00+05:30,1154.5,1156.0,1154.0,1155.0,45673,0
2026-06-05T10:55:00+05:30,1155.1,1156.1,1154.4,1155.0,10109,0
2026-06-05T11:00:00+05:30,1155.0,1155.8,1154.5,1155.5,9094,0
2026-06-05T11:05:00+05:30,1155.5,1157.5,1155.1,1156.2,15048,0
2026-06-05T11:10:00+05:30,1156.5,1157.1,1154.3,1154.9,23062,0
2026-06-05T11:15:00+05:30,1154.9,1155.6,1154.4,1154.5,10626,0
2026-06-05T11:20:00+05:30,1154.8,1155.0,1153.3,1155.0,37956,0
2026-06-05T11:25:00+05:30,1154.9,1155.0,1153.9,1154.6,7762,0
2026-06-05T11:30:00+05:30,1154.4,1155.9,1154.1,1155.6,9864,0
2026-06-05T11:35:00+05:30,1155.1,1155.6,1153.9,1154.3,6279,0
2026-06-05T11:40:00+05:30,1154.3,1155.3,1153.8,1154.6,10571,0
2026-06-05T11:45:00+05:30,1154.7,1155.9,1154.5,1155.7,10103,0
2026-06-05T11:50:00+05:30,1155.7,1155.8,1154.0,1154.1,10403,0
2026-06-05T11:55:00+05:30,1154.2,1154.2,1152.0,1152.5,24009,0
2026-06-05T12:00:00+05:30,1152.5,1152.8,1151.5,1152.8,14635,0
2026-06-05T12:05:00+05:30,1152.7,1153.5,1152.1,1153.1,13739,0
2026-06-05T12:10:00+05:30,1153.0,1153.9,1152.2,1153.9,6143,0
2026-06-05T12:15:00+05:30,1153.9,1154.2,1153.0,1153.1,6549,0
2026-06-05T12:20:00+05:30,1153.6,1153.7,1153.0,1153.4,7926,0
2026-06-05T12:25:00+05:30,1153.4,1153.9,1152.0,1152.2,7945,0
2026-06-05T12:30:00+05:30,1152.8,1152.9,1151.1,1151.6,20443,0
2026-06-05T12:35:00+05:30,1151.6,1151.8,1150.2,1151.0,18322,0
2026-06-05T12:40:00+05:30,1151.0,1151.0,1149.0,1149.5,35842,0
2026-06-05T12:45:00+05:30,1149.9,1150.0,1149.0,1149.4,15935,0
2026-06-05T12:50:00+05:30,1149.4,1149.9,1148.5,1149.6,20325,0
2026-06-05T12:55:00+05:30,1149.5,1149.6,1148.5,1149.0,8881,0
2026-06-05T13:00:00+05:30,1149.0,1149.7,1148.4,1149.5,11398,0
2026-06-05T13:05:00+05:30,1149.4,1149.5,1148.0,1149.0,16321,0
2026-06-05T13:10:00+05:30,1149.0,1150.4,1149.0,1149.1,15350,0
2026-06-05T13:15:00+05:30,1149.5,1150.4,1148.7,1149.7,8799,0
2026-06-05T13:20:00+05:30,1149.7,1149.7,1147.9,1148.1,8556,0
2026-06-05T13:25:00+05:30,1148.3,1149.5,1147.1,1148.0,12715,0
2026-06-05T13:30:00+05:30,1148.2,1149.7,1147.5,1148.7,11613,0
2026-06-05T13:35:00+05:30,1148.8,1149.9,1148.7,1148.9,7164,0
2026-06-05T13:40:00+05:30,1148.9,1149.3,1147.0,1147.0,13770,0
2026-06-05T13:45:00+05:30,1147.2,1149.7,1147.0,1148.6,9691,0
2026-06-05T13:50:00+05:30,1148.6,1149.5,1148.1,1148.5,6602,0
2026-06-05T13:55:00+05:30,1148.2,1148.7,1147.8,1148.3,5439,0
2026-06-05T14:00:00+05:30,1148.2,1149.8,1147.8,1149.2,11298,0
2026-06-05T14:05:00+05:30,1148.7,1149.7,1148.5,1148.5,6222,0
2026-06-05T14:10:00+05:30,1148.9,1149.3,1148.1,1148.8,8725,0
2026-06-05T14:15:00+05:30,1148.7,1149.3,1148.0,1149.3,7961,0
2026-06-05T14:20:00+05:30,1148.8,1149.9,1148.5,1149.9,7267,0
2026-06-05T14:25:00+05:30,1149.7,1150.6,1149.0,1150.0,20406,0
2026-06-05T14:30:00+05:30,1149.9,1151.0,1149.6,1150.6,10142,0
2026-06-05T14:35:00+05:30,1150.2,1150.5,1147.3,1149.2,21945,0
2026-06-05T14:40:00+05:30,1149.1,1152.0,1148.5,1151.1,18039,0
2026-06-05T14:45:00+05:30,1151.1,1152.4,1149.5,1149.9,13565,0
2026-06-05T14:50:00+05:30,1150.1,1150.8,1149.5,1149.7,7213,0
2026-06-05T14:55:00+05:30,1149.7,1150.8,1149.0,1150.2,14244,0
2026-06-05T15:00:00+05:30,1150.2,1152.4,1148.4,1152.3,55888,0
2026-06-05T15:05:00+05:30,1152.1,1155.7,1151.8,1155.2,176221,0
2026-06-05T15:10:00+05:30,1155.2,1156.7,1155.1,1156.1,63568,0
2026-06-05T15:15:00+05:30,1155.8,1157.1,1155.7,1155.8,70913,0
2026-06-05T15:20:00+05:30,1155.8,1156.0,1155.1,1155.3,98410,0
2026-06-05T15:25:00+05:30,1155.3,1157.4,1155.0,1155.1,84168,0
2026-06-08T09:15:00+05:30,1141.9,1146.8,1138.0,1139.5,109436,0
2026-06-08T09:20:00+05:30,1139.4,1140.5,1134.1,1134.2,65466,0
2026-06-08T09:25:00+05:30,1134.1,1136.8,1132.3,1136.2,41448,0
2026-06-08T09:30:00+05:30,1136.2,1140.0,1135.5,1138.4,29996,0
2026-06-08T09:35:00+05:30,1138.4,1139.2,1135.7,1139.2,27319,0
2026-06-08T09:40:00+05:30,1139.2,1141.6,1137.7,1141.5,22673,0
2026-06-08T09:45:00+05:30,1141.5,1143.6,1140.3,1140.7,19559,0
2026-06-08T09:50:00+05:30,1140.7,1144.0,1139.5,1143.7,21115,0
2026-06-08T09:55:00+05:30,1143.7,1146.6,1143.3,1146.5,30080,0
2026-06-08T10:00:00+05:30,1146.5,1148.6,1145.2,1146.6,25940,0
2026-06-08T10:05:00+05:30,1146.6,1152.5,1146.3,1149.1,35874,0
2026-06-08T10:10:00+05:30,1149.1,1149.9,1148.0,1148.1,12963,0
2026-06-08T10:15:00+05:30,1148.1,1150.0,1146.4,1149.5,22365,0
2026-06-08T10:20:00+05:30,1149.5,1151.4,1149.2,1150.6,12069,0
2026-06-08T10:25:00+05:30,1150.6,1150.8,1149.1,1149.9,11434,0
2026-06-08T10:30:00+05:30,1149.9,1154.6,1149.3,1153.7,19974,0
2026-06-08T10:35:00+05:30,1153.7,1156.6,1153.1,1156.1,25777,0
2026-06-08T10:40:00+05:30,1156.1,1157.7,1154.3,1155.0,20924,0
2026-06-08T10:45:00+05:30,1155.0,1155.1,1153.4,1154.7,14255,0
2026-06-08T10:50:00+05:30,1154.7,1155.1,1153.6,1154.8,10142,0
2026-06-08T10:55:00+05:30,1154.7,1155.1,1152.6,1154.8,8945,0
2026-06-08T11:00:00+05:30,1154.8,1154.8,1152.9,1153.6,4001,0
2026-06-08T11:05:00+05:30,1153.6,1154.2,1152.6,1153.8,10377,0
2026-06-08T11:10:00+05:30,1153.8,1154.2,1152.6,1153.5,6645,0
2026-06-08T11:15:00+05:30,1153.5,1153.5,1152.2,1153.0,7780,0
2026-06-08T11:20:00+05:30,1153.0,1154.5,1152.7,1153.5,7664,0
2026-06-08T11:25:00+05:30,1153.5,1154.5,1152.8,1154.4,6951,0
2026-06-08T11:30:00+05:30,1154.4,1156.2,1154.2,1155.3,9583,0
2026-06-08T11:35:00+05:30,1155.3,1156.0,1155.0,1156.0,3780,0
2026-06-08T11:40:00+05:30,1156.0,1156.1,1154.4,1155.0,4985,0
2026-06-08T11:45:00+05:30,1155.0,1157.8,1154.5,1156.6,12537,0
2026-06-08T11:50:00+05:30,1156.6,1156.6,1153.4,1155.2,51502,0
2026-06-08T11:55:00+05:30,1155.2,1156.2,1154.0,1154.7,9172,0
2026-06-08T12:00:00+05:30,1154.7,1156.9,1153.8,1156.5,11175,0
2026-06-08T12:05:00+05:30,1156.5,1158.5,1155.8,1158.1,12493,0
2026-06-08T12:10:00+05:30,1158.1,1158.6,1157.4,1158.0,7388,0
2026-06-08T12:15:00+05:30,1158.0,1158.3,1157.2,1157.7,8140,0
2026-06-08T12:20:00+05:30,1157.7,1158.5,1156.9,1158.0,12866,0
2026-06-08T12:25:00+05:30,1158.0,1158.1,1156.2,1156.9,3668,0
2026-06-08T12:30:00+05:30,1156.9,1157.1,1155.3,1156.4,12374,0
2026-06-08T12:35:00+05:30,1156.4,1156.9,1155.1,1155.9,5358,0
2026-06-08T12:40:00+05:30,1155.9,1157.1,1155.2,1156.0,5263,0
2026-06-08T12:45:00+05:30,1156.0,1157.5,1155.6,1157.1,4997,0
2026-06-08T12:50:00+05:30,1157.1,1159.0,1156.8,1157.9,12035,0
2026-06-08T12:55:00+05:30,1157.9,1158.3,1156.5,1157.3,6630,0
2026-06-08T13:00:00+05:30,1157.3,1157.3,1155.1,1156.2,4890,0
2026-06-08T13:05:00+05:30,1156.2,1156.9,1152.4,1153.0,10661,0
2026-06-08T13:10:00+05:30,1153.0,1154.9,1152.9,1154.2,6421,0
2026-06-08T13:15:00+05:30,1154.2,1154.9,1153.7,1154.1,5672,0
2026-06-08T13:20:00+05:30,1154.1,1154.8,1153.1,1154.0,8669,0
2026-06-08T13:25:00+05:30,1153.9,1154.4,1153.7,1154.3,3686,0
2026-06-08T13:30:00+05:30,1154.3,1155.3,1153.9,1154.7,11016,0
2026-06-08T13:35:00+05:30,1154.7,1155.2,1152.4,1154.0,22294,0
2026-06-08T13:40:00+05:30,1154.0,1154.0,1152.0,1153.3,16830,0
2026-06-08T13:45:00+05:30,1153.3,1154.0,1151.9,1153.7,5244,0
2026-06-08T13:50:00+05:30,1153.6,1154.7,1153.0,1153.9,5196,0
2026-06-08T13:55:00+05:30,1153.9,1154.9,1152.9,1154.4,6255,0
2026-06-08T14:00:00+05:30,1154.4,1156.0,1153.5,1154.3,10390,0
2026-06-08T14:05:00+05:30,1154.3,1154.7,1152.8,1153.8,9744,0
2026-06-08T14:10:00+05:30,1153.8,1153.9,1152.8,1153.0,5587,0
2026-06-08T14:15:00+05:30,1153.0,1153.3,1151.4,1153.3,10302,0
2026-06-08T14:20:00+05:30,1153.3,1153.9,1152.2,1152.9,7642,0
2026-06-08T14:25:00+05:30,1152.9,1153.3,1152.0,1152.8,5460,0
2026-06-08T14:30:00+05:30,1152.8,1155.1,1152.0,1153.6,9835,0
2026-06-08T14:35:00+05:30,1153.6,1154.6,1152.9,1153.6,11864,0
2026-06-08T14:40:00+05:30,1153.6,1154.7,1152.5,1154.4,13865,0
2026-06-08T14:45:00+05:30,1154.4,1156.5,1153.6,1154.2,13167,0
2026-06-08T14:50:00+05:30,1154.2,1154.9,1153.5,1154.0,10134,0
2026-06-08T14:55:00+05:30,1154.0,1155.4,1153.4,1154.5,18593,0
2026-06-08T15:00:00+05:30,1154.5,1154.5,1149.2,1149.3,45428,0
2026-06-08T15:05:00+05:30,1149.2,1152.0,1147.6,1149.6,95735,0
2026-06-08T15:10:00+05:30,1149.6,1150.2,1148.7,1150.1,38310,0
2026-06-08T15:15:00+05:30,1150.0,1150.3,1148.5,1149.1,44768,0
2026-06-08T15:20:00+05:30,1149.1,1152.4,1146.6,1151.2,66223,0
2026-06-08T15:25:00+05:30,1151.7,1155.9,1148.5,1151.8,184366,0
2026-06-09T09:15:00+05:30,1158.7,1159.0,1148.3,1148.9,120807,0
2026-06-09T09:20:00+05:30,1148.5,1149.6,1145.5,1148.6,57972,0
2026-06-09T09:25:00+05:30,1148.6,1148.6,1145.0,1145.6,48255,0
2026-06-09T09:30:00+05:30,1146.1,1147.7,1145.0,1147.3,32509,0
2026-06-09T09:35:00+05:30,1147.5,1147.5,1143.2,1144.1,33821,0
2026-06-09T09:40:00+05:30,1144.1,1144.1,1141.0,1141.1,29114,0
2026-06-09T09:45:00+05:30,1141.5,1142.2,1140.1,1140.5,35817,0
2026-06-09T09:50:00+05:30,1140.4,1143.0,1140.0,1140.5,28666,0
2026-06-09T09:55:00+05:30,1140.2,1141.4,1140.0,1140.8,22104,0
2026-06-09T10:00:00+05:30,1140.9,1142.2,1138.8,1141.2,38474,0
2026-06-09T10:05:00+05:30,1141.0,1141.9,1140.0,1140.9,21520,0
2026-06-09T10:10:00+05:30,1140.9,1140.9,1139.4,1139.6,17966,0
2026-06-09T10:15:00+05:30,1139.7,1141.1,1138.4,1140.3,19555,0
2026-06-09T10:20:00+05:30,1140.4,1140.9,1139.3,1140.4,17501,0
2026-06-09T10:25:00+05:30,1140.4,1140.4,1139.3,1140.0,15073,0
2026-06-09T10:30:00+05:30,1140.0,1140.0,1138.5,1138.9,15345,0
2026-06-09T10:35:00+05:30,1138.5,1140.5,1138.5,1140.2,15894,0
2026-06-09T10:40:00+05:30,1140.2,1141.0,1138.6,1140.0,20076,0
2026-06-09T10:45:00+05:30,1140.0,1141.5,1139.6,1140.1,15330,0
2026-06-09T10:50:00+05:30,1140.1,1140.1,1138.6,1140.0,15809,0
2026-06-09T10:55:00+05:30,1140.0,1140.7,1139.6,1140.5,17456,0
2026-06-09T11:00:00+05:30,1140.4,1140.4,1139.5,1140.2,13022,0
2026-06-09T11:05:00+05:30,1140.2,1143.4,1140.0,1142.1,29555,0
2026-06-09T11:10:00+05:30,1142.3,1142.9,1141.0,1142.4,25422,0
2026-06-09T11:15:00+05:30,1142.4,1143.9,1141.9,1143.7,18948,0
2026-06-09T11:20:00+05:30,1143.7,1144.5,1141.1,1141.2,30386,0
2026-06-09T11:25:00+05:30,1141.6,1142.1,1140.7,1141.7,13333,0
2026-06-09T11:30:00+05:30,1141.7,1142.8,1141.3,1142.7,11899,0
2026-06-09T11:35:00+05:30,1142.7,1143.6,1142.3,1143.1,13876,0
2026-06-09T11:40:00+05:30,1143.1,1143.2,1141.9,1143.0,13620,0
2026-06-09T11:45:00+05:30,1143.0,1145.0,1143.0,1143.5,26358,0
2026-06-09T11:50:00+05:30,1143.5,1144.2,1141.1,1141.6,17681,0
2026-06-09T11:55:00+05:30,1141.5,1142.2,1141.0,1141.9,18325,0
2026-06-09T12:00:00+05:30,1141.9,1142.5,1141.7,1142.0,8965,0
2026-06-09T12:05:00+05:30,1142.1,1143.3,1141.8,1143.1,15681,0
2026-06-09T12:10:00+05:30,1143.1,1143.1,1141.8,1141.9,17107,0
2026-06-09T12:15:00+05:30,1142.0,1142.7,1141.7,1141.9,13373,0
2026-06-09T12:20:00+05:30,1141.8,1142.5,1141.5,1141.8,17948,0
2026-06-09T12:25:00+05:30,1141.8,1141.8,1140.9,1141.0,18727,0
2026-06-09T12:30:00+05:30,1141.2,1141.6,1140.0,1141.6,26371,0
2026-06-09T12:35:00+05:30,1141.6,1141.8,1139.9,1140.3,27578,0
2026-06-09T12:40:00+05:30,1140.3,1140.3,1138.0,1138.6,46833,0
2026-06-09T12:45:00+05:30,1138.6,1138.9,1138.0,1138.8,14411,0
2026-06-09T12:50:00+05:30,1138.8,1140.4,1138.3,1140.4,20626,0
2026-06-09T12:55:00+05:30,1140.4,1141.0,1139.8,1140.6,16685,0
2026-06-09T13:00:00+05:30,1140.7,1141.0,1139.0,1140.2,23413,0
2026-06-09T13:05:00+05:30,1140.2,1141.0,1140.0,1140.2,19162,0
2026-06-09T13:10:00+05:30,1140.3,1141.7,1140.0,1140.9,15401,0
2026-06-09T13:15:00+05:30,1140.9,1141.7,1138.5,1138.9,21846,0
2026-06-09T13:20:00+05:30,1139.2,1139.5,1137.5,1137.9,18721,0
2026-06-09T13:25:00+05:30,1137.9,1138.0,1136.4,1137.3,21340,0
2026-06-09T13:30:00+05:30,1137.2,1138.0,1137.1,1137.6,15086,0
2026-06-09T13:35:00+05:30,1137.7,1139.4,1137.5,1139.4,15307,0
2026-06-09T13:40:00+05:30,1139.4,1140.3,1137.9,1139.9,59250,0
2026-06-09T13:45:00+05:30,1139.9,1140.8,1139.4,1139.8,12361,0
2026-06-09T13:50:00+05:30,1140.1,1140.8,1139.5,1140.3,17383,0
2026-06-09T13:55:00+05:30,1140.3,1141.8,1140.1,1141.0,29248,0
2026-06-09T14:00:00+05:30,1141.1,1141.3,1139.7,1139.9,67571,0
2026-06-09T14:05:00+05:30,1139.9,1140.6,1139.5,1140.5,15183,0
2026-06-09T14:10:00+05:30,1140.5,1140.5,1139.8,1140.1,14166,0
2026-06-09T14:15:00+05:30,1140.3,1142.3,1140.0,1141.7,23642,0
2026-06-09T14:20:00+05:30,1141.7,1142.0,1141.2,1141.3,15021,0
2026-06-09T14:25:00+05:30,1141.3,1143.4,1141.2,1143.0,21769,0
2026-06-09T14:30:00+05:30,1143.0,1143.3,1142.3,1143.3,14911,0
2026-06-09T14:35:00+05:30,1143.1,1143.9,1142.0,1142.9,30758,0
2026-06-09T14:40:00+05:30,1143.0,1144.2,1142.6,1143.4,26903,0
2026-06-09T14:45:00+05:30,1143.5,1144.2,1143.1,1143.8,21721,0
2026-06-09T14:50:00+05:30,1144.0,1144.9,1143.7,1144.8,35230,0
2026-06-09T14:55:00+05:30,1144.7,1146.2,1144.7,1145.7,30610,0
2026-06-09T15:00:00+05:30,1145.9,1145.9,1143.1,1145.4,81814,0
2026-06-09T15:05:00+05:30,1145.4,1147.5,1145.1,1147.1,82197,0
2026-06-09T15:10:00+05:30,1147.1,1147.3,1145.5,1145.8,77239,0
2026-06-09T15:15:00+05:30,1145.8,1146.6,1145.1,1146.4,91013,0
2026-06-09T15:20:00+05:30,1146.4,1147.5,1146.4,1147.3,85824,0
2026-06-09T15:25:00+05:30,1147.2,1149.4,1145.6,1148.3,89789,0
2026-06-10T09:15:00+05:30,1140.8,1147.6,1139.0,1146.4,47768,0
2026-06-10T09:20:00+05:30,1146.2,1146.5,1142.4,1143.8,29198,0
2026-06-10T09:25:00+05:30,1143.8,1145.0,1142.6,1142.9,22969,0
2026-06-10T09:30:00+05:30,1143.1,1145.6,1142.1,1145.6,28078,0
2026-06-10T09:35:00+05:30,1145.5,1146.0,1144.1,1144.1,14367,0
2026-06-10T09:40:00+05:30,1144.1,1145.0,1143.0,1144.4,20385,0
2026-06-10T09:45:00+05:30,1144.4,1149.8,1143.5,1148.9,25932,0
2026-06-10T09:50:00+05:30,1148.4,1152.0,1147.7,1150.4,29609,0
2026-06-10T09:55:00+05:30,1150.0,1151.5,1148.4,1148.4,18924,0
2026-06-10T10:00:00+05:30,1148.5,1149.0,1146.9,1147.8,26629,0
2026-06-10T10:05:00+05:30,1147.8,1149.5,1147.0,1147.6,12986,0
2026-06-10T10:10:00+05:30,1147.5,1148.3,1145.0,1145.1,17327,0
2026-06-10T10:15:00+05:30,1145.3,1149.1,1144.5,1149.1,41225,0
2026-06-10T10:20:00+05:30,1149.0,1149.1,1146.0,1146.0,11686,0
2026-06-10T10:25:00+05:30,1146.1,1147.9,1145.3,1146.9,22562,0
2026-06-10T10:30:00+05:30,1147.4,1147.4,1145.0,1146.0,30616,0
2026-06-10T10:35:00+05:30,1146.0,1147.3,1145.3,1146.1,19653,0
2026-06-10T10:40:00+05:30,1146.1,1146.5,1145.5,1146.4,22673,0
2026-06-10T10:45:00+05:30,1146.4,1146.8,1145.8,1146.0,14048,0
2026-06-10T10:50:00+05:30,1146.0,1146.1,1144.3,1144.6,13510,0
2026-06-10T10:55:00+05:30,1144.5,1146.3,1143.8,1146.0,27160,0
2026-06-10T11:00:00+05:30,1146.3,1146.5,1145.3,1145.9,15242,0
2026-06-10T11:05:00+05:30,1145.8,1147.2,1145.5,1146.8,18049,0
2026-06-10T11:10:00+05:30,1147.1,1147.5,1145.8,1145.9,13984,0
2026-06-10T11:15:00+05:30,1145.9,1146.6,1144.0,1144.6,18544,0
2026-06-10T11:20:00+05:30,1144.4,1145.7,1144.0,1145.5,13839,0
2026-06-10T11:25:00+05:30,1145.5,1146.5,1144.7,1146.0,22741,0
2026-06-10T11:30:00+05:30,1146.1,1146.2,1145.3,1145.9,7760,0
2026-06-10T11:35:00+05:30,1146.0,1147.3,1145.8,1146.5,24441,0
2026-06-10T11:40:00+05:30,1146.4,1146.5,1145.4,1145.9,9464,0
2026-06-10T11:45:00+05:30,1146.0,1146.0,1144.2,1145.2,17146,0
2026-06-10T11:50:00+05:30,1145.2,1146.0,1144.7,1145.6,15088,0
2026-06-10T11:55:00+05:30,1145.7,1147.9,1145.5,1147.9,26015,0
2026-06-10T12:00:00+05:30,1147.7,1148.0,1145.6,1145.7,17494,0
2026-06-10T12:05:00+05:30,1146.3,1147.3,1145.4,1146.5,17896,0
2026-06-10T12:10:00+05:30,1146.5,1147.5,1146.1,1147.2,15997,0
2026-06-10T12:15:00+05:30,1147.1,1147.5,1146.4,1147.0,14713,0
2026-06-10T12:20:00+05:30,1146.9,1147.5,1145.1,1145.4,16468,0
2026-06-10T12:25:00+05:30,1145.4,1146.0,1144.4,1145.9,13814,0
2026-06-10T12:30:00+05:30,1146.0,1146.4,1145.4,1146.4,18393,0
2026-06-10T12:35:00+05:30,1146.2,1146.2,1145.6,1146.1,10063,0
2026-06-10T12:40:00+05:30,1146.0,1146.0,1145.0,1145.4,10604,0
2026-06-10T12:45:00+05:30,1145.4,1145.9,1145.0,1145.7,8398,0
2026-06-10T12:50:00+05:30,1145.8,1146.8,1145.3,1146.2,22162,0
2026-06-10T12:55:00+05:30,1146.2,1146.2,1145.3,1145.8,11500,0
2026-06-10T13:00:00+05:30,1145.8,1146.5,1145.3,1145.8,14498,0
2026-06-10T13:05:00+05:30,1145.7,1145.8,1143.4,1144.0,12352,0
2026-06-10T13:10:00+05:30,1144.2,1144.2,1141.4,1141.9,20822,0
2026-06-10T13:15:00+05:30,1141.9,1142.2,1141.4,1141.5,11497,0
2026-06-10T13:20:00+05:30,1141.6,1141.8,1140.9,1141.2,15405,0
2026-06-10T13:25:00+05:30,1141.2,1143.4,1140.9,1143.2,19891,0
2026-06-10T13:30:00+05:30,1143.1,1145.0,1143.1,1143.5,13020,0
2026-06-10T13:35:00+05:30,1143.3,1143.8,1142.6,1142.8,12710,0
2026-06-10T13:40:00+05:30,1142.7,1143.1,1141.0,1141.6,17186,0
2026-06-10T13:45:00+05:30,1141.7,1143.1,1141.5,1142.2,12528,0
2026-06-10T13:50:00+05:30,1141.9,1142.5,1140.8,1141.2,12386,0
2026-06-10T13:55:00+05:30,1141.2,1142.8,1140.9,1142.3,8902,0
2026-06-10T14:00:00+05:30,1142.3,1143.3,1142.0,1143.1,6903,0
2026-06-10T14:05:00+05:30,1143.1,1143.2,1141.7,1141.7,15906,0
2026-06-10T14:10:00+05:30,1142.0,1142.0,1141.0,1141.0,8242,0
2026-06-10T14:15:00+05:30,1141.1,1141.2,1140.2,1140.4,11224,0
2026-06-10T14:20:00+05:30,1140.4,1140.6,1140.0,1140.4,15103,0
2026-06-10T14:25:00+05:30,1140.3,1140.4,1138.4,1139.0,21077,0
2026-06-10T14:30:00+05:30,1139.0,1139.0,1137.5,1138.5,19571,0
2026-06-10T14:35:00+05:30,1138.7,1139.3,1137.5,1137.7,10311,0
2026-06-10T14:40:00+05:30,1137.8,1138.4,1135.5,1136.2,26932,0
2026-06-10T14:45:00+05:30,1136.2,1136.2,1135.1,1135.5,9988,0
2026-06-10T14:50:00+05:30,1135.3,1135.5,1134.4,1135.0,12338,0
2026-06-10T14:55:00+05:30,1134.8,1135.1,1133.5,1134.8,28627,0
2026-06-10T15:00:00+05:30,1134.8,1134.8,1132.0,1132.4,43948,0
2026-06-10T15:05:00+05:30,1132.4,1133.7,1131.7,1133.0,59727,0
2026-06-10T15:10:00+05:30,1132.9,1133.2,1131.0,1131.5,44817,0
2026-06-10T15:15:00+05:30,1131.2,1133.1,1130.8,1132.7,80907,0
2026-06-10T15:20:00+05:30,1132.7,1133.2,1131.0,1131.6,53725,0
2026-06-10T15:25:00+05:30,1131.6,1133.2,1130.0,1130.9,74737,0
2026-06-11T09:15:00+05:30,1112.9,1112.9,1089.5,1093.1,353604,0
2026-06-11T09:20:00+05:30,1093.1,1098.5,1090.0,1097.3,180792,0
2026-06-11T09:25:00+05:30,1097.3,1099.3,1093.7,1098.7,117758,0
2026-06-11T09:30:00+05:30,1098.7,1098.7,1094.5,1095.8,53084,0
2026-06-11T09:35:00+05:30,1095.9,1101.9,1092.9,1097.7,116969,0
2026-06-11T09:40:00+05:30,1098.0,1101.0,1096.0,1096.4,73049,0
2026-06-11T09:45:00+05:30,1096.3,1098.7,1096.0,1097.6,31643,0
2026-06-11T09:50:00+05:30,1097.6,1098.0,1093.6,1095.6,97511,0
2026-06-11T09:55:00+05:30,1095.6,1095.9,1093.3,1094.0,51590,0
2026-06-11T10:00:00+05:30,1094.0,1095.3,1093.1,1093.8,43816,0
2026-06-11T10:05:00+05:30,1093.8,1097.2,1093.3,1096.9,37028,0
2026-06-11T10:10:00+05:30,1096.9,1099.4,1096.1,1096.9,51341,0
2026-06-11T10:15:00+05:30,1096.9,1097.9,1095.3,1097.4,27010,0
2026-06-11T10:20:00+05:30,1097.8,1099.7,1097.0,1097.7,34973,0
2026-06-11T10:25:00+05:30,1097.7,1104.8,1097.3,1102.0,86380,0
2026-06-11T10:30:00+05:30,1102.1,1105.7,1101.3,1101.8,64920,0
2026-06-11T10:35:00+05:30,1102.0,1103.3,1100.4,1101.4,40268,0
2026-06-11T10:40:00+05:30,1101.2,1102.8,1100.6,1101.5,25690,0
2026-06-11T10:45:00+05:30,1101.9,1103.0,1100.3,1101.8,42225,0
2026-06-11T10:50:00+05:30,1101.8,1103.5,1100.4,1101.8,32728,0
2026-06-11T10:55:00+05:30,1101.9,1103.3,1101.1,1101.9,32620,0
2026-06-11T11:00:00+05:30,1102.0,1104.2,1101.7,1103.3,36953,0
2026-06-11T11:05:00+05:30,1103.3,1106.6,1103.3,1105.2,46549,0
2026-06-11T11:10:00+05:30,1105.2,1105.9,1103.0,1103.0,26645,0
2026-06-11T11:15:00+05:30,1103.2,1106.1,1102.6,1105.9,23288,0
2026-06-11T11:20:00+05:30,1105.9,1110.6,1103.0,1104.3,88780,0
2026-06-11T11:25:00+05:30,1104.4,1105.1,1102.2,1103.5,34281,0
2026-06-11T11:30:00+05:30,1103.8,1108.4,1103.1,1107.4,30592,0
2026-06-11T11:35:00+05:30,1107.3,1109.4,1106.6,1108.4,52072,0
2026-06-11T11:40:00+05:30,1108.4,1110.2,1107.0,1108.6,39049,0
2026-06-11T11:45:00+05:30,1108.7,1110.8,1108.3,1109.5,37130,0
2026-06-11T11:50:00+05:30,1109.6,1110.9,1107.8,1108.7,33394,0
2026-06-11T11:55:00+05:30,1109.2,1112.7,1108.6,1110.9,43257,0
2026-06-11T12:00:00+05:30,1111.3,1112.5,1111.1,1111.8,21168,0
2026-06-11T12:05:00+05:30,1112.0,1112.5,1110.4,1111.5,26394,0
2026-06-11T12:10:00+05:30,1111.6,1112.1,1109.0,1109.8,20435,0
2026-06-11T12:15:00+05:30,1110.0,1112.5,1109.8,1110.6,24329,0
2026-06-11T12:20:00+05:30,1111.2,1111.9,1110.5,1111.4,25442,0
2026-06-11T12:25:00+05:30,1111.4,1111.9,1110.2,1111.0,19193,0
2026-06-11T12:30:00+05:30,1111.0,1112.5,1111.0,1112.0,16940,0
2026-06-11T12:35:00+05:30,1112.0,1113.9,1110.9,1112.9,38880,0
2026-06-11T12:40:00+05:30,1113.0,1113.0,1109.8,1110.6,17908,0
2026-06-11T12:45:00+05:30,1110.6,1110.6,1107.7,1108.5,33489,0
2026-06-11T12:50:00+05:30,1108.5,1110.7,1108.0,1109.5,26175,0
2026-06-11T12:55:00+05:30,1109.5,1112.5,1108.8,1112.4,23315,0
2026-06-11T13:00:00+05:30,1112.4,1113.6,1110.9,1111.1,20211,0
2026-06-11T13:05:00+05:30,1111.5,1111.6,1110.4,1110.5,11134,0
2026-06-11T13:10:00+05:30,1110.8,1111.9,1110.0,1111.5,21029,0
2026-06-11T13:15:00+05:30,1111.6,1113.1,1110.4,1112.4,33776,0
2026-06-11T13:20:00+05:30,1112.4,1112.6,1108.3,1111.0,23943,0
2026-06-11T13:25:00+05:30,1110.7,1111.0,1108.8,1109.9,19256,0
2026-06-11T13:30:00+05:30,1109.7,1111.7,1109.5,1110.0,22154,0
2026-06-11T13:35:00+05:30,1110.3,1111.0,1109.1,1109.5,14395,0
2026-06-11T13:40:00+05:30,1109.3,1110.6,1107.3,1108.3,28178,0
2026-06-11T13:45:00+05:30,1108.6,1110.7,1108.1,1109.6,19008,0
2026-06-11T13:50:00+05:30,1109.8,1109.8,1108.3,1109.0,16781,0
2026-06-11T13:55:00+05:30,1109.1,1110.0,1108.3,1109.6,17990,0
2026-06-11T14:00:00+05:30,1109.2,1110.0,1109.0,1109.9,19445,0
2026-06-11T14:05:00+05:30,1109.9,1110.0,1107.6,1108.1,20233,0
2026-06-11T14:10:00+05:30,1108.0,1110.9,1107.7,1109.6,24911,0
2026-06-11T14:15:00+05:30,1110.0,1110.0,1108.3,1109.9,15201,0
2026-06-11T14:20:00+05:30,1109.9,1110.6,1108.2,1108.6,14238,0
2026-06-11T14:25:00+05:30,1109.0,1112.7,1108.7,1111.0,23997,0
2026-06-11T14:30:00+05:30,1110.9,1113.5,1110.2,1112.5,30738,0
2026-06-11T14:35:00+05:30,1112.5,1113.0,1109.7,1109.9,22858,0
2026-06-11T14:40:00+05:30,1110.2,1110.6,1108.7,1109.3,32631,0
2026-06-11T14:45:00+05:30,1109.7,1110.4,1108.0,1108.9,28281,0
2026-06-11T14:50:00+05:30,1109.0,1109.1,1108.2,1108.4,22674,0
2026-06-11T14:55:00+05:30,1108.4,1109.9,1107.1,1109.9,35618,0
2026-06-11T15:00:00+05:30,1109.9,1111.0,1106.2,1107.2,76870,0
2026-06-11T15:05:00+05:30,1107.3,1109.0,1106.9,1108.6,81958,0
2026-06-11T15:10:00+05:30,1108.6,1111.5,1108.5,1110.8,79073,0
2026-06-11T15:15:00+05:30,1110.9,1112.5,1109.8,1111.3,99819,0
2026-06-11T15:20:00+05:30,1111.3,1112.9,1111.1,1112.5,75983,0
2026-06-11T15:25:00+05:30,1112.5,1114.0,1111.6,1113.9,72750,0
2026-06-12T09:15:00+05:30,1120.0,1122.5,1113.9,1116.0,93257,0
2026-06-12T09:20:00+05:30,1115.8,1116.0,1112.0,1113.6,33419,0
2026-06-12T09:25:00+05:30,1113.6,1115.0,1112.1,1113.3,28988,0
2026-06-12T09:30:00+05:30,1113.3,1116.0,1111.8,1115.6,27502,0
2026-06-12T09:35:00+05:30,1116.0,1116.2,1110.0,1110.2,35231,0
2026-06-12T09:40:00+05:30,1110.2,1110.2,1108.1,1108.1,43688,0
2026-06-12T09:45:00+05:30,1108.1,1108.5,1106.0,1106.1,34189,0
2026-06-12T09:50:00+05:30,1106.4,1106.4,1104.1,1104.3,37154,0
2026-06-12T09:55:00+05:30,1104.3,1104.3,1102.1,1103.0,67151,0
2026-06-12T10:00:00+05:30,1103.0,1103.4,1101.7,1102.1,34022,0
2026-06-12T10:05:00+05:30,1102.5,1103.0,1100.7,1100.8,35841,0
2026-06-12T10:10:00+05:30,1100.8,1102.8,1100.6,1101.6,30833,0
2026-06-12T10:15:00+05:30,1102.0,1102.9,1101.0,1101.4,35391,0
2026-06-12T10:20:00+05:30,1101.4,1104.0,1101.3,1103.2,49867,0
2026-06-12T10:25:00+05:30,1103.5,1103.8,1102.1,1103.0,31397,0
2026-06-12T10:30:00+05:30,1103.1,1103.2,1102.0,1102.0,21194,0
2026-06-12T10:35:00+05:30,1102.3,1105.0,1101.7,1104.4,41695,0
2026-06-12T10:40:00+05:30,1104.4,1106.8,1103.3,1105.5,39154,0
2026-06-12T10:45:00+05:30,1105.9,1106.8,1105.4,1105.7,16655,0
2026-06-12T10:50:00+05:30,1105.7,1105.8,1104.0,1104.5,16852,0
2026-06-12T10:55:00+05:30,1104.7,1105.7,1104.5,1105.0,13097,0
2026-06-12T11:00:00+05:30,1105.4,1106.6,1105.0,1106.1,9088,0
2026-06-12T11:05:00+05:30,1106.1,1111.0,1106.1,1110.4,59044,0
2026-06-12T11:10:00+05:30,1110.5,1112.7,1110.1,1110.9,53868,0
2026-06-12T11:15:00+05:30,1110.9,1111.0,1109.6,1109.7,12799,0
2026-06-12T11:20:00+05:30,1110.2,1110.4,1109.0,1109.2,15044,0
2026-06-12T11:25:00+05:30,1109.6,1109.8,1106.8,1106.8,11374,0
2026-06-12T11:30:00+05:30,1107.2,1108.7,1107.0,1107.0,9705,0
2026-06-12T11:35:00+05:30,1107.0,1108.8,1106.5,1108.4,9246,0
2026-06-12T11:40:00+05:30,1108.4,1109.4,1107.8,1108.5,7490,0
2026-06-12T11:45:00+05:30,1108.5,1111.0,1108.0,1109.6,9205,0
2026-06-12T11:50:00+05:30,1109.9,1111.0,1109.2,1110.3,10292,0
2026-06-12T11:55:00+05:30,1110.4,1110.8,1109.6,1109.6,11490,0
2026-06-12T12:00:00+05:30,1110.0,1111.0,1109.3,1110.8,9674,0
2026-06-12T12:05:00+05:30,1110.8,1111.0,1108.7,1109.0,14889,0
2026-06-12T12:10:00+05:30,1109.2,1109.2,1106.1,1106.6,11242,0
2026-06-12T12:15:00+05:30,1106.7,1108.0,1106.3,1106.8,7828,0
2026-06-12T12:20:00+05:30,1107.0,1107.8,1106.3,1107.0,18797,0
2026-06-12T12:25:00+05:30,1107.1,1107.8,1106.5,1107.0,6957,0
2026-06-12T12:30:00+05:30,1107.3,1107.3,1105.0,1105.4,19239,0
2026-06-12T12:35:00+05:30,1105.4,1105.8,1104.6,1105.0,13749,0
2026-06-12T12:40:00+05:30,1105.0,1105.3,1102.8,1102.9,13924,0
2026-06-12T12:45:00+05:30,1103.5,1103.5,1102.0,1102.1,14225,0
2026-06-12T12:50:00+05:30,1102.1,1102.6,1100.5,1101.4,43069,0
2026-06-12T12:55:00+05:30,1101.9,1102.6,1101.5,1102.0,15039,0
2026-06-12T13:00:00+05:30,1102.4,1102.9,1101.8,1102.5,7169,0
2026-06-12T13:05:00+05:30,1102.7,1102.9,1102.0,1102.4,4540,0
2026-06-12T13:10:00+05:30,1102.5,1103.5,1102.0,1102.6,8599,0
2026-06-12T13:15:00+05:30,1102.6,1103.0,1102.1,1102.3,6774,0
2026-06-12T13:20:00+05:30,1102.3,1103.0,1102.0,1102.2,7132,0
2026-06-12T13:25:00+05:30,1102.2,1106.0,1101.3,1104.5,33936,0
2026-06-12T13:30:00+05:30,1105.0,1106.3,1104.5,1104.7,10973,0
2026-06-12T13:35:00+05:30,1104.7,1107.9,1104.7,1107.1,12262,0
2026-06-12T13:40:00+05:30,1107.5,1108.7,1106.6,1107.2,27137,0
2026-06-12T13:45:00+05:30,1107.2,1110.3,1107.1,1109.5,23397,0
2026-06-12T13:50:00+05:30,1109.7,1110.7,1108.1,1108.7,21060,0
2026-06-12T13:55:00+05:30,1108.7,1110.0,1108.5,1109.3,10059,0
2026-06-12T14:00:00+05:30,1109.8,1110.8,1109.3,1110.1,44802,0
2026-06-12T14:05:00+05:30,1110.2,1110.4,1109.0,1109.5,13792,0
2026-06-12T14:10:00+05:30,1109.8,1110.3,1107.0,1108.4,28482,0
2026-06-12T14:15:00+05:30,1108.4,1109.3,1107.8,1109.3,9991,0
2026-06-12T14:20:00+05:30,1109.3,1109.8,1106.9,1107.5,30009,0
2026-06-12T14:25:00+05:30,1107.3,1108.7,1106.7,1108.6,15616,0
2026-06-12T14:30:00+05:30,1108.6,1109.6,1107.6,1109.1,12351,0
2026-06-12T14:35:00+05:30,1109.1,1109.4,1107.1,1108.0,22829,0
2026-06-12T14:40:00+05:30,1108.3,1108.9,1107.0,1108.0,27963,0
2026-06-12T14:45:00+05:30,1107.9,1108.7,1107.2,1108.1,18975,0
2026-06-12T14:50:00+05:30,1108.6,1108.6,1107.1,1107.3,24013,0
2026-06-12T14:55:00+05:30,1107.3,1109.3,1107.3,1108.0,26144,0
2026-06-12T15:00:00+05:30,1108.1,1110.6,1106.0,1110.0,101656,0
2026-06-12T15:05:00+05:30,1110.0,1112.0,1109.3,1109.9,176217,0
2026-06-12T15:10:00+05:30,1109.9,1110.0,1109.0,1110.0,55682,0
2026-06-12T15:15:00+05:30,1110.0,1110.0,1109.0,1109.3,50915,0
2026-06-12T15:20:00+05:30,1109.3,1109.6,1109.0,1109.1,67313,0
2026-06-12T15:25:00+05:30,1109.1,1111.0,1109.0,1110.0,126271,0
2026-06-15T09:15:00+05:30,1123.5,1126.2,1116.0,1119.1,114778,0
2026-06-15T09:20:00+05:30,1119.2,1123.2,1118.5,1122.3,50424,0
2026-06-15T09:25:00+05:30,1122.6,1122.7,1118.2,1121.6,37213,0
2026-06-15T09:30:00+05:30,1121.5,1122.0,1117.7,1118.2,37614,0
2026-06-15T09:35:00+05:30,1118.7,1118.7,1115.4,1116.5,34751,0
2026-06-15T09:40:00+05:30,1117.0,1119.0,1116.1,1118.6,25021,0
2026-06-15T09:45:00+05:30,1118.9,1120.2,1118.1,1118.7,21255,0
2026-06-15T09:50:00+05:30,1118.8,1119.0,1117.5,1118.4,15512,0
2026-06-15T09:55:00+05:30,1118.6,1119.0,1115.2,1115.6,25085,0
2026-06-15T10:00:00+05:30,1115.6,1116.7,1114.5,1116.0,39706,0
2026-06-15T10:05:00+05:30,1116.4,1116.5,1113.2,1113.8,28223,0
2026-06-15T10:10:00+05:30,1114.0,1115.0,1113.6,1114.3,17341,0
2026-06-15T10:15:00+05:30,1114.3,1114.9,1113.0,1114.9,20349,0
2026-06-15T10:20:00+05:30,1114.9,1116.0,1114.4,1115.9,15281,0
2026-06-15T10:25:00+05:30,1115.7,1117.2,1115.0,1116.1,20391,0
2026-06-15T10:30:00+05:30,1116.5,1117.2,1115.4,1116.9,13785,0
2026-06-15T10:35:00+05:30,1116.9,1117.3,1115.9,1116.8,16562,0
2026-06-15T10:40:00+05:30,1116.8,1117.2,1116.0,1117.1,21992,0
2026-06-15T10:45:00+05:30,1117.0,1117.1,1116.0,1116.7,15721,0
2026-06-15T10:50:00+05:30,1116.7,1118.5,1116.0,1118.1,17982,0
2026-06-15T10:55:00+05:30,1118.5,1125.0,1117.6,1123.6,66032,0
2026-06-15T11:00:00+05:30,1123.9,1124.0,1119.0,1121.4,36961,0
2026-06-15T11:05:00+05:30,1121.5,1124.7,1120.6,1123.8,33710,0
2026-06-15T11:10:00+05:30,1124.0,1128.0,1122.7,1124.4,74235,0
2026-06-15T11:15:00+05:30,1124.3,1124.3,1122.1,1123.6,23301,0
2026-06-15T11:20:00+05:30,1123.6,1124.4,1122.4,1123.0,21258,0
2026-06-15T11:25:00+05:30,1123.0,1123.9,1122.4,1123.5,19866,0
2026-06-15T11:30:00+05:30,1123.5,1123.5,1121.3,1122.0,14836,0
2026-06-15T11:35:00+05:30,1122.0,1122.0,1120.5,1121.8,15857,0
2026-06-15T11:40:00+05:30,1121.8,1122.4,1120.2,1120.7,20000,0
2026-06-15T11:45:00+05:30,1120.7,1120.9,1118.4,1120.6,25013,0
2026-06-15T11:50:00+05:30,1120.6,1121.0,1119.7,1120.3,15821,0
2026-06-15T11:55:00+05:30,1120.7,1122.5,1120.2,1122.0,24077,0
2026-06-15T12:00:00+05:30,1122.0,1123.1,1121.5,1122.1,21918,0
2026-06-15T12:05:00+05:30,1122.5,1123.1,1121.0,1121.5,22656,0
2026-06-15T12:10:00+05:30,1121.6,1121.9,1119.7,1119.9,20616,0
2026-06-15T12:15:00+05:30,1120.1,1120.3,1118.0,1118.8,16584,0
2026-06-15T12:20:00+05:30,1118.8,1119.6,1118.0,1118.8,16130,0
2026-06-15T12:25:00+05:30,1118.8,1119.6,1118.2,1118.8,12174,0
2026-06-15T12:30:00+05:30,1118.8,1119.8,1118.2,1119.5,12923,0
2026-06-15T12:35:00+05:30,1119.9,1120.9,1119.0,1119.5,15644,0
2026-06-15T12:40:00+05:30,1120.3,1121.6,1119.2,1120.8,15885,0
2026-06-15T12:45:00+05:30,1121.2,1122.0,1120.5,1121.4,18105,0
2026-06-15T12:50:00+05:30,1121.7,1123.0,1120.9,1122.0,27161,0
2026-06-15T12:55:00+05:30,1122.0,1123.5,1121.1,1121.3,19208,0
2026-06-15T13:00:00+05:30,1121.3,1122.2,1120.5,1120.5,15156,0
2026-06-15T13:05:00+05:30,1120.8,1122.1,1120.2,1121.9,16718,0
2026-06-15T13:10:00+05:30,1121.9,1123.3,1120.6,1121.0,16505,0
2026-06-15T13:15:00+05:30,1121.2,1121.6,1120.2,1120.5,15444,0
2026-06-15T13:20:00+05:30,1120.6,1122.8,1120.0,1120.5,20289,0
2026-06-15T13:25:00+05:30,1120.5,1120.5,1119.0,1120.2,21204,0
2026-06-15T13:30:00+05:30,1120.5,1121.8,1120.0,1121.4,26375,0
2026-06-15T13:35:00+05:30,1121.5,1122.0,1120.4,1120.9,15395,0
2026-06-15T13:40:00+05:30,1120.8,1120.8,1118.7,1120.0,27495,0
2026-06-15T13:45:00+05:30,1120.2,1121.0,1119.4,1120.8,24913,0
2026-06-15T13:50:00+05:30,1120.8,1121.1,1118.8,1119.7,20865,0
2026-06-15T13:55:00+05:30,1120.2,1122.1,1119.4,1121.3,26701,0
2026-06-15T14:00:00+05:30,1121.7,1123.3,1121.3,1122.7,20972,0
2026-06-15T14:05:00+05:30,1122.7,1123.5,1122.1,1122.6,18065,0
2026-06-15T14:10:00+05:30,1122.7,1123.0,1121.6,1122.2,21231,0
2026-06-15T14:15:00+05:30,1122.2,1122.9,1121.5,1122.5,22806,0
2026-06-15T14:20:00+05:30,1122.5,1123.0,1121.6,1122.7,27661,0
2026-06-15T14:25:00+05:30,1122.7,1123.9,1121.9,1122.0,35800,0
2026-06-15T14:30:00+05:30,1122.4,1123.8,1122.0,1123.8,29780,0
2026-06-15T14:35:00+05:30,1123.8,1124.7,1123.4,1123.9,30713,0
2026-06-15T14:40:00+05:30,1124.0,1124.3,1122.6,1123.7,25571,0
2026-06-15T14:45:00+05:30,1123.7,1123.9,1122.6,1123.0,18506,0
2026-06-15T14:50:00+05:30,1123.0,1123.4,1121.2,1122.6,20872,0
2026-06-15T14:55:00+05:30,1122.6,1122.9,1121.1,1121.8,16655,0
2026-06-15T15:00:00+05:30,1121.9,1123.5,1118.0,1119.6,128693,0
2026-06-15T15:05:00+05:30,1119.6,1119.9,1117.7,1118.4,95050,0
2026-06-15T15:10:00+05:30,1118.4,1118.6,1116.0,1117.6,112989,0
2026-06-15T15:15:00+05:30,1117.5,1120.0,1117.4,1119.2,99392,0
2026-06-15T15:20:00+05:30,1119.1,1120.9,1119.0,1120.5,109642,0
2026-06-15T15:25:00+05:30,1120.5,1122.3,1119.7,1122.3,72431,0
2026-06-16T09:15:00+05:30,1141.0,1150.0,1141.0,1146.8,777894,0
2026-06-16T09:20:00+05:30,1146.8,1151.1,1143.1,1145.6,411894,0
2026-06-16T09:25:00+05:30,1146.0,1149.8,1142.7,1148.9,225603,0
2026-06-16T09:30:00+05:30,1148.9,1156.5,1148.6,1152.7,474516,0
2026-06-16T09:35:00+05:30,1153.3,1155.9,1149.8,1154.4,237340,0
2026-06-16T09:40:00+05:30,1155.0,1157.0,1153.0,1155.3,185237,0
2026-06-16T09:45:00+05:30,1154.8,1156.3,1151.7,1154.8,182200,0
2026-06-16T09:50:00+05:30,1154.5,1156.9,1153.1,1156.3,127407,0
2026-06-16T09:55:00+05:30,1156.3,1156.7,1155.0,1156.0,124427,0
2026-06-16T10:00:00+05:30,1156.0,1157.8,1153.0,1153.2,220620,0
2026-06-16T10:05:00+05:30,1153.0,1154.9,1148.7,1150.5,348732,0
2026-06-16T10:10:00+05:30,1150.7,1155.9,1150.0,1155.3,100497,0
2026-06-16T10:15:00+05:30,1155.8,1157.6,1154.9,1156.4,128590,0
2026-06-16T10:20:00+05:30,1156.8,1160.4,1156.0,1158.3,181896,0
2026-06-16T10:25:00+05:30,1158.2,1160.0,1157.6,1158.9,78508,0
2026-06-16T10:30:00+05:30,1158.9,1161.5,1153.5,1154.2,158153,0
2026-06-16T10:35:00+05:30,1154.0,1156.5,1153.5,1155.0,75275,0
2026-06-16T10:40:00+05:30,1155.2,1156.0,1153.1,1153.8,50518,0
2026-06-16T10:45:00+05:30,1153.7,1153.7,1151.0,1151.2,102582,0
2026-06-16T10:50:00+05:30,1151.2,1152.0,1149.0,1150.5,113888,0
2026-06-16T10:55:00+05:30,1150.5,1150.9,1149.1,1150.2,53506,0
2026-06-16T11:00:00+05:30,1150.4,1151.4,1149.0,1149.5,73855,0
2026-06-16T11:05:00+05:30,1149.7,1150.0,1146.0,1146.7,124275,0
2026-06-16T11:10:00+05:30,1146.7,1147.0,1144.0,1144.7,110419,0
2026-06-16T11:15:00+05:30,1144.4,1146.6,1143.0,1144.0,81621,0
2026-06-16T11:20:00+05:30,1143.9,1145.3,1142.9,1145.2,51354,0
2026-06-16T11:25:00+05:30,1145.2,1145.6,1143.2,1143.9,31217,0
2026-06-16T11:30:00+05:30,1143.8,1145.7,1142.1,1143.5,71162,0
2026-06-16T11:35:00+05:30,1143.0,1143.5,1142.0,1142.6,41503,0
2026-06-16T11:40:00+05:30,1142.4,1142.5,1140.1,1141.4,88130,0
2026-06-16T11:45:00+05:30,1141.4,1142.2,1140.0,1141.8,47759,0
2026-06-16T11:50:00+05:30,1141.8,1142.7,1137.9,1139.5,98741,0
2026-06-16T11:55:00+05:30,1139.4,1139.5,1137.7,1139.0,38433,0
2026-06-16T12:00:00+05:30,1139.0,1139.5,1137.5,1139.0,39229,0
2026-06-16T12:05:00+05:30,1138.8,1142.3,1138.0,1141.8,145285,0
2026-06-16T12:10:00+05:30,1141.6,1143.5,1141.5,1142.4,94210,0
2026-06-16T12:15:00+05:30,1142.3,1144.6,1142.1,1143.5,61519,0
2026-06-16T12:20:00+05:30,1143.1,1143.7,1142.1,1142.9,41184,0
2026-06-16T12:25:00+05:30,1142.8,1144.7,1142.3,1143.9,51913,0
2026-06-16T12:30:00+05:30,1143.7,1145.6,1143.4,1144.3,39743,0
2026-06-16T12:35:00+05:30,1144.4,1147.4,1144.3,1146.4,71885,0
2026-06-16T12:40:00+05:30,1146.4,1146.5,1142.7,1145.0,45309,0
2026-06-16T12:45:00+05:30,1145.0,1145.0,1143.0,1143.6,18477,0
2026-06-16T12:50:00+05:30,1143.7,1146.5,1143.0,1144.6,35547,0
2026-06-16T12:55:00+05:30,1144.6,1144.6,1143.3,1144.5,24209,0
2026-06-16T13:00:00+05:30,1144.5,1144.9,1143.8,1144.4,14184,0
2026-06-16T13:05:00+05:30,1144.5,1145.8,1143.6,1145.8,23599,0
2026-06-16T13:10:00+05:30,1145.8,1146.6,1143.7,1144.4,37217,0
2026-06-16T13:15:00+05:30,1144.9,1145.8,1143.8,1144.9,17640,0
2026-06-16T13:20:00+05:30,1144.9,1145.8,1144.0,1145.5,26672,0
2026-06-16T13:25:00+05:30,1145.4,1150.0,1145.0,1149.4,105978,0
2026-06-16T13:30:00+05:30,1149.5,1150.0,1148.0,1148.8,81293,0
2026-06-16T13:35:00+05:30,1149.2,1149.5,1148.2,1148.6,30299,0
2026-06-16T13:40:00+05:30,1148.6,1149.2,1147.4,1147.4,34437,0
2026-06-16T13:45:00+05:30,1147.7,1148.0,1146.4,1147.0,27032,0
2026-06-16T13:50:00+05:30,1147.2,1147.6,1145.4,1147.4,23328,0
2026-06-16T13:55:00+05:30,1147.5,1148.0,1146.9,1146.9,20438,0
2026-06-16T14:00:00+05:30,1147.0,1147.6,1146.6,1147.2,18213,0
2026-06-16T14:05:00+05:30,1147.2,1147.8,1145.9,1146.8,17143,0
2026-06-16T14:10:00+05:30,1146.9,1149.4,1146.6,1149.3,33402,0
2026-06-16T14:15:00+05:30,1149.3,1149.5,1148.2,1148.9,31640,0
2026-06-16T14:20:00+05:30,1148.9,1149.4,1147.7,1148.5,47181,0
2026-06-16T14:25:00+05:30,1148.5,1152.0,1148.2,1151.9,237965,0
2026-06-16T14:30:00+05:30,1151.8,1155.0,1151.4,1154.5,102858,0
2026-06-16T14:35:00+05:30,1154.5,1157.0,1154.0,1156.8,116841,0
2026-06-16T14:40:00+05:30,1156.5,1158.6,1152.1,1153.0,168355,0
2026-06-16T14:45:00+05:30,1153.0,1156.7,1153.0,1156.5,40836,0
2026-06-16T14:50:00+05:30,1156.4,1159.7,1156.0,1158.4,117342,0
2026-06-16T14:55:00+05:30,1158.8,1159.3,1158.0,1159.2,98117,0
2026-06-16T15:00:00+05:30,1159.2,1159.2,1156.1,1157.2,149600,0
2026-06-16T15:05:00+05:30,1157.3,1158.9,1157.0,1158.1,100375,0
2026-06-16T15:10:00+05:30,1158.5,1158.9,1158.0,1158.8,93537,0
2026-06-16T15:15:00+05:30,1158.8,1160.0,1157.1,1159.4,173574,0
2026-06-16T15:20:00+05:30,1159.4,1161.5,1158.3,1160.8,188470,0
2026-06-16T15:25:00+05:30,1160.9,1161.9,1158.8,1160.5,175072,0
2026-06-17T09:15:00+05:30,1169.0,1170.6,1161.0,1166.9,191408,0
2026-06-17T09:20:00+05:30,1166.9,1169.0,1164.2,1168.2,91974,0
2026-06-17T09:25:00+05:30,1168.2,1171.5,1165.5,1169.3,97697,0
2026-06-17T09:30:00+05:30,1169.3,1171.8,1168.2,1171.4,70834,0
2026-06-17T09:35:00+05:30,1171.4,1173.6,1171.0,1172.5,87148,0
2026-06-17T09:40:00+05:30,1172.5,1172.8,1167.2,1168.0,67882,0
2026-06-17T09:45:00+05:30,1168.4,1170.4,1167.1,1168.0,37123,0
2026-06-17T09:50:00+05:30,1168.0,1169.0,1166.9,1167.0,37889,0
2026-06-17T09:55:00+05:30,1167.0,1168.0,1166.0,1166.9,35630,0
2026-06-17T10:00:00+05:30,1166.9,1167.0,1163.4,1163.6,46999,0
2026-06-17T10:05:00+05:30,1163.8,1166.4,1163.3,1165.5,36490,0
2026-06-17T10:10:00+05:30,1165.5,1166.0,1162.3,1163.0,31584,0
2026-06-17T10:15:00+05:30,1163.0,1164.7,1162.3,1164.2,32640,0
2026-06-17T10:20:00+05:30,1164.2,1164.8,1162.4,1163.5,18199,0
2026-06-17T10:25:00+05:30,1163.5,1164.8,1163.0,1164.3,12513,0
2026-06-17T10:30:00+05:30,1164.5,1165.7,1164.1,1165.0,19768,0
2026-06-17T10:35:00+05:30,1165.2,1165.5,1163.2,1163.3,48360,0
2026-06-17T10:40:00+05:30,1163.4,1164.4,1163.1,1164.1,11205,0
2026-06-17T10:45:00+05:30,1164.1,1164.4,1163.0,1163.4,10609,0
2026-06-17T10:50:00+05:30,1163.8,1166.6,1163.4,1166.3,17856,0
2026-06-17T10:55:00+05:30,1166.3,1166.5,1164.2,1164.5,17752,0
2026-06-17T11:00:00+05:30,1164.5,1164.5,1163.2,1163.7,15987,0
2026-06-17T11:05:00+05:30,1163.7,1165.1,1163.4,1164.6,10626,0
2026-06-17T11:10:00+05:30,1164.6,1164.8,1163.3,1164.4,13777,0
2026-06-17T11:15:00+05:30,1164.4,1164.6,1163.1,1163.4,13280,0
2026-06-17T11:20:00+05:30,1163.4,1166.2,1163.0,1165.5,24915,0
2026-06-17T11:25:00+05:30,1165.9,1165.9,1164.0,1164.4,23252,0
2026-06-17T11:30:00+05:30,1164.8,1166.6,1164.4,1166.2,12700,0
2026-06-17T11:35:00+05:30,1166.3,1166.6,1165.2,1166.0,13217,0
2026-06-17T11:40:00+05:30,1166.1,1166.9,1165.3,1166.4,24516,0
2026-06-17T11:45:00+05:30,1166.4,1166.7,1165.1,1165.3,21653,0
2026-06-17T11:50:00+05:30,1165.8,1166.0,1164.4,1165.0,25630,0
2026-06-17T11:55:00+05:30,1165.1,1165.6,1164.2,1164.7,15306,0
2026-06-17T12:00:00+05:30,1164.7,1164.8,1163.4,1164.2,21380,0
2026-06-17T12:05:00+05:30,1164.2,1165.0,1163.9,1164.6,8988,0
2026-06-17T12:10:00+05:30,1164.6,1165.2,1163.6,1164.8,17033,0
2026-06-17T12:15:00+05:30,1164.9,1165.2,1163.2,1164.9,11697,0
2026-06-17T12:20:00+05:30,1164.9,1164.9,1160.0,1160.9,43192,0
2026-06-17T12:25:00+05:30,1161.2,1162.4,1160.8,1161.0,22640,0
2026-06-17T12:30:00+05:30,1161.0,1161.3,1159.3,1160.9,36974,0
2026-06-17T12:35:00+05:30,1160.9,1160.9,1159.5,1160.4,20653,0
2026-06-17T12:40:00+05:30,1160.6,1161.6,1160.0,1161.4,16305,0
2026-06-17T12:45:00+05:30,1160.9,1161.6,1160.5,1161.4,11895,0
2026-06-17T12:50:00+05:30,1161.2,1162.5,1161.0,1161.4,15432,0
2026-06-17T12:55:00+05:30,1161.5,1163.3,1161.0,1162.8,25711,0
2026-06-17T13:00:00+05:30,1162.9,1163.4,1162.2,1163.4,12724,0
2026-06-17T13:05:00+05:30,1163.4,1163.6,1162.3,1162.7,11485,0
2026-06-17T13:10:00+05:30,1162.6,1163.0,1162.1,1162.7,7947,0
2026-06-17T13:15:00+05:30,1162.7,1163.8,1162.0,1163.5,14064,0
2026-06-17T13:20:00+05:30,1163.9,1164.3,1163.4,1163.4,9747,0
2026-06-17T13:25:00+05:30,1163.4,1164.0,1163.2,1163.7,9768,0
2026-06-17T13:30:00+05:30,1164.0,1164.9,1163.5,1164.5,11560,0
2026-06-17T13:35:00+05:30,1164.5,1166.4,1164.2,1166.0,35925,0
2026-06-17T13:40:00+05:30,1166.0,1166.4,1165.1,1165.5,9971,0
2026-06-17T13:45:00+05:30,1165.5,1165.9,1165.0,1165.6,9878,0
2026-06-17T13:50:00+05:30,1165.6,1165.8,1164.0,1165.0,16362,0
2026-06-17T13:55:00+05:30,1164.9,1164.9,1164.0,1164.6,10335,0
2026-06-17T14:00:00+05:30,1164.5,1166.0,1163.5,1164.9,27176,0
2026-06-17T14:05:00+05:30,1164.9,1165.0,1162.5,1163.5,24309,0
2026-06-17T14:10:00+05:30,1163.5,1164.0,1162.4,1163.7,7677,0
2026-06-17T14:15:00+05:30,1163.7,1164.1,1163.0,1164.0,11493,0
2026-06-17T14:20:00+05:30,1164.0,1164.7,1163.5,1163.9,9704,0
2026-06-17T14:25:00+05:30,1164.1,1164.2,1162.5,1163.1,22422,0
2026-06-17T14:30:00+05:30,1163.4,1164.2,1162.6,1163.9,12715,0
2026-06-17T14:35:00+05:30,1163.9,1164.5,1162.5,1163.6,19598,0
2026-06-17T14:40:00+05:30,1164.0,1165.7,1163.4,1165.4,17978,0
2026-06-17T14:45:00+05:30,1165.4,1165.9,1164.8,1165.1,14376,0
2026-06-17T14:50:00+05:30,1165.7,1166.0,1164.5,1164.9,23485,0
2026-06-17T14:55:00+05:30,1164.9,1166.5,1164.2,1166.3,23791,0
2026-06-17T15:00:00+05:30,1166.4,1166.9,1165.0,1165.1,41078,0
2026-06-17T15:05:00+05:30,1165.3,1167.0,1165.1,1166.5,65232,0
2026-06-17T15:10:00+05:30,1166.5,1168.5,1166.5,1167.0,84274,0
2026-06-17T15:15:00+05:30,1167.0,1167.9,1166.6,1167.5,69247,0
2026-06-17T15:20:00+05:30,1167.5,1167.9,1166.3,1166.9,65920,0
2026-06-17T15:25:00+05:30,1166.9,1167.3,1164.4,1165.0,53638,0
