time,open,high,low,close,volume,open_interest
2026-04-20T09:15:00+05:30,1320.0,1324.9,1313.1,1316.2,353861,0
2026-04-20T09:20:00+05:30,1316.2,1319.6,1313.0,1313.2,181568,0
2026-04-20T09:25:00+05:30,1313.2,1313.3,1308.1,1310.1,234788,0
2026-04-20T09:30:00+05:30,1310.3,1312.8,1309.3,1312.8,119580,0
2026-04-20T09:35:00+05:30,1312.8,1314.8,1311.1,1313.0,95076,0
2026-04-20T09:40:00+05:30,1312.5,1313.0,1311.0,1312.9,82014,0
2026-04-20T09:45:00+05:30,1312.9,1313.4,1311.1,1312.5,108124,0
2026-04-20T09:50:00+05:30,1312.5,1313.4,1311.2,1313.3,65711,0
2026-04-20T09:55:00+05:30,1313.4,1313.4,1310.4,1312.1,62243,0
2026-04-20T10:00:00+05:30,1312.1,1313.2,1311.3,1313.2,51995,0
2026-04-20T10:05:00+05:30,1312.9,1313.2,1311.9,1312.3,41866,0
2026-04-20T10:10:00+05:30,1312.2,1312.5,1311.2,1311.7,48165,0
2026-04-20T10:15:00+05:30,1311.7,1312.8,1310.6,1310.8,60188,0
2026-04-20T10:20:00+05:30,1310.8,1311.9,1310.0,1311.0,44612,0
2026-04-20T10:25:00+05:30,1311.1,1312.5,1310.9,1312.3,48073,0
2026-04-20T10:30:00+05:30,1312.4,1314.0,1312.3,1313.5,62193,0
2026-04-20T10:35:00+05:30,1313.5,1314.1,1313.2,1313.3,48108,0
2026-04-20T10:40:00+05:30,1313.3,1313.8,1311.8,1311.8,49706,0
2026-04-20T10:45:00+05:30,1311.8,1312.0,1310.2,1311.4,121041,0
2026-04-20T10:50:00+05:30,1311.4,1312.1,1310.8,1311.2,38573,0
2026-04-20T10:55:00+05:30,1311.2,1313.3,1310.9,1313.0,84888,0
2026-04-20T11:00:00+05:30,1313.0,1314.5,1312.6,1314.1,64248,0
2026-04-20T11:05:00+05:30,1314.1,1316.1,1313.7,1313.8,81556,0
2026-04-20T11:10:00+05:30,1313.9,1316.8,1313.8,1316.2,80310,0
2026-04-20T11:15:00+05:30,1316.2,1320.0,1316.2,1318.6,89371,0
2026-04-20T11:20:00+05:30,1318.8,1321.8,1318.3,1321.3,73389,0
2026-04-20T11:25:00+05:30,1321.3,1323.3,1320.6,1322.0,95945,0
2026-04-20T11:30:00+05:30,1322.0,1322.6,1318.0,1319.6,88880,0
2026-04-20T11:35:00+05:30,1319.7,1320.0,1318.6,1319.2,56643,0
2026-04-20T11:40:00+05:30,1319.2,1322.0,1318.4,1320.8,88364,0
2026-04-20T11:45:00+05:30,1320.0,1322.7,1319.7,1322.4,115329,0
2026-04-20T11:50:00+05:30,1322.3,1322.4,1320.1,1320.1,57852,0
2026-04-20T11:55:00+05:30,1320.1,1320.7,1318.6,1319.2,49397,0
2026-04-20T12:00:00+05:30,1319.0,1319.8,1318.5,1318.5,71680,0
2026-04-20T12:05:00+05:30,1318.5,1320.5,1318.2,1319.5,74226,0
2026-04-20T12:10:00+05:30,1319.5,1320.0,1316.8,1317.4,141248,0
2026-04-20T12:15:00+05:30,1317.4,1318.9,1316.0,1316.7,52136,0
2026-04-20T12:20:00+05:30,1316.7,1317.6,1316.2,1317.0,40225,0
2026-04-20T12:25:00+05:30,1317.0,1318.9,1316.7,1318.3,47350,0
2026-04-20T12:30:00+05:30,1318.3,1319.3,1316.7,1317.5,67632,0
2026-04-20T12:35:00+05:30,1317.5,1318.2,1317.2,1317.7,31127,0
2026-04-20T12:40:00+05:30,1317.5,1318.8,1315.8,1318.4,78795,0
2026-04-20T12:45:00+05:30,1318.3,1319.3,1318.0,1318.8,44485,0
2026-04-20T12:50:00+05:30,1318.8,1320.8,1318.8,1319.9,71975,0
2026-04-20T12:55:00+05:30,1319.9,1320.5,1319.0,1319.1,136594,0
2026-04-20T13:00:00+05:30,1319.0,1319.5,1316.0,1317.1,61043,0
2026-04-20T13:05:00+05:30,1317.1,1318.1,1316.0,1316.5,77766,0
2026-04-20T13:10:00+05:30,1316.5,1316.9,1315.0,1315.6,63779,0
2026-04-20T13:15:00+05:30,1315.6,1316.5,1315.0,1315.3,57562,0
2026-04-20T13:20:00+05:30,1315.3,1316.5,1315.1,1316.1,72272,0
2026-04-20T13:25:00+05:30,1316.2,1316.9,1314.5,1316.8,80838,0
2026-04-20T13:30:00+05:30,1316.5,1317.0,1314.6,1316.0,82486,0
2026-04-20T13:35:00+05:30,1315.7,1316.0,1313.8,1314.0,59472,0
2026-04-20T13:40:00+05:30,1314.0,1315.4,1313.8,1314.9,95230,0
2026-04-20T13:45:00+05:30,1314.6,1315.3,1313.0,1313.0,121033,0
2026-04-20T13:50:00+05:30,1313.0,1314.7,1312.2,1314.3,134901,0
2026-04-20T13:55:00+05:30,1314.3,1315.3,1313.5,1314.6,53982,0
2026-04-20T14:00:00+05:30,1314.5,1315.0,1313.3,1314.2,48680,0
2026-04-20T14:05:00+05:30,1314.2,1314.8,1313.6,1314.5,53843,0
2026-04-20T14:10:00+05:30,1314.5,1315.4,1314.3,1315.2,55028,0
2026-04-20T14:15:00+05:30,1315.0,1315.5,1313.5,1314.3,79856,0
2026-04-20T14:20:00+05:30,1314.1,1315.9,1313.9,1314.5,73414,0
2026-04-20T14:25:00+05:30,1314.8,1317.5,1314.5,1316.5,122898,0
2026-04-20T14:30:00+05:30,1316.5,1317.2,1314.2,1316.3,169769,0
2026-04-20T14:35:00+05:30,1316.3,1317.5,1314.0,1314.1,209114,0
2026-04-20T14:40:00+05:30,1314.1,1314.6,1312.2,1313.7,224952,0
2026-04-20T14:45:00+05:30,1313.4,1314.6,1312.0,1314.0,121380,0
2026-04-20T14:50:00+05:30,1313.9,1314.8,1312.8,1314.6,91386,0
2026-04-20T14:55:00+05:30,1314.7,1315.0,1313.6,1314.2,89303,0
2026-04-20T15:00:00+05:30,1314.3,1315.9,1314.2,1315.5,120567,0
2026-04-20T15:05:00+05:30,1315.6,1315.9,1314.4,1314.4,166814,0
2026-04-20T15:10:00+05:30,1314.4,1315.2,1313.3,1313.3,150318,0
2026-04-20T15:15:00+05:30,1313.3,1313.7,1309.2,1309.5,234817,0
2026-04-20T15:20:00+05:30,1310.0,1312.1,1309.5,1309.9,202052,0
2026-04-20T15:25:00+05:30,1309.9,1312.6,1309.4,1310.0,144151,0
2026-04-21T09:15:00+05:30,1310.0,1310.0,1299.3,1302.3,551483,0
2026-04-21T09:20:00+05:30,1301.9,1304.7,1299.8,1302.8,178520,0
2026-04-21T09:25:00+05:30,1302.5,1304.7,1301.5,1304.0,94306,0
2026-04-21T09:30:00+05:30,1304.0,1305.8,1303.5,1304.3,117590,0
2026-04-21T09:35:00+05:30,1304.5,1306.2,1304.0,1304.3,90710,0
2026-04-21T09:40:00+05:30,1304.8,1306.4,1304.3,1306.2,48282,0
2026-04-21T09:45:00+05:30,1306.2,1311.4,1306.0,1310.4,164903,0
2026-04-21T09:50:00+05:30,1310.4,1311.0,1307.8,1309.1,85129,0
2026-04-21T09:55:00+05:30,1309.0,1309.5,1307.7,1309.1,46127,0
2026-04-21T10:00:00+05:30,1309.1,1311.0,1308.8,1310.9,54258,0
2026-04-21T10:05:00+05:30,1310.9,1313.9,1310.4,1313.7,107155,0
2026-04-21T10:10:00+05:30,1313.6,1314.0,1313.0,1313.6,72506,0
2026-04-21T10:15:00+05:30,1313.7,1314.9,1312.0,1313.4,92269,0
2026-04-21T10:20:00+05:30,1313.8,1313.8,1312.4,1313.0,47423,0
2026-04-21T10:25:00+05:30,1313.0,1314.4,1312.6,1313.9,58477,0
2026-04-21T10:30:00+05:30,1314.2,1315.0,1313.7,1315.0,78519,0
2026-04-21T10:35:00+05:30,1314.9,1315.9,1314.2,1314.4,68173,0
2026-04-21T10:40:00+05:30,1314.4,1315.7,1314.0,1315.2,57059,0
2026-04-21T10:45:00+05:30,1315.2,1316.5,1315.2,1315.9,66857,0
2026-04-21T10:50:00+05:30,1316.3,1317.4,1315.9,1316.2,67982,0
2026-04-21T10:55:00+05:30,1316.2,1319.9,1315.4,1318.9,112665,0
2026-04-21T11:00:00+05:30,1318.7,1319.8,1317.4,1317.9,90958,0
2026-04-21T11:05:00+05:30,1317.8,1319.2,1316.7,1318.0,121773,0
2026-04-21T11:10:00+05:30,1317.8,1319.5,1317.1,1318.4,48683,0
2026-04-21T11:15:00+05:30,1318.4,1318.4,1316.3,1317.0,63933,0
2026-04-21T11:20:00+05:30,1317.0,1317.8,1316.1,1317.2,46235,0
2026-04-21T11:25:00+05:30,1317.1,1318.0,1316.7,1317.6,47804,0
2026-04-21T11:30:00+05:30,1317.5,1318.0,1315.9,1316.6,57058,0
2026-04-21T11:35:00+05:30,1316.7,1318.9,1316.3,1318.4,53720,0
2026-04-21T11:40:00+05:30,1318.1,1318.8,1316.3,1317.9,111771,0
2026-04-21T11:45:00+05:30,1318.0,1322.0,1317.8,1321.7,194459,0
2026-04-21T11:50:00+05:30,1321.7,1323.0,1321.2,1322.6,133422,0
2026-04-21T11:55:00+05:30,1322.8,1324.1,1321.5,1322.2,88757,0
2026-04-21T12:00:00+05:30,1322.0,1324.0,1322.0,1323.1,53822,0
2026-04-21T12:05:00+05:30,1323.3,1323.5,1322.5,1322.5,48179,0
2026-04-21T12:10:00+05:30,1322.6,1323.9,1321.0,1323.4,91428,0
2026-04-21T12:15:00+05:30,1323.3,1323.5,1322.1,1322.5,40921,0
2026-04-21T12:20:00+05:30,1322.4,1322.6,1321.0,1321.1,56175,0
2026-04-21T12:25:00+05:30,1321.2,1322.8,1321.0,1322.1,68418,0
2026-04-21T12:30:00+05:30,1322.3,1325.0,1322.1,1323.6,195358,0
2026-04-21T12:35:00+05:30,1323.6,1324.3,1321.3,1321.9,120732,0
2026-04-21T12:40:00+05:30,1322.0,1322.2,1318.5,1318.5,176818,0
2026-04-21T12:45:00+05:30,1318.5,1318.7,1314.4,1314.7,136592,0
2026-04-21T12:50:00+05:30,1314.7,1315.8,1312.7,1314.3,167520,0
2026-04-21T12:55:00+05:30,1314.1,1315.3,1312.9,1313.7,118442,0
2026-04-21T13:00:00+05:30,1313.7,1314.7,1312.7,1313.2,105654,0
2026-04-21T13:05:00+05:30,1313.2,1314.6,1312.5,1314.0,132974,0
2026-04-21T13:10:00+05:30,1314.0,1314.4,1312.7,1312.8,86315,0
2026-04-21T13:15:00+05:30,1312.8,1314.5,1312.8,1313.5,69064,0
2026-04-21T13:20:00+05:30,1313.5,1314.5,1312.3,1312.4,173054,0
2026-04-21T13:25:00+05:30,1312.7,1315.6,1312.0,1315.5,158923,0
2026-04-21T13:30:00+05:30,1315.5,1317.5,1314.7,1315.9,136670,0
2026-04-21T13:35:00+05:30,1315.8,1316.5,1313.1,1314.9,114579,0
2026-04-21T13:40:00+05:30,1314.2,1314.9,1312.3,1313.5,87679,0
2026-04-21T13:45:00+05:30,1313.3,1314.6,1312.5,1313.9,143116,0
2026-04-21T13:50:00+05:30,1313.9,1314.6,1313.0,1313.9,80796,0
2026-04-21T13:55:00+05:30,1314.1,1314.4,1312.7,1312.8,79301,0
2026-04-21T14:00:00+05:30,1313.0,1313.5,1311.2,1312.7,184966,0
2026-04-21T14:05:00+05:30,1312.7,1313.0,1310.4,1311.4,136411,0
2026-04-21T14:10:00+05:30,1311.4,1312.0,1309.4,1310.5,108203,0
2026-04-21T14:15:00+05:30,1311.0,1313.3,1310.3,1310.5,208667,0
2026-04-21T14:20:00+05:30,1311.0,1312.9,1310.5,1311.1,85489,0
2026-04-21T14:25:00+05:30,1311.1,1312.4,1310.5,1311.6,189151,0
2026-04-21T14:30:00+05:30,1311.7,1311.7,1310.0,1310.3,131357,0
2026-04-21T14:35:00+05:30,1310.0,1310.8,1309.0,1309.5,80933,0
2026-04-21T14:40:00+05:30,1309.5,1310.5,1308.0,1309.2,97570,0
2026-04-21T14:45:00+05:30,1309.2,1310.5,1309.2,1310.0,74364,0
2026-04-21T14:50:00+05:30,1309.9,1311.6,1309.2,1311.1,79065,0
2026-04-21T14:55:00+05:30,1311.3,1314.3,1311.0,1313.4,131174,0
2026-04-21T15:00:00+05:30,1313.5,1316.3,1311.0,1311.3,686875,0
2026-04-21T15:05:00+05:30,1311.8,1315.0,1310.3,1312.9,776288,0
2026-04-21T15:10:00+05:30,1312.9,1314.0,1310.9,1311.9,381494,0
2026-04-21T15:15:00+05:30,1311.8,1315.0,1311.8,1314.0,313395,0
2026-04-21T15:20:00+05:30,1314.1,1315.0,1313.5,1314.7,238389,0
2026-04-21T15:25:00+05:30,1314.8,1316.0,1314.0,1314.5,169129,0
2026-04-22T09:15:00+05:30,1295.0,1297.7,1272.2,1279.8,1779173,0
2026-04-22T09:20:00+05:30,1279.8,1284.9,1277.6,1281.0,871381,0
2026-04-22T09:25:00+05:30,1280.9,1282.0,1278.0,1278.4,350859,0
2026-04-22T09:30:00+05:30,1278.6,1283.2,1277.2,1282.1,401732,0
2026-04-22T09:35:00+05:30,1282.2,1285.6,1281.0,1281.6,347412,0
2026-04-22T09:40:00+05:30,1281.6,1282.5,1277.6,1279.8,460099,0
2026-04-22T09:45:00+05:30,1279.8,1285.3,1277.9,1283.4,539132,0
2026-04-22T09:50:00+05:30,1283.8,1285.0,1278.5,1278.5,292577,0
2026-04-22T09:55:00+05:30,1279.0,1279.3,1276.5,1277.2,234142,0
2026-04-22T10:00:00+05:30,1277.2,1277.6,1273.3,1274.0,418093,0
2026-04-22T10:05:00+05:30,1274.0,1274.5,1270.8,1272.0,300389,0
2026-04-22T10:10:00+05:30,1272.0,1273.3,1270.2,1271.6,198367,0
2026-04-22T10:15:00+05:30,1271.9,1271.9,1266.1,1266.3,435093,0
2026-04-22T10:20:00+05:30,1266.3,1266.6,1262.3,1264.3,906058,0
2026-04-22T10:25:00+05:30,1264.4,1266.8,1262.4,1263.1,848340,0
2026-04-22T10:30:00+05:30,1263.1,1264.1,1262.4,1263.4,294691,0
2026-04-22T10:35:00+05:30,1263.4,1264.5,1262.0,1264.0,395660,0
2026-04-22T10:40:00+05:30,1264.0,1264.2,1262.0,1262.8,205746,0
2026-04-22T10:45:00+05:30,1263.0,1264.3,1262.0,1263.1,321016,0
2026-04-22T10:50:00+05:30,1263.2,1265.5,1263.0,1264.8,169435,0
2026-04-22T10:55:00+05:30,1265.0,1265.9,1264.2,1265.5,137127,0
2026-04-22T11:00:00+05:30,1265.5,1265.9,1263.8,1264.6,145562,0
2026-04-22T11:05:00+05:30,1265.0,1267.0,1264.3,1265.0,141664,0
2026-04-22T11:10:00+05:30,1265.3,1265.8,1263.1,1264.0,116205,0
2026-04-22T11:15:00+05:30,1264.0,1264.3,1263.1,1263.9,98154,0
2026-04-22T11:20:00+05:30,1263.9,1265.1,1263.4,1263.7,319830,0
2026-04-22T11:25:00+05:30,1263.9,1265.7,1263.6,1264.8,233053,0
2026-04-22T11:30:00+05:30,1264.8,1265.5,1264.0,1264.0,107621,0
2026-04-22T11:35:00+05:30,1264.2,1264.6,1263.1,1263.5,113235,0
2026-04-22T11:40:00+05:30,1263.5,1264.0,1258.0,1258.2,516656,0
2026-04-22T11:45:00+05:30,1258.2,1260.9,1257.5,1260.4,204953,0
2026-04-22T11:50:00+05:30,1260.6,1261.5,1258.2,1259.0,112303,0
2026-04-22T11:55:00+05:30,1259.3,1260.0,1258.5,1259.1,78972,0
2026-04-22T12:00:00+05:30,1259.5,1260.7,1257.0,1257.6,187809,0
2026-04-22T12:05:00+05:30,1257.6,1258.5,1257.0,1257.0,156114,0
2026-04-22T12:10:00+05:30,1257.5,1258.4,1256.7,1257.9,159298,0
2026-04-22T12:15:00+05:30,1257.7,1258.0,1256.1,1256.4,136958,0
2026-04-22T12:20:00+05:30,1256.4,1257.5,1255.9,1257.2,175532,0
2026-04-22T12:25:00+05:30,1257.2,1258.6,1256.0,1256.7,179413,0
2026-04-22T12:30:00+05:30,1257.2,1260.1,1256.5,1257.6,336593,0
2026-04-22T12:35:00+05:30,1257.8,1258.5,1256.5,1257.5,125388,0
2026-04-22T12:40:00+05:30,1258.0,1258.8,1257.0,1258.4,117097,0
2026-04-22T12:45:00+05:30,1258.7,1259.0,1257.2,1257.3,107313,0
2026-04-22T12:50:00+05:30,1257.8,1258.2,1257.0,1257.0,91165,0
2026-04-22T12:55:00+05:30,1257.2,1259.9,1257.0,1259.3,131090,0
2026-04-22T13:00:00+05:30,1259.7,1259.9,1258.2,1259.4,112763,0
2026-04-22T13:05:00+05:30,1259.4,1260.5,1259.1,1260.0,105205,0
2026-04-22T13:10:00+05:30,1260.1,1262.0,1260.1,1261.5,83590,0
2026-04-22T13:15:00+05:30,1261.8,1261.9,1260.3,1260.6,89201,0
2026-04-22T13:20:00+05:30,1260.6,1261.3,1259.0,1260.4,96957,0
2026-04-22T13:25:00+05:30,1260.6,1261.6,1260.0,1260.8,86703,0
2026-04-22T13:30:00+05:30,1261.0,1261.5,1260.0,1261.0,57840,0
2026-04-22T13:35:00+05:30,1261.4,1261.5,1259.4,1259.6,101890,0
2026-04-22T13:40:00+05:30,1259.7,1260.5,1258.8,1259.7,110167,0
2026-04-22T13:45:00+05:30,1260.0,1260.0,1259.0,1259.5,103360,0
2026-04-22T13:50:00+05:30,1259.6,1261.2,1258.6,1260.8,221579,0
2026-04-22T13:55:00+05:30,1260.9,1269.4,1260.6,1268.0,630656,0
2026-04-22T14:00:00+05:30,1268.4,1269.0,1265.4,1266.1,304789,0
2026-04-22T14:05:00+05:30,1266.5,1271.2,1265.6,1269.5,393020,0
2026-04-22T14:10:00+05:30,1269.5,1270.1,1267.3,1267.7,149433,0
2026-04-22T14:15:00+05:30,1267.7,1269.3,1267.0,1267.8,129625,0
2026-04-22T14:20:00+05:30,1267.7,1269.7,1267.3,1269.6,103523,0
2026-04-22T14:25:00+05:30,1269.6,1269.8,1267.9,1267.9,71956,0
2026-04-22T14:30:00+05:30,1268.1,1271.8,1267.9,1271.4,176528,0
2026-04-22T14:35:00+05:30,1271.3,1272.9,1270.7,1271.1,218136,0
2026-04-22T14:40:00+05:30,1271.2,1272.0,1269.4,1271.3,125291,0
2026-04-22T14:45:00+05:30,1271.1,1272.5,1270.1,1271.7,178245,0
2026-04-22T14:50:00+05:30,1271.7,1272.5,1271.0,1272.1,171269,0
2026-04-22T14:55:00+05:30,1272.1,1273.3,1272.1,1273.0,143508,0
2026-04-22T15:00:00+05:30,1272.8,1273.0,1267.5,1269.3,311579,0
2026-04-22T15:05:00+05:30,1269.3,1269.8,1268.5,1269.1,244589,0
2026-04-22T15:10:00+05:30,1268.9,1269.7,1268.2,1268.5,243313,0
2026-04-22T15:15:00+05:30,1268.5,1269.1,1267.8,1268.4,352617,0
2026-04-22T15:20:00+05:30,1268.2,1268.8,1267.0,1267.7,484739,0
2026-04-22T15:25:00+05:30,1267.7,1269.0,1266.3,1268.8,363580,0
2026-04-23T09:15:00+05:30,1254.0,1265.7,1251.1,1260.0,650573,0
2026-04-23T09:20:00+05:30,1260.0,1260.4,1252.3,1255.6,336979,0
2026-04-23T09:25:00+05:30,1255.6,1257.9,1252.2,1252.4,212134,0
2026-04-23T09:30:00+05:30,1252.6,1253.2,1249.6,1251.6,343303,0
2026-04-23T09:35:00+05:30,1251.6,1253.1,1250.3,1251.4,171001,0
2026-04-23T09:40:00+05:30,1251.4,1254.4,1250.2,1253.8,181363,0
2026-04-23T09:45:00+05:30,1253.9,1256.0,1251.7,1255.5,211447,0
2026-04-23T09:50:00+05:30,1255.5,1259.3,1255.0,1257.9,378691,0
2026-04-23T09:55:00+05:30,1257.9,1260.4,1257.1,1258.4,352776,0
2026-04-23T10:00:00+05:30,1258.4,1259.6,1255.3,1259.1,176250,0
2026-04-23T10:05:00+05:30,1259.1,1260.4,1257.5,1258.1,200798,0
2026-04-23T10:10:00+05:30,1258.5,1258.6,1256.5,1257.4,104052,0
2026-04-23T10:15:00+05:30,1257.5,1258.0,1256.1,1256.8,120322,0
2026-04-23T10:20:00+05:30,1257.2,1258.8,1255.7,1258.6,96560,0
2026-04-23T10:25:00+05:30,1258.6,1258.7,1255.3,1255.7,85180,0
2026-04-23T10:30:00+05:30,1255.7,1256.1,1254.7,1254.7,109139,0
2026-04-23T10:35:00+05:30,1254.9,1256.1,1254.0,1255.0,159366,0
2026-04-23T10:40:00+05:30,1255.0,1256.7,1254.6,1255.3,100336,0
2026-04-23T10:45:00+05:30,1255.3,1256.0,1253.2,1253.2,133560,0
2026-04-23T10:50:00+05:30,1253.5,1255.0,1253.0,1254.5,119806,0
2026-04-23T10:55:00+05:30,1254.7,1256.6,1254.1,1256.0,89533,0
2026-04-23T11:00:00+05:30,1256.1,1259.0,1256.0,1259.0,210129,0
2026-04-23T11:05:00+05:30,1259.0,1259.9,1257.1,1257.1,129373,0
2026-04-23T11:10:00+05:30,1257.3,1259.0,1255.6,1256.5,144799,0
2026-04-23T11:15:00+05:30,1256.5,1258.7,1256.4,1257.6,104343,0
2026-04-23T11:20:00+05:30,1257.7,1259.0,1257.1,1258.0,139065,0
2026-04-23T11:25:00+05:30,1258.2,1259.8,1258.0,1258.9,90310,0
2026-04-23T11:30:00+05:30,1259.1,1260.8,1258.0,1258.6,125857,0
2026-04-23T11:35:00+05:30,1258.6,1259.3,1255.9,1257.0,289210,0
2026-04-23T11:40:00+05:30,1256.9,1259.0,1256.2,1258.0,212439,0
2026-04-23T11:45:00+05:30,1258.1,1258.7,1257.2,1258.1,123381,0
2026-04-23T11:50:00+05:30,1258.1,1258.3,1256.8,1257.3,83477,0
2026-04-23T11:55:00+05:30,1257.3,1257.8,1254.5,1255.0,158460,0
2026-04-23T12:00:00+05:30,1255.0,1255.4,1253.5,1254.4,151693,0
2026-04-23T12:05:00+05:30,1254.7,1257.2,1254.0,1256.0,95201,0
2026-04-23T12:10:00+05:30,1256.1,1257.8,1255.6,1256.6,170472,0
2026-04-23T12:15:00+05:30,1256.6,1257.0,1254.0,1254.3,110535,0
2026-04-23T12:20:00+05:30,1254.3,1255.3,1254.0,1254.1,114275,0
2026-04-23T12:25:00+05:30,1254.2,1254.3,1251.0,1252.0,191673,0
2026-04-23T12:30:00+05:30,1252.0,1252.6,1250.0,1250.3,276800,0
2026-04-23T12:35:00+05:30,1250.3,1251.0,1250.0,1250.3,100572,0
2026-04-23T12:40:00+05:30,1250.6,1251.7,1250.1,1251.3,82940,0
2026-04-23T12:45:00+05:30,1251.3,1251.9,1250.3,1251.0,82818,0
2026-04-23T12:50:00+05:30,1251.1,1251.4,1250.5,1251.4,82455,0
2026-04-23T12:55:00+05:30,1251.4,1251.7,1250.2,1250.8,107954,0
2026-04-23T13:00:00+05:30,1250.8,1251.4,1250.3,1250.8,75375,0
2026-04-23T13:05:00+05:30,1250.8,1251.6,1250.5,1251.0,85248,0
2026-04-23T13:10:00+05:30,1251.2,1251.4,1250.1,1251.0,91850,0
2026-04-23T13:15:00+05:30,1251.0,1251.8,1250.0,1251.5,120094,0
2026-04-23T13:20:00+05:30,1251.6,1254.7,1251.5,1253.6,191856,0
2026-04-23T13:25:00+05:30,1253.7,1255.3,1252.7,1255.1,162884,0
2026-04-23T13:30:00+05:30,1255.1,1255.2,1252.6,1252.9,116274,0
2026-04-23T13:35:00+05:30,1252.9,1253.3,1250.0,1251.0,405947,0
2026-04-23T13:40:00+05:30,1251.0,1251.5,1247.8,1248.0,194495,0
2026-04-23T13:45:00+05:30,1248.0,1248.6,1245.9,1247.2,291501,0
2026-04-23T13:50:00+05:30,1247.5,1248.7,1246.9,1248.0,298187,0
2026-04-23T13:55:00+05:30,1248.2,1248.6,1247.0,1247.3,87594,0
2026-04-23T14:00:00+05:30,1247.4,1248.0,1246.5,1247.2,97227,0
2026-04-23T14:05:00+05:30,1247.3,1247.5,1245.3,1245.5,130443,0
2026-04-23T14:10:00+05:30,1245.6,1245.6,1243.7,1244.7,208043,0
2026-04-23T14:15:00+05:30,1244.7,1245.8,1243.8,1244.0,142473,0
2026-04-23T14:20:00+05:30,1244.0,1245.5,1243.4,1243.9,155055,0
2026-04-23T14:25:00+05:30,1243.9,1245.7,1243.7,1245.0,91400,0
2026-04-23T14:30:00+05:30,1245.0,1245.8,1244.4,1245.0,110640,0
2026-04-23T14:35:00+05:30,1245.4,1245.5,1243.5,1243.9,183311,0
2026-04-23T14:40:00+05:30,1243.9,1244.6,1242.0,1242.3,180396,0
2026-04-23T14:45:00+05:30,1242.5,1245.1,1242.3,1243.9,151395,0
2026-04-23T14:50:00+05:30,1243.9,1245.7,1242.8,1244.6,203788,0
2026-04-23T14:55:00+05:30,1244.6,1245.3,1243.1,1244.1,146277,0
2026-04-23T15:00:00+05:30,1244.1,1245.8,1243.9,1244.9,438505,0
2026-04-23T15:05:00+05:30,1244.9,1246.0,1244.0,1245.1,412019,0
2026-04-23T15:10:00+05:30,1245.1,1245.1,1241.3,1241.7,379066,0
2026-04-23T15:15:00+05:30,1241.8,1242.3,1236.2,1238.4,547955,0
2026-04-23T15:20:00+05:30,1238.4,1241.2,1237.0,1238.0,467344,0
2026-04-23T15:25:00+05:30,1237.8,1240.7,1226.0,1231.8,788393,0
2026-04-24T09:15:00+05:30,1200.0,1223.9,1199.0,1218.0,3382947,0
2026-04-24T09:20:00+05:30,1218.0,1221.0,1206.4,1209.0,1008961,0
2026-04-24T09:25:00+05:30,1209.0,1212.3,1205.1,1211.6,676270,0
2026-04-24T09:30:00+05:30,1211.9,1211.9,1204.0,1205.0,673591,0
2026-04-24T09:35:00+05:30,1205.0,1206.0,1202.3,1205.5,886840,0
2026-04-24T09:40:00+05:30,1205.5,1205.5,1200.0,1201.2,895392,0
2026-04-24T09:45:00+05:30,1201.0,1201.1,1195.9,1196.4,1013308,0
2026-04-24T09:50:00+05:30,1196.4,1196.4,1194.0,1194.5,557666,0
2026-04-24T09:55:00+05:30,1194.5,1196.0,1193.6,1194.9,450713,0
2026-04-24T10:00:00+05:30,1194.9,1196.3,1190.6,1191.4,734019,0
2026-04-24T10:05:00+05:30,1191.4,1193.0,1188.5,1189.0,668561,0
2026-04-24T10:10:00+05:30,1189.0,1189.5,1187.0,1188.5,541427,0
2026-04-24T10:15:00+05:30,1188.2,1189.5,1185.1,1189.4,560344,0
2026-04-24T10:20:00+05:30,1189.4,1190.8,1186.3,1187.1,618344,0
2026-04-24T10:25:00+05:30,1187.0,1189.2,1185.8,1188.5,458787,0
2026-04-24T10:30:00+05:30,1188.7,1190.8,1187.4,1188.3,351843,0
2026-04-24T10:35:00+05:30,1188.1,1188.4,1185.0,1186.3,343331,0
2026-04-24T10:40:00+05:30,1186.2,1186.9,1181.1,1181.5,507719,0
2026-04-24T10:45:00+05:30,1181.9,1182.7,1177.2,1178.7,752831,0
2026-04-24T10:50:00+05:30,1178.9,1181.9,1178.2,1179.3,405428,0
2026-04-24T10:55:00+05:30,1179.2,1180.2,1177.5,1178.0,263449,0
2026-04-24T11:00:00+05:30,1178.0,1180.0,1177.5,1179.2,285092,0
2026-04-24T11:05:00+05:30,1179.1,1179.6,1177.0,1178.0,261946,0
2026-04-24T11:10:00+05:30,1178.3,1179.4,1176.4,1177.0,369773,0
2026-04-24T11:15:00+05:30,1177.5,1179.0,1175.0,1177.1,512975,0
2026-04-24T11:20:00+05:30,1177.5,1179.7,1176.5,1178.8,462729,0
2026-04-24T11:25:00+05:30,1179.0,1180.7,1177.3,1177.5,321546,0
2026-04-24T11:30:00+05:30,1177.3,1177.7,1175.2,1176.2,324422,0
2026-04-24T11:35:00+05:30,1176.6,1176.7,1173.0,1173.8,466795,0
2026-04-24T11:40:00+05:30,1173.8,1173.9,1170.0,1170.2,447851,0
2026-04-24T11:45:00+05:30,1170.5,1172.6,1168.8,1170.6,515285,0
2026-04-24T11:50:00+05:30,1170.7,1170.8,1168.2,1168.6,254270,0
2026-04-24T11:55:00+05:30,1168.6,1172.0,1167.7,1170.2,330272,0
2026-04-24T12:00:00+05:30,1170.5,1170.7,1169.1,1169.3,301280,0
2026-04-24T12:05:00+05:30,1169.4,1173.6,1168.0,1172.1,367378,0
2026-04-24T12:10:00+05:30,1172.1,1173.0,1171.4,1172.0,195027,0
2026-04-24T12:15:00+05:30,1172.2,1174.5,1170.0,1171.0,390231,0
2026-04-24T12:20:00+05:30,1170.4,1171.5,1168.3,1168.3,246639,0
2026-04-24T12:25:00+05:30,1168.8,1169.0,1168.0,1168.2,204798,0
2026-04-24T12:30:00+05:30,1168.2,1170.3,1167.7,1169.8,362788,0
2026-04-24T12:35:00+05:30,1170.0,1170.3,1167.1,1167.9,262473,0
2026-04-24T12:40:00+05:30,1168.3,1168.4,1165.0,1165.1,251333,0
2026-04-24T12:45:00+05:30,1165.1,1166.7,1164.6,1165.6,322977,0
2026-04-24T12:50:00+05:30,1166.1,1167.3,1165.1,1165.1,269992,0
2026-04-24T12:55:00+05:30,1165.1,1166.0,1164.4,1165.0,249697,0
2026-04-24T13:00:00+05:30,1165.0,1165.8,1163.6,1163.9,256591,0
2026-04-24T13:05:00+05:30,1164.0,1165.5,1163.6,1164.7,242933,0
2026-04-24T13:10:00+05:30,1165.0,1167.0,1164.5,1165.3,254684,0
2026-04-24T13:15:00+05:30,1165.5,1166.5,1164.4,1166.3,216497,0
2026-04-24T13:20:00+05:30,1166.5,1168.2,1165.4,1167.4,460047,0
2026-04-24T13:25:00+05:30,1167.4,1168.1,1166.0,1167.0,313696,0
2026-04-24T13:30:00+05:30,1167.5,1167.5,1164.7,1165.0,655867,0
2026-04-24T13:35:00+05:30,1165.0,1165.3,1161.7,1162.0,405911,0
2026-04-24T13:40:00+05:30,1161.9,1162.1,1159.3,1159.9,586015,0
2026-04-24T13:45:00+05:30,1159.6,1162.0,1159.6,1160.6,499855,0
2026-04-24T13:50:00+05:30,1160.5,1160.7,1158.2,1159.2,289237,0
2026-04-24T13:55:00+05:30,1159.1,1159.2,1152.5,1153.2,599461,0
2026-04-24T14:00:00+05:30,1153.2,1156.6,1153.0,1154.0,424435,0
2026-04-24T14:05:00+05:30,1153.7,1155.0,1152.2,1154.2,838873,0
2026-04-24T14:10:00+05:30,1154.5,1156.0,1154.0,1154.9,342067,0
2026-04-24T14:15:00+05:30,1154.9,1157.6,1154.1,1155.9,329902,0
2026-04-24T14:20:00+05:30,1155.9,1156.9,1155.0,1155.4,272749,0
2026-04-24T14:25:00+05:30,1155.1,1158.0,1154.2,1154.9,443613,0
2026-04-24T14:30:00+05:30,1154.9,1155.5,1153.4,1154.2,716205,0
2026-04-24T14:35:00+05:30,1154.2,1155.3,1152.7,1154.2,572069,0
2026-04-24T14:40:00+05:30,1153.9,1156.4,1153.5,1155.9,486499,0
2026-04-24T14:45:00+05:30,1155.9,1158.5,1155.0,1156.7,407840,0
2026-04-24T14:50:00+05:30,1156.7,1158.5,1155.8,1156.9,915729,0
2026-04-24T14:55:00+05:30,1157.0,1157.2,1154.4,1155.3,793432,0
2026-04-24T15:00:00+05:30,1155.1,1155.4,1153.9,1155.0,1344320,0
2026-04-24T15:05:00+05:30,1155.2,1156.4,1154.2,1155.0,760835,0
2026-04-24T15:10:00+05:30,1155.0,1155.0,1153.0,1153.4,832176,0
2026-04-24T15:15:00+05:30,1153.6,1155.9,1152.8,1155.7,1256308,0
2026-04-24T15:20:00+05:30,1155.3,1156.2,1154.0,1155.0,1190171,0
2026-04-24T15:25:00+05:30,1155.0,1156.0,1153.1,1154.8,911662,0
2026-04-27T09:15:00+05:30,1154.6,1173.9,1154.5,1168.6,1747453,0
2026-04-27T09:20:00+05:30,1169.0,1175.5,1168.3,1174.8,643707,0
2026-04-27T09:25:00+05:30,1175.4,1176.0,1172.3,1173.6,298569,0
2026-04-27T09:30:00+05:30,1173.4,1176.0,1170.9,1173.4,359795,0
2026-04-27T09:35:00+05:30,1174.0,1174.5,1170.6,1171.9,241390,0
2026-04-27T09:40:00+05:30,1171.9,1175.5,1171.5,1175.4,320179,0
2026-04-27T09:45:00+05:30,1175.3,1178.5,1175.1,1178.5,448964,0
2026-04-27T09:50:00+05:30,1178.5,1178.5,1172.6,1175.7,440276,0
2026-04-27T09:55:00+05:30,1175.7,1177.9,1174.2,1174.8,251199,0
2026-04-27T10:00:00+05:30,1174.5,1176.1,1173.5,1174.7,146826,0
2026-04-27T10:05:00+05:30,1174.7,1175.0,1173.0,1174.8,117541,0
2026-04-27T10:10:00+05:30,1174.8,1177.0,1174.1,1176.4,182717,0
2026-04-27T10:15:00+05:30,1176.2,1178.1,1176.0,1177.5,177925,0
2026-04-27T10:20:00+05:30,1177.3,1177.8,1175.5,1177.5,107461,0
2026-04-27T10:25:00+05:30,1177.5,1177.7,1175.5,1177.4,75099,0
2026-04-27T10:30:00+05:30,1177.4,1177.4,1175.3,1177.4,86614,0
2026-04-27T10:35:00+05:30,1177.3,1178.5,1176.4,1177.4,124188,0
2026-04-27T10:40:00+05:30,1177.4,1178.5,1176.6,1177.7,143447,0
2026-04-27T10:45:00+05:30,1177.6,1179.0,1177.2,1179.0,118817,0
2026-04-27T10:50:00+05:30,1179.0,1179.9,1177.7,1178.2,156299,0
2026-04-27T10:55:00+05:30,1178.1,1178.9,1177.3,1178.3,145036,0
2026-04-27T11:00:00+05:30,1178.1,1178.3,1175.4,1176.4,221645,0
2026-04-27T11:05:00+05:30,1176.4,1176.4,1171.0,1173.2,219291,0
2026-04-27T11:10:00+05:30,1173.0,1176.1,1172.9,1175.3,149429,0
2026-04-27T11:15:00+05:30,1175.3,1176.8,1174.5,1176.8,175991,0
2026-04-27T11:20:00+05:30,1176.8,1176.8,1173.4,1174.4,131848,0
2026-04-27T11:25:00+05:30,1174.5,1174.7,1171.0,1173.7,255116,0
2026-04-27T11:30:00+05:30,1173.7,1174.5,1172.4,1173.8,286735,0
2026-04-27T11:35:00+05:30,1173.8,1173.8,1172.0,1173.2,150922,0
2026-04-27T11:40:00+05:30,1173.1,1173.4,1172.0,1173.1,123531,0
2026-04-27T11:45:00+05:30,1173.2,1173.4,1171.1,1171.8,86157,0
2026-04-27T11:50:00+05:30,1171.8,1171.8,1169.0,1170.2,166250,0
2026-04-27T11:55:00+05:30,1170.2,1173.2,1169.9,1172.4,81130,0
2026-04-27T12:00:00+05:30,1172.3,1173.4,1172.0,1172.6,90479,0
2026-04-27T12:05:00+05:30,1172.6,1174.2,1172.0,1173.9,168617,0
2026-04-27T12:10:00+05:30,1174.2,1175.8,1173.6,1175.2,247358,0
2026-04-27T12:15:00+05:30,1175.2,1175.4,1174.3,1174.9,75113,0
2026-04-27T12:20:00+05:30,1174.8,1175.8,1173.7,1175.6,112814,0
2026-04-27T12:25:00+05:30,1175.6,1175.9,1174.3,1175.3,103742,0
2026-04-27T12:30:00+05:30,1175.3,1176.2,1174.5,1175.7,177740,0
2026-04-27T12:35:00+05:30,1175.7,1175.9,1174.7,1175.1,68708,0
2026-04-27T12:40:00+05:30,1175.1,1175.5,1174.3,1175.1,118695,0
2026-04-27T12:45:00+05:30,1175.1,1175.3,1173.4,1174.8,211454,0
2026-04-27T12:50:00+05:30,1174.7,1176.1,1174.6,1175.0,92798,0
2026-04-27T12:55:00+05:30,1175.0,1176.5,1174.7,1176.2,59223,0
2026-04-27T13:00:00+05:30,1176.1,1177.8,1176.0,1176.8,104303,0
2026-04-27T13:05:00+05:30,1176.8,1176.8,1173.8,1174.8,156220,0
2026-04-27T13:10:00+05:30,1174.8,1174.8,1172.2,1173.0,158326,0
2026-04-27T13:15:00+05:30,1172.9,1173.6,1171.0,1171.4,227673,0
2026-04-27T13:20:00+05:30,1171.4,1172.8,1171.1,1172.5,236589,0
2026-04-27T13:25:00+05:30,1172.4,1173.0,1171.3,1171.8,150082,0
2026-04-27T13:30:00+05:30,1171.7,1171.8,1171.0,1171.8,211490,0
2026-04-27T13:35:00+05:30,1171.8,1172.5,1170.0,1171.4,280039,0
2026-04-27T13:40:00+05:30,1171.4,1172.0,1170.2,1170.8,220793,0
2026-04-27T13:45:00+05:30,1170.8,1170.9,1170.1,1170.2,128442,0
2026-04-27T13:50:00+05:30,1170.1,1171.0,1170.0,1170.7,290671,0
2026-04-27T13:55:00+05:30,1170.7,1170.9,1170.0,1170.2,226608,0
2026-04-27T14:00:00+05:30,1170.2,1171.9,1169.3,1171.9,269376,0
2026-04-27T14:05:00+05:30,1171.8,1172.3,1171.5,1172.3,187797,0
2026-04-27T14:10:00+05:30,1172.2,1174.3,1171.8,1172.6,319257,0
2026-04-27T14:15:00+05:30,1172.7,1173.8,1172.3,1172.7,207175,0
2026-04-27T14:20:00+05:30,1172.7,1174.4,1172.5,1173.2,564809,0
2026-04-27T14:25:00+05:30,1173.1,1173.4,1172.0,1172.3,136316,0
2026-04-27T14:30:00+05:30,1172.2,1174.1,1172.1,1173.9,358082,0
2026-04-27T14:35:00+05:30,1173.9,1176.7,1173.8,1176.2,324108,0
2026-04-27T14:40:00+05:30,1176.3,1176.5,1174.0,1174.9,201775,0
2026-04-27T14:45:00+05:30,1174.7,1174.9,1172.7,1173.3,245046,0
2026-04-27T14:50:00+05:30,1173.2,1174.0,1172.4,1172.9,225178,0
2026-04-27T14:55:00+05:30,1172.9,1173.8,1172.5,1173.5,233448,0
2026-04-27T15:00:00+05:30,1173.4,1173.4,1170.4,1171.5,509023,0
2026-04-27T15:05:00+05:30,1171.5,1171.6,1169.0,1170.5,491985,0
2026-04-27T15:10:00+05:30,1170.3,1171.8,1169.3,1170.2,511461,0
2026-04-27T15:15:00+05:30,1170.1,1170.2,1167.4,1168.6,795691,0
2026-04-27T15:20:00+05:30,1168.7,1171.8,1168.3,1170.6,785899,0
2026-04-27T15:25:00+05:30,1170.6,1174.1,1169.7,1172.9,480418,0
2026-04-28T09:15:00+05:30,1162.7,1169.4,1156.4,1166.6,747643,0
2026-04-28T09:20:00+05:30,1167.0,1168.4,1162.4,1164.3,197719,0
2026-04-28T09:25:00+05:30,1164.3,1167.9,1164.1,1167.1,102404,0
2026-04-28T09:30:00+05:30,1167.2,1167.2,1161.2,1162.3,189287,0
2026-04-28T09:35:00+05:30,1162.3,1163.5,1160.3,1160.8,145960,0
2026-04-28T09:40:00+05:30,1160.8,1161.1,1158.4,1159.7,217654,0
2026-04-28T09:45:00+05:30,1159.5,1160.0,1157.7,1158.0,180782,0
2026-04-28T09:50:00+05:30,1158.2,1158.6,1155.0,1155.7,192168,0
2026-04-28T09:55:00+05:30,1155.9,1160.0,1155.5,1159.8,185636,0
2026-04-28T10:00:00+05:30,1159.8,1162.0,1159.0,1161.1,230093,0
2026-04-28T10:05:00+05:30,1161.0,1164.7,1160.0,1164.0,157920,0
2026-04-28T10:10:00+05:30,1164.0,1164.0,1161.3,1161.9,101050,0
2026-04-28T10:15:00+05:30,1161.9,1162.0,1160.0,1161.3,75303,0
2026-04-28T10:20:00+05:30,1161.3,1162.6,1160.8,1161.5,72720,0
2026-04-28T10:25:00+05:30,1161.5,1161.5,1160.0,1161.0,80321,0
2026-04-28T10:30:00+05:30,1161.0,1161.0,1158.0,1158.7,106815,0
2026-04-28T10:35:00+05:30,1158.7,1159.2,1157.0,1157.6,95872,0
2026-04-28T10:40:00+05:30,1157.4,1158.3,1157.0,1157.7,91783,0
2026-04-28T10:45:00+05:30,1157.7,1158.3,1156.4,1157.0,85537,0
2026-04-28T10:50:00+05:30,1157.1,1158.4,1156.2,1158.2,100238,0
2026-04-28T10:55:00+05:30,1158.2,1159.1,1157.9,1158.9,68260,0
2026-04-28T11:00:00+05:30,1159.0,1159.0,1156.5,1157.0,91123,0
2026-04-28T11:05:00+05:30,1157.2,1157.4,1156.0,1156.5,94301,0
2026-04-28T11:10:00+05:30,1156.5,1156.9,1155.5,1156.0,99659,0
2026-04-28T11:15:00+05:30,1156.4,1156.6,1155.5,1155.9,63734,0
2026-04-28T11:20:00+05:30,1155.9,1156.5,1155.5,1155.7,62944,0
2026-04-28T11:25:00+05:30,1155.7,1155.9,1153.2,1153.8,211872,0
2026-04-28T11:30:00+05:30,1153.9,1156.1,1153.0,1155.2,145065,0
2026-04-28T11:35:00+05:30,1155.4,1157.5,1155.0,1157.3,156086,0
2026-04-28T11:40:00+05:30,1157.3,1158.0,1156.0,1157.8,120076,0
2026-04-28T11:45:00+05:30,1157.8,1159.5,1157.6,1159.4,96634,0
2026-04-28T11:50:00+05:30,1159.4,1159.5,1158.7,1159.2,63086,0
2026-04-28T11:55:00+05:30,1159.2,1159.8,1159.0,1159.2,83785,0
2026-04-28T12:00:00+05:30,1159.2,1159.2,1155.9,1156.2,108932,0
2026-04-28T12:05:00+05:30,1156.2,1156.8,1154.1,1156.8,156677,0
2026-04-28T12:10:00+05:30,1156.8,1157.8,1156.4,1157.0,72169,0
2026-04-28T12:15:00+05:30,1157.0,1158.6,1156.5,1157.4,69389,0
2026-04-28T12:20:00+05:30,1157.7,1158.4,1155.3,1156.2,104370,0
2026-04-28T12:25:00+05:30,1156.3,1157.4,1155.0,1155.8,142477,0
2026-04-28T12:30:00+05:30,1155.9,1156.4,1154.3,1155.0,102689,0
2026-04-28T12:35:00+05:30,1155.0,1155.2,1154.0,1154.2,75357,0
2026-04-28T12:40:00+05:30,1154.3,1154.6,1153.5,1154.0,70750,0
2026-04-28T12:45:00+05:30,1154.1,1154.1,1153.0,1153.4,101579,0
2026-04-28T12:50:00+05:30,1153.4,1153.6,1152.5,1152.6,87557,0
2026-04-28T12:55:00+05:30,1152.7,1153.0,1151.1,1151.9,132362,0
2026-04-28T13:00:00+05:30,1151.9,1152.9,1150.1,1152.2,176876,0
2026-04-28T13:05:00+05:30,1152.2,1153.8,1152.0,1153.4,115110,0
2026-04-28T13:10:00+05:30,1153.4,1154.2,1153.2,1153.4,73568,0
2026-04-28T13:15:00+05:30,1153.9,1154.7,1153.2,1154.3,71084,0
2026-04-28T13:20:00+05:30,1154.3,1154.7,1153.1,1153.4,83023,0
2026-04-28T13:25:00+05:30,1153.4,1154.1,1152.2,1152.6,79027,0
2026-04-28T13:30:00+05:30,1152.6,1154.1,1151.5,1151.9,154071,0
2026-04-28T13:35:00+05:30,1151.9,1152.0,1150.0,1151.5,199863,0
2026-04-28T13:40:00+05:30,1151.4,1153.6,1151.2,1152.2,186219,0
2026-04-28T13:45:00+05:30,1152.2,1153.0,1151.3,1151.8,128182,0
2026-04-28T13:50:00+05:30,1151.8,1153.5,1151.2,1153.2,104086,0
2026-04-28T13:55:00+05:30,1153.2,1154.4,1152.7,1153.5,119933,0
2026-04-28T14:00:00+05:30,1153.5,1153.6,1152.5,1152.5,49669,0
2026-04-28T14:05:00+05:30,1152.6,1154.0,1152.0,1154.0,85202,0
2026-04-28T14:10:00+05:30,1153.9,1154.0,1151.6,1152.0,105660,0
2026-04-28T14:15:00+05:30,1152.0,1152.1,1150.5,1151.2,182838,0
2026-04-28T14:20:00+05:30,1151.2,1152.0,1150.6,1151.5,138465,0
2026-04-28T14:25:00+05:30,1151.5,1152.0,1150.6,1151.0,130707,0
2026-04-28T14:30:00+05:30,1151.0,1152.2,1150.2,1151.1,184303,0
2026-04-28T14:35:00+05:30,1150.7,1151.6,1150.1,1150.9,120104,0
2026-04-28T14:40:00+05:30,1150.6,1151.8,1150.5,1151.6,122328,0
2026-04-28T14:45:00+05:30,1151.3,1152.6,1150.6,1152.3,132660,0
2026-04-28T14:50:00+05:30,1152.0,1153.0,1151.5,1153.0,234813,0
2026-04-28T14:55:00+05:30,1152.8,1153.2,1151.2,1151.5,133401,0
2026-04-28T15:00:00+05:30,1151.5,1155.7,1150.5,1154.4,807142,0
2026-04-28T15:05:00+05:30,1154.2,1157.7,1150.6,1151.5,1137389,0
2026-04-28T15:10:00+05:30,1151.8,1152.4,1150.0,1150.8,495803,0
2026-04-28T15:15:00+05:30,1150.8,1151.6,1149.8,1151.2,438219,0
2026-04-28T15:20:00+05:30,1151.1,1151.6,1150.0,1150.4,295586,0
2026-04-28T15:25:00+05:30,1150.4,1151.5,1150.0,1151.0,379693,0
2026-04-29T09:15:00+05:30,1158.5,1165.0,1156.8,1159.7,441961,0
2026-04-29T09:20:00+05:30,1159.9,1163.1,1159.7,1162.9,257840,0
2026-04-29T09:25:00+05:30,1162.8,1163.7,1160.5,1161.9,128881,0
2026-04-29T09:30:00+05:30,1161.9,1162.3,1159.7,1160.7,137240,0
2026-04-29T09:35:00+05:30,1160.7,1167.0,1160.2,1166.7,201449,0
2026-04-29T09:40:00+05:30,1166.8,1169.9,1166.6,1168.2,255468,0
2026-04-29T09:45:00+05:30,1168.4,1174.8,1168.2,1174.6,217556,0
2026-04-29T09:50:00+05:30,1174.8,1176.9,1172.4,1174.0,243871,0
2026-04-29T09:55:00+05:30,1174.2,1175.0,1171.1,1172.3,142761,0
2026-04-29T10:00:00+05:30,1172.5,1175.4,1172.1,1174.7,87854,0
2026-04-29T10:05:00+05:30,1174.5,1176.2,1173.0,1175.8,117814,0
2026-04-29T10:10:00+05:30,1175.9,1176.6,1174.2,1175.7,88611,0
2026-04-29T10:15:00+05:30,1175.9,1176.9,1174.0,1174.5,116391,0
2026-04-29T10:20:00+05:30,1174.6,1175.5,1174.1,1174.8,49746,0
2026-04-29T10:25:00+05:30,1174.8,1175.4,1174.0,1175.1,51145,0
2026-04-29T10:30:00+05:30,1175.1,1175.9,1173.0,1174.9,71995,0
2026-04-29T10:35:00+05:30,1174.9,1176.9,1174.4,1175.6,143036,0
2026-04-29T10:40:00+05:30,1175.9,1176.1,1173.0,1174.0,80361,0
2026-04-29T10:45:00+05:30,1174.2,1174.2,1171.3,1172.1,85367,0
2026-04-29T10:50:00+05:30,1172.1,1172.9,1169.5,1170.0,96796,0
2026-04-29T10:55:00+05:30,1170.0,1174.5,1169.4,1174.3,88729,0
2026-04-29T11:00:00+05:30,1174.3,1175.3,1173.0,1173.9,130643,0
2026-04-29T11:05:00+05:30,1173.8,1177.9,1173.0,1177.7,134910,0
2026-04-29T11:10:00+05:30,1177.7,1177.9,1176.5,1176.6,86546,0
2026-04-29T11:15:00+05:30,1176.8,1177.0,1173.0,1173.5,87128,0
2026-04-29T11:20:00+05:30,1173.5,1174.2,1171.4,1171.7,168080,0
2026-04-29T11:25:00+05:30,1171.8,1173.8,1171.8,1172.8,104853,0
2026-04-29T11:30:00+05:30,1172.7,1173.9,1172.2,1173.7,52900,0
2026-04-29T11:35:00+05:30,1173.7,1174.3,1172.5,1173.5,65905,0
2026-04-29T11:40:00+05:30,1173.5,1174.2,1172.2,1173.1,60913,0
2026-04-29T11:45:00+05:30,1173.2,1174.9,1173.1,1174.6,88126,0
2026-04-29T11:50:00+05:30,1174.7,1175.8,1174.5,1174.8,60656,0
2026-04-29T11:55:00+05:30,1175.0,1175.2,1174.2,1175.1,58318,0
2026-04-29T12:00:00+05:30,1175.1,1175.6,1174.8,1175.1,42208,0
2026-04-29T12:05:00+05:30,1175.2,1176.7,1174.5,1176.4,60171,0
2026-04-29T12:10:00+05:30,1176.7,1178.2,1176.4,1177.2,136881,0
2026-04-29T12:15:00+05:30,1177.2,1177.4,1176.4,1176.6,57226,0
2026-04-29T12:20:00+05:30,1176.9,1177.0,1175.6,1176.4,66256,0
2026-04-29T12:25:00+05:30,1176.5,1177.0,1175.7,1176.2,58093,0
2026-04-29T12:30:00+05:30,1176.2,1177.4,1175.4,1177.0,52592,0
2026-04-29T12:35:00+05:30,1177.4,1177.4,1176.1,1176.1,40534,0
2026-04-29T12:40:00+05:30,1176.4,1176.4,1175.5,1176.1,58412,0
2026-04-29T12:45:00+05:30,1176.3,1177.9,1175.8,1176.6,99794,0
2026-04-29T12:50:00+05:30,1176.7,1177.8,1176.1,1177.3,57091,0
2026-04-29T12:55:00+05:30,1177.4,1177.5,1176.5,1176.6,46554,0
2026-04-29T13:00:00+05:30,1176.7,1177.2,1176.3,1176.5,42105,0
2026-04-29T13:05:00+05:30,1176.5,1177.0,1175.5,1176.4,65442,0
2026-04-29T13:10:00+05:30,1176.4,1177.0,1176.0,1177.0,45951,0
2026-04-29T13:15:00+05:30,1177.1,1177.8,1176.6,1177.6,56243,0
2026-04-29T13:20:00+05:30,1177.6,1178.0,1177.0,1177.9,109174,0
2026-04-29T13:25:00+05:30,1177.8,1178.1,1177.0,1177.0,50306,0
2026-04-29T13:30:00+05:30,1177.1,1177.3,1174.3,1174.9,96674,0
2026-04-29T13:35:00+05:30,1175.0,1175.4,1173.6,1174.1,76450,0
2026-04-29T13:40:00+05:30,1174.1,1174.2,1171.8,1172.3,114937,0
2026-04-29T13:45:00+05:30,1172.3,1173.2,1171.7,1172.4,70986,0
2026-04-29T13:50:00+05:30,1172.4,1173.1,1172.2,1172.9,57521,0
2026-04-29T13:55:00+05:30,1173.0,1173.5,1172.6,1172.6,91536,0
2026-04-29T14:00:00+05:30,1172.6,1172.7,1169.2,1169.8,105206,0
2026-04-29T14:05:00+05:30,1170.0,1171.5,1169.7,1170.8,76361,0
2026-04-29T14:10:00+05:30,1170.8,1171.2,1169.5,1170.5,102076,0
2026-04-29T14:15:00+05:30,1170.2,1171.2,1169.9,1170.6,75229,0
2026-04-29T14:20:00+05:30,1170.6,1170.7,1168.8,1169.6,67591,0
2026-04-29T14:25:00+05:30,1169.6,1169.8,1168.0,1168.2,78472,0
2026-04-29T14:30:00+05:30,1168.2,1170.9,1167.2,1170.8,103017,0
2026-04-29T14:35:00+05:30,1170.8,1170.8,1168.3,1168.5,126520,0
2026-04-29T14:40:00+05:30,1168.9,1170.5,1168.5,1170.0,66777,0
2026-04-29T14:45:00+05:30,1170.0,1170.3,1167.0,1168.8,160705,0
2026-04-29T14:50:00+05:30,1168.9,1169.5,1168.2,1168.8,91276,0
2026-04-29T14:55:00+05:30,1168.8,1169.2,1168.0,1168.6,70320,0
2026-04-29T15:00:00+05:30,1168.6,1169.6,1167.7,1167.8,198758,0
2026-04-29T15:05:00+05:30,1167.8,1168.9,1167.7,1168.7,193617,0
2026-04-29T15:10:00+05:30,1168.8,1168.8,1167.3,1167.4,223352,0
2026-04-29T15:15:00+05:30,1167.4,1167.5,1165.1,1167.0,298762,0
2026-04-29T15:20:00+05:30,1167.0,1167.1,1166.6,1166.9,194997,0
2026-04-29T15:25:00+05:30,1166.9,1168.0,1165.8,1167.1,174254,0
2026-04-30T09:15:00+05:30,1167.5,1170.4,1163.1,1167.2,389876,0
2026-04-30T09:20:00+05:30,1167.2,1169.0,1160.1,1161.1,190868,0
2026-04-30T09:25:00+05:30,1161.3,1162.5,1159.6,1161.8,168462,0
2026-04-30T09:30:00+05:30,1161.3,1171.1,1161.2,1170.4,261057,0
2026-04-30T09:35:00+05:30,1170.4,1173.5,1167.5,1171.8,210974,0
2026-04-30T09:40:00+05:30,1171.5,1172.9,1169.5,1170.4,112973,0
2026-04-30T09:45:00+05:30,1170.6,1170.6,1169.0,1170.5,76463,0
2026-04-30T09:50:00+05:30,1170.1,1175.0,1170.0,1173.2,132203,0
2026-04-30T09:55:00+05:30,1173.1,1174.7,1171.6,1173.4,113718,0
2026-04-30T10:00:00+05:30,1173.5,1174.0,1171.9,1172.2,76599,0
2026-04-30T10:05:00+05:30,1172.2,1173.8,1170.5,1171.4,103285,0
2026-04-30T10:10:00+05:30,1171.4,1172.7,1170.5,1172.3,72045,0
2026-04-30T10:15:00+05:30,1172.3,1173.0,1170.3,1170.5,78304,0
2026-04-30T10:20:00+05:30,1171.1,1172.2,1170.1,1170.5,66502,0
2026-04-30T10:25:00+05:30,1170.6,1172.5,1170.3,1171.4,68754,0
2026-04-30T10:30:00+05:30,1171.5,1172.2,1170.5,1171.3,77547,0
2026-04-30T10:35:00+05:30,1171.3,1171.3,1169.3,1169.9,100563,0
2026-04-30T10:40:00+05:30,1170.0,1170.0,1168.2,1169.0,73870,0
2026-04-30T10:45:00+05:30,1169.1,1169.6,1168.0,1168.0,70083,0
2026-04-30T10:50:00+05:30,1168.3,1168.9,1167.6,1168.3,68068,0
2026-04-30T10:55:00+05:30,1168.6,1169.3,1168.1,1168.3,60816,0
2026-04-30T11:00:00+05:30,1168.3,1169.4,1168.2,1168.9,56564,0
2026-04-30T11:05:00+05:30,1168.9,1170.7,1168.5,1169.0,57450,0
2026-04-30T11:10:00+05:30,1169.4,1169.9,1168.5,1168.6,40841,0
2026-04-30T11:15:00+05:30,1168.7,1169.5,1168.1,1168.5,51609,0
2026-04-30T11:20:00+05:30,1168.4,1168.6,1167.1,1167.1,78225,0
2026-04-30T11:25:00+05:30,1167.1,1167.7,1165.5,1165.7,95381,0
2026-04-30T11:30:00+05:30,1166.0,1166.0,1165.0,1165.6,85809,0
2026-04-30T11:35:00+05:30,1165.4,1166.8,1165.1,1166.4,76022,0
2026-04-30T11:40:00+05:30,1166.4,1169.3,1165.9,1167.4,98480,0
2026-04-30T11:45:00+05:30,1167.5,1168.6,1167.4,1168.0,61820,0
2026-04-30T11:50:00+05:30,1168.3,1172.6,1168.0,1172.0,120002,0
2026-04-30T11:55:00+05:30,1172.1,1175.4,1171.5,1175.2,431695,0
2026-04-30T12:00:00+05:30,1175.2,1176.4,1174.2,1175.2,266986,0
2026-04-30T12:05:00+05:30,1174.8,1176.5,1173.5,1174.5,214207,0
2026-04-30T12:10:00+05:30,1174.5,1175.9,1172.7,1175.9,111239,0
2026-04-30T12:15:00+05:30,1175.8,1176.8,1174.7,1176.3,95513,0
2026-04-30T12:20:00+05:30,1176.3,1178.4,1176.0,1177.1,201068,0
2026-04-30T12:25:00+05:30,1177.1,1178.5,1176.6,1178.2,228918,0
2026-04-30T12:30:00+05:30,1178.2,1181.3,1177.9,1181.0,277394,0
2026-04-30T12:35:00+05:30,1181.0,1182.0,1178.9,1180.9,242074,0
2026-04-30T12:40:00+05:30,1180.8,1184.9,1180.0,1183.5,254020,0
2026-04-30T12:45:00+05:30,1183.5,1184.8,1182.6,1184.0,169685,0
2026-04-30T12:50:00+05:30,1184.0,1184.8,1181.2,1182.7,165794,0
2026-04-30T12:55:00+05:30,1182.3,1184.3,1182.0,1182.9,188306,0
2026-04-30T13:00:00+05:30,1182.9,1184.8,1182.6,1183.6,125751,0
2026-04-30T13:05:00+05:30,1183.6,1184.4,1180.2,1183.3,162057,0
2026-04-30T13:10:00+05:30,1183.1,1184.9,1182.5,1184.9,96926,0
2026-04-30T13:15:00+05:30,1184.6,1185.8,1183.2,1183.6,154471,0
2026-04-30T13:20:00+05:30,1183.6,1185.5,1183.6,1184.5,156888,0
2026-04-30T13:25:00+05:30,1184.4,1185.4,1183.3,1183.7,110810,0
2026-04-30T13:30:00+05:30,1183.7,1185.5,1181.8,1184.3,261772,0
2026-04-30T13:35:00+05:30,1184.3,1186.0,1184.0,1184.7,197133,0
2026-04-30T13:40:00+05:30,1184.2,1187.9,1184.0,1187.3,169092,0
2026-04-30T13:45:00+05:30,1187.3,1188.9,1186.2,1188.3,178037,0
2026-04-30T13:50:00+05:30,1188.3,1189.4,1186.0,1188.0,233034,0
2026-04-30T13:55:00+05:30,1187.5,1188.6,1186.9,1187.5,107065,0
2026-04-30T14:00:00+05:30,1187.3,1189.8,1187.0,1189.0,99605,0
2026-04-30T14:05:00+05:30,1189.2,1189.4,1185.9,1186.1,229744,0
2026-04-30T14:10:00+05:30,1186.2,1187.9,1184.5,1184.5,214569,0
2026-04-30T14:15:00+05:30,1184.6,1185.2,1182.5,1182.6,115744,0
2026-04-30T14:20:00+05:30,1182.6,1183.6,1181.2,1182.1,268487,0
2026-04-30T14:25:00+05:30,1182.1,1183.1,1180.1,1181.6,139303,0
2026-04-30T14:30:00+05:30,1182.0,1184.7,1181.5,1184.2,158861,0
2026-04-30T14:35:00+05:30,1184.2,1185.3,1182.1,1184.3,180666,0
2026-04-30T14:40:00+05:30,1184.3,1186.8,1183.7,1185.9,177712,0
2026-04-30T14:45:00+05:30,1185.9,1186.9,1184.4,1184.5,139253,0
2026-04-30T14:50:00+05:30,1184.6,1184.6,1182.5,1182.5,162301,0
2026-04-30T14:55:00+05:30,1182.7,1184.0,1182.4,1183.6,87785,0
2026-04-30T15:00:00+05:30,1183.6,1183.6,1181.3,1181.9,350516,0
2026-04-30T15:05:00+05:30,1181.8,1182.0,1180.6,1180.8,259354,0
2026-04-30T15:10:00+05:30,1180.8,1181.7,1180.1,1180.9,372706,0
2026-04-30T15:15:00+05:30,1180.9,1183.1,1180.0,1183.0,377426,0
2026-04-30T15:20:00+05:30,1183.0,1183.5,1180.9,1183.2,343116,0
2026-04-30T15:25:00+05:30,1183.0,1184.8,1180.8,1182.6,305430,0
2026-05-04T09:15:00+05:30,1195.0,1195.0,1183.3,1185.2,493845,0
2026-05-04T09:20:00+05:30,1185.0,1187.8,1185.0,1186.9,143024,0
2026-05-04T09:25:00+05:30,1186.9,1189.8,1186.0,1187.4,145316,0
2026-05-04T09:30:00+05:30,1187.1,1188.2,1184.1,1188.0,127260,0
2026-05-04T09:35:00+05:30,1187.6,1191.4,1186.5,1188.7,166991,0
2026-05-04T09:40:00+05:30,1188.7,1189.8,1187.0,1189.0,92184,0
2026-05-04T09:45:00+05:30,1189.4,1189.4,1186.7,1187.1,57007,0
2026-05-04T09:50:00+05:30,1187.1,1189.0,1185.8,1186.9,61830,0
2026-05-04T09:55:00+05:30,1186.6,1187.2,1183.3,1184.7,111690,0
2026-05-04T10:00:00+05:30,1184.5,1185.9,1183.5,1184.7,88510,0
2026-05-04T10:05:00+05:30,1184.8,1186.8,1183.3,1183.6,64797,0
2026-05-04T10:10:00+05:30,1183.6,1183.9,1177.6,1178.4,171826,0
2026-05-04T10:15:00+05:30,1178.4,1181.0,1178.2,1180.0,67452,0
2026-05-04T10:20:00+05:30,1180.0,1180.0,1176.7,1177.0,108189,0
2026-05-04T10:25:00+05:30,1177.3,1178.8,1175.3,1178.6,72067,0
2026-05-04T10:30:00+05:30,1178.7,1180.0,1177.4,1178.1,68612,0
2026-05-04T10:35:00+05:30,1178.4,1179.9,1178.0,1179.9,35331,0
2026-05-04T10:40:00+05:30,1179.5,1179.9,1178.1,1179.0,40612,0
2026-05-04T10:45:00+05:30,1178.7,1180.4,1178.3,1179.9,62577,0
2026-05-04T10:50:00+05:30,1179.7,1180.4,1178.2,1179.1,35170,0
2026-05-04T10:55:00+05:30,1179.1,1179.3,1177.4,1179.1,60344,0
2026-05-04T11:00:00+05:30,1179.0,1180.2,1178.5,1179.3,84969,0
2026-05-04T11:05:00+05:30,1179.3,1180.0,1176.4,1176.6,59615,0
2026-05-04T11:10:00+05:30,1176.7,1179.3,1176.3,1178.8,109541,0
2026-05-04T11:15:00+05:30,1178.7,1179.7,1178.0,1178.2,103503,0
2026-05-04T11:20:00+05:30,1178.6,1179.0,1176.7,1177.4,109248,0
2026-05-04T11:25:00+05:30,1177.4,1178.1,1176.9,1177.1,119069,0
2026-05-04T11:30:00+05:30,1177.4,1177.5,1175.4,1176.7,141247,0
2026-05-04T11:35:00+05:30,1176.3,1176.8,1175.0,1175.5,71012,0
2026-05-04T11:40:00+05:30,1175.6,1176.5,1175.1,1175.5,53715,0
2026-05-04T11:45:00+05:30,1175.3,1177.5,1175.1,1177.5,49954,0
2026-05-04T11:50:00+05:30,1177.5,1178.1,1175.5,1175.9,57484,0
2026-05-04T11:55:00+05:30,1175.9,1176.7,1175.5,1176.4,37916,0
2026-05-04T12:00:00+05:30,1176.3,1177.1,1175.6,1176.1,27766,0
2026-05-04T12:05:00+05:30,1176.2,1176.4,1175.3,1175.8,43532,0
2026-05-04T12:10:00+05:30,1175.8,1175.9,1173.4,1173.7,97644,0
2026-05-04T12:15:00+05:30,1173.7,1174.9,1173.0,1174.5,64588,0
2026-05-04T12:20:00+05:30,1174.7,1175.6,1172.1,1173.2,51710,0
2026-05-04T12:25:00+05:30,1173.2,1175.2,1173.1,1174.2,100971,0
2026-05-04T12:30:00+05:30,1174.2,1174.8,1173.2,1174.0,41996,0
2026-05-04T12:35:00+05:30,1174.0,1175.0,1171.4,1171.5,74569,0
2026-05-04T12:40:00+05:30,1171.7,1171.7,1170.0,1170.2,75369,0
2026-05-04T12:45:00+05:30,1170.2,1171.1,1169.7,1170.0,61251,0
2026-05-04T12:50:00+05:30,1170.0,1171.1,1169.5,1170.0,70850,0
2026-05-04T12:55:00+05:30,1169.9,1170.0,1169.2,1169.4,52573,0
2026-05-04T13:00:00+05:30,1169.5,1171.1,1169.0,1170.0,171465,0
2026-05-04T13:05:00+05:30,1170.0,1170.0,1169.1,1169.6,47815,0
2026-05-04T13:10:00+05:30,1169.6,1170.3,1169.1,1169.9,37622,0
2026-05-04T13:15:00+05:30,1169.9,1170.5,1169.2,1169.6,60631,0
2026-05-04T13:20:00+05:30,1169.6,1169.6,1167.0,1167.5,160203,0
2026-05-04T13:25:00+05:30,1167.8,1168.5,1166.0,1166.4,71161,0
2026-05-04T13:30:00+05:30,1166.4,1167.3,1165.5,1165.9,73654,0
2026-05-04T13:35:00+05:30,1165.9,1166.6,1165.2,1166.2,66495,0
2026-05-04T13:40:00+05:30,1166.2,1168.3,1165.8,1167.9,80875,0
2026-05-04T13:45:00+05:30,1167.9,1168.0,1167.0,1167.6,63587,0
2026-05-04T13:50:00+05:30,1167.6,1169.0,1167.1,1167.8,73543,0
2026-05-04T13:55:00+05:30,1167.8,1168.4,1166.4,1167.6,67523,0
2026-05-04T14:00:00+05:30,1167.6,1168.0,1166.5,1167.8,75941,0
2026-05-04T14:05:00+05:30,1167.8,1169.0,1167.3,1168.5,74119,0
2026-05-04T14:10:00+05:30,1168.7,1170.9,1168.7,1169.4,87405,0
2026-05-04T14:15:00+05:30,1169.5,1172.3,1169.2,1170.8,127377,0
2026-05-04T14:20:00+05:30,1171.0,1171.2,1169.7,1170.3,85737,0
2026-05-04T14:25:00+05:30,1170.3,1170.7,1168.9,1169.9,66243,0
2026-05-04T14:30:00+05:30,1170.0,1171.2,1169.2,1170.0,123934,0
2026-05-04T14:35:00+05:30,1170.1,1171.3,1170.0,1170.9,109997,0
2026-05-04T14:40:00+05:30,1171.2,1171.3,1169.1,1169.8,135009,0
2026-05-04T14:45:00+05:30,1169.9,1170.4,1169.0,1169.5,112495,0
2026-05-04T14:50:00+05:30,1169.7,1170.0,1168.1,1169.5,145470,0
2026-05-04T14:55:00+05:30,1170.0,1170.6,1168.2,1168.7,138542,0
2026-05-04T15:00:00+05:30,1168.7,1169.9,1168.1,1168.9,177825,0
2026-05-04T15:05:00+05:30,1169.1,1170.2,1168.5,1169.2,155946,0
2026-05-04T15:10:00+05:30,1169.3,1169.6,1167.8,1168.0,281809,0
2026-05-04T15:15:00+05:30,1168.0,1169.3,1167.6,1168.8,270835,0
2026-05-04T15:20:00+05:30,1169.2,1169.5,1166.6,1166.9,247835,0
2026-05-04T15:25:00+05:30,1167.0,1168.2,1166.2,1168.0,216038,0
2026-05-05T09:15:00+05:30,1169.5,1181.5,1160.1,1181.0,566646,0
2026-05-05T09:20:00+05:30,1181.0,1185.2,1171.4,1171.4,384256,0
2026-05-05T09:25:00+05:30,1171.4,1173.8,1170.0,1171.8,179512,0
2026-05-05T09:30:00+05:30,1171.8,1173.8,1171.1,1171.7,82580,0
2026-05-05T09:35:00+05:30,1171.7,1172.7,1170.2,1171.8,54625,0
2026-05-05T09:40:00+05:30,1171.5,1173.0,1170.1,1170.4,104296,0
2026-05-05T09:45:00+05:30,1170.9,1176.0,1170.1,1175.2,108519,0
2026-05-05T09:50:00+05:30,1175.5,1177.0,1174.5,1176.1,76185,0
2026-05-05T09:55:00+05:30,1176.1,1176.9,1173.1,1174.4,50485,0
2026-05-05T10:00:00+05:30,1174.4,1175.3,1172.6,1173.9,60325,0
2026-05-05T10:05:00+05:30,1173.9,1174.8,1172.7,1173.0,35247,0
2026-05-05T10:10:00+05:30,1173.6,1173.9,1172.0,1172.6,48573,0
2026-05-05T10:15:00+05:30,1172.6,1173.4,1170.7,1172.6,53032,0
2026-05-05T10:20:00+05:30,1172.4,1173.7,1172.3,1173.0,24734,0
2026-05-05T10:25:00+05:30,1173.0,1174.0,1172.1,1173.3,34979,0
2026-05-05T10:30:00+05:30,1173.6,1175.5,1173.0,1175.4,30187,0
2026-05-05T10:35:00+05:30,1175.4,1175.7,1173.7,1175.3,44035,0
2026-05-05T10:40:00+05:30,1175.3,1175.6,1173.5,1174.2,33773,0
2026-05-05T10:45:00+05:30,1174.0,1174.6,1173.1,1173.5,18346,0
2026-05-05T10:50:00+05:30,1173.7,1174.4,1173.0,1173.5,21609,0
2026-05-05T10:55:00+05:30,1173.5,1174.6,1172.6,1174.6,34296,0
2026-05-05T11:00:00+05:30,1174.4,1177.5,1173.7,1177.3,140927,0
2026-05-05T11:05:00+05:30,1177.4,1179.0,1177.0,1177.1,109172,0
2026-05-05T11:10:00+05:30,1177.1,1178.5,1177.0,1177.7,72749,0
2026-05-05T11:15:00+05:30,1177.7,1178.1,1175.4,1176.6,221868,0
2026-05-05T11:20:00+05:30,1176.9,1178.0,1175.9,1176.0,114083,0
2026-05-05T11:25:00+05:30,1176.0,1177.5,1175.2,1177.0,84597,0
2026-05-05T11:30:00+05:30,1177.0,1177.9,1176.0,1177.5,78032,0
2026-05-05T11:35:00+05:30,1177.9,1178.6,1176.6,1176.9,52103,0
2026-05-05T11:40:00+05:30,1177.3,1177.4,1174.0,1174.0,46335,0
2026-05-05T11:45:00+05:30,1174.2,1174.3,1171.6,1173.3,65322,0
2026-05-05T11:50:00+05:30,1173.3,1175.0,1172.0,1174.0,101012,0
2026-05-05T11:55:00+05:30,1174.0,1174.3,1172.7,1172.8,20777,0
2026-05-05T12:00:00+05:30,1173.0,1173.5,1171.5,1172.0,86527,0
2026-05-05T12:05:00+05:30,1172.0,1172.3,1171.5,1172.2,17764,0
2026-05-05T12:10:00+05:30,1172.2,1173.2,1171.7,1172.1,34459,0
2026-05-05T12:15:00+05:30,1172.1,1172.8,1171.6,1172.2,30032,0
2026-05-05T12:20:00+05:30,1172.2,1172.3,1170.3,1170.5,36606,0
2026-05-05T12:25:00+05:30,1170.8,1171.5,1170.2,1170.6,54866,0
2026-05-05T12:30:00+05:30,1170.9,1172.3,1170.5,1171.6,73810,0
2026-05-05T12:35:00+05:30,1171.2,1172.8,1170.9,1171.9,81606,0
2026-05-05T12:40:00+05:30,1172.0,1172.8,1171.0,1171.5,71820,0
2026-05-05T12:45:00+05:30,1171.6,1172.6,1170.6,1170.8,42007,0
2026-05-05T12:50:00+05:30,1171.0,1172.2,1170.4,1171.3,38910,0
2026-05-05T12:55:00+05:30,1171.3,1172.2,1170.3,1171.5,59774,0
2026-05-05T13:00:00+05:30,1172.0,1172.6,1170.7,1171.6,38089,0
2026-05-05T13:05:00+05:30,1171.6,1174.0,1171.1,1172.5,58676,0
2026-05-05T13:10:00+05:30,1172.7,1173.7,1172.1,1173.1,120959,0
2026-05-05T13:15:00+05:30,1173.0,1174.4,1172.0,1173.7,121300,0
2026-05-05T13:20:00+05:30,1173.7,1174.0,1171.7,1172.3,47510,0
2026-05-05T13:25:00+05:30,1172.6,1172.7,1170.0,1171.3,152768,0
2026-05-05T13:30:00+05:30,1171.8,1172.1,1170.2,1171.8,138219,0
2026-05-05T13:35:00+05:30,1171.7,1173.4,1170.8,1172.0,74515,0
2026-05-05T13:40:00+05:30,1172.4,1174.1,1171.2,1173.3,142193,0
2026-05-05T13:45:00+05:30,1172.8,1173.9,1171.9,1172.5,78274,0
2026-05-05T13:50:00+05:30,1172.9,1174.0,1172.4,1172.9,77331,0
2026-05-05T13:55:00+05:30,1172.9,1173.2,1171.2,1171.6,137221,0
2026-05-05T14:00:00+05:30,1171.6,1172.8,1170.9,1171.2,65450,0
2026-05-05T14:05:00+05:30,1171.4,1172.7,1171.0,1171.9,36061,0
2026-05-05T14:10:00+05:30,1172.1,1173.4,1171.1,1172.5,93549,0
2026-05-05T14:15:00+05:30,1172.3,1173.9,1171.7,1173.0,142377,0
2026-05-05T14:20:00+05:30,1173.4,1174.5,1172.6,1173.8,104601,0
2026-05-05T14:25:00+05:30,1174.0,1176.0,1173.0,1176.0,74202,0
2026-05-05T14:30:00+05:30,1175.9,1176.7,1174.7,1175.5,118484,0
2026-05-05T14:35:00+05:30,1175.5,1176.0,1173.9,1174.3,136333,0
2026-05-05T14:40:00+05:30,1174.3,1176.5,1173.8,1176.1,109085,0
2026-05-05T14:45:00+05:30,1176.2,1176.4,1174.8,1175.7,90208,0
2026-05-05T14:50:00+05:30,1175.9,1176.4,1173.9,1174.9,84587,0
2026-05-05T14:55:00+05:30,1174.9,1176.0,1173.2,1173.6,76305,0
2026-05-05T15:00:00+05:30,1173.7,1178.0,1173.1,1177.9,361707,0
2026-05-05T15:05:00+05:30,1177.9,1179.0,1175.9,1178.1,383121,0
2026-05-05T15:10:00+05:30,1178.1,1179.3,1177.2,1178.3,365351,0
2026-05-05T15:15:00+05:30,1178.5,1180.0,1178.2,1179.4,290690,0
2026-05-05T15:20:00+05:30,1179.5,1179.8,1177.7,1178.4,355798,0
2026-05-05T15:25:00+05:30,1178.4,1180.0,1177.5,1177.6,227630,0
2026-05-06T09:15:00+05:30,1187.0,1191.0,1184.3,1186.3,413912,0
2026-05-06T09:20:00+05:30,1186.3,1190.9,1185.8,1188.9,164932,0
2026-05-06T09:25:00+05:30,1189.1,1191.5,1188.1,1188.9,168316,0
2026-05-06T09:30:00+05:30,1188.9,1190.0,1182.7,1183.1,177610,0
2026-05-06T09:35:00+05:30,1183.1,1183.8,1179.6,1181.5,130848,0
2026-05-06T09:40:00+05:30,1181.4,1181.6,1177.7,1178.5,173538,0
2026-05-06T09:45:00+05:30,1178.5,1178.9,1174.9,1177.4,193238,0
2026-05-06T09:50:00+05:30,1177.4,1178.3,1175.5,1175.9,85824,0
2026-05-06T09:55:00+05:30,1175.9,1179.0,1175.8,1177.0,79965,0
2026-05-06T10:00:00+05:30,1177.0,1177.7,1176.2,1176.9,60922,0
2026-05-06T10:05:00+05:30,1176.9,1178.5,1176.2,1178.2,72070,0
2026-05-06T10:10:00+05:30,1178.2,1180.0,1177.9,1179.4,85005,0
2026-05-06T10:15:00+05:30,1179.4,1180.0,1178.2,1178.7,51583,0
2026-05-06T10:20:00+05:30,1178.6,1179.5,1177.3,1179.2,49725,0
2026-05-06T10:25:00+05:30,1179.2,1179.4,1177.1,1177.5,28536,0
2026-05-06T10:30:00+05:30,1177.5,1177.5,1175.1,1175.8,87650,0
2026-05-06T10:35:00+05:30,1175.8,1175.8,1173.3,1173.9,128915,0
2026-05-06T10:40:00+05:30,1173.9,1175.6,1173.8,1175.0,58689,0
2026-05-06T10:45:00+05:30,1175.0,1175.1,1174.0,1174.1,31022,0
2026-05-06T10:50:00+05:30,1174.1,1174.5,1173.4,1174.2,50530,0
2026-05-06T10:55:00+05:30,1174.2,1175.0,1173.9,1174.3,46420,0
2026-05-06T11:00:00+05:30,1174.3,1175.2,1173.3,1173.3,65317,0
2026-05-06T11:05:00+05:30,1173.6,1174.0,1173.1,1173.4,40034,0
2026-05-06T11:10:00+05:30,1173.4,1173.9,1172.2,1173.8,99763,0
2026-05-06T11:15:00+05:30,1173.8,1175.0,1173.6,1174.2,44769,0
2026-05-06T11:20:00+05:30,1174.2,1175.1,1173.4,1174.1,134559,0
2026-05-06T11:25:00+05:30,1174.1,1174.6,1173.5,1174.2,60231,0
2026-05-06T11:30:00+05:30,1174.2,1174.2,1173.6,1174.1,83058,0
2026-05-06T11:35:00+05:30,1174.1,1174.1,1172.3,1172.7,48068,0
2026-05-06T11:40:00+05:30,1172.7,1175.0,1172.3,1174.7,39125,0
2026-05-06T11:45:00+05:30,1174.7,1175.8,1174.0,1175.5,32868,0
2026-05-06T11:50:00+05:30,1175.7,1175.7,1174.6,1174.7,24593,0
2026-05-06T11:55:00+05:30,1174.7,1175.4,1173.8,1174.0,43687,0
2026-05-06T12:00:00+05:30,1174.3,1174.8,1173.4,1174.0,76394,0
2026-05-06T12:05:00+05:30,1174.0,1174.4,1172.5,1172.7,53099,0
2026-05-06T12:10:00+05:30,1172.7,1173.0,1171.1,1171.7,65045,0
2026-05-06T12:15:00+05:30,1171.7,1171.7,1170.0,1170.8,155469,0
2026-05-06T12:20:00+05:30,1171.1,1171.2,1170.5,1171.0,66355,0
2026-05-06T12:25:00+05:30,1171.1,1172.1,1170.1,1171.2,86257,0
2026-05-06T12:30:00+05:30,1171.2,1171.5,1170.0,1170.1,143159,0
2026-05-06T12:35:00+05:30,1170.2,1171.2,1170.1,1170.8,106439,0
2026-05-06T12:40:00+05:30,1170.8,1171.0,1169.8,1169.8,206992,0
2026-05-06T12:45:00+05:30,1170.0,1170.2,1167.3,1169.1,274127,0
2026-05-06T12:50:00+05:30,1169.3,1170.1,1167.3,1168.3,149480,0
2026-05-06T12:55:00+05:30,1168.3,1168.9,1168.0,1168.6,56070,0
2026-05-06T13:00:00+05:30,1168.6,1168.8,1166.8,1167.2,64994,0
2026-05-06T13:05:00+05:30,1167.2,1170.1,1167.0,1169.6,71230,0
2026-05-06T13:10:00+05:30,1169.8,1169.9,1168.4,1169.4,38398,0
2026-05-06T13:15:00+05:30,1169.4,1169.8,1168.6,1169.8,59714,0
2026-05-06T13:20:00+05:30,1169.8,1171.0,1169.0,1170.8,89378,0
2026-05-06T13:25:00+05:30,1170.8,1170.9,1168.7,1168.7,88782,0
2026-05-06T13:30:00+05:30,1169.2,1169.3,1167.7,1168.1,63567,0
2026-05-06T13:35:00+05:30,1168.1,1169.0,1167.6,1168.3,54969,0
2026-05-06T13:40:00+05:30,1168.3,1168.4,1167.0,1167.5,55978,0
2026-05-06T13:45:00+05:30,1167.5,1167.8,1167.0,1167.8,71048,0
2026-05-06T13:50:00+05:30,1167.7,1168.2,1166.3,1166.8,111361,0
2026-05-06T13:55:00+05:30,1166.8,1166.9,1165.1,1165.7,82702,0
2026-05-06T14:00:00+05:30,1165.7,1166.6,1165.2,1165.8,95664,0
2026-05-06T14:05:00+05:30,1165.8,1166.9,1165.0,1165.3,95211,0
2026-05-06T14:10:00+05:30,1165.3,1166.1,1164.1,1166.0,90702,0
2026-05-06T14:15:00+05:30,1166.0,1166.9,1165.0,1166.8,56596,0
2026-05-06T14:20:00+05:30,1166.8,1170.8,1166.7,1170.7,321451,0
2026-05-06T14:25:00+05:30,1170.7,1173.6,1170.1,1173.0,275945,0
2026-05-06T14:30:00+05:30,1173.0,1173.7,1168.4,1169.9,379222,0
2026-05-06T14:35:00+05:30,1170.0,1170.2,1167.1,1168.2,327152,0
2026-05-06T14:40:00+05:30,1168.2,1170.0,1167.9,1169.9,181769,0
2026-05-06T14:45:00+05:30,1169.9,1170.5,1169.3,1170.4,126019,0
2026-05-06T14:50:00+05:30,1170.5,1170.6,1168.0,1168.8,149703,0
2026-05-06T14:55:00+05:30,1168.8,1169.7,1168.0,1169.2,135231,0
2026-05-06T15:00:00+05:30,1169.1,1169.6,1166.0,1166.4,371017,0
2026-05-06T15:05:00+05:30,1166.5,1168.2,1166.0,1167.8,394756,0
2026-05-06T15:10:00+05:30,1167.8,1168.0,1165.5,1166.4,318743,0
2026-05-06T15:15:00+05:30,1166.3,1167.9,1165.0,1167.6,352424,0
2026-05-06T15:20:00+05:30,1167.4,1167.8,1165.0,1166.9,409559,0
2026-05-06T15:25:00+05:30,1167.2,1170.9,1166.4,1170.5,386434,0
2026-05-07T09:15:00+05:30,1173.0,1175.4,1168.5,1171.9,386925,0
2026-05-07T09:20:00+05:30,1172.2,1173.0,1167.8,1168.9,154835,0
2026-05-07T09:25:00+05:30,1168.8,1169.0,1165.0,1165.4,178687,0
2026-05-07T09:30:00+05:30,1165.4,1167.1,1162.7,1164.0,254454,0
2026-05-07T09:35:00+05:30,1164.0,1166.1,1163.8,1165.7,97793,0
2026-05-07T09:40:00+05:30,1165.8,1169.4,1165.6,1169.0,120457,0
2026-05-07T09:45:00+05:30,1168.7,1169.1,1167.6,1168.0,68847,0
2026-05-07T09:50:00+05:30,1167.8,1168.0,1165.5,1167.0,95111,0
2026-05-07T09:55:00+05:30,1167.0,1169.3,1166.8,1167.9,111818,0
2026-05-07T10:00:00+05:30,1167.6,1168.9,1167.1,1168.7,84166,0
2026-05-07T10:05:00+05:30,1168.9,1169.7,1167.5,1167.9,88926,0
2026-05-07T10:10:00+05:30,1168.0,1168.8,1167.5,1168.5,73412,0
2026-05-07T10:15:00+05:30,1168.5,1169.3,1167.5,1168.6,71295,0
2026-05-07T10:20:00+05:30,1168.6,1169.5,1168.4,1169.4,59814,0
2026-05-07T10:25:00+05:30,1169.3,1169.5,1168.0,1168.9,64878,0
2026-05-07T10:30:00+05:30,1168.8,1170.0,1168.3,1169.6,81603,0
2026-05-07T10:35:00+05:30,1169.6,1169.9,1167.5,1167.8,48590,0
2026-05-07T10:40:00+05:30,1168.0,1168.5,1166.1,1166.6,61338,0
2026-05-07T10:45:00+05:30,1166.7,1167.2,1166.3,1166.5,47455,0
2026-05-07T10:50:00+05:30,1166.5,1166.5,1165.4,1166.5,73504,0
2026-05-07T10:55:00+05:30,1166.4,1166.9,1165.6,1166.8,39599,0
2026-05-07T11:00:00+05:30,1166.8,1167.0,1165.5,1166.0,47816,0
2026-05-07T11:05:00+05:30,1166.0,1166.4,1164.6,1165.7,108987,0
2026-05-07T11:10:00+05:30,1165.7,1166.6,1165.5,1166.2,65906,0
2026-05-07T11:15:00+05:30,1166.0,1166.8,1165.6,1166.4,54654,0
2026-05-07T11:20:00+05:30,1166.4,1166.5,1164.9,1165.4,47101,0
2026-05-07T11:25:00+05:30,1165.4,1165.9,1164.2,1165.7,58031,0
2026-05-07T11:30:00+05:30,1165.7,1168.0,1165.7,1167.2,92479,0
2026-05-07T11:35:00+05:30,1167.2,1167.4,1166.0,1166.1,67313,0
2026-05-07T11:40:00+05:30,1166.1,1166.2,1163.2,1163.7,170824,0
2026-05-07T11:45:00+05:30,1164.0,1165.0,1163.6,1164.5,149203,0
2026-05-07T11:50:00+05:30,1164.5,1166.1,1164.1,1164.9,188642,0
2026-05-07T11:55:00+05:30,1164.9,1166.6,1164.8,1166.1,77517,0
2026-05-07T12:00:00+05:30,1166.1,1167.0,1165.8,1166.0,125461,0
2026-05-07T12:05:00+05:30,1166.0,1167.1,1165.9,1167.0,97531,0
2026-05-07T12:10:00+05:30,1167.0,1168.0,1166.6,1167.2,62993,0
2026-05-07T12:15:00+05:30,1167.2,1168.0,1166.9,1167.5,147466,0
2026-05-07T12:20:00+05:30,1167.5,1169.1,1167.2,1168.0,175662,0
2026-05-07T12:25:00+05:30,1167.9,1169.2,1167.6,1168.0,118581,0
2026-05-07T12:30:00+05:30,1168.0,1168.1,1166.6,1167.7,66538,0
2026-05-07T12:35:00+05:30,1167.8,1172.0,1167.3,1171.8,341508,0
2026-05-07T12:40:00+05:30,1171.8,1172.3,1170.8,1171.8,242587,0
2026-05-07T12:45:00+05:30,1171.7,1172.5,1170.2,1171.9,175506,0
2026-05-07T12:50:00+05:30,1171.8,1172.0,1168.9,1169.3,203144,0
2026-05-07T12:55:00+05:30,1169.4,1170.2,1167.7,1169.6,106465,0
2026-05-07T13:00:00+05:30,1170.0,1171.9,1169.1,1171.3,117313,0
2026-05-07T13:05:00+05:30,1171.2,1173.0,1171.2,1172.9,118274,0
2026-05-07T13:10:00+05:30,1172.9,1173.2,1171.2,1172.3,76289,0
2026-05-07T13:15:00+05:30,1172.4,1172.6,1170.0,1170.7,134221,0
2026-05-07T13:20:00+05:30,1170.8,1171.7,1169.5,1170.0,127562,0
2026-05-07T13:25:00+05:30,1170.0,1170.7,1169.5,1170.0,61662,0
2026-05-07T13:30:00+05:30,1170.0,1170.8,1169.5,1170.0,78688,0
2026-05-07T13:35:00+05:30,1170.3,1170.6,1169.0,1169.0,78659,0
2026-05-07T13:40:00+05:30,1169.1,1170.3,1168.7,1169.4,80629,0
2026-05-07T13:45:00+05:30,1169.5,1170.2,1169.2,1170.0,103167,0
2026-05-07T13:50:00+05:30,1170.0,1170.9,1169.2,1169.9,114943,0
2026-05-07T13:55:00+05:30,1169.9,1170.0,1169.2,1169.2,53563,0
2026-05-07T14:00:00+05:30,1169.6,1169.8,1167.8,1167.9,74237,0
2026-05-07T14:05:00+05:30,1167.8,1169.6,1166.7,1169.2,162242,0
2026-05-07T14:10:00+05:30,1169.2,1169.8,1167.8,1168.2,99565,0
2026-05-07T14:15:00+05:30,1168.1,1168.9,1166.8,1167.0,87707,0
2026-05-07T14:20:00+05:30,1167.0,1168.9,1166.6,1167.7,122394,0
2026-05-07T14:25:00+05:30,1167.7,1169.7,1167.5,1168.4,104680,0
2026-05-07T14:30:00+05:30,1168.4,1169.3,1167.2,1168.4,112872,0
2026-05-07T14:35:00+05:30,1168.1,1168.4,1164.9,1165.2,345545,0
2026-05-07T14:40:00+05:30,1165.1,1167.0,1165.1,1165.4,103925,0
2026-05-07T14:45:00+05:30,1165.4,1166.0,1164.3,1164.8,141825,0
2026-05-07T14:50:00+05:30,1164.6,1166.1,1164.6,1165.5,91080,0
2026-05-07T14:55:00+05:30,1165.5,1166.2,1164.1,1164.5,114800,0
2026-05-07T15:00:00+05:30,1164.5,1164.6,1160.8,1160.9,691200,0
2026-05-07T15:05:00+05:30,1160.9,1161.9,1159.2,1160.5,875642,0
2026-05-07T15:10:00+05:30,1160.6,1163.1,1160.3,1163.0,594056,0
2026-05-07T15:15:00+05:30,1163.0,1165.7,1162.9,1165.0,766674,0
2026-05-07T15:20:00+05:30,1165.0,1165.0,1164.0,1164.6,514210,0
2026-05-07T15:25:00+05:30,1164.6,1166.2,1163.2,1165.9,417702,0
2026-05-08T09:15:00+05:30,1161.0,1170.7,1158.8,1169.4,449990,0
2026-05-08T09:20:00+05:30,1169.4,1172.1,1166.8,1168.0,216315,0
2026-05-08T09:25:00+05:30,1167.9,1170.0,1166.6,1169.4,92048,0
2026-05-08T09:30:00+05:30,1169.6,1169.8,1166.0,1167.8,100256,0
2026-05-08T09:35:00+05:30,1167.5,1170.5,1166.6,1169.5,141499,0
2026-05-08T09:40:00+05:30,1169.6,1171.4,1167.4,1168.4,85377,0
2026-05-08T09:45:00+05:30,1168.3,1170.0,1166.6,1169.8,96511,0
2026-05-08T09:50:00+05:30,1169.8,1170.8,1169.3,1170.1,55695,0
2026-05-08T09:55:00+05:30,1170.1,1170.7,1169.0,1170.5,78687,0
2026-05-08T10:00:00+05:30,1170.6,1171.4,1169.0,1169.4,88096,0
2026-05-08T10:05:00+05:30,1169.5,1170.7,1169.0,1169.6,37966,0
2026-05-08T10:10:00+05:30,1169.6,1170.9,1169.0,1170.0,103175,0
2026-05-08T10:15:00+05:30,1170.0,1170.4,1168.7,1169.1,68066,0
2026-05-08T10:20:00+05:30,1169.3,1172.8,1168.9,1172.0,247137,0
2026-05-08T10:25:00+05:30,1172.0,1172.9,1170.6,1172.4,61241,0
2026-05-08T10:30:00+05:30,1172.4,1174.5,1172.2,1173.2,179740,0
2026-05-08T10:35:00+05:30,1173.4,1175.0,1173.2,1174.5,130915,0
2026-05-08T10:40:00+05:30,1174.5,1174.8,1172.2,1174.7,53081,0
2026-05-08T10:45:00+05:30,1174.5,1174.7,1172.5,1173.0,33616,0
2026-05-08T10:50:00+05:30,1173.0,1174.4,1172.7,1173.0,38034,0
2026-05-08T10:55:00+05:30,1173.0,1173.4,1172.5,1172.9,30422,0
2026-05-08T11:00:00+05:30,1173.0,1173.4,1171.0,1171.7,94875,0
2026-05-08T11:05:00+05:30,1171.7,1172.4,1171.3,1171.5,30990,0
2026-05-08T11:10:00+05:30,1171.6,1172.0,1170.6,1170.9,52847,0
2026-05-08T11:15:00+05:30,1170.9,1171.0,1169.1,1169.1,54887,0
2026-05-08T11:20:00+05:30,1169.1,1170.0,1168.8,1169.1,40661,0
2026-05-08T11:25:00+05:30,1169.6,1170.6,1169.2,1169.5,60495,0
2026-05-08T11:30:00+05:30,1169.5,1172.0,1169.4,1171.3,66603,0
2026-05-08T11:35:00+05:30,1171.6,1171.9,1171.1,1171.3,20257,0
2026-05-08T11:40:00+05:30,1171.4,1171.9,1168.9,1168.9,113711,0
2026-05-08T11:45:00+05:30,1169.3,1170.5,1168.7,1169.5,93647,0
2026-05-08T11:50:00+05:30,1169.6,1171.7,1169.5,1170.9,61630,0
2026-05-08T11:55:00+05:30,1171.1,1171.1,1169.8,1170.0,68652,0
2026-05-08T12:00:00+05:30,1170.2,1170.6,1169.2,1169.8,25181,0
2026-05-08T12:05:00+05:30,1170.0,1170.3,1169.3,1169.4,27351,0
2026-05-08T12:10:00+05:30,1169.4,1171.0,1169.2,1170.1,48362,0
2026-05-08T12:15:00+05:30,1170.0,1171.1,1169.5,1170.0,79141,0
2026-05-08T12:20:00+05:30,1170.0,1170.0,1167.6,1168.3,58938,0
2026-05-08T12:25:00+05:30,1168.2,1170.8,1168.1,1170.1,44998,0
2026-05-08T12:30:00+05:30,1170.3,1172.0,1170.0,1171.1,100307,0
2026-05-08T12:35:00+05:30,1171.1,1173.5,1170.4,1172.3,137941,0
2026-05-08T12:40:00+05:30,1172.3,1174.1,1171.4,1171.7,85000,0
2026-05-08T12:45:00+05:30,1171.7,1172.5,1171.3,1172.0,33572,0
2026-05-08T12:50:00+05:30,1172.0,1173.2,1171.3,1172.9,44546,0
2026-05-08T12:55:00+05:30,1172.9,1173.5,1172.5,1173.0,73998,0
2026-05-08T13:00:00+05:30,1173.0,1173.4,1172.4,1173.0,55286,0
2026-05-08T13:05:00+05:30,1172.7,1175.0,1172.6,1174.5,131076,0
2026-05-08T13:10:00+05:30,1174.1,1176.8,1174.0,1175.5,168195,0
2026-05-08T13:15:00+05:30,1176.0,1176.7,1174.8,1175.0,74756,0
2026-05-08T13:20:00+05:30,1175.0,1175.5,1174.5,1175.3,67888,0
2026-05-08T13:25:00+05:30,1175.5,1177.4,1175.5,1176.8,91921,0
2026-05-08T13:30:00+05:30,1176.9,1177.7,1176.1,1177.4,100621,0
2026-05-08T13:35:00+05:30,1177.4,1178.4,1174.9,1175.6,91599,0
2026-05-08T13:40:00+05:30,1175.6,1176.2,1175.0,1175.0,33240,0
2026-05-08T13:45:00+05:30,1175.5,1176.1,1174.5,1176.0,36729,0
2026-05-08T13:50:00+05:30,1176.1,1176.4,1174.6,1175.1,55825,0
2026-05-08T13:55:00+05:30,1175.1,1175.5,1173.6,1174.4,64403,0
2026-05-08T14:00:00+05:30,1174.3,1177.0,1173.6,1176.0,74137,0
2026-05-08T14:05:00+05:30,1176.0,1178.5,1175.6,1178.4,102793,0
2026-05-08T14:10:00+05:30,1178.2,1178.4,1177.1,1178.0,88907,0
2026-05-08T14:15:00+05:30,1178.2,1178.5,1177.4,1178.0,107234,0
2026-05-08T14:20:00+05:30,1178.0,1178.9,1177.8,1178.3,117752,0
2026-05-08T14:25:00+05:30,1178.3,1179.4,1176.7,1179.3,181704,0
2026-05-08T14:30:00+05:30,1179.3,1181.6,1177.5,1181.5,306350,0
2026-05-08T14:35:00+05:30,1181.5,1183.5,1181.0,1183.4,187699,0
2026-05-08T14:40:00+05:30,1183.4,1183.5,1182.0,1182.3,75006,0
2026-05-08T14:45:00+05:30,1182.1,1183.2,1181.0,1183.0,136098,0
2026-05-08T14:50:00+05:30,1182.9,1183.2,1182.1,1183.0,91770,0
2026-05-08T14:55:00+05:30,1182.9,1183.0,1180.7,1181.3,124996,0
2026-05-08T15:00:00+05:30,1181.4,1181.4,1178.3,1179.3,187348,0
2026-05-08T15:05:00+05:30,1179.3,1180.0,1178.7,1180.0,147152,0
2026-05-08T15:10:00+05:30,1180.0,1180.0,1178.2,1178.5,232446,0
2026-05-08T15:15:00+05:30,1178.5,1179.9,1178.3,1179.1,161244,0
2026-05-08T15:20:00+05:30,1179.1,1179.5,1178.3,1179.4,161880,0
2026-05-08T15:25:00+05:30,1179.5,1180.2,1179.0,1179.5,163351,0
2026-05-11T09:15:00+05:30,1176.0,1179.0,1172.1,1176.5,309467,0
2026-05-11T09:20:00+05:30,1176.3,1178.8,1174.2,1178.0,156685,0
2026-05-11T09:25:00+05:30,1178.2,1178.5,1176.2,1177.0,108681,0
2026-05-11T09:30:00+05:30,1176.5,1178.0,1176.1,1177.6,54204,0
2026-05-11T09:35:00+05:30,1177.6,1178.1,1175.5,1175.7,90771,0
2026-05-11T09:40:00+05:30,1176.0,1177.6,1175.2,1175.2,55413,0
2026-05-11T09:45:00+05:30,1175.4,1180.7,1175.3,1179.6,98797,0
2026-05-11T09:50:00+05:30,1179.6,1180.1,1178.1,1179.4,62302,0
2026-05-11T09:55:00+05:30,1179.4,1180.1,1177.5,1178.1,65863,0
2026-05-11T10:00:00+05:30,1178.2,1179.6,1177.0,1177.8,42597,0
2026-05-11T10:05:00+05:30,1177.8,1179.0,1177.2,1177.8,38419,0
2026-05-11T10:10:00+05:30,1177.8,1178.1,1176.4,1177.4,40309,0
2026-05-11T10:15:00+05:30,1177.4,1177.5,1174.2,1175.4,56470,0
2026-05-11T10:20:00+05:30,1175.4,1177.3,1174.7,1176.0,54779,0
2026-05-11T10:25:00+05:30,1176.4,1178.6,1175.7,1177.0,50914,0
2026-05-11T10:30:00+05:30,1177.4,1181.0,1177.0,1180.9,66929,0
2026-05-11T10:35:00+05:30,1180.8,1181.7,1178.4,1180.4,77493,0
2026-05-11T10:40:00+05:30,1180.5,1181.2,1179.7,1181.2,64951,0
2026-05-11T10:45:00+05:30,1181.2,1181.5,1179.6,1180.4,61227,0
2026-05-11T10:50:00+05:30,1180.3,1183.7,1179.6,1181.5,144792,0
2026-05-11T10:55:00+05:30,1181.9,1183.0,1181.0,1182.8,66078,0
2026-05-11T11:00:00+05:30,1183.0,1184.9,1182.4,1184.2,73904,0
2026-05-11T11:05:00+05:30,1184.5,1184.9,1183.3,1184.0,81267,0
2026-05-11T11:10:00+05:30,1183.7,1184.5,1182.9,1183.2,68767,0
2026-05-11T11:15:00+05:30,1183.7,1183.7,1180.8,1182.7,90970,0
2026-05-11T11:20:00+05:30,1182.6,1184.0,1182.0,1183.7,113258,0
2026-05-11T11:25:00+05:30,1183.7,1184.4,1182.7,1183.6,70843,0
2026-05-11T11:30:00+05:30,1183.6,1184.0,1181.0,1183.0,139635,0
2026-05-11T11:35:00+05:30,1183.2,1184.5,1182.5,1184.5,114695,0
2026-05-11T11:40:00+05:30,1184.5,1185.9,1184.4,1185.8,123765,0
2026-05-11T11:45:00+05:30,1185.8,1185.9,1184.1,1185.2,139462,0
2026-05-11T11:50:00+05:30,1185.0,1186.3,1185.0,1186.3,80000,0
2026-05-11T11:55:00+05:30,1186.3,1187.0,1185.8,1186.3,113263,0
2026-05-11T12:00:00+05:30,1186.3,1186.4,1185.8,1186.2,94598,0
2026-05-11T12:05:00+05:30,1186.1,1187.0,1185.9,1186.0,85227,0
2026-05-11T12:10:00+05:30,1186.1,1186.1,1183.8,1184.4,94167,0
2026-05-11T12:15:00+05:30,1184.4,1184.8,1183.0,1183.6,114468,0
2026-05-11T12:20:00+05:30,1183.5,1185.0,1183.3,1183.7,59393,0
2026-05-11T12:25:00+05:30,1183.7,1184.5,1183.5,1183.5,64500,0
2026-05-11T12:30:00+05:30,1183.5,1184.7,1183.2,1183.5,73042,0
2026-05-11T12:35:00+05:30,1183.6,1184.5,1182.3,1183.2,85774,0
2026-05-11T12:40:00+05:30,1183.2,1184.5,1183.2,1184.3,67839,0
2026-05-11T12:45:00+05:30,1184.3,1184.3,1183.3,1183.3,49022,0
2026-05-11T12:50:00+05:30,1183.3,1183.7,1183.1,1183.6,55799,0
2026-05-11T12:55:00+05:30,1183.5,1184.3,1182.9,1182.9,70509,0
2026-05-11T13:00:00+05:30,1182.9,1183.1,1181.0,1181.7,152564,0
2026-05-11T13:05:00+05:30,1181.7,1183.5,1181.2,1183.1,131728,0
2026-05-11T13:10:00+05:30,1183.0,1183.5,1182.0,1183.0,96078,0
2026-05-11T13:15:00+05:30,1182.9,1183.2,1181.8,1182.9,61142,0
2026-05-11T13:20:00+05:30,1182.9,1184.0,1182.9,1183.7,94750,0
2026-05-11T13:25:00+05:30,1183.5,1183.9,1183.0,1183.4,65703,0
2026-05-11T13:30:00+05:30,1183.4,1183.7,1181.4,1181.4,81078,0
2026-05-11T13:35:00+05:30,1181.4,1183.6,1181.4,1181.7,143958,0
2026-05-11T13:40:00+05:30,1181.7,1182.9,1181.0,1181.0,68739,0
2026-05-11T13:45:00+05:30,1181.0,1182.8,1181.0,1181.4,83029,0
2026-05-11T13:50:00+05:30,1181.3,1182.5,1181.3,1182.3,54633,0
2026-05-11T13:55:00+05:30,1182.3,1182.5,1181.2,1181.7,62394,0
2026-05-11T14:00:00+05:30,1181.7,1182.0,1181.0,1182.0,59263,0
2026-05-11T14:05:00+05:30,1182.0,1183.4,1182.0,1182.3,120465,0
2026-05-11T14:10:00+05:30,1182.2,1182.6,1181.1,1181.5,62693,0
2026-05-11T14:15:00+05:30,1181.6,1181.9,1180.0,1180.1,82922,0
2026-05-11T14:20:00+05:30,1180.1,1181.1,1179.0,1179.1,81976,0
2026-05-11T14:25:00+05:30,1179.1,1179.7,1178.3,1178.8,54769,0
2026-05-11T14:30:00+05:30,1178.8,1180.8,1178.5,1180.8,66442,0
2026-05-11T14:35:00+05:30,1180.7,1181.4,1179.0,1179.2,68068,0
2026-05-11T14:40:00+05:30,1179.1,1180.3,1176.3,1178.7,79920,0
2026-05-11T14:45:00+05:30,1178.3,1179.2,1177.1,1178.0,91676,0
2026-05-11T14:50:00+05:30,1178.0,1179.7,1177.3,1179.1,70167,0
2026-05-11T14:55:00+05:30,1179.1,1179.7,1178.3,1178.6,66969,0
2026-05-11T15:00:00+05:30,1178.8,1179.0,1176.6,1176.8,249293,0
2026-05-11T15:05:00+05:30,1176.8,1177.2,1175.0,1175.3,296016,0
2026-05-11T15:10:00+05:30,1175.4,1178.0,1175.3,1177.3,221640,0
2026-05-11T15:15:00+05:30,1177.3,1177.9,1177.1,1177.3,206608,0
2026-05-11T15:20:00+05:30,1177.4,1178.9,1177.1,1177.5,244879,0
2026-05-11T15:25:00+05:30,1177.6,1177.8,1174.9,1176.0,163798,0
2026-05-12T09:15:00+05:30,1162.0,1162.0,1138.0,1142.2,1027646,0
2026-05-12T09:20:00+05:30,1142.2,1142.4,1137.1,1141.4,494139,0
2026-05-12T09:25:00+05:30,1141.3,1141.3,1136.4,1138.9,339928,0
2026-05-12T09:30:00+05:30,1138.9,1140.4,1133.1,1138.1,498455,0
2026-05-12T09:35:00+05:30,1138.5,1141.6,1135.7,1139.5,374234,0
2026-05-12T09:40:00+05:30,1139.5,1140.2,1138.0,1138.3,132156,0
2026-05-12T09:45:00+05:30,1138.4,1138.4,1134.9,1135.4,215298,0
2026-05-12T09:50:00+05:30,1135.4,1136.0,1133.0,1134.7,247545,0
2026-05-12T09:55:00+05:30,1134.7,1135.0,1132.1,1132.8,198811,0
2026-05-12T10:00:00+05:30,1132.8,1133.8,1132.0,1132.2,136940,0
2026-05-12T10:05:00+05:30,1132.2,1134.2,1131.5,1133.9,146732,0
2026-05-12T10:10:00+05:30,1134.0,1135.0,1132.7,1134.6,162512,0
2026-05-12T10:15:00+05:30,1134.6,1135.0,1132.8,1134.2,104799,0
2026-05-12T10:20:00+05:30,1134.2,1135.5,1131.1,1131.4,175986,0
2026-05-12T10:25:00+05:30,1131.4,1131.8,1131.0,1131.6,101155,0
2026-05-12T10:30:00+05:30,1131.6,1131.6,1130.3,1131.5,122474,0
2026-05-12T10:35:00+05:30,1131.5,1131.7,1130.5,1130.9,78322,0
2026-05-12T10:40:00+05:30,1130.9,1131.7,1130.5,1131.5,85960,0
2026-05-12T10:45:00+05:30,1131.5,1133.0,1131.2,1131.6,108597,0
2026-05-12T10:50:00+05:30,1131.6,1133.8,1131.0,1132.9,95130,0
2026-05-12T10:55:00+05:30,1132.9,1133.5,1132.7,1133.3,82547,0
2026-05-12T11:00:00+05:30,1133.3,1133.4,1131.9,1132.2,89125,0
2026-05-12T11:05:00+05:30,1132.2,1133.4,1131.7,1133.3,68167,0
2026-05-12T11:10:00+05:30,1133.4,1133.5,1131.3,1131.8,101405,0
2026-05-12T11:15:00+05:30,1131.8,1132.3,1131.3,1132.2,84412,0
2026-05-12T11:20:00+05:30,1132.2,1132.7,1131.1,1131.8,179138,0
2026-05-12T11:25:00+05:30,1131.8,1132.0,1130.5,1131.0,122489,0
2026-05-12T11:30:00+05:30,1131.0,1131.9,1130.4,1131.8,105237,0
2026-05-12T11:35:00+05:30,1131.8,1134.2,1131.5,1133.2,148116,0
2026-05-12T11:40:00+05:30,1133.3,1133.5,1131.0,1131.8,105314,0
2026-05-12T11:45:00+05:30,1131.9,1132.1,1130.7,1132.1,79353,0
2026-05-12T11:50:00+05:30,1132.1,1133.0,1131.7,1132.1,61912,0
2026-05-12T11:55:00+05:30,1132.2,1132.9,1131.8,1132.1,70677,0
2026-05-12T12:00:00+05:30,1132.1,1132.4,1126.4,1126.6,314842,0
2026-05-12T12:05:00+05:30,1126.7,1128.9,1126.6,1127.3,136843,0
2026-05-12T12:10:00+05:30,1127.3,1128.0,1126.5,1126.6,74941,0
2026-05-12T12:15:00+05:30,1126.9,1126.9,1124.6,1125.2,298013,0
2026-05-12T12:20:00+05:30,1125.2,1126.2,1123.0,1125.5,317007,0
2026-05-12T12:25:00+05:30,1126.0,1126.6,1125.3,1126.1,82473,0
2026-05-12T12:30:00+05:30,1126.1,1129.9,1125.1,1129.7,180549,0
2026-05-12T12:35:00+05:30,1129.9,1131.2,1129.3,1130.5,107980,0
2026-05-12T12:40:00+05:30,1130.7,1132.6,1130.5,1132.1,83952,0
2026-05-12T12:45:00+05:30,1132.3,1132.4,1130.0,1131.4,75121,0
2026-05-12T12:50:00+05:30,1131.7,1132.2,1131.2,1131.6,69072,0
2026-05-12T12:55:00+05:30,1131.6,1133.0,1131.6,1132.0,130341,0
2026-05-12T13:00:00+05:30,1132.4,1135.7,1131.8,1135.6,348424,0
2026-05-12T13:05:00+05:30,1135.7,1137.8,1135.5,1137.8,182575,0
2026-05-12T13:10:00+05:30,1137.9,1139.3,1137.2,1139.3,164004,0
2026-05-12T13:15:00+05:30,1139.3,1141.0,1139.0,1140.3,246039,0
2026-05-12T13:20:00+05:30,1140.4,1140.5,1138.4,1138.6,207153,0
2026-05-12T13:25:00+05:30,1138.8,1139.2,1137.3,1138.0,193089,0
2026-05-12T13:30:00+05:30,1138.1,1140.2,1137.5,1139.7,123428,0
2026-05-12T13:35:00+05:30,1139.7,1139.8,1138.0,1139.2,72680,0
2026-05-12T13:40:00+05:30,1139.5,1139.8,1136.6,1138.0,186424,0
2026-05-12T13:45:00+05:30,1138.2,1138.4,1137.2,1138.1,227526,0
2026-05-12T13:50:00+05:30,1138.4,1139.6,1138.1,1139.0,95444,0
2026-05-12T13:55:00+05:30,1139.4,1139.5,1138.1,1138.1,75050,0
2026-05-12T14:00:00+05:30,1138.3,1138.3,1134.7,1135.6,249849,0
2026-05-12T14:05:00+05:30,1136.0,1139.9,1135.0,1138.4,395319,0
2026-05-12T14:10:00+05:30,1138.4,1139.2,1138.0,1138.8,179252,0
2026-05-12T14:15:00+05:30,1139.0,1141.0,1138.3,1139.7,166898,0
2026-05-12T14:20:00+05:30,1139.7,1142.0,1139.5,1141.7,237600,0
2026-05-12T14:25:00+05:30,1141.7,1141.8,1140.2,1141.1,105086,0
2026-05-12T14:30:00+05:30,1141.1,1141.2,1139.1,1140.0,183235,0
2026-05-12T14:35:00+05:30,1139.9,1141.3,1139.2,1140.9,183041,0
2026-05-12T14:40:00+05:30,1140.9,1141.2,1139.5,1139.6,132061,0
2026-05-12T14:45:00+05:30,1139.9,1140.2,1138.7,1139.1,498835,0
2026-05-12T14:50:00+05:30,1139.2,1140.1,1138.3,1139.4,249598,0
2026-05-12T14:55:00+05:30,1139.4,1140.6,1138.3,1140.6,537014,0
2026-05-12T15:00:00+05:30,1140.6,1142.3,1138.4,1142.0,1166321,0
2026-05-12T15:05:00+05:30,1141.7,1142.8,1139.2,1140.3,640902,0
2026-05-12T15:10:00+05:30,1140.3,1141.5,1138.2,1139.7,611860,0
2026-05-12T15:15:00+05:30,1139.7,1140.6,1138.5,1139.3,509220,0
2026-05-12T15:20:00+05:30,1139.3,1140.4,1138.8,1139.3,366328,0
2026-05-12T15:25:00+05:30,1139.3,1141.9,1139.0,1139.7,267810,0
2026-05-13T09:15:00+05:30,1136.6,1142.6,1131.2,1134.8,371711,0
2026-05-13T09:20:00+05:30,1134.8,1137.7,1133.0,1135.8,191334,0
2026-05-13T09:25:00+05:30,1135.8,1136.1,1132.8,1132.9,112041,0
2026-05-13T09:30:00+05:30,1132.9,1134.0,1132.1,1132.8,86384,0
2026-05-13T09:35:00+05:30,1132.8,1135.4,1131.6,1133.4,101656,0
2026-05-13T09:40:00+05:30,1133.4,1133.9,1131.1,1131.6,97544,0
2026-05-13T09:45:00+05:30,1131.6,1132.8,1129.0,1129.5,88179,0
2026-05-13T09:50:00+05:30,1129.5,1133.0,1129.2,1132.6,92793,0
2026-05-13T09:55:00+05:30,1132.5,1134.8,1132.5,1134.6,62243,0
2026-05-13T10:00:00+05:30,1134.6,1135.5,1132.8,1135.4,42604,0
2026-05-13T10:05:00+05:30,1135.4,1137.0,1135.2,1136.3,51701,0
2026-05-13T10:10:00+05:30,1136.4,1136.5,1134.0,1135.6,49023,0
2026-05-13T10:15:00+05:30,1135.6,1135.7,1133.3,1134.2,41926,0
2026-05-13T10:20:00+05:30,1134.2,1136.0,1134.0,1135.5,34789,0
2026-05-13T10:25:00+05:30,1135.5,1136.0,1134.9,1135.2,37628,0
2026-05-13T10:30:00+05:30,1135.2,1135.4,1132.6,1134.2,52900,0
2026-05-13T10:35:00+05:30,1134.4,1134.6,1130.2,1130.5,81531,0
2026-05-13T10:40:00+05:30,1130.8,1131.9,1130.4,1131.6,34646,0
2026-05-13T10:45:00+05:30,1131.6,1133.3,1131.6,1132.9,28645,0
2026-05-13T10:50:00+05:30,1132.8,1133.9,1132.0,1132.3,41827,0
2026-05-13T10:55:00+05:30,1132.3,1132.8,1130.2,1130.5,44695,0
2026-05-13T11:00:00+05:30,1130.5,1131.6,1130.2,1130.9,29347,0
2026-05-13T11:05:00+05:30,1131.0,1131.3,1129.6,1130.3,58460,0
2026-05-13T11:10:00+05:30,1130.3,1131.2,1129.7,1131.0,58699,0
2026-05-13T11:15:00+05:30,1130.7,1133.4,1130.6,1133.0,37490,0
2026-05-13T11:20:00+05:30,1133.0,1134.8,1132.9,1134.6,40917,0
2026-05-13T11:25:00+05:30,1134.7,1134.9,1133.1,1134.1,48294,0
2026-05-13T11:30:00+05:30,1134.1,1136.0,1133.7,1135.5,77786,0
2026-05-13T11:35:00+05:30,1135.7,1138.6,1135.5,1136.9,89318,0
2026-05-13T11:40:00+05:30,1136.9,1137.4,1135.9,1137.1,55265,0
2026-05-13T11:45:00+05:30,1137.2,1137.3,1135.5,1136.4,49201,0
2026-05-13T11:50:00+05:30,1136.4,1136.9,1134.4,1135.4,44652,0
2026-05-13T11:55:00+05:30,1135.3,1135.5,1130.6,1131.2,60528,0
2026-05-13T12:00:00+05:30,1131.2,1132.4,1130.4,1132.2,71171,0
2026-05-13T12:05:00+05:30,1132.2,1133.0,1131.5,1132.8,53505,0
2026-05-13T12:10:00+05:30,1132.9,1134.9,1132.1,1134.5,36171,0
2026-05-13T12:15:00+05:30,1134.5,1134.5,1132.0,1133.0,42969,0
2026-05-13T12:20:00+05:30,1132.9,1133.0,1131.0,1131.6,68874,0
2026-05-13T12:25:00+05:30,1131.6,1132.8,1131.3,1131.9,46017,0
2026-05-13T12:30:00+05:30,1131.8,1132.8,1131.5,1131.9,34960,0
2026-05-13T12:35:00+05:30,1131.9,1131.9,1131.0,1131.7,37406,0
2026-05-13T12:40:00+05:30,1131.8,1131.8,1130.0,1130.5,64682,0
2026-05-13T12:45:00+05:30,1130.5,1131.3,1130.4,1130.5,43883,0
2026-05-13T12:50:00+05:30,1130.4,1132.4,1130.3,1132.2,40394,0
2026-05-13T12:55:00+05:30,1132.4,1134.4,1132.4,1134.1,64654,0
2026-05-13T13:00:00+05:30,1134.1,1134.5,1132.7,1132.9,78898,0
2026-05-13T13:05:00+05:30,1132.9,1132.9,1129.1,1129.8,120231,0
2026-05-13T13:10:00+05:30,1129.8,1131.1,1129.7,1130.6,27181,0
2026-05-13T13:15:00+05:30,1130.4,1130.9,1129.2,1129.5,31998,0
2026-05-13T13:20:00+05:30,1129.6,1129.9,1129.1,1129.4,20660,0
2026-05-13T13:25:00+05:30,1129.5,1129.6,1127.7,1128.2,56109,0
2026-05-13T13:30:00+05:30,1128.2,1129.9,1128.2,1129.1,31037,0
2026-05-13T13:35:00+05:30,1129.1,1129.9,1129.0,1129.5,36989,0
2026-05-13T13:40:00+05:30,1129.5,1130.2,1129.2,1129.4,30277,0
2026-05-13T13:45:00+05:30,1129.3,1130.5,1129.1,1129.5,45403,0
2026-05-13T13:50:00+05:30,1129.7,1129.7,1127.3,1127.4,99356,0
2026-05-13T13:55:00+05:30,1127.5,1128.5,1127.0,1128.0,81047,0
2026-05-13T14:00:00+05:30,1127.9,1128.5,1127.1,1127.4,57476,0
2026-05-13T14:05:00+05:30,1127.5,1128.0,1127.3,1127.7,36446,0
2026-05-13T14:10:00+05:30,1127.9,1128.1,1127.0,1127.7,79334,0
2026-05-13T14:15:00+05:30,1127.5,1127.8,1125.2,1125.9,81592,0
2026-05-13T14:20:00+05:30,1125.6,1126.5,1123.9,1126.3,164704,0
2026-05-13T14:25:00+05:30,1126.3,1126.5,1125.0,1125.4,67831,0
2026-05-13T14:30:00+05:30,1125.4,1126.4,1125.0,1125.5,55657,0
2026-05-13T14:35:00+05:30,1125.7,1125.7,1121.6,1121.8,146329,0
2026-05-13T14:40:00+05:30,1121.8,1124.0,1121.1,1122.9,237107,0
2026-05-13T14:45:00+05:30,1122.8,1125.4,1122.0,1124.8,146007,0
2026-05-13T14:50:00+05:30,1124.7,1125.9,1124.4,1125.3,129228,0
2026-05-13T14:55:00+05:30,1125.2,1125.4,1124.0,1124.5,87729,0
2026-05-13T15:00:00+05:30,1124.2,1124.3,1121.0,1121.6,284699,0
2026-05-13T15:05:00+05:30,1121.6,1124.3,1121.5,1123.2,329616,0
2026-05-13T15:10:00+05:30,1123.4,1124.2,1122.9,1123.8,245885,0
2026-05-13T15:15:00+05:30,1123.8,1124.4,1123.2,1123.9,289097,0
2026-05-13T15:20:00+05:30,1123.9,1124.7,1122.8,1123.0,259108,0
2026-05-13T15:25:00+05:30,1122.8,1123.6,1122.4,1123.4,219503,0
2026-05-14T09:15:00+05:30,1119.8,1121.9,1110.1,1119.0,506577,0
2026-05-14T09:20:00+05:30,1119.1,1120.3,1109.6,1113.8,568279,0
2026-05-14T09:25:00+05:30,1113.8,1115.0,1111.2,1113.3,207227,0
2026-05-14T09:30:00+05:30,1113.3,1113.6,1108.2,1108.8,285995,0
2026-05-14T09:35:00+05:30,1108.8,1109.0,1104.1,1105.0,364180,0
2026-05-14T09:40:00+05:30,1105.1,1107.8,1104.2,1107.7,200757,0
2026-05-14T09:45:00+05:30,1107.7,1108.5,1105.5,1106.1,98951,0
2026-05-14T09:50:00+05:30,1106.1,1106.3,1104.5,1104.9,91477,0
2026-05-14T09:55:00+05:30,1104.8,1105.8,1101.8,1103.1,160155,0
2026-05-14T10:00:00+05:30,1103.1,1108.3,1102.8,1107.9,118823,0
2026-05-14T10:05:00+05:30,1108.0,1108.3,1105.5,1106.8,82575,0
2026-05-14T10:10:00+05:30,1106.8,1107.7,1104.8,1105.7,82307,0
2026-05-14T10:15:00+05:30,1105.7,1106.5,1103.2,1104.4,79080,0
2026-05-14T10:20:00+05:30,1104.5,1105.9,1101.9,1105.1,166698,0
2026-05-14T10:25:00+05:30,1105.1,1106.0,1104.4,1104.9,57233,0
2026-05-14T10:30:00+05:30,1104.9,1106.0,1104.6,1105.8,69734,0
2026-05-14T10:35:00+05:30,1105.9,1107.7,1105.5,1106.8,57515,0
2026-05-14T10:40:00+05:30,1106.7,1107.5,1105.0,1105.2,111272,0
2026-05-14T10:45:00+05:30,1105.5,1105.5,1100.3,1100.6,150776,0
2026-05-14T10:50:00+05:30,1100.6,1102.1,1100.4,1101.3,82494,0
2026-05-14T10:55:00+05:30,1101.3,1101.5,1097.2,1097.2,277175,0
2026-05-14T11:00:00+05:30,1097.2,1098.4,1095.2,1095.6,164940,0
2026-05-14T11:05:00+05:30,1095.6,1095.9,1093.0,1094.1,212711,0
2026-05-14T11:10:00+05:30,1094.1,1095.8,1093.0,1093.5,140508,0
2026-05-14T11:15:00+05:30,1093.5,1095.7,1093.3,1095.1,138257,0
2026-05-14T11:20:00+05:30,1095.3,1096.2,1093.4,1096.1,235918,0
2026-05-14T11:25:00+05:30,1096.1,1096.5,1092.4,1094.2,227434,0
2026-05-14T11:30:00+05:30,1094.2,1095.2,1094.0,1094.5,146856,0
2026-05-14T11:35:00+05:30,1094.6,1095.2,1093.3,1094.9,139791,0
2026-05-14T11:40:00+05:30,1094.9,1096.8,1093.7,1096.2,134916,0
2026-05-14T11:45:00+05:30,1096.2,1097.8,1095.6,1097.2,174478,0
2026-05-14T11:50:00+05:30,1097.3,1099.7,1096.1,1097.5,206402,0
2026-05-14T11:55:00+05:30,1097.6,1098.5,1096.0,1096.3,162947,0
2026-05-14T12:00:00+05:30,1096.1,1096.5,1091.4,1091.9,189810,0
2026-05-14T12:05:00+05:30,1092.0,1093.9,1091.6,1092.6,144538,0
2026-05-14T12:10:00+05:30,1092.6,1093.8,1091.6,1092.8,156369,0
2026-05-14T12:15:00+05:30,1092.8,1094.4,1092.4,1092.6,182621,0
2026-05-14T12:20:00+05:30,1092.5,1093.2,1091.7,1092.6,156869,0
2026-05-14T12:25:00+05:30,1092.6,1092.9,1091.7,1091.8,189226,0
2026-05-14T12:30:00+05:30,1091.7,1093.4,1091.5,1092.4,142263,0
2026-05-14T12:35:00+05:30,1092.4,1093.3,1091.1,1091.6,179314,0
2026-05-14T12:40:00+05:30,1091.6,1092.5,1090.3,1091.5,155226,0
2026-05-14T12:45:00+05:30,1091.6,1092.9,1091.5,1092.8,147146,0
2026-05-14T12:50:00+05:30,1092.8,1092.9,1089.4,1089.5,254887,0
2026-05-14T12:55:00+05:30,1089.9,1090.7,1089.0,1090.1,160050,0
2026-05-14T13:00:00+05:30,1090.1,1093.6,1090.0,1093.2,139795,0
2026-05-14T13:05:00+05:30,1093.5,1095.5,1093.0,1094.1,243250,0
2026-05-14T13:10:00+05:30,1094.2,1095.0,1093.7,1094.6,182565,0
2026-05-14T13:15:00+05:30,1094.6,1097.9,1094.1,1097.2,358301,0
2026-05-14T13:20:00+05:30,1097.2,1098.7,1095.2,1096.3,243990,0
2026-05-14T13:25:00+05:30,1096.3,1097.0,1094.3,1094.5,159713,0
2026-05-14T13:30:00+05:30,1094.8,1095.9,1093.9,1095.4,112164,0
2026-05-14T13:35:00+05:30,1095.5,1096.9,1095.1,1095.5,110221,0
2026-05-14T13:40:00+05:30,1095.6,1097.1,1094.7,1095.3,253132,0
2026-05-14T13:45:00+05:30,1095.3,1097.9,1094.5,1097.4,541980,0
2026-05-14T13:50:00+05:30,1097.4,1098.1,1094.4,1096.3,391786,0
2026-05-14T13:55:00+05:30,1096.7,1100.0,1096.0,1097.5,660589,0
2026-05-14T14:00:00+05:30,1097.6,1098.6,1097.0,1097.2,238995,0
2026-05-14T14:05:00+05:30,1097.2,1098.2,1096.1,1097.6,273241,0
2026-05-14T14:10:00+05:30,1097.6,1098.6,1096.7,1097.0,221276,0
2026-05-14T14:15:00+05:30,1097.1,1098.2,1096.6,1097.5,174209,0
2026-05-14T14:20:00+05:30,1097.7,1098.5,1096.6,1097.1,161955,0
2026-05-14T14:25:00+05:30,1097.2,1097.7,1096.5,1096.9,124381,0
2026-05-14T14:30:00+05:30,1097.0,1098.2,1097.0,1097.1,137367,0
2026-05-14T14:35:00+05:30,1097.1,1098.0,1095.0,1096.0,344564,0
2026-05-14T14:40:00+05:30,1096.0,1096.9,1095.3,1095.4,139120,0
2026-05-14T14:45:00+05:30,1095.4,1096.4,1094.0,1094.7,230502,0
2026-05-14T14:50:00+05:30,1094.6,1096.4,1094.2,1095.0,192324,0
2026-05-14T14:55:00+05:30,1095.0,1095.8,1094.2,1094.8,117440,0
2026-05-14T15:00:00+05:30,1094.9,1096.5,1094.6,1095.7,340762,0
2026-05-14T15:05:00+05:30,1095.8,1097.5,1094.8,1095.0,444160,0
2026-05-14T15:10:00+05:30,1095.1,1098.2,1094.9,1096.9,787873,0
2026-05-14T15:15:00+05:30,1096.9,1097.0,1094.3,1094.7,426072,0
2026-05-14T15:20:00+05:30,1094.8,1094.8,1093.0,1093.8,411506,0
2026-05-14T15:25:00+05:30,1093.8,1095.0,1092.0,1094.1,724371,0
2026-05-15T09:15:00+05:30,1102.0,1119.7,1101.6,1117.8,853442,0
2026-05-15T09:20:00+05:30,1117.6,1129.5,1115.3,1129.2,521518,0
2026-05-15T09:25:00+05:30,1129.2,1130.9,1124.1,1130.0,551502,0
2026-05-15T09:30:00+05:30,1129.8,1130.0,1124.4,1124.7,247471,0
2026-05-15T09:35:00+05:30,1124.6,1127.9,1123.1,1126.4,156151,0
2026-05-15T09:40:00+05:30,1126.4,1127.0,1125.0,1126.0,138286,0
2026-05-15T09:45:00+05:30,1125.8,1129.6,1124.7,1125.5,156862,0
2026-05-15T09:50:00+05:30,1125.5,1131.0,1124.0,1131.0,264160,0
2026-05-15T09:55:00+05:30,1131.0,1133.2,1128.0,1128.7,415622,0
2026-05-15T10:00:00+05:30,1128.3,1130.0,1126.3,1129.7,174915,0
2026-05-15T10:05:00+05:30,1129.7,1130.0,1123.3,1124.7,286376,0
2026-05-15T10:10:00+05:30,1124.7,1125.1,1121.2,1124.0,262106,0
2026-05-15T10:15:00+05:30,1124.0,1126.5,1122.1,1123.5,235172,0
2026-05-15T10:20:00+05:30,1123.3,1124.7,1122.3,1124.4,46150,0
2026-05-15T10:25:00+05:30,1124.5,1124.9,1123.4,1123.4,45893,0
2026-05-15T10:30:00+05:30,1123.3,1123.3,1119.4,1120.0,141675,0
2026-05-15T10:35:00+05:30,1119.9,1121.0,1119.3,1120.1,84379,0
2026-05-15T10:40:00+05:30,1120.0,1122.5,1119.3,1122.5,110535,0
2026-05-15T10:45:00+05:30,1122.4,1126.0,1122.2,1125.4,122959,0
2026-05-15T10:50:00+05:30,1125.4,1127.0,1124.8,1126.5,91061,0
2026-05-15T10:55:00+05:30,1126.5,1127.0,1124.3,1124.8,95331,0
2026-05-15T11:00:00+05:30,1124.8,1124.9,1121.9,1121.9,97924,0
2026-05-15T11:05:00+05:30,1122.0,1122.4,1118.7,1120.1,127982,0
2026-05-15T11:10:00+05:30,1119.9,1121.4,1118.5,1119.9,105893,0
2026-05-15T11:15:00+05:30,1119.7,1121.2,1119.1,1120.7,99740,0
2026-05-15T11:20:00+05:30,1120.7,1121.8,1119.5,1120.4,85266,0
2026-05-15T11:25:00+05:30,1120.6,1121.0,1119.6,1120.0,73364,0
2026-05-15T11:30:00+05:30,1120.0,1120.2,1118.2,1119.8,88332,0
2026-05-15T11:35:00+05:30,1119.7,1121.4,1119.7,1120.6,88676,0
2026-05-15T11:40:00+05:30,1120.6,1122.0,1119.1,1120.7,91875,0
2026-05-15T11:45:00+05:30,1120.7,1122.5,1120.0,1120.8,88396,0
2026-05-15T11:50:00+05:30,1121.1,1121.8,1119.8,1121.5,70842,0
2026-05-15T11:55:00+05:30,1121.6,1121.6,1120.0,1121.0,87381,0
2026-05-15T12:00:00+05:30,1121.0,1124.3,1120.6,1123.7,102329,0
2026-05-15T12:05:00+05:30,1123.7,1124.0,1121.7,1121.7,99587,0
2026-05-15T12:10:00+05:30,1122.0,1122.7,1121.2,1122.0,82566,0
2026-05-15T12:15:00+05:30,1121.9,1122.8,1120.1,1120.6,103718,0
2026-05-15T12:20:00+05:30,1120.9,1121.3,1120.2,1120.7,76535,0
2026-05-15T12:25:00+05:30,1120.8,1121.4,1119.5,1120.5,82823,0
2026-05-15T12:30:00+05:30,1120.7,1122.9,1120.3,1121.8,113461,0
2026-05-15T12:35:00+05:30,1121.9,1122.7,1121.1,1122.1,139397,0
2026-05-15T12:40:00+05:30,1122.1,1125.0,1121.9,1123.4,160335,0
2026-05-15T12:45:00+05:30,1123.5,1124.1,1122.0,1123.6,161440,0
2026-05-15T12:50:00+05:30,1123.6,1124.5,1122.8,1123.8,157886,0
2026-05-15T12:55:00+05:30,1124.3,1124.8,1122.5,1124.0,153279,0
2026-05-15T13:00:00+05:30,1123.9,1124.6,1122.4,1123.0,162643,0
2026-05-15T13:05:00+05:30,1123.0,1124.6,1123.0,1124.4,107307,0
2026-05-15T13:10:00+05:30,1124.3,1126.8,1124.1,1126.8,132437,0
2026-05-15T13:15:00+05:30,1126.7,1127.4,1126.2,1126.5,102345,0
2026-05-15T13:20:00+05:30,1126.6,1126.7,1124.1,1125.0,105661,0
2026-05-15T13:25:00+05:30,1125.2,1126.7,1124.4,1124.9,110857,0
2026-05-15T13:30:00+05:30,1125.2,1125.2,1121.3,1121.7,130540,0
2026-05-15T13:35:00+05:30,1121.6,1122.7,1120.0,1120.6,136365,0
2026-05-15T13:40:00+05:30,1120.6,1121.1,1118.8,1118.8,132456,0
2026-05-15T13:45:00+05:30,1119.0,1119.5,1116.5,1116.8,154775,0
2026-05-15T13:50:00+05:30,1116.8,1118.0,1116.3,1117.0,111279,0
2026-05-15T13:55:00+05:30,1117.0,1117.9,1115.5,1115.6,111791,0
2026-05-15T14:00:00+05:30,1115.7,1116.3,1114.5,1114.5,140720,0
2026-05-15T14:05:00+05:30,1114.5,1115.8,1113.8,1114.5,120191,0
2026-05-15T14:10:00+05:30,1114.5,1115.9,1114.2,1115.3,115585,0
2026-05-15T14:15:00+05:30,1115.2,1115.3,1113.5,1114.1,73856,0
2026-05-15T14:20:00+05:30,1114.1,1114.3,1113.1,1113.6,64063,0
2026-05-15T14:25:00+05:30,1113.5,1115.9,1112.8,1115.4,108428,0
2026-05-15T14:30:00+05:30,1115.4,1117.8,1114.6,1117.0,101751,0
2026-05-15T14:35:00+05:30,1117.0,1118.0,1115.5,1117.5,116462,0
2026-05-15T14:40:00+05:30,1118.0,1118.4,1117.3,1118.0,72789,0
2026-05-15T14:45:00+05:30,1118.0,1118.3,1115.0,1115.0,199517,0
2026-05-15T14:50:00+05:30,1115.0,1117.6,1114.9,1117.3,211553,0
2026-05-15T14:55:00+05:30,1117.3,1119.4,1116.7,1118.6,123157,0
2026-05-15T15:00:00+05:30,1118.7,1120.3,1114.7,1118.9,1159172,0
2026-05-15T15:05:00+05:30,1119.2,1120.4,1117.2,1118.9,1390398,0
2026-05-15T15:10:00+05:30,1118.9,1122.9,1118.5,1119.9,1279234,0
2026-05-15T15:15:00+05:30,1119.9,1119.9,1115.1,1115.7,1162216,0
2026-05-15T15:20:00+05:30,1116.1,1120.3,1115.9,1117.6,1104474,0
2026-05-15T15:25:00+05:30,1117.6,1121.0,1115.0,1116.0,863653,0
2026-05-18T09:15:00+05:30,1119.0,1136.8,1118.0,1133.6,674635,0
2026-05-18T09:20:00+05:30,1133.6,1134.9,1128.5,1131.3,356270,0
2026-05-18T09:25:00+05:30,1131.4,1134.3,1127.0,1127.5,216641,0
2026-05-18T09:30:00+05:30,1127.5,1128.5,1124.0,1126.4,222417,0
2026-05-18T09:35:00+05:30,1126.1,1129.2,1125.4,1126.5,163007,0
2026-05-18T09:40:00+05:30,1126.6,1132.5,1126.1,1129.9,268096,0
2026-05-18T09:45:00+05:30,1129.9,1130.7,1128.5,1130.0,103197,0
2026-05-18T09:50:00+05:30,1130.0,1130.3,1127.3,1128.4,110600,0
2026-05-18T09:55:00+05:30,1128.8,1130.0,1127.7,1130.0,59970,0
2026-05-18T10:00:00+05:30,1129.9,1130.8,1129.5,1130.2,95827,0
2026-05-18T10:05:00+05:30,1130.1,1130.6,1127.0,1128.1,91954,0
2026-05-18T10:10:00+05:30,1127.8,1128.5,1126.1,1126.7,58059,0
2026-05-18T10:15:00+05:30,1127.0,1130.0,1126.6,1129.3,58923,0
2026-05-18T10:20:00+05:30,1129.3,1129.6,1127.5,1128.1,39749,0
2026-05-18T10:25:00+05:30,1128.2,1128.9,1127.1,1127.6,85304,0
2026-05-18T10:30:00+05:30,1128.0,1130.0,1127.6,1128.9,153204,0
2026-05-18T10:35:00+05:30,1128.9,1133.8,1128.7,1133.7,357755,0
2026-05-18T10:40:00+05:30,1133.7,1133.9,1128.2,1129.0,210046,0
2026-05-18T10:45:00+05:30,1129.0,1129.3,1125.8,1129.1,204285,0
2026-05-18T10:50:00+05:30,1129.0,1133.0,1128.4,1131.0,247747,0
2026-05-18T10:55:00+05:30,1131.1,1133.5,1129.7,1132.5,136810,0
2026-05-18T11:00:00+05:30,1132.5,1133.9,1130.6,1130.9,247674,0
2026-05-18T11:05:00+05:30,1130.8,1131.9,1129.8,1129.9,193992,0
2026-05-18T11:10:00+05:30,1129.8,1129.9,1127.0,1127.1,218724,0
2026-05-18T11:15:00+05:30,1127.1,1128.9,1126.0,1126.5,204726,0
2026-05-18T11:20:00+05:30,1126.5,1130.0,1125.1,1128.9,193085,0
2026-05-18T11:25:00+05:30,1129.2,1131.6,1129.2,1131.0,124182,0
2026-05-18T11:30:00+05:30,1131.1,1132.3,1128.9,1130.3,197080,0
2026-05-18T11:35:00+05:30,1130.3,1132.2,1129.8,1132.0,48981,0
2026-05-18T11:40:00+05:30,1132.1,1132.6,1130.5,1132.5,111005,0
2026-05-18T11:45:00+05:30,1132.6,1133.5,1131.5,1132.3,130846,0
2026-05-18T11:50:00+05:30,1132.3,1133.8,1131.0,1133.6,120410,0
2026-05-18T11:55:00+05:30,1133.6,1134.6,1132.1,1132.8,140993,0
2026-05-18T12:00:00+05:30,1132.8,1134.7,1132.6,1133.3,120396,0
2026-05-18T12:05:00+05:30,1133.3,1136.6,1133.3,1135.1,185876,0
2026-05-18T12:10:00+05:30,1135.2,1140.3,1134.8,1139.5,259227,0
2026-05-18T12:15:00+05:30,1139.5,1141.9,1136.7,1137.0,290894,0
2026-05-18T12:20:00+05:30,1137.1,1137.9,1136.0,1136.5,115734,0
2026-05-18T12:25:00+05:30,1136.4,1140.3,1136.4,1138.6,107830,0
2026-05-18T12:30:00+05:30,1138.5,1140.5,1138.5,1139.5,91529,0
2026-05-18T12:35:00+05:30,1139.9,1141.5,1139.4,1140.5,102217,0
2026-05-18T12:40:00+05:30,1140.5,1141.0,1138.6,1139.1,86574,0
2026-05-18T12:45:00+05:30,1139.1,1140.8,1138.7,1138.7,90450,0
2026-05-18T12:50:00+05:30,1138.8,1140.0,1138.6,1139.7,55749,0
2026-05-18T12:55:00+05:30,1139.7,1141.0,1138.3,1138.5,81325,0
2026-05-18T13:00:00+05:30,1138.5,1140.0,1138.3,1138.4,54962,0
2026-05-18T13:05:00+05:30,1138.5,1138.6,1136.4,1137.0,54879,0
2026-05-18T13:10:00+05:30,1137.0,1138.7,1136.9,1138.6,46984,0
2026-05-18T13:15:00+05:30,1138.4,1139.5,1138.4,1138.9,41854,0
2026-05-18T13:20:00+05:30,1138.9,1139.2,1138.4,1139.0,35515,0
2026-05-18T13:25:00+05:30,1139.0,1139.9,1137.1,1138.5,85464,0
2026-05-18T13:30:00+05:30,1138.4,1139.8,1135.2,1135.6,188040,0
2026-05-18T13:35:00+05:30,1135.5,1137.7,1135.5,1136.5,109980,0
2026-05-18T13:40:00+05:30,1136.6,1137.8,1136.2,1137.6,41216,0
2026-05-18T13:45:00+05:30,1137.5,1137.6,1134.5,1136.4,112762,0
2026-05-18T13:50:00+05:30,1136.4,1137.0,1136.1,1136.8,34853,0
2026-05-18T13:55:00+05:30,1136.7,1138.3,1136.6,1137.9,49875,0
2026-05-18T14:00:00+05:30,1138.0,1138.5,1137.6,1138.3,49693,0
2026-05-18T14:05:00+05:30,1138.1,1138.4,1136.8,1136.9,43908,0
2026-05-18T14:10:00+05:30,1136.8,1138.0,1135.3,1136.7,162781,0
2026-05-18T14:15:00+05:30,1136.6,1137.3,1134.5,1136.6,116911,0
2026-05-18T14:20:00+05:30,1136.5,1137.4,1135.5,1136.6,88813,0
2026-05-18T14:25:00+05:30,1136.5,1141.2,1136.2,1140.3,216428,0
2026-05-18T14:30:00+05:30,1140.5,1142.0,1139.6,1141.5,234754,0
2026-05-18T14:35:00+05:30,1141.5,1141.5,1139.9,1141.0,71181,0
2026-05-18T14:40:00+05:30,1140.9,1142.0,1140.0,1141.2,95526,0
2026-05-18T14:45:00+05:30,1141.0,1141.3,1140.0,1140.8,65295,0
2026-05-18T14:50:00+05:30,1140.8,1141.0,1139.2,1139.8,72001,0
2026-05-18T14:55:00+05:30,1139.9,1140.6,1139.1,1140.1,100156,0
2026-05-18T15:00:00+05:30,1140.3,1145.5,1139.8,1144.3,603703,0
2026-05-18T15:05:00+05:30,1144.5,1144.8,1141.5,1141.7,340818,0
2026-05-18T15:10:00+05:30,1141.6,1144.4,1141.0,1141.0,351504,0
2026-05-18T15:15:00+05:30,1141.0,1141.1,1139.9,1139.9,386589,0
2026-05-18T15:20:00+05:30,1140.0,1143.7,1139.9,1143.4,460186,0
2026-05-18T15:25:00+05:30,1143.4,1146.1,1142.0,1145.6,291823,0
2026-05-19T09:15:00+05:30,1162.0,1192.3,1162.0,1190.6,1819059,0
2026-05-19T09:20:00+05:30,1190.6,1197.7,1187.3,1191.2,1473330,0
2026-05-19T09:25:00+05:30,1191.6,1192.8,1185.6,1192.5,575722,0
2026-05-19T09:30:00+05:30,1192.5,1195.1,1190.5,1193.3,493344,0
2026-05-19T09:35:00+05:30,1193.2,1196.3,1190.6,1191.7,619204,0
2026-05-19T09:40:00+05:30,1191.7,1194.0,1190.6,1193.6,273793,0
2026-05-19T09:45:00+05:30,1193.5,1194.5,1188.4,1189.7,323560,0
2026-05-19T09:50:00+05:30,1189.7,1190.9,1188.2,1190.0,327628,0
2026-05-19T09:55:00+05:30,1190.0,1191.5,1189.0,1189.4,255261,0
2026-05-19T10:00:00+05:30,1189.8,1192.7,1188.7,1189.6,165798,0
2026-05-19T10:05:00+05:30,1189.5,1192.5,1188.9,1192.0,194256,0
2026-05-19T10:10:00+05:30,1192.0,1193.0,1191.6,1192.4,149976,0
2026-05-19T10:15:00+05:30,1192.2,1193.0,1189.0,1189.3,302233,0
2026-05-19T10:20:00+05:30,1189.3,1190.8,1188.8,1189.9,271931,0
2026-05-19T10:25:00+05:30,1189.9,1191.4,1189.2,1191.1,291434,0
2026-05-19T10:30:00+05:30,1191.2,1195.0,1189.3,1191.7,694088,0
2026-05-19T10:35:00+05:30,1191.8,1195.5,1191.0,1193.0,767043,0
2026-05-19T10:40:00+05:30,1193.1,1195.1,1191.8,1195.0,487281,0
2026-05-19T10:45:00+05:30,1194.9,1195.1,1190.4,1190.5,412979,0
2026-05-19T10:50:00+05:30,1190.5,1190.6,1188.4,1189.8,455074,0
2026-05-19T10:55:00+05:30,1189.8,1192.0,1188.9,1190.9,312657,0
2026-05-19T11:00:00+05:30,1191.0,1191.9,1189.2,1190.1,295095,0
2026-05-19T11:05:00+05:30,1190.3,1191.5,1189.7,1191.1,283716,0
2026-05-19T11:10:00+05:30,1191.2,1191.8,1190.0,1190.5,330889,0
2026-05-19T11:15:00+05:30,1190.6,1191.0,1189.3,1190.5,258300,0
2026-05-19T11:20:00+05:30,1190.5,1190.9,1189.4,1189.7,255566,0
2026-05-19T11:25:00+05:30,1189.7,1190.3,1188.0,1189.1,390010,0
2026-05-19T11:30:00+05:30,1189.1,1190.0,1186.6,1187.4,536360,0
2026-05-19T11:35:00+05:30,1187.6,1188.9,1186.6,1188.5,366386,0
2026-05-19T11:40:00+05:30,1188.9,1190.1,1188.5,1188.7,284893,0
2026-05-19T11:45:00+05:30,1188.8,1190.0,1187.7,1187.9,277695,0
2026-05-19T11:50:00+05:30,1188.1,1188.7,1187.4,1188.0,292613,0
2026-05-19T11:55:00+05:30,1188.4,1189.9,1188.0,1189.5,349483,0
2026-05-19T12:00:00+05:30,1189.8,1189.9,1187.5,1187.5,450040,0
2026-05-19T12:05:00+05:30,1187.6,1188.4,1186.2,1187.8,427646,0
2026-05-19T12:10:00+05:30,1187.8,1189.0,1187.2,1187.2,379976,0
2026-05-19T12:15:00+05:30,1187.3,1189.0,1187.1,1188.6,347350,0
2026-05-19T12:20:00+05:30,1188.7,1189.2,1186.6,1186.8,354450,0
2026-05-19T12:25:00+05:30,1186.8,1188.2,1185.3,1187.0,357016,0
2026-05-19T12:30:00+05:30,1187.3,1188.7,1187.0,1187.5,287875,0
2026-05-19T12:35:00+05:30,1187.5,1188.0,1186.0,1187.4,284079,0
2026-05-19T12:40:00+05:30,1187.5,1189.0,1187.4,1188.4,329204,0
2026-05-19T12:45:00+05:30,1188.5,1189.0,1187.8,1188.7,335002,0
2026-05-19T12:50:00+05:30,1188.8,1188.8,1187.5,1187.7,339689,0
2026-05-19T12:55:00+05:30,1187.9,1189.2,1187.5,1188.8,307663,0
2026-05-19T13:00:00+05:30,1188.9,1189.9,1188.4,1189.3,295645,0
2026-05-19T13:05:00+05:30,1189.4,1191.5,1189.0,1191.2,360909,0
2026-05-19T13:10:00+05:30,1191.0,1191.1,1189.2,1189.9,403568,0
2026-05-19T13:15:00+05:30,1189.9,1190.5,1189.3,1189.8,384580,0
2026-05-19T13:20:00+05:30,1189.9,1190.5,1189.6,1190.0,325462,0
2026-05-19T13:25:00+05:30,1190.1,1190.2,1189.4,1189.6,389127,0
2026-05-19T13:30:00+05:30,1189.8,1190.6,1189.5,1189.6,444592,0
2026-05-19T13:35:00+05:30,1189.7,1189.8,1187.0,1187.9,461028,0
2026-05-19T13:40:00+05:30,1188.0,1188.5,1186.1,1186.1,372088,0
2026-05-19T13:45:00+05:30,1186.2,1187.6,1186.0,1186.4,392091,0
2026-05-19T13:50:00+05:30,1186.4,1188.8,1186.0,1186.7,460767,0
2026-05-19T13:55:00+05:30,1187.1,1187.4,1184.4,1185.8,439764,0
2026-05-19T14:00:00+05:30,1186.1,1189.0,1185.5,1187.5,330176,0
2026-05-19T14:05:00+05:30,1187.8,1190.0,1187.3,1189.6,306386,0
2026-05-19T14:10:00+05:30,1189.8,1190.9,1188.8,1190.7,354606,0
2026-05-19T14:15:00+05:30,1190.9,1192.0,1190.3,1191.0,339189,0
2026-05-19T14:20:00+05:30,1191.1,1192.9,1190.0,1192.0,556307,0
2026-05-19T14:25:00+05:30,1191.9,1194.0,1190.0,1190.0,450646,0
2026-05-19T14:30:00+05:30,1190.2,1192.6,1189.0,1192.6,251871,0
2026-05-19T14:35:00+05:30,1192.6,1193.0,1190.6,1192.2,205912,0
2026-05-19T14:40:00+05:30,1192.6,1193.9,1192.0,1192.9,232262,0
2026-05-19T14:45:00+05:30,1192.9,1193.8,1192.0,1193.8,310591,0
2026-05-19T14:50:00+05:30,1193.8,1195.7,1193.7,1194.9,483697,0
2026-05-19T14:55:00+05:30,1194.9,1196.2,1194.3,1196.2,385660,0
2026-05-19T15:00:00+05:30,1196.2,1196.8,1195.0,1196.1,767922,0
2026-05-19T15:05:00+05:30,1196.1,1198.0,1196.0,1198.0,777530,0
2026-05-19T15:10:00+05:30,1198.0,1198.4,1196.8,1198.2,727931,0
2026-05-19T15:15:00+05:30,1198.2,1198.4,1196.0,1197.1,740687,0
2026-05-19T15:20:00+05:30,1197.0,1198.1,1195.7,1196.0,792802,0
2026-05-19T15:25:00+05:30,1195.9,1197.5,1193.0,1194.0,498341,0
2026-05-20T09:15:00+05:30,1187.0,1200.0,1184.9,1199.3,942428,0
2026-05-20T09:20:00+05:30,1199.5,1201.0,1196.1,1197.4,371232,0
2026-05-20T09:25:00+05:30,1197.5,1199.9,1196.6,1199.9,224154,0
2026-05-20T09:30:00+05:30,1199.9,1203.6,1199.6,1202.9,252484,0
2026-05-20T09:35:00+05:30,1203.0,1206.0,1202.0,1204.7,301386,0
2026-05-20T09:40:00+05:30,1204.7,1205.0,1200.0,1203.2,347992,0
2026-05-20T09:45:00+05:30,1203.4,1206.9,1201.8,1205.6,353074,0
2026-05-20T09:50:00+05:30,1206.0,1206.5,1204.5,1204.7,208914,0
2026-05-20T09:55:00+05:30,1204.8,1205.9,1203.5,1203.9,180064,0
2026-05-20T10:00:00+05:30,1204.1,1205.0,1200.2,1200.5,201485,0
2026-05-20T10:05:00+05:30,1200.6,1201.2,1197.2,1198.7,219719,0
2026-05-20T10:10:00+05:30,1198.9,1199.1,1195.0,1196.0,222596,0
2026-05-20T10:15:00+05:30,1196.0,1197.6,1194.1,1194.3,203959,0
2026-05-20T10:20:00+05:30,1194.3,1195.3,1192.4,1193.6,158316,0
2026-05-20T10:25:00+05:30,1193.8,1196.0,1193.5,1195.2,135712,0
2026-05-20T10:30:00+05:30,1195.2,1196.4,1194.2,1195.6,130084,0
2026-05-20T10:35:00+05:30,1195.6,1195.7,1193.7,1195.0,140521,0
2026-05-20T10:40:00+05:30,1194.8,1195.5,1194.3,1195.1,98960,0
2026-05-20T10:45:00+05:30,1195.1,1195.9,1193.4,1194.7,265685,0
2026-05-20T10:50:00+05:30,1194.7,1195.6,1194.4,1195.5,200971,0
2026-05-20T10:55:00+05:30,1195.7,1197.9,1195.4,1196.1,230668,0
2026-05-20T11:00:00+05:30,1196.1,1196.9,1194.1,1194.1,209086,0
2026-05-20T11:05:00+05:30,1194.5,1195.7,1194.1,1195.7,198431,0
2026-05-20T11:10:00+05:30,1195.6,1196.0,1194.6,1195.0,208107,0
2026-05-20T11:15:00+05:30,1195.1,1195.3,1193.5,1194.2,213447,0
2026-05-20T11:20:00+05:30,1194.3,1195.6,1193.5,1193.5,168056,0
2026-05-20T11:25:00+05:30,1193.9,1194.8,1192.0,1192.9,133008,0
2026-05-20T11:30:00+05:30,1192.9,1193.0,1191.2,1192.4,109689,0
2026-05-20T11:35:00+05:30,1192.4,1193.0,1190.5,1190.5,117198,0
2026-05-20T11:40:00+05:30,1190.5,1192.0,1189.5,1190.3,149029,0
2026-05-20T11:45:00+05:30,1190.1,1194.0,1189.3,1193.3,142635,0
2026-05-20T11:50:00+05:30,1193.4,1193.9,1191.6,1193.4,116570,0
2026-05-20T11:55:00+05:30,1193.4,1194.4,1190.9,1191.5,128592,0
2026-05-20T12:00:00+05:30,1191.6,1192.3,1189.4,1190.2,136820,0
2026-05-20T12:05:00+05:30,1190.3,1193.7,1190.2,1193.3,128683,0
2026-05-20T12:10:00+05:30,1193.3,1193.8,1192.2,1192.8,114083,0
2026-05-20T12:15:00+05:30,1192.9,1193.3,1191.0,1191.9,126252,0
2026-05-20T12:20:00+05:30,1192.0,1192.1,1191.3,1191.6,110109,0
2026-05-20T12:25:00+05:30,1191.6,1192.5,1191.0,1191.3,120870,0
2026-05-20T12:30:00+05:30,1191.1,1193.1,1191.1,1192.2,105571,0
2026-05-20T12:35:00+05:30,1192.2,1193.1,1191.8,1191.9,113085,0
2026-05-20T12:40:00+05:30,1192.1,1192.5,1190.9,1191.3,112938,0
2026-05-20T12:45:00+05:30,1191.3,1192.0,1190.1,1191.0,118473,0
2026-05-20T12:50:00+05:30,1191.0,1191.1,1190.3,1190.8,120324,0
2026-05-20T12:55:00+05:30,1190.8,1192.9,1190.8,1192.5,131885,0
2026-05-20T13:00:00+05:30,1192.7,1192.8,1191.4,1192.4,122227,0
2026-05-20T13:05:00+05:30,1192.2,1194.8,1192.2,1192.5,223941,0
2026-05-20T13:10:00+05:30,1192.4,1193.6,1191.2,1192.4,204287,0
2026-05-20T13:15:00+05:30,1192.5,1193.4,1191.5,1192.5,200368,0
2026-05-20T13:20:00+05:30,1192.6,1193.6,1191.1,1191.7,174525,0
2026-05-20T13:25:00+05:30,1191.7,1192.6,1190.3,1191.0,184238,0
2026-05-20T13:30:00+05:30,1191.0,1192.8,1190.9,1192.6,116085,0
2026-05-20T13:35:00+05:30,1192.6,1193.5,1192.0,1193.1,196239,0
2026-05-20T13:40:00+05:30,1193.3,1193.5,1193.0,1193.3,124412,0
2026-05-20T13:45:00+05:30,1193.4,1194.0,1193.3,1193.7,156501,0
2026-05-20T13:50:00+05:30,1193.6,1195.0,1193.4,1194.7,146481,0
2026-05-20T13:55:00+05:30,1194.8,1195.6,1193.9,1194.3,143801,0
2026-05-20T14:00:00+05:30,1194.2,1194.9,1192.6,1194.8,100223,0
2026-05-20T14:05:00+05:30,1194.7,1197.9,1194.7,1197.6,104691,0
2026-05-20T14:10:00+05:30,1197.6,1198.6,1197.0,1197.2,119132,0
2026-05-20T14:15:00+05:30,1197.4,1198.5,1197.1,1197.5,99764,0
2026-05-20T14:20:00+05:30,1197.5,1198.4,1197.3,1197.8,112873,0
2026-05-20T14:25:00+05:30,1197.8,1197.8,1196.2,1197.6,104254,0
2026-05-20T14:30:00+05:30,1197.7,1198.6,1197.2,1198.6,91928,0
2026-05-20T14:35:00+05:30,1198.6,1198.7,1196.1,1197.1,150883,0
2026-05-20T14:40:00+05:30,1197.5,1199.1,1197.1,1198.9,136291,0
2026-05-20T14:45:00+05:30,1198.9,1199.1,1197.4,1198.1,131637,0
2026-05-20T14:50:00+05:30,1198.2,1198.3,1195.3,1196.1,162386,0
2026-05-20T14:55:00+05:30,1196.2,1196.3,1195.2,1195.2,134179,0
2026-05-20T15:00:00+05:30,1195.3,1196.3,1193.7,1195.9,408287,0
2026-05-20T15:05:00+05:30,1195.9,1197.9,1195.5,1197.6,388547,0
2026-05-20T15:10:00+05:30,1197.6,1197.7,1196.9,1197.1,374840,0
2026-05-20T15:15:00+05:30,1197.1,1197.3,1194.9,1195.1,464376,0
2026-05-20T15:20:00+05:30,1195.1,1195.3,1189.0,1189.1,610501,0
2026-05-20T15:25:00+05:30,1189.4,1191.7,1185.1,1190.0,602575,0
2026-05-21T09:15:00+05:30,1196.1,1201.8,1189.0,1193.1,660976,0
2026-05-21T09:20:00+05:30,1193.5,1194.6,1191.7,1193.7,175948,0
2026-05-21T09:25:00+05:30,1194.1,1194.5,1189.7,1192.7,197619,0
2026-05-21T09:30:00+05:30,1192.7,1193.9,1189.9,1190.1,156662,0
2026-05-21T09:35:00+05:30,1190.2,1190.6,1187.3,1188.2,119077,0
2026-05-21T09:40:00+05:30,1188.2,1191.3,1187.6,1191.0,114754,0
2026-05-21T09:45:00+05:30,1191.0,1192.3,1190.2,1191.3,134907,0
2026-05-21T09:50:00+05:30,1191.3,1195.5,1191.0,1195.1,137164,0
2026-05-21T09:55:00+05:30,1195.0,1195.5,1190.6,1191.2,111168,0
2026-05-21T10:00:00+05:30,1191.4,1191.6,1189.5,1190.6,92727,0
2026-05-21T10:05:00+05:30,1190.9,1191.6,1189.1,1190.1,73356,0
2026-05-21T10:10:00+05:30,1190.7,1191.2,1189.5,1189.5,88839,0
2026-05-21T10:15:00+05:30,1189.9,1190.0,1188.4,1189.3,89697,0
2026-05-21T10:20:00+05:30,1189.3,1192.0,1188.9,1190.1,134238,0
2026-05-21T10:25:00+05:30,1190.5,1190.8,1188.5,1189.5,94905,0
2026-05-21T10:30:00+05:30,1189.5,1190.0,1186.4,1186.4,167911,0
2026-05-21T10:35:00+05:30,1186.9,1187.8,1183.5,1184.6,183189,0
2026-05-21T10:40:00+05:30,1184.6,1186.0,1183.6,1185.8,100760,0
2026-05-21T10:45:00+05:30,1185.8,1186.0,1184.5,1185.3,78815,0
2026-05-21T10:50:00+05:30,1185.3,1187.4,1183.8,1187.2,128130,0
2026-05-21T10:55:00+05:30,1187.2,1187.2,1184.5,1184.8,72453,0
2026-05-21T11:00:00+05:30,1185.0,1185.5,1183.9,1185.0,86266,0
2026-05-21T11:05:00+05:30,1185.0,1188.0,1184.9,1187.7,89869,0
2026-05-21T11:10:00+05:30,1188.0,1189.0,1185.6,1185.7,80511,0
2026-05-21T11:15:00+05:30,1186.0,1186.2,1183.0,1185.0,80116,0
2026-05-21T11:20:00+05:30,1185.0,1187.9,1184.9,1187.7,122694,0
2026-05-21T11:25:00+05:30,1187.9,1189.4,1187.0,1188.0,136233,0
2026-05-21T11:30:00+05:30,1188.4,1188.7,1187.1,1188.0,120261,0
2026-05-21T11:35:00+05:30,1188.0,1190.2,1187.2,1189.1,93767,0
2026-05-21T11:40:00+05:30,1189.4,1189.5,1187.5,1188.1,56384,0
2026-05-21T11:45:00+05:30,1188.1,1188.4,1186.5,1187.7,68309,0
2026-05-21T11:50:00+05:30,1187.7,1188.9,1187.3,1188.1,70667,0
2026-05-21T11:55:00+05:30,1188.2,1189.9,1187.8,1189.6,63158,0
2026-05-21T12:00:00+05:30,1189.7,1190.7,1189.3,1190.3,179546,0
2026-05-21T12:05:00+05:30,1190.3,1190.3,1189.3,1189.3,48507,0
2026-05-21T12:10:00+05:30,1189.5,1190.5,1187.9,1187.9,108539,0
2026-05-21T12:15:00+05:30,1188.1,1188.1,1186.1,1186.5,63734,0
2026-05-21T12:20:00+05:30,1186.6,1187.7,1185.6,1186.3,105647,0
2026-05-21T12:25:00+05:30,1186.7,1188.0,1185.3,1185.7,116873,0
2026-05-21T12:30:00+05:30,1185.7,1186.6,1184.5,1185.4,83631,0
2026-05-21T12:35:00+05:30,1185.2,1185.3,1183.2,1183.6,77699,0
2026-05-21T12:40:00+05:30,1183.6,1186.0,1183.5,1185.7,55281,0
2026-05-21T12:45:00+05:30,1185.7,1185.9,1183.1,1184.0,152404,0
2026-05-21T12:50:00+05:30,1184.3,1185.6,1184.0,1185.5,41044,0
2026-05-21T12:55:00+05:30,1185.4,1186.1,1185.0,1185.2,38769,0
2026-05-21T13:00:00+05:30,1185.3,1186.0,1183.9,1186.0,43647,0
2026-05-21T13:05:00+05:30,1186.0,1186.4,1184.2,1185.1,143203,0
2026-05-21T13:10:00+05:30,1185.3,1185.5,1183.8,1184.2,42224,0
2026-05-21T13:15:00+05:30,1184.3,1184.8,1183.7,1184.0,51401,0
2026-05-21T13:20:00+05:30,1184.3,1184.6,1183.3,1183.7,71866,0
2026-05-21T13:25:00+05:30,1184.0,1184.0,1180.8,1181.8,121679,0
2026-05-21T13:30:00+05:30,1182.0,1183.7,1181.1,1183.6,88020,0
2026-05-21T13:35:00+05:30,1183.7,1184.0,1183.0,1183.3,95062,0
2026-05-21T13:40:00+05:30,1183.4,1184.2,1183.1,1183.8,119515,0
2026-05-21T13:45:00+05:30,1183.8,1184.4,1182.7,1183.3,133623,0
2026-05-21T13:50:00+05:30,1183.3,1183.8,1183.0,1183.0,67077,0
2026-05-21T13:55:00+05:30,1183.1,1185.5,1183.0,1184.7,131922,0
2026-05-21T14:00:00+05:30,1184.7,1185.2,1183.6,1184.3,77790,0
2026-05-21T14:05:00+05:30,1184.3,1184.7,1182.2,1182.2,98983,0
2026-05-21T14:10:00+05:30,1182.3,1182.5,1180.3,1180.9,202813,0
2026-05-21T14:15:00+05:30,1181.0,1182.8,1179.2,1179.8,86335,0
2026-05-21T14:20:00+05:30,1179.8,1182.5,1179.7,1181.9,63366,0
2026-05-21T14:25:00+05:30,1182.3,1182.6,1180.4,1181.2,89527,0
2026-05-21T14:30:00+05:30,1181.5,1184.0,1179.9,1180.9,297958,0
2026-05-21T14:35:00+05:30,1180.6,1182.0,1179.8,1179.8,86608,0
2026-05-21T14:40:00+05:30,1180.0,1180.8,1178.3,1178.9,108505,0
2026-05-21T14:45:00+05:30,1178.9,1180.0,1178.2,1179.0,101678,0
2026-05-21T14:50:00+05:30,1179.5,1180.5,1178.6,1180.2,160302,0
2026-05-21T14:55:00+05:30,1180.3,1181.6,1179.6,1181.5,137162,0
2026-05-21T15:00:00+05:30,1181.5,1182.5,1180.1,1181.5,308669,0
2026-05-21T15:05:00+05:30,1181.7,1183.4,1180.6,1182.4,489831,0
2026-05-21T15:10:00+05:30,1182.3,1183.9,1180.4,1180.4,412797,0
2026-05-21T15:15:00+05:30,1180.9,1183.2,1180.3,1180.7,325197,0
2026-05-21T15:20:00+05:30,1180.6,1181.7,1179.6,1179.9,316340,0
2026-05-21T15:25:00+05:30,1179.9,1180.5,1177.0,1178.2,256768,0
2026-05-22T09:15:00+05:30,1182.5,1187.0,1173.1,1174.7,364385,0
2026-05-22T09:20:00+05:30,1174.2,1175.6,1172.5,1174.8,188403,0
2026-05-22T09:25:00+05:30,1174.9,1176.5,1174.0,1175.0,125344,0
2026-05-22T09:30:00+05:30,1175.0,1181.4,1175.0,1180.9,126606,0
2026-05-22T09:35:00+05:30,1181.0,1181.9,1178.5,1179.2,115010,0
2026-05-22T09:40:00+05:30,1179.2,1179.6,1177.2,1178.3,132538,0
2026-05-22T09:45:00+05:30,1178.7,1179.1,1175.3,1176.8,104573,0
2026-05-22T09:50:00+05:30,1176.8,1181.0,1176.4,1180.9,100273,0
2026-05-22T09:55:00+05:30,1181.0,1183.1,1180.5,1180.8,118340,0
2026-05-22T10:00:00+05:30,1180.9,1181.7,1180.1,1181.1,101974,0
2026-05-22T10:05:00+05:30,1181.3,1182.3,1180.5,1181.5,95985,0
2026-05-22T10:10:00+05:30,1181.5,1182.6,1179.1,1179.5,96722,0
2026-05-22T10:15:00+05:30,1179.5,1179.9,1176.5,1177.3,103694,0
2026-05-22T10:20:00+05:30,1177.5,1181.1,1176.6,1179.9,122787,0
2026-05-22T10:25:00+05:30,1180.0,1183.2,1179.9,1182.0,89527,0
2026-05-22T10:30:00+05:30,1182.0,1186.0,1181.9,1184.9,108067,0
2026-05-22T10:35:00+05:30,1184.9,1187.7,1184.7,1187.5,82443,0
2026-05-22T10:40:00+05:30,1187.4,1191.8,1187.2,1189.4,127860,0
2026-05-22T10:45:00+05:30,1189.8,1190.1,1188.0,1188.8,92522,0
2026-05-22T10:50:00+05:30,1188.8,1188.8,1187.0,1187.8,76740,0
2026-05-22T10:55:00+05:30,1187.8,1188.5,1186.6,1187.0,69268,0
2026-05-22T11:00:00+05:30,1187.4,1187.6,1185.1,1186.6,82338,0
2026-05-22T11:05:00+05:30,1186.6,1187.1,1186.0,1186.1,80675,0
2026-05-22T11:10:00+05:30,1186.3,1186.6,1184.8,1186.4,79630,0
2026-05-22T11:15:00+05:30,1186.2,1186.4,1185.1,1185.5,75617,0
2026-05-22T11:20:00+05:30,1185.1,1187.8,1185.0,1187.4,90492,0
2026-05-22T11:25:00+05:30,1187.4,1187.7,1185.1,1186.5,81684,0
2026-05-22T11:30:00+05:30,1186.5,1187.3,1184.5,1184.5,89507,0
2026-05-22T11:35:00+05:30,1184.8,1185.5,1183.6,1184.3,90177,0
2026-05-22T11:40:00+05:30,1184.3,1186.0,1183.4,1185.9,137277,0
2026-05-22T11:45:00+05:30,1185.7,1187.5,1184.5,1185.0,204509,0
2026-05-22T11:50:00+05:30,1185.1,1186.0,1185.0,1186.0,71496,0
2026-05-22T11:55:00+05:30,1186.0,1186.5,1185.1,1186.0,85104,0
2026-05-22T12:00:00+05:30,1186.0,1186.4,1182.9,1183.2,134810,0
2026-05-22T12:05:00+05:30,1183.4,1185.1,1183.1,1183.6,180010,0
2026-05-22T12:10:00+05:30,1184.0,1185.3,1183.4,1184.6,99180,0
2026-05-22T12:15:00+05:30,1184.7,1185.4,1182.6,1183.2,128389,0
2026-05-22T12:20:00+05:30,1183.2,1183.5,1181.6,1181.7,95390,0
2026-05-22T12:25:00+05:30,1181.5,1182.4,1181.1,1181.5,76223,0
2026-05-22T12:30:00+05:30,1181.7,1181.7,1179.3,1181.2,99858,0
2026-05-22T12:35:00+05:30,1181.2,1181.7,1180.4,1180.6,68958,0
2026-05-22T12:40:00+05:30,1180.9,1181.8,1180.5,1181.1,58125,0
2026-05-22T12:45:00+05:30,1181.5,1182.8,1181.0,1181.7,65150,0
2026-05-22T12:50:00+05:30,1182.0,1182.6,1181.2,1182.2,61935,0
2026-05-22T12:55:00+05:30,1182.5,1182.6,1180.0,1180.0,73065,0
2026-05-22T13:00:00+05:30,1180.0,1180.8,1179.5,1180.0,65903,0
2026-05-22T13:05:00+05:30,1180.0,1180.0,1178.5,1178.5,67112,0
2026-05-22T13:10:00+05:30,1178.5,1179.9,1178.3,1179.1,63212,0
2026-05-22T13:15:00+05:30,1179.2,1179.8,1176.5,1177.0,90767,0
2026-05-22T13:20:00+05:30,1177.0,1177.9,1176.0,1177.2,96312,0
2026-05-22T13:25:00+05:30,1177.6,1178.0,1177.1,1177.6,65723,0
2026-05-22T13:30:00+05:30,1177.8,1178.0,1176.5,1177.0,83453,0
2026-05-22T13:35:00+05:30,1177.0,1177.2,1175.7,1176.6,81087,0
2026-05-22T13:40:00+05:30,1176.5,1178.5,1176.5,1177.4,90790,0
2026-05-22T13:45:00+05:30,1177.4,1179.6,1176.7,1176.8,123076,0
2026-05-22T13:50:00+05:30,1176.7,1177.4,1175.8,1176.6,98679,0
2026-05-22T13:55:00+05:30,1176.5,1176.8,1175.4,1176.0,70749,0
2026-05-22T14:00:00+05:30,1175.9,1176.8,1175.2,1176.0,91371,0
2026-05-22T14:05:00+05:30,1176.1,1177.1,1175.3,1176.6,94787,0
2026-05-22T14:10:00+05:30,1176.6,1177.3,1175.8,1175.8,77155,0
2026-05-22T14:15:00+05:30,1175.8,1176.5,1175.0,1176.2,93456,0
2026-05-22T14:20:00+05:30,1176.1,1177.0,1175.4,1176.6,96591,0
2026-05-22T14:25:00+05:30,1176.9,1177.9,1174.3,1174.7,150585,0
2026-05-22T14:30:00+05:30,1174.8,1175.9,1174.1,1175.6,68150,0
2026-05-22T14:35:00+05:30,1175.6,1176.3,1174.1,1174.3,74140,0
2026-05-22T14:40:00+05:30,1174.4,1175.4,1173.8,1174.0,76631,0
2026-05-22T14:45:00+05:30,1174.0,1176.0,1173.8,1176.0,79359,0
2026-05-22T14:50:00+05:30,1176.0,1177.5,1175.5,1177.0,131937,0
2026-05-22T14:55:00+05:30,1177.0,1177.8,1176.5,1177.5,148356,0
2026-05-22T15:00:00+05:30,1177.5,1177.5,1173.9,1174.3,339763,0
2026-05-22T15:05:00+05:30,1174.3,1175.4,1173.0,1174.5,327481,0
2026-05-22T15:10:00+05:30,1174.5,1175.8,1174.3,1175.2,298280,0
2026-05-22T15:15:00+05:30,1175.2,1175.3,1173.7,1174.8,294333,0
2026-05-22T15:20:00+05:30,1174.8,1176.8,1173.5,1176.8,307202,0
2026-05-22T15:25:00+05:30,1176.4,1176.6,1173.2,1175.0,186932,0
2026-05-25T09:15:00+05:30,1183.0,1185.0,1172.5,1173.3,346051,0
2026-05-25T09:20:00+05:30,1173.0,1174.5,1169.4,1170.8,212775,0
2026-05-25T09:25:00+05:30,1170.8,1176.0,1170.4,1175.5,98953,0
2026-05-25T09:30:00+05:30,1175.5,1176.0,1172.1,1174.5,137394,0
2026-05-25T09:35:00+05:30,1174.4,1176.9,1173.9,1176.8,105174,0
2026-05-25T09:40:00+05:30,1176.8,1177.0,1173.6,1174.6,97396,0
2026-05-25T09:45:00+05:30,1174.5,1175.3,1173.5,1174.6,65340,0
2026-05-25T09:50:00+05:30,1174.6,1175.1,1172.9,1173.4,76956,0
2026-05-25T09:55:00+05:30,1173.4,1174.9,1172.9,1173.3,58680,0
2026-05-25T10:00:00+05:30,1173.8,1174.0,1171.3,1172.0,68527,0
2026-05-25T10:05:00+05:30,1172.1,1174.4,1171.0,1173.9,100854,0
2026-05-25T10:10:00+05:30,1173.9,1174.7,1173.0,1173.7,70736,0
2026-05-25T10:15:00+05:30,1173.7,1174.6,1173.0,1173.7,60688,0
2026-05-25T10:20:00+05:30,1173.7,1178.0,1173.3,1175.0,100912,0
2026-05-25T10:25:00+05:30,1175.0,1175.2,1172.5,1173.4,53074,0
2026-05-25T10:30:00+05:30,1173.4,1174.5,1173.0,1173.9,35192,0
2026-05-25T10:35:00+05:30,1173.9,1175.9,1173.8,1175.9,74792,0
2026-05-25T10:40:00+05:30,1175.9,1177.5,1175.0,1177.0,67562,0
2026-05-25T10:45:00+05:30,1177.1,1178.8,1176.1,1176.4,61737,0
2026-05-25T10:50:00+05:30,1176.4,1177.0,1175.6,1177.0,41470,0
2026-05-25T10:55:00+05:30,1177.0,1178.4,1176.3,1178.3,66453,0
2026-05-25T11:00:00+05:30,1178.2,1179.0,1176.8,1177.3,82393,0
2026-05-25T11:05:00+05:30,1177.3,1178.4,1176.8,1177.9,30787,0
2026-05-25T11:10:00+05:30,1177.9,1178.5,1177.3,1177.9,27048,0
2026-05-25T11:15:00+05:30,1178.0,1178.1,1176.4,1177.2,47697,0
2026-05-25T11:20:00+05:30,1177.2,1177.7,1176.3,1177.0,37549,0
2026-05-25T11:25:00+05:30,1177.0,1178.5,1176.4,1178.4,31436,0
2026-05-25T11:30:00+05:30,1178.4,1178.5,1176.9,1177.6,39529,0
2026-05-25T11:35:00+05:30,1177.6,1178.4,1176.7,1178.3,22950,0
2026-05-25T11:40:00+05:30,1178.3,1178.6,1177.6,1177.9,27267,0
2026-05-25T11:45:00+05:30,1177.9,1178.1,1176.0,1176.0,48416,0
2026-05-25T11:50:00+05:30,1176.2,1177.1,1175.9,1176.9,44538,0
2026-05-25T11:55:00+05:30,1176.9,1177.2,1174.8,1175.7,63323,0
2026-05-25T12:00:00+05:30,1175.8,1176.9,1175.1,1176.3,68165,0
2026-05-25T12:05:00+05:30,1176.7,1176.7,1175.1,1175.4,58257,0
2026-05-25T12:10:00+05:30,1175.7,1176.3,1173.7,1174.1,42341,0
2026-05-25T12:15:00+05:30,1174.1,1174.1,1172.9,1173.5,33737,0
2026-05-25T12:20:00+05:30,1173.5,1173.5,1172.2,1172.6,61229,0
2026-05-25T12:25:00+05:30,1172.9,1173.0,1172.3,1172.6,66241,0
2026-05-25T12:30:00+05:30,1172.7,1173.8,1172.3,1172.8,69054,0
2026-05-25T12:35:00+05:30,1172.8,1174.1,1172.6,1174.0,28157,0
2026-05-25T12:40:00+05:30,1174.0,1174.3,1173.6,1174.0,20577,0
2026-05-25T12:45:00+05:30,1174.0,1174.0,1171.6,1172.0,48820,0
2026-05-25T12:50:00+05:30,1172.0,1172.2,1171.2,1171.7,42323,0
2026-05-25T12:55:00+05:30,1171.7,1172.3,1171.0,1172.2,44479,0
2026-05-25T13:00:00+05:30,1172.2,1173.7,1171.6,1173.1,30665,0
2026-05-25T13:05:00+05:30,1173.5,1174.6,1173.1,1174.0,51903,0
2026-05-25T13:10:00+05:30,1174.0,1174.2,1172.2,1172.8,60535,0
2026-05-25T13:15:00+05:30,1172.8,1174.3,1172.5,1174.3,59275,0
2026-05-25T13:20:00+05:30,1174.3,1176.8,1174.0,1176.7,112361,0
2026-05-25T13:25:00+05:30,1176.7,1177.6,1176.3,1177.0,136669,0
2026-05-25T13:30:00+05:30,1177.1,1178.2,1176.5,1177.4,124978,0
2026-05-25T13:35:00+05:30,1177.9,1177.9,1174.0,1174.9,108025,0
2026-05-25T13:40:00+05:30,1174.9,1174.9,1173.2,1173.4,56326,0
2026-05-25T13:45:00+05:30,1173.4,1173.7,1172.5,1172.9,46252,0
2026-05-25T13:50:00+05:30,1172.9,1172.9,1171.8,1172.3,45284,0
2026-05-25T13:55:00+05:30,1172.4,1172.8,1171.5,1171.7,43066,0
2026-05-25T14:00:00+05:30,1171.9,1172.5,1171.4,1172.4,34010,0
2026-05-25T14:05:00+05:30,1172.5,1172.9,1172.0,1172.0,23228,0
2026-05-25T14:10:00+05:30,1172.1,1172.9,1171.5,1171.7,45131,0
2026-05-25T14:15:00+05:30,1171.9,1173.0,1171.4,1172.6,61952,0
2026-05-25T14:20:00+05:30,1172.8,1173.2,1171.2,1171.7,63025,0
2026-05-25T14:25:00+05:30,1171.7,1172.4,1170.7,1172.0,87448,0
2026-05-25T14:30:00+05:30,1172.0,1172.5,1171.3,1172.1,82026,0
2026-05-25T14:35:00+05:30,1172.4,1173.3,1171.3,1172.3,117459,0
2026-05-25T14:40:00+05:30,1172.4,1172.5,1171.1,1172.2,90507,0
2026-05-25T14:45:00+05:30,1172.3,1172.4,1170.3,1170.7,99937,0
2026-05-25T14:50:00+05:30,1170.9,1171.9,1170.2,1171.8,73945,0
2026-05-25T14:55:00+05:30,1171.8,1171.9,1171.0,1171.7,51818,0
2026-05-25T15:00:00+05:30,1171.8,1171.8,1169.9,1169.9,142150,0
2026-05-25T15:05:00+05:30,1169.9,1170.0,1168.8,1169.2,112313,0
2026-05-25T15:10:00+05:30,1169.5,1169.6,1168.6,1169.0,179281,0
2026-05-25T15:15:00+05:30,1169.0,1169.2,1167.2,1168.0,216610,0
2026-05-25T15:20:00+05:30,1168.0,1168.1,1166.1,1167.1,239970,0
2026-05-25T15:25:00+05:30,1167.4,1168.8,1166.5,1168.0,131682,0
2026-05-26T09:15:00+05:30,1166.3,1178.6,1163.3,1178.6,362008,0
2026-05-26T09:20:00+05:30,1178.1,1180.2,1176.5,1179.4,143488,0
2026-05-26T09:25:00+05:30,1179.3,1179.6,1174.0,1175.1,119718,0
2026-05-26T09:30:00+05:30,1175.1,1176.6,1174.5,1174.8,41457,0
2026-05-26T09:35:00+05:30,1174.6,1180.7,1172.8,1180.0,268007,0
2026-05-26T09:40:00+05:30,1180.1,1180.6,1178.2,1178.2,62064,0
2026-05-26T09:45:00+05:30,1178.7,1178.8,1177.5,1178.0,84413,0
2026-05-26T09:50:00+05:30,1178.0,1179.0,1177.7,1177.9,58157,0
2026-05-26T09:55:00+05:30,1177.8,1178.0,1175.5,1176.7,54195,0
2026-05-26T10:00:00+05:30,1176.6,1177.4,1175.3,1176.1,50570,0
2026-05-26T10:05:00+05:30,1176.7,1176.7,1172.3,1174.4,73591,0
2026-05-26T10:10:00+05:30,1174.3,1177.3,1174.1,1176.6,71075,0
2026-05-26T10:15:00+05:30,1176.6,1177.5,1176.4,1176.6,48812,0
2026-05-26T10:20:00+05:30,1176.6,1178.0,1175.9,1176.6,87394,0
2026-05-26T10:25:00+05:30,1176.6,1177.0,1174.8,1177.0,98706,0
2026-05-26T10:30:00+05:30,1177.0,1177.4,1176.2,1177.3,57550,0
2026-05-26T10:35:00+05:30,1177.3,1179.0,1176.6,1178.9,65103,0
2026-05-26T10:40:00+05:30,1178.9,1178.9,1177.9,1178.7,55565,0
2026-05-26T10:45:00+05:30,1178.6,1178.9,1177.3,1178.3,49554,0
2026-05-26T10:50:00+05:30,1178.3,1178.6,1177.4,1178.0,56311,0
2026-05-26T10:55:00+05:30,1177.7,1178.6,1177.4,1178.4,56026,0
2026-05-26T11:00:00+05:30,1177.9,1179.4,1177.9,1179.0,108463,0
2026-05-26T11:05:00+05:30,1179.0,1179.9,1178.4,1179.7,69964,0
2026-05-26T11:10:00+05:30,1179.8,1179.9,1178.7,1179.4,55470,0
2026-05-26T11:15:00+05:30,1179.4,1180.0,1178.8,1179.9,67838,0
2026-05-26T11:20:00+05:30,1179.9,1180.0,1178.2,1178.6,52380,0
2026-05-26T11:25:00+05:30,1178.6,1179.5,1174.1,1174.8,96484,0
2026-05-26T11:30:00+05:30,1174.8,1176.5,1173.2,1176.5,101082,0
2026-05-26T11:35:00+05:30,1176.5,1178.0,1175.0,1177.9,75167,0
2026-05-26T11:40:00+05:30,1177.9,1178.3,1176.3,1177.1,51769,0
2026-05-26T11:45:00+05:30,1177.1,1177.9,1175.9,1177.8,53425,0
2026-05-26T11:50:00+05:30,1177.7,1177.9,1175.5,1175.8,51961,0
2026-05-26T11:55:00+05:30,1175.8,1176.8,1175.1,1175.4,52060,0
2026-05-26T12:00:00+05:30,1175.4,1175.5,1173.3,1175.0,88688,0
2026-05-26T12:05:00+05:30,1175.0,1176.0,1174.1,1175.5,47622,0
2026-05-26T12:10:00+05:30,1175.2,1175.9,1172.6,1173.2,82013,0
2026-05-26T12:15:00+05:30,1173.2,1175.5,1173.2,1174.4,44522,0
2026-05-26T12:20:00+05:30,1174.4,1175.6,1174.1,1175.0,50759,0
2026-05-26T12:25:00+05:30,1175.0,1175.8,1174.3,1175.6,35243,0
2026-05-26T12:30:00+05:30,1175.5,1177.0,1174.7,1176.3,52156,0
2026-05-26T12:35:00+05:30,1176.3,1176.9,1175.2,1175.5,36698,0
2026-05-26T12:40:00+05:30,1175.5,1175.7,1174.1,1175.1,60892,0
2026-05-26T12:45:00+05:30,1175.1,1175.8,1174.0,1175.2,92034,0
2026-05-26T12:50:00+05:30,1175.1,1176.3,1173.8,1176.1,46935,0
2026-05-26T12:55:00+05:30,1176.1,1176.4,1175.0,1175.7,68050,0
2026-05-26T13:00:00+05:30,1175.5,1175.8,1171.7,1173.0,151582,0
2026-05-26T13:05:00+05:30,1173.0,1174.5,1172.7,1173.5,89547,0
2026-05-26T13:10:00+05:30,1173.4,1175.0,1172.9,1174.8,37058,0
2026-05-26T13:15:00+05:30,1174.8,1175.0,1173.6,1174.7,60253,0
2026-05-26T13:20:00+05:30,1174.6,1175.0,1174.0,1174.5,60037,0
2026-05-26T13:25:00+05:30,1174.4,1175.5,1174.0,1174.8,82040,0
2026-05-26T13:30:00+05:30,1174.8,1176.7,1174.8,1176.6,90097,0
2026-05-26T13:35:00+05:30,1176.4,1177.0,1175.8,1176.2,35500,0
2026-05-26T13:40:00+05:30,1176.2,1176.4,1172.8,1173.1,105459,0
2026-05-26T13:45:00+05:30,1173.0,1173.7,1170.2,1170.2,177836,0
2026-05-26T13:50:00+05:30,1170.2,1170.5,1169.1,1170.2,100426,0
2026-05-26T13:55:00+05:30,1170.2,1170.8,1168.5,1168.7,124510,0
2026-05-26T14:00:00+05:30,1168.7,1169.0,1165.6,1166.5,92371,0
2026-05-26T14:05:00+05:30,1166.5,1169.4,1165.7,1169.1,92764,0
2026-05-26T14:10:00+05:30,1169.0,1169.1,1167.0,1168.6,89965,0
2026-05-26T14:15:00+05:30,1168.5,1169.2,1168.3,1168.3,58337,0
2026-05-26T14:20:00+05:30,1168.3,1169.4,1168.3,1169.3,45482,0
2026-05-26T14:25:00+05:30,1169.3,1169.6,1167.7,1168.3,93107,0
2026-05-26T14:30:00+05:30,1168.3,1169.0,1167.5,1167.6,64890,0
2026-05-26T14:35:00+05:30,1167.6,1168.0,1165.5,1166.5,178881,0
2026-05-26T14:40:00+05:30,1166.4,1167.2,1165.4,1166.7,117325,0
2026-05-26T14:45:00+05:30,1166.8,1167.5,1165.6,1166.3,74370,0
2026-05-26T14:50:00+05:30,1166.3,1167.4,1165.8,1166.2,126897,0
2026-05-26T14:55:00+05:30,1166.2,1168.7,1165.9,1168.1,55145,0
2026-05-26T15:00:00+05:30,1168.1,1168.9,1166.0,1168.5,298398,0
2026-05-26T15:05:00+05:30,1168.8,1170.6,1168.1,1170.2,512595,0
2026-05-26T15:10:00+05:30,1169.8,1170.3,1166.0,1167.5,518881,0
2026-05-26T15:15:00+05:30,1167.2,1167.8,1166.3,1166.8,372436,0
2026-05-26T15:20:00+05:30,1167.0,1167.8,1166.5,1167.8,313507,0
2026-05-26T15:25:00+05:30,1167.1,1169.0,1162.9,1166.0,262613,0
2026-05-27T09:15:00+05:30,1161.0,1167.3,1155.0,1160.1,605594,0
2026-05-27T09:20:00+05:30,1160.5,1161.9,1159.0,1160.8,182699,0
2026-05-27T09:25:00+05:30,1160.8,1160.9,1159.3,1159.4,111031,0
2026-05-27T09:30:00+05:30,1159.4,1161.4,1159.2,1161.3,107446,0
2026-05-27T09:35:00+05:30,1161.4,1161.8,1160.0,1161.0,58507,0
2026-05-27T09:40:00+05:30,1160.9,1163.0,1160.0,1160.7,170893,0
2026-05-27T09:45:00+05:30,1160.4,1160.6,1157.5,1158.1,94059,0
2026-05-27T09:50:00+05:30,1158.4,1158.7,1157.0,1158.1,65572,0
2026-05-27T09:55:00+05:30,1158.3,1159.0,1157.0,1157.0,54255,0
2026-05-27T10:00:00+05:30,1157.2,1158.0,1156.4,1157.8,47203,0
2026-05-27T10:05:00+05:30,1157.8,1159.0,1157.3,1159.0,55892,0
2026-05-27T10:10:00+05:30,1159.0,1159.9,1158.3,1159.8,70512,0
2026-05-27T10:15:00+05:30,1159.6,1162.7,1159.3,1162.0,89382,0
2026-05-27T10:20:00+05:30,1162.2,1162.4,1158.5,1158.5,45757,0
2026-05-27T10:25:00+05:30,1158.5,1159.3,1157.5,1158.9,79941,0
2026-05-27T10:30:00+05:30,1158.6,1159.8,1158.3,1158.6,45233,0
2026-05-27T10:35:00+05:30,1158.6,1159.3,1158.0,1158.4,61003,0
2026-05-27T10:40:00+05:30,1158.5,1159.3,1158.1,1159.0,45597,0
2026-05-27T10:45:00+05:30,1159.0,1159.8,1158.1,1159.5,32805,0
2026-05-27T10:50:00+05:30,1159.6,1162.7,1159.5,1162.7,71115,0
2026-05-27T10:55:00+05:30,1162.6,1162.7,1161.6,1162.5,77084,0
2026-05-27T11:00:00+05:30,1162.5,1162.7,1161.6,1162.7,80928,0
2026-05-27T11:05:00+05:30,1162.7,1167.1,1162.5,1165.1,163541,0
2026-05-27T11:10:00+05:30,1165.1,1166.5,1164.3,1165.2,72301,0
2026-05-27T11:15:00+05:30,1165.4,1165.5,1163.8,1164.2,55054,0
2026-05-27T11:20:00+05:30,1164.2,1164.3,1163.2,1163.2,40807,0
2026-05-27T11:25:00+05:30,1163.3,1163.4,1161.6,1162.0,54126,0
2026-05-27T11:30:00+05:30,1162.0,1163.2,1160.9,1161.9,74667,0
2026-05-27T11:35:00+05:30,1161.9,1163.3,1161.5,1162.5,30425,0
2026-05-27T11:40:00+05:30,1162.5,1163.8,1162.0,1162.5,29177,0
2026-05-27T11:45:00+05:30,1162.5,1164.3,1162.0,1163.6,47104,0
2026-05-27T11:50:00+05:30,1163.7,1163.8,1162.4,1162.6,35640,0
2026-05-27T11:55:00+05:30,1162.6,1163.8,1162.1,1162.2,51301,0
2026-05-27T12:00:00+05:30,1162.4,1163.5,1162.1,1162.7,37479,0
2026-05-27T12:05:00+05:30,1162.7,1163.2,1162.1,1162.6,22289,0
2026-05-27T12:10:00+05:30,1163.0,1163.7,1162.4,1163.5,39651,0
2026-05-27T12:15:00+05:30,1163.5,1164.0,1162.9,1163.5,89765,0
2026-05-27T12:20:00+05:30,1163.7,1164.0,1162.7,1162.8,42680,0
2026-05-27T12:25:00+05:30,1162.7,1163.1,1160.5,1161.1,55265,0
2026-05-27T12:30:00+05:30,1161.1,1161.1,1160.0,1160.9,32836,0
2026-05-27T12:35:00+05:30,1160.9,1162.3,1160.4,1161.9,23057,0
2026-05-27T12:40:00+05:30,1162.2,1162.7,1161.6,1162.2,35991,0
2026-05-27T12:45:00+05:30,1162.6,1162.6,1161.1,1161.3,20398,0
2026-05-27T12:50:00+05:30,1161.3,1161.6,1160.1,1160.5,29859,0
2026-05-27T12:55:00+05:30,1160.8,1161.1,1160.1,1160.5,23966,0
2026-05-27T13:00:00+05:30,1160.5,1161.7,1160.1,1161.4,40202,0
2026-05-27T13:05:00+05:30,1161.4,1162.0,1160.6,1161.0,63677,0
2026-05-27T13:10:00+05:30,1161.0,1161.4,1159.5,1160.0,56254,0
2026-05-27T13:15:00+05:30,1159.9,1160.4,1158.3,1158.5,42432,0
2026-05-27T13:20:00+05:30,1158.7,1159.9,1158.2,1159.8,38519,0
2026-05-27T13:25:00+05:30,1159.4,1161.3,1159.3,1160.8,100942,0
2026-05-27T13:30:00+05:30,1161.0,1162.5,1160.4,1161.4,30997,0
2026-05-27T13:35:00+05:30,1161.4,1162.8,1161.0,1161.7,61872,0
2026-05-27T13:40:00+05:30,1161.9,1161.9,1159.7,1160.0,61523,0
2026-05-27T13:45:00+05:30,1159.8,1159.8,1158.2,1159.4,94059,0
2026-05-27T13:50:00+05:30,1159.4,1160.0,1158.6,1159.1,36296,0
2026-05-27T13:55:00+05:30,1159.4,1161.1,1158.6,1160.5,31007,0
2026-05-27T14:00:00+05:30,1160.6,1161.3,1159.4,1160.4,67981,0
2026-05-27T14:05:00+05:30,1160.4,1160.6,1159.2,1159.4,51745,0
2026-05-27T14:10:00+05:30,1159.6,1160.0,1158.9,1159.2,70774,0
2026-05-27T14:15:00+05:30,1159.3,1160.4,1159.0,1159.9,83498,0
2026-05-27T14:20:00+05:30,1159.9,1162.0,1159.6,1161.6,160451,0
2026-05-27T14:25:00+05:30,1161.6,1161.7,1158.0,1158.4,128955,0
2026-05-27T14:30:00+05:30,1158.4,1159.1,1157.9,1158.0,42378,0
2026-05-27T14:35:00+05:30,1158.1,1158.4,1156.4,1157.4,106561,0
2026-05-27T14:40:00+05:30,1157.2,1158.3,1155.7,1155.9,244739,0
2026-05-27T14:45:00+05:30,1156.0,1156.7,1155.5,1156.0,93297,0
2026-05-27T14:50:00+05:30,1155.9,1157.2,1155.1,1156.7,91113,0
2026-05-27T14:55:00+05:30,1156.9,1157.9,1156.6,1157.5,65962,0
2026-05-27T15:00:00+05:30,1157.6,1157.8,1156.0,1157.3,149895,0
2026-05-27T15:05:00+05:30,1157.1,1158.9,1156.7,1158.9,168323,0
2026-05-27T15:10:00+05:30,1158.8,1159.6,1158.1,1159.3,158047,0
2026-05-27T15:15:00+05:30,1159.3,1162.2,1159.2,1162.1,195748,0
2026-05-27T15:20:00+05:30,1162.2,1163.1,1161.7,1162.1,183327,0
2026-05-27T15:25:00+05:30,1162.3,1163.0,1160.9,1162.0,117266,0
2026-05-29T09:15:00+05:30,1182.0,1201.9,1180.2,1200.5,1182113,0
2026-05-29T09:20:00+05:30,1200.5,1203.6,1195.1,1203.6,604593,0
2026-05-29T09:25:00+05:30,1203.3,1205.0,1193.4,1195.4,639474,0
2026-05-29T09:30:00+05:30,1195.4,1197.8,1192.4,1197.0,319538,0
2026-05-29T09:35:00+05:30,1196.6,1202.5,1196.1,1201.8,382415,0
2026-05-29T09:40:00+05:30,1201.5,1205.0,1201.3,1201.4,356080,0
2026-05-29T09:45:00+05:30,1201.4,1208.0,1201.2,1206.7,588300,0
2026-05-29T09:50:00+05:30,1206.1,1207.5,1203.0,1203.9,273938,0
2026-05-29T09:55:00+05:30,1203.9,1206.8,1203.5,1205.5,173982,0
2026-05-29T10:00:00+05:30,1205.7,1210.0,1204.7,1208.9,430845,0
2026-05-29T10:05:00+05:30,1208.8,1209.5,1207.0,1208.1,173013,0
2026-05-29T10:10:00+05:30,1208.3,1208.9,1205.9,1207.5,136750,0
2026-05-29T10:15:00+05:30,1207.5,1209.0,1206.9,1208.7,102153,0
2026-05-29T10:20:00+05:30,1208.5,1208.8,1205.9,1206.2,118599,0
2026-05-29T10:25:00+05:30,1206.3,1206.5,1204.1,1204.3,171796,0
2026-05-29T10:30:00+05:30,1204.5,1205.0,1202.7,1204.0,92272,0
2026-05-29T10:35:00+05:30,1204.5,1205.4,1203.7,1204.3,78347,0
2026-05-29T10:40:00+05:30,1204.1,1206.0,1203.5,1205.0,127870,0
2026-05-29T10:45:00+05:30,1204.7,1206.0,1203.2,1204.1,135253,0
2026-05-29T10:50:00+05:30,1204.5,1204.6,1202.6,1203.5,143997,0
2026-05-29T10:55:00+05:30,1203.6,1203.7,1200.7,1201.8,170334,0
2026-05-29T11:00:00+05:30,1201.5,1202.6,1199.5,1200.2,181887,0
2026-05-29T11:05:00+05:30,1200.2,1203.8,1199.0,1203.0,214667,0
2026-05-29T11:10:00+05:30,1202.7,1205.0,1202.7,1203.8,161238,0
2026-05-29T11:15:00+05:30,1204.1,1205.0,1203.5,1204.8,150950,0
2026-05-29T11:20:00+05:30,1204.8,1205.7,1204.0,1204.7,155788,0
2026-05-29T11:25:00+05:30,1204.6,1205.3,1202.5,1202.7,273481,0
2026-05-29T11:30:00+05:30,1203.0,1204.1,1199.3,1202.7,284520,0
2026-05-29T11:35:00+05:30,1203.0,1207.0,1202.8,1206.4,211872,0
2026-05-29T11:40:00+05:30,1206.3,1206.5,1204.5,1204.8,153836,0
2026-05-29T11:45:00+05:30,1204.6,1206.5,1204.2,1204.6,164473,0
2026-05-29T11:50:00+05:30,1204.5,1205.0,1202.8,1203.3,186007,0
2026-05-29T11:55:00+05:30,1203.2,1205.0,1203.2,1204.3,147378,0
2026-05-29T12:00:00+05:30,1204.0,1205.0,1202.6,1203.1,162018,0
2026-05-29T12:05:00+05:30,1203.0,1204.2,1202.5,1202.5,165720,0
2026-05-29T12:10:00+05:30,1202.5,1203.6,1202.4,1203.1,145359,0
2026-05-29T12:15:00+05:30,1203.1,1204.0,1202.1,1203.9,167317,0
2026-05-29T12:20:00+05:30,1203.4,1204.0,1202.1,1202.5,190888,0
2026-05-29T12:25:00+05:30,1202.5,1203.8,1201.1,1202.0,185707,0
2026-05-29T12:30:00+05:30,1202.2,1202.5,1200.4,1200.7,162685,0
2026-05-29T12:35:00+05:30,1200.7,1202.5,1200.5,1202.0,132573,0
2026-05-29T12:40:00+05:30,1201.9,1202.5,1200.9,1201.3,142614,0
2026-05-29T12:45:00+05:30,1201.3,1203.0,1201.1,1201.9,148126,0
2026-05-29T12:50:00+05:30,1201.8,1202.5,1200.9,1200.9,156729,0
2026-05-29T12:55:00+05:30,1200.9,1202.0,1200.4,1201.0,147824,0
2026-05-29T13:00:00+05:30,1201.0,1201.3,1199.2,1200.9,190864,0
2026-05-29T13:05:00+05:30,1200.8,1201.7,1200.3,1200.5,142569,0
2026-05-29T13:10:00+05:30,1200.5,1201.2,1199.4,1199.5,157470,0
2026-05-29T13:15:00+05:30,1199.5,1200.0,1198.4,1198.8,191447,0
2026-05-29T13:20:00+05:30,1198.9,1198.9,1196.1,1196.6,276026,0
2026-05-29T13:25:00+05:30,1196.6,1197.9,1195.2,1196.8,214715,0
2026-05-29T13:30:00+05:30,1196.9,1197.5,1195.2,1195.6,203007,0
2026-05-29T13:35:00+05:30,1195.3,1196.2,1195.0,1195.9,172361,0
2026-05-29T13:40:00+05:30,1195.8,1196.6,1193.0,1193.1,251371,0
2026-05-29T13:45:00+05:30,1193.1,1193.7,1191.0,1191.4,224926,0
2026-05-29T13:50:00+05:30,1191.4,1191.7,1187.3,1189.8,289048,0
2026-05-29T13:55:00+05:30,1189.6,1191.6,1188.5,1191.0,237559,0
2026-05-29T14:00:00+05:30,1191.2,1191.4,1188.3,1188.9,221860,0
2026-05-29T14:05:00+05:30,1188.8,1190.7,1188.3,1189.9,192310,0
2026-05-29T14:10:00+05:30,1189.9,1191.5,1189.5,1189.6,217889,0
2026-05-29T14:15:00+05:30,1189.6,1190.7,1188.3,1188.7,213077,0
2026-05-29T14:20:00+05:30,1188.9,1191.8,1187.5,1189.8,150450,0
2026-05-29T14:25:00+05:30,1189.6,1190.1,1188.3,1188.6,120489,0
2026-05-29T14:30:00+05:30,1188.6,1193.3,1187.0,1193.2,182403,0
2026-05-29T14:35:00+05:30,1193.3,1194.3,1192.0,1192.2,192709,0
2026-05-29T14:40:00+05:30,1192.3,1193.3,1190.9,1192.2,187963,0
2026-05-29T14:45:00+05:30,1192.3,1193.2,1190.8,1191.8,204256,0
2026-05-29T14:50:00+05:30,1191.8,1195.1,1190.7,1194.5,217229,0
2026-05-29T14:55:00+05:30,1194.9,1196.8,1190.8,1192.4,184419,0
2026-05-29T15:00:00+05:30,1192.3,1192.6,1156.3,1157.6,10828818,0
2026-05-29T15:05:00+05:30,1157.6,1159.6,1153.6,1156.3,10568604,0
2026-05-29T15:10:00+05:30,1156.3,1162.5,1155.0,1160.6,10415145,0
2026-05-29T15:15:00+05:30,1160.2,1167.1,1155.7,1160.2,9327389,0
2026-05-29T15:20:00+05:30,1160.8,1160.9,1154.0,1156.0,7268585,0
2026-05-29T15:25:00+05:30,1156.1,1161.0,1153.8,1156.4,5128605,0
2026-06-01T09:15:00+05:30,1175.0,1197.2,1173.7,1189.4,1261770,0
2026-06-01T09:20:00+05:30,1189.2,1194.7,1189.0,1192.3,426986,0
2026-06-01T09:25:00+05:30,1192.5,1196.5,1190.7,1196.0,428992,0
2026-06-01T09:30:00+05:30,1196.1,1199.8,1195.8,1197.4,336441,0
2026-06-01T09:35:00+05:30,1197.9,1200.0,1193.8,1193.9,405633,0
2026-06-01T09:40:00+05:30,1194.0,1200.6,1193.4,1200.6,330393,0
2026-06-01T09:45:00+05:30,1200.3,1206.0,1198.0,1205.2,450807,0
2026-06-01T09:50:00+05:30,1205.3,1212.7,1205.0,1211.8,808587,0
2026-06-01T09:55:00+05:30,1211.5,1211.9,1206.0,1207.5,358649,0
2026-06-01T10:00:00+05:30,1207.5,1209.0,1205.0,1206.0,232780,0
2026-06-01T10:05:00+05:30,1205.6,1208.0,1205.6,1208.0,131876,0
2026-06-01T10:10:00+05:30,1207.6,1209.9,1206.9,1209.8,184753,0
2026-06-01T10:15:00+05:30,1209.5,1210.5,1208.0,1210.0,216645,0
2026-06-01T10:20:00+05:30,1209.9,1216.2,1209.3,1211.9,501540,0
2026-06-01T10:25:00+05:30,1211.6,1214.3,1210.5,1212.4,311870,0
2026-06-01T10:30:00+05:30,1212.5,1212.7,1209.1,1209.3,166774,0
2026-06-01T10:35:00+05:30,1209.3,1211.5,1209.0,1210.3,159333,0
2026-06-01T10:40:00+05:30,1210.1,1210.5,1207.5,1207.5,181300,0
2026-06-01T10:45:00+05:30,1207.5,1209.3,1205.6,1209.3,170935,0
2026-06-01T10:50:00+05:30,1209.2,1211.4,1208.9,1210.8,153501,0
2026-06-01T10:55:00+05:30,1210.8,1211.3,1208.5,1211.2,95189,0
2026-06-01T11:00:00+05:30,1211.2,1214.1,1211.0,1213.2,290387,0
2026-06-01T11:05:00+05:30,1213.2,1213.9,1211.4,1213.5,108056,0
2026-06-01T11:10:00+05:30,1213.3,1214.5,1212.9,1214.0,147437,0
2026-06-01T11:15:00+05:30,1214.0,1214.4,1212.2,1213.5,167467,0
2026-06-01T11:20:00+05:30,1213.1,1214.4,1212.0,1213.8,105832,0
2026-06-01T11:25:00+05:30,1213.8,1214.0,1213.1,1213.6,96543,0
2026-06-01T11:30:00+05:30,1213.6,1213.8,1212.5,1212.7,124921,0
2026-06-01T11:35:00+05:30,1213.0,1213.8,1211.2,1212.6,105539,0
2026-06-01T11:40:00+05:30,1212.6,1213.3,1211.2,1211.4,85331,0
2026-06-01T11:45:00+05:30,1211.4,1213.5,1211.2,1213.5,81096,0
2026-06-01T11:50:00+05:30,1213.5,1213.5,1211.8,1212.7,79293,0
2026-06-01T11:55:00+05:30,1212.9,1213.0,1209.1,1209.9,133373,0
2026-06-01T12:00:00+05:30,1209.9,1210.0,1208.3,1209.0,133442,0
2026-06-01T12:05:00+05:30,1208.9,1212.0,1208.8,1212.0,118161,0
2026-06-01T12:10:00+05:30,1212.0,1213.8,1211.4,1213.1,129730,0
2026-06-01T12:15:00+05:30,1213.1,1216.0,1213.0,1215.5,327970,0
2026-06-01T12:20:00+05:30,1215.5,1217.0,1214.3,1214.6,205880,0
2026-06-01T12:25:00+05:30,1214.5,1215.4,1214.1,1215.0,95039,0
2026-06-01T12:30:00+05:30,1215.0,1215.0,1213.8,1214.4,57630,0
2026-06-01T12:35:00+05:30,1214.5,1214.5,1212.0,1213.4,68726,0
2026-06-01T12:40:00+05:30,1213.2,1213.7,1211.6,1212.4,79885,0
2026-06-01T12:45:00+05:30,1212.5,1213.5,1212.1,1213.2,135919,0
2026-06-01T12:50:00+05:30,1213.2,1214.1,1212.4,1213.0,102952,0
2026-06-01T12:55:00+05:30,1213.0,1213.7,1212.9,1213.5,111810,0
2026-06-01T13:00:00+05:30,1213.4,1213.5,1211.6,1212.6,93523,0
2026-06-01T13:05:00+05:30,1212.5,1213.0,1210.6,1212.1,190078,0
2026-06-01T13:10:00+05:30,1212.2,1214.4,1212.0,1213.5,307620,0
2026-06-01T13:15:00+05:30,1213.3,1213.9,1213.2,1213.8,104104,0
2026-06-01T13:20:00+05:30,1213.9,1214.1,1212.7,1213.0,132220,0
2026-06-01T13:25:00+05:30,1213.0,1214.1,1212.9,1213.8,96449,0
2026-06-01T13:30:00+05:30,1213.9,1214.3,1213.0,1214.2,127310,0
2026-06-01T13:35:00+05:30,1214.2,1214.2,1213.3,1213.9,148949,0
2026-06-01T13:40:00+05:30,1213.9,1214.0,1212.8,1213.2,92249,0
2026-06-01T13:45:00+05:30,1213.2,1213.7,1212.9,1213.7,102053,0
2026-06-01T13:50:00+05:30,1213.7,1213.8,1212.8,1213.2,109620,0
2026-06-01T13:55:00+05:30,1213.3,1213.5,1212.0,1212.8,106453,0
2026-06-01T14:00:00+05:30,1212.8,1213.0,1210.3,1210.9,129762,0
2026-06-01T14:05:00+05:30,1210.9,1211.5,1210.4,1210.5,101092,0
2026-06-01T14:10:00+05:30,1210.6,1211.7,1210.0,1210.4,115060,0
2026-06-01T14:15:00+05:30,1210.5,1211.4,1208.5,1209.9,136488,0
2026-06-01T14:20:00+05:30,1210.0,1210.0,1207.0,1207.2,119615,0
2026-06-01T14:25:00+05:30,1207.1,1209.6,1205.2,1206.0,160465,0
2026-06-01T14:30:00+05:30,1205.8,1206.0,1204.0,1204.2,170235,0
2026-06-01T14:35:00+05:30,1204.3,1207.6,1203.9,1207.0,205875,0
2026-06-01T14:40:00+05:30,1207.4,1207.4,1205.7,1206.6,149064,0
2026-06-01T14:45:00+05:30,1206.5,1207.5,1205.5,1205.6,146532,0
2026-06-01T14:50:00+05:30,1205.7,1206.0,1204.6,1205.2,136041,0
2026-06-01T14:55:00+05:30,1205.3,1206.7,1203.8,1206.2,191710,0
2026-06-01T15:00:00+05:30,1206.3,1206.3,1202.8,1206.1,1043334,0
2026-06-01T15:05:00+05:30,1206.1,1206.4,1200.3,1200.6,1089545,0
2026-06-01T15:10:00+05:30,1200.6,1204.1,1200.4,1202.5,920253,0
2026-06-01T15:15:00+05:30,1202.5,1203.7,1201.1,1201.8,884904,0
2026-06-01T15:20:00+05:30,1201.7,1202.6,1200.1,1202.2,881602,0
2026-06-01T15:25:00+05:30,1202.1,1206.4,1200.7,1203.5,671193,0
2026-06-02T09:15:00+05:30,1232.5,1249.0,1232.5,1243.0,2427501,0
2026-06-02T09:20:00+05:30,1242.9,1251.0,1240.1,1242.6,1219599,0
2026-06-02T09:25:00+05:30,1242.6,1250.0,1240.6,1244.7,829266,0
2026-06-02T09:30:00+05:30,1244.4,1251.8,1244.1,1249.8,963805,0
2026-06-02T09:35:00+05:30,1249.8,1250.9,1246.6,1247.8,520796,0
2026-06-02T09:40:00+05:30,1247.8,1255.9,1247.6,1254.8,2116876,0
2026-06-02T09:45:00+05:30,1254.8,1257.9,1251.9,1252.8,1572865,0
2026-06-02T09:50:00+05:30,1253.2,1257.5,1252.6,1257.4,371952,0
2026-06-02T09:55:00+05:30,1257.3,1259.8,1256.4,1259.5,504863,0
2026-06-02T10:00:00+05:30,1259.8,1260.6,1258.4,1259.6,509825,0
2026-06-02T10:05:00+05:30,1259.7,1263.3,1257.4,1262.7,539781,0
2026-06-02T10:10:00+05:30,1262.7,1264.5,1259.7,1260.8,456055,0
2026-06-02T10:15:00+05:30,1261.0,1264.9,1260.2,1264.8,418327,0
2026-06-02T10:20:00+05:30,1264.7,1265.0,1262.1,1263.8,336030,0
2026-06-02T10:25:00+05:30,1264.0,1267.5,1263.7,1267.4,446412,0
2026-06-02T10:30:00+05:30,1267.4,1269.3,1266.7,1267.7,452757,0
2026-06-02T10:35:00+05:30,1267.8,1272.4,1266.4,1271.4,610174,0
2026-06-02T10:40:00+05:30,1271.4,1276.9,1271.3,1275.0,950902,0
2026-06-02T10:45:00+05:30,1274.8,1275.1,1268.0,1269.0,457397,0
2026-06-02T10:50:00+05:30,1268.5,1270.1,1266.7,1267.4,253793,0
2026-06-02T10:55:00+05:30,1267.5,1268.9,1266.0,1266.7,287637,0
2026-06-02T11:00:00+05:30,1267.0,1271.9,1266.7,1270.9,323576,0
2026-06-02T11:05:00+05:30,1270.9,1273.0,1268.8,1272.6,259625,0
2026-06-02T11:10:00+05:30,1272.9,1273.3,1270.2,1272.3,300364,0
2026-06-02T11:15:00+05:30,1272.3,1274.3,1271.3,1273.8,338309,0
2026-06-02T11:20:00+05:30,1273.7,1274.9,1272.4,1273.0,275718,0
2026-06-02T11:25:00+05:30,1273.0,1274.9,1272.8,1274.3,270351,0
2026-06-02T11:30:00+05:30,1274.4,1275.5,1273.0,1275.5,374875,0
2026-06-02T11:35:00+05:30,1275.5,1276.9,1275.0,1275.7,289430,0
2026-06-02T11:40:00+05:30,1275.7,1278.0,1275.3,1277.2,466484,0
2026-06-02T11:45:00+05:30,1277.2,1278.9,1275.4,1276.9,451162,0
2026-06-02T11:50:00+05:30,1277.0,1278.8,1276.5,1277.4,350634,0
2026-06-02T11:55:00+05:30,1277.4,1278.4,1276.4,1276.8,313152,0
2026-06-02T12:00:00+05:30,1276.7,1277.5,1270.5,1274.0,361723,0
2026-06-02T12:05:00+05:30,1274.0,1276.4,1273.7,1275.2,245833,0
2026-06-02T12:10:00+05:30,1275.5,1275.5,1270.9,1271.0,329836,0
2026-06-02T12:15:00+05:30,1271.0,1272.7,1269.0,1269.5,433003,0
2026-06-02T12:20:00+05:30,1269.5,1269.8,1267.0,1269.4,386856,0
2026-06-02T12:25:00+05:30,1269.4,1272.0,1269.2,1272.0,299283,0
2026-06-02T12:30:00+05:30,1271.9,1275.0,1271.5,1274.6,284339,0
2026-06-02T12:35:00+05:30,1274.4,1275.0,1272.3,1272.8,200717,0
2026-06-02T12:40:00+05:30,1272.8,1273.6,1271.9,1272.1,223414,0
2026-06-02T12:45:00+05:30,1272.5,1274.9,1270.6,1271.0,321388,0
2026-06-02T12:50:00+05:30,1271.0,1271.5,1265.8,1266.3,411970,0
2026-06-02T12:55:00+05:30,1266.4,1269.1,1266.3,1267.0,333852,0
2026-06-02T13:00:00+05:30,1267.0,1268.3,1266.3,1267.0,209197,0
2026-06-02T13:05:00+05:30,1266.9,1269.0,1266.9,1269.0,233949,0
2026-06-02T13:10:00+05:30,1268.7,1269.8,1267.1,1268.0,269315,0
2026-06-02T13:15:00+05:30,1268.0,1268.0,1264.0,1264.8,363605,0
2026-06-02T13:20:00+05:30,1264.8,1266.4,1264.1,1265.5,264761,0
2026-06-02T13:25:00+05:30,1265.4,1265.5,1264.5,1264.9,226752,0
2026-06-02T13:30:00+05:30,1265.0,1266.0,1263.0,1264.0,321515,0
2026-06-02T13:35:00+05:30,1264.0,1265.0,1263.5,1264.3,297355,0
2026-06-02T13:40:00+05:30,1264.3,1265.7,1263.5,1264.5,278836,0
2026-06-02T13:45:00+05:30,1264.8,1265.2,1263.9,1264.8,309547,0
2026-06-02T13:50:00+05:30,1264.9,1267.2,1263.1,1266.3,417590,0
2026-06-02T13:55:00+05:30,1266.2,1268.5,1265.2,1265.8,378900,0
2026-06-02T14:00:00+05:30,1265.9,1267.0,1265.1,1266.8,348607,0
2026-06-02T14:05:00+05:30,1266.8,1267.9,1266.6,1267.4,370409,0
2026-06-02T14:10:00+05:30,1267.4,1271.8,1266.7,1270.9,453481,0
2026-06-02T14:15:00+05:30,1271.0,1271.0,1267.9,1268.2,398238,0
2026-06-02T14:20:00+05:30,1268.3,1269.4,1267.4,1268.8,327292,0
2026-06-02T14:25:00+05:30,1268.9,1269.5,1266.7,1267.0,337624,0
2026-06-02T14:30:00+05:30,1266.9,1268.1,1266.5,1267.4,200693,0
2026-06-02T14:35:00+05:30,1267.4,1268.9,1267.3,1267.7,192162,0
2026-06-02T14:40:00+05:30,1267.8,1268.0,1265.4,1267.7,255043,0
2026-06-02T14:45:00+05:30,1267.6,1268.0,1267.0,1267.2,180753,0
2026-06-02T14:50:00+05:30,1267.2,1269.5,1267.2,1268.3,241718,0
2026-06-02T14:55:00+05:30,1268.3,1269.9,1267.6,1267.7,280496,0
2026-06-02T15:00:00+05:30,1267.7,1271.2,1267.5,1269.0,614304,0
2026-06-02T15:05:00+05:30,1268.9,1271.2,1268.9,1269.9,695791,0
2026-06-02T15:10:00+05:30,1269.9,1272.0,1269.9,1272.0,556689,0
2026-06-02T15:15:00+05:30,1271.9,1273.4,1270.5,1270.9,884745,0
2026-06-02T15:20:00+05:30,1270.8,1272.0,1269.8,1271.1,1009570,0
2026-06-02T15:25:00+05:30,1271.4,1273.4,1267.9,1270.0,780351,0
2026-06-03T09:15:00+05:30,1242.1,1249.9,1235.2,1237.6,1792452,0
2026-06-03T09:20:00+05:30,1237.6,1239.9,1232.4,1235.0,818024,0
2026-06-03T09:25:00+05:30,1235.0,1235.7,1230.1,1235.2,757613,0
2026-06-03T09:30:00+05:30,1235.5,1235.8,1228.2,1230.0,507254,0
2026-06-03T09:35:00+05:30,1230.0,1230.5,1225.5,1225.9,422940,0
2026-06-03T09:40:00+05:30,1225.9,1227.0,1223.6,1224.2,457772,0
2026-06-03T09:45:00+05:30,1224.4,1225.5,1221.9,1225.0,404777,0
2026-06-03T09:50:00+05:30,1225.0,1228.0,1223.4,1224.5,276179,0
2026-06-03T09:55:00+05:30,1224.6,1225.9,1223.2,1223.5,282941,0
2026-06-03T10:00:00+05:30,1223.5,1224.7,1219.3,1221.9,393225,0
2026-06-03T10:05:00+05:30,1221.9,1221.9,1219.4,1220.0,216088,0
2026-06-03T10:10:00+05:30,1220.1,1221.4,1219.5,1220.0,174900,0
2026-06-03T10:15:00+05:30,1220.0,1222.9,1217.2,1220.5,276810,0
2026-06-03T10:20:00+05:30,1220.5,1222.9,1220.4,1222.0,237963,0
2026-06-03T10:25:00+05:30,1222.2,1224.6,1222.0,1224.3,220532,0
2026-06-03T10:30:00+05:30,1224.3,1224.6,1221.3,1223.9,208162,0
2026-06-03T10:35:00+05:30,1223.9,1228.0,1223.6,1225.8,251742,0
2026-06-03T10:40:00+05:30,1225.8,1228.5,1223.5,1224.8,232336,0
2026-06-03T10:45:00+05:30,1224.8,1228.5,1223.4,1228.0,193891,0
2026-06-03T10:50:00+05:30,1228.2,1232.0,1227.6,1231.9,184598,0
2026-06-03T10:55:00+05:30,1231.9,1231.9,1227.1,1228.7,174379,0
2026-06-03T11:00:00+05:30,1228.7,1229.2,1225.0,1225.1,187624,0
2026-06-03T11:05:00+05:30,1225.1,1226.3,1223.1,1223.6,207665,0
2026-06-03T11:10:00+05:30,1223.8,1226.5,1223.5,1226.0,118168,0
2026-06-03T11:15:00+05:30,1226.0,1227.0,1225.1,1225.5,117110,0
2026-06-03T11:20:00+05:30,1225.5,1228.4,1225.2,1226.5,128023,0
2026-06-03T11:25:00+05:30,1226.5,1227.0,1222.4,1223.7,201922,0
2026-06-03T11:30:00+05:30,1223.8,1224.8,1223.0,1223.9,127175,0
2026-06-03T11:35:00+05:30,1224.0,1225.9,1223.6,1225.0,100371,0
2026-06-03T11:40:00+05:30,1225.0,1225.5,1222.7,1223.3,118479,0
2026-06-03T11:45:00+05:30,1223.7,1225.5,1223.1,1223.2,110917,0
2026-06-03T11:50:00+05:30,1223.2,1223.6,1219.8,1220.6,187504,0
2026-06-03T11:55:00+05:30,1220.6,1220.7,1216.0,1216.2,297658,0
2026-06-03T12:00:00+05:30,1216.3,1218.3,1216.0,1217.8,189770,0
2026-06-03T12:05:00+05:30,1217.9,1218.0,1216.0,1218.0,219374,0
2026-06-03T12:10:00+05:30,1218.0,1220.5,1216.4,1216.7,175106,0
2026-06-03T12:15:00+05:30,1216.7,1218.8,1216.5,1218.5,119162,0
2026-06-03T12:20:00+05:30,1218.5,1219.3,1217.1,1217.6,168957,0
2026-06-03T12:25:00+05:30,1217.7,1221.6,1217.3,1221.0,157119,0
2026-06-03T12:30:00+05:30,1220.9,1223.1,1220.1,1222.0,140696,0
2026-06-03T12:35:00+05:30,1222.0,1224.3,1220.1,1223.6,203623,0
2026-06-03T12:40:00+05:30,1223.6,1224.9,1222.0,1222.9,190866,0
2026-06-03T12:45:00+05:30,1222.9,1223.2,1220.0,1221.7,158198,0
2026-06-03T12:50:00+05:30,1221.7,1222.4,1220.7,1221.6,105007,0
2026-06-03T12:55:00+05:30,1221.6,1222.5,1220.5,1221.2,99164,0
2026-06-03T13:00:00+05:30,1221.2,1222.4,1220.7,1221.7,93350,0
2026-06-03T13:05:00+05:30,1221.8,1222.8,1220.6,1222.3,119314,0
2026-06-03T13:10:00+05:30,1222.3,1222.9,1220.6,1222.9,118984,0
2026-06-03T13:15:00+05:30,1223.0,1223.6,1221.8,1222.4,137317,0
2026-06-03T13:20:00+05:30,1222.5,1224.4,1221.9,1223.9,151705,0
2026-06-03T13:25:00+05:30,1223.8,1224.1,1221.6,1223.0,96818,0
2026-06-03T13:30:00+05:30,1223.0,1223.4,1221.5,1222.7,107235,0
2026-06-03T13:35:00+05:30,1222.7,1223.6,1221.6,1221.6,116115,0
2026-06-03T13:40:00+05:30,1221.9,1223.2,1220.4,1220.7,130025,0
2026-06-03T13:45:00+05:30,1220.7,1226.0,1220.5,1224.5,203646,0
2026-06-03T13:50:00+05:30,1224.5,1224.5,1222.0,1223.3,119865,0
2026-06-03T13:55:00+05:30,1223.4,1223.8,1222.0,1222.4,121218,0
2026-06-03T14:00:00+05:30,1222.7,1223.6,1221.2,1223.2,131963,0
2026-06-03T14:05:00+05:30,1223.1,1224.4,1222.6,1223.3,156617,0
2026-06-03T14:10:00+05:30,1223.7,1223.9,1219.6,1220.3,198204,0
2026-06-03T14:15:00+05:30,1220.4,1221.8,1219.1,1221.2,145056,0
2026-06-03T14:20:00+05:30,1221.2,1223.0,1220.7,1222.1,167862,0
2026-06-03T14:25:00+05:30,1222.1,1222.6,1221.0,1221.1,143945,0
2026-06-03T14:30:00+05:30,1221.1,1221.9,1220.3,1221.5,155317,0
2026-06-03T14:35:00+05:30,1221.5,1222.5,1221.0,1221.3,133522,0
2026-06-03T14:40:00+05:30,1221.3,1223.0,1221.2,1221.5,152476,0
2026-06-03T14:45:00+05:30,1221.5,1222.4,1220.5,1221.6,135246,0
2026-06-03T14:50:00+05:30,1221.7,1222.7,1221.0,1222.3,192048,0
2026-06-03T14:55:00+05:30,1222.2,1222.5,1220.7,1221.4,151877,0
2026-06-03T15:00:00+05:30,1221.5,1223.7,1219.4,1223.1,455696,0
2026-06-03T15:05:00+05:30,1223.2,1224.2,1221.0,1222.3,499231,0
2026-06-03T15:10:00+05:30,1222.4,1224.7,1221.8,1224.2,410173,0
2026-06-03T15:15:00+05:30,1224.7,1224.7,1221.8,1222.4,475258,0
2026-06-03T15:20:00+05:30,1222.8,1223.5,1221.7,1222.6,481710,0
2026-06-03T15:25:00+05:30,1222.6,1224.0,1218.8,1220.5,352037,0
2026-06-04T09:15:00+05:30,1208.0,1215.2,1201.1,1212.4,930931,0
2026-06-04T09:20:00+05:30,1212.5,1212.8,1206.2,1209.5,236820,0
2026-06-04T09:25:00+05:30,1209.4,1210.3,1206.2,1207.9,174626,0
2026-06-04T09:30:00+05:30,1207.9,1210.0,1206.1,1207.8,185066,0
2026-06-04T09:35:00+05:30,1208.3,1209.3,1206.4,1206.7,103319,0
2026-06-04T09:40:00+05:30,1207.0,1208.8,1206.2,1207.8,171469,0
2026-06-04T09:45:00+05:30,1207.2,1208.0,1204.3,1205.3,264130,0
2026-06-04T09:50:00+05:30,1205.3,1206.6,1204.0,1206.0,100879,0
2026-06-04T09:55:00+05:30,1206.0,1208.0,1204.2,1207.3,169940,0
2026-06-04T10:00:00+05:30,1207.2,1207.6,1204.4,1205.0,151677,0
2026-06-04T10:05:00+05:30,1205.0,1206.0,1203.4,1205.4,128034,0
2026-06-04T10:10:00+05:30,1205.4,1205.9,1204.0,1204.6,122378,0
2026-06-04T10:15:00+05:30,1204.6,1205.7,1203.1,1205.0,170609,0
2026-06-04T10:20:00+05:30,1204.8,1205.0,1202.5,1202.7,118126,0
2026-06-04T10:25:00+05:30,1202.7,1202.9,1196.2,1200.5,510160,0
2026-06-04T10:30:00+05:30,1200.5,1203.7,1199.8,1201.3,129976,0
2026-06-04T10:35:00+05:30,1201.6,1202.5,1200.8,1201.2,81962,0
2026-06-04T10:40:00+05:30,1201.5,1201.5,1200.1,1200.3,67748,0
2026-06-04T10:45:00+05:30,1200.8,1203.5,1200.4,1202.0,66012,0
2026-06-04T10:50:00+05:30,1202.1,1203.6,1201.0,1203.5,62540,0
2026-06-04T10:55:00+05:30,1203.5,1205.0,1202.3,1204.3,90638,0
2026-06-04T11:00:00+05:30,1204.3,1204.5,1202.0,1202.9,65122,0
2026-06-04T11:05:00+05:30,1202.8,1204.0,1202.3,1203.9,60813,0
2026-06-04T11:10:00+05:30,1203.9,1203.9,1202.4,1203.2,47118,0
2026-06-04T11:15:00+05:30,1203.2,1203.9,1202.0,1202.9,51964,0
2026-06-04T11:20:00+05:30,1202.9,1203.4,1202.4,1203.0,46093,0
2026-06-04T11:25:00+05:30,1203.0,1203.5,1202.1,1203.0,70043,0
2026-06-04T11:30:00+05:30,1202.8,1204.0,1202.1,1204.0,68521,0
2026-06-04T11:35:00+05:30,1203.9,1206.0,1203.8,1205.3,123115,0
2026-06-04T11:40:00+05:30,1205.5,1206.5,1204.5,1205.1,89337,0
2026-06-04T11:45:00+05:30,1205.1,1205.5,1204.1,1205.3,64261,0
2026-06-04T11:50:00+05:30,1205.2,1205.4,1203.2,1204.5,82813,0
2026-06-04T11:55:00+05:30,1204.5,1205.2,1203.5,1203.7,166183,0
2026-06-04T12:00:00+05:30,1203.6,1204.5,1203.5,1203.6,57501,0
2026-06-04T12:05:00+05:30,1204.1,1204.5,1202.3,1204.1,255123,0
2026-06-04T12:10:00+05:30,1204.0,1204.5,1202.3,1203.5,244055,0
2026-06-04T12:15:00+05:30,1203.5,1204.5,1202.5,1202.8,154254,0
2026-06-04T12:20:00+05:30,1202.8,1202.9,1201.5,1201.6,128158,0
2026-06-04T12:25:00+05:30,1201.9,1202.0,1200.4,1201.2,109016,0
2026-06-04T12:30:00+05:30,1201.2,1201.3,1200.1,1200.2,77261,0
2026-06-04T12:35:00+05:30,1200.2,1200.5,1199.1,1199.7,212788,0
2026-06-04T12:40:00+05:30,1199.8,1201.0,1199.1,1199.6,89435,0
2026-06-04T12:45:00+05:30,1199.2,1202.8,1198.9,1201.8,147742,0
2026-06-04T12:50:00+05:30,1201.8,1203.7,1200.8,1203.7,82409,0
2026-06-04T12:55:00+05:30,1203.7,1205.5,1202.8,1205.5,84937,0
2026-06-04T13:00:00+05:30,1205.5,1205.8,1204.2,1204.9,163429,0
2026-06-04T13:05:00+05:30,1204.8,1205.8,1202.7,1205.0,93602,0
2026-06-04T13:10:00+05:30,1204.9,1205.2,1202.1,1202.2,103986,0
2026-06-04T13:15:00+05:30,1202.2,1205.0,1201.1,1204.8,171793,0
2026-06-04T13:20:00+05:30,1204.9,1205.4,1201.7,1203.8,612894,0
2026-06-04T13:25:00+05:30,1203.8,1205.5,1202.6,1203.8,97790,0
2026-06-04T13:30:00+05:30,1203.7,1204.0,1203.0,1203.7,53591,0
2026-06-04T13:35:00+05:30,1203.7,1205.7,1203.2,1203.6,66848,0
2026-06-04T13:40:00+05:30,1203.6,1204.0,1202.2,1203.7,56055,0
2026-06-04T13:45:00+05:30,1203.7,1203.9,1202.8,1203.5,94264,0
2026-06-04T13:50:00+05:30,1203.5,1203.7,1202.2,1202.4,111136,0
2026-06-04T13:55:00+05:30,1202.5,1203.5,1201.5,1202.7,137510,0
2026-06-04T14:00:00+05:30,1202.7,1204.7,1202.5,1204.0,100662,0
2026-06-04T14:05:00+05:30,1204.1,1204.3,1203.1,1204.3,127295,0
2026-06-04T14:10:00+05:30,1204.3,1204.5,1203.1,1203.6,87972,0
2026-06-04T14:15:00+05:30,1203.9,1204.4,1203.2,1204.0,52797,0
2026-06-04T14:20:00+05:30,1204.0,1204.0,1202.9,1203.5,55024,0
2026-06-04T14:25:00+05:30,1203.6,1204.6,1203.1,1204.5,57659,0
2026-06-04T14:30:00+05:30,1204.3,1206.4,1203.5,1205.4,193988,0
2026-06-04T14:35:00+05:30,1205.5,1205.5,1204.0,1204.6,86643,0
2026-06-04T14:40:00+05:30,1204.3,1204.6,1203.0,1203.6,91317,0
2026-06-04T14:45:00+05:30,1203.6,1204.0,1202.4,1203.0,101511,0
2026-06-04T14:50:00+05:30,1203.2,1204.0,1201.3,1202.5,158575,0
2026-06-04T14:55:00+05:30,1202.5,1203.5,1202.0,1202.8,163954,0
2026-06-04T15:00:00+05:30,1203.0,1203.0,1199.7,1200.1,512419,0
2026-06-04T15:05:00+05:30,1200.0,1200.2,1199.0,1200.0,487986,0
2026-06-04T15:10:00+05:30,1199.9,1202.0,1199.5,1201.8,496502,0
2026-06-04T15:15:00+05:30,1201.7,1202.3,1200.8,1201.0,457169,0
2026-06-04T15:20:00+05:30,1201.1,1202.6,1200.4,1202.0,566272,0
2026-06-04T15:25:00+05:30,1202.1,1206.0,1202.0,1204.4,467982,0
2026-06-05T09:15:00+05:30,1220.0,1223.8,1206.3,1210.6,548023,0
2026-06-05T09:20:00+05:30,1210.7,1214.0,1206.3,1207.7,239096,0
2026-06-05T09:25:00+05:30,1207.7,1209.6,1206.0,1207.9,188445,0
2026-06-05T09:30:00+05:30,1207.5,1208.7,1206.0,1206.4,116766,0
2026-06-05T09:35:00+05:30,1206.0,1208.3,1205.8,1207.3,77411,0
2026-06-05T09:40:00+05:30,1207.3,1208.4,1204.0,1208.4,267308,0
2026-06-05T09:45:00+05:30,1208.0,1210.5,1207.9,1209.5,71672,0
2026-06-05T09:50:00+05:30,1209.4,1211.4,1209.1,1210.1,59361,0
2026-06-05T09:55:00+05:30,1210.1,1210.9,1207.5,1207.6,46267,0
2026-06-05T10:00:00+05:30,1207.7,1208.9,1206.1,1207.8,87635,0
2026-06-05T10:05:00+05:30,1207.8,1207.9,1206.0,1207.0,69822,0
2026-06-05T10:10:00+05:30,1206.9,1210.4,1206.6,1209.5,43106,0
2026-06-05T10:15:00+05:30,1209.5,1209.9,1207.3,1207.8,33367,0
2026-06-05T10:20:00+05:30,1207.9,1207.9,1205.2,1206.7,180140,0
2026-06-05T10:25:00+05:30,1206.5,1206.9,1204.6,1205.0,194270,0
2026-06-05T10:30:00+05:30,1205.0,1206.0,1203.0,1203.3,76576,0
2026-06-05T10:35:00+05:30,1203.4,1203.5,1202.0,1202.5,110420,0
2026-06-05T10:40:00+05:30,1202.5,1206.8,1202.4,1206.0,55945,0
2026-06-05T10:45:00+05:30,1206.0,1206.6,1202.4,1202.5,63918,0
2026-06-05T10:50:00+05:30,1202.5,1203.8,1202.2,1203.0,47202,0
2026-06-05T10:55:00+05:30,1202.9,1203.3,1201.0,1203.3,102217,0
2026-06-05T11:00:00+05:30,1203.0,1204.0,1202.5,1203.2,54905,0
2026-06-05T11:05:00+05:30,1203.1,1205.4,1203.0,1203.2,45210,0
2026-06-05T11:10:00+05:30,1203.1,1203.6,1202.1,1202.8,124851,0
2026-06-05T11:15:00+05:30,1202.7,1202.8,1201.5,1202.2,108285,0
2026-06-05T11:20:00+05:30,1202.3,1202.4,1200.3,1201.1,173996,0
2026-06-05T11:25:00+05:30,1201.2,1201.5,1200.4,1201.4,48768,0
2026-06-05T11:30:00+05:30,1200.9,1203.2,1200.9,1203.1,47317,0
2026-06-05T11:35:00+05:30,1203.0,1203.6,1202.6,1203.4,43704,0
2026-06-05T11:40:00+05:30,1203.1,1204.9,1203.0,1203.9,47552,0
2026-06-05T11:45:00+05:30,1204.0,1204.6,1203.2,1204.0,30222,0
2026-06-05T11:50:00+05:30,1203.5,1204.0,1202.0,1202.6,43672,0
2026-06-05T11:55:00+05:30,1202.5,1203.2,1201.1,1202.0,54348,0
2026-06-05T12:00:00+05:30,1201.7,1202.0,1200.7,1201.7,104983,0
2026-06-05T12:05:00+05:30,1201.6,1202.0,1200.4,1200.8,146881,0
2026-06-05T12:10:00+05:30,1200.8,1202.0,1200.8,1201.8,26524,0
2026-06-05T12:15:00+05:30,1201.5,1202.5,1201.4,1202.1,27369,0
2026-06-05T12:20:00+05:30,1202.0,1202.4,1201.2,1201.4,30872,0
2026-06-05T12:25:00+05:30,1201.2,1202.4,1201.1,1201.7,29612,0
2026-06-05T12:30:00+05:30,1201.4,1202.0,1201.0,1201.4,29434,0
2026-06-05T12:35:00+05:30,1201.3,1201.5,1200.5,1201.1,127195,0
2026-06-05T12:40:00+05:30,1201.1,1201.1,1199.2,1199.8,84026,0
2026-06-05T12:45:00+05:30,1199.8,1202.0,1199.4,1199.9,129726,0
2026-06-05T12:50:00+05:30,1199.9,1200.5,1199.2,1200.0,41178,0
2026-06-05T12:55:00+05:30,1200.0,1200.4,1199.2,1199.8,39185,0
2026-06-05T13:00:00+05:30,1199.6,1201.6,1199.3,1201.3,38240,0
2026-06-05T13:05:00+05:30,1201.0,1201.6,1200.5,1201.1,28309,0
2026-06-05T13:10:00+05:30,1201.1,1201.9,1200.6,1201.0,25559,0
2026-06-05T13:15:00+05:30,1200.7,1201.5,1200.5,1200.6,24619,0
2026-06-05T13:20:00+05:30,1200.5,1200.8,1199.5,1200.6,35203,0
2026-06-05T13:25:00+05:30,1200.6,1201.9,1199.3,1199.4,51324,0
2026-06-05T13:30:00+05:30,1199.6,1201.2,1199.0,1199.5,115965,0
2026-06-05T13:35:00+05:30,1199.9,1200.9,1199.6,1200.2,16878,0
2026-06-05T13:40:00+05:30,1200.3,1200.6,1199.5,1200.4,18400,0
2026-06-05T13:45:00+05:30,1200.1,1200.8,1199.6,1199.9,32099,0
2026-06-05T13:50:00+05:30,1200.0,1200.4,1199.6,1199.6,21581,0
2026-06-05T13:55:00+05:30,1199.6,1199.7,1197.2,1198.0,351386,0
2026-06-05T14:00:00+05:30,1197.6,1198.8,1197.6,1198.0,22632,0
2026-06-05T14:05:00+05:30,1197.9,1198.4,1197.2,1197.7,31153,0
2026-06-05T14:10:00+05:30,1197.7,1198.0,1196.5,1197.7,100332,0
2026-06-05T14:15:00+05:30,1197.6,1199.0,1197.2,1198.1,53271,0
2026-06-05T14:20:00+05:30,1198.0,1199.0,1197.0,1198.5,43638,0
2026-06-05T14:25:00+05:30,1198.2,1199.3,1198.0,1198.9,35665,0
2026-06-05T14:30:00+05:30,1198.6,1200.9,1198.5,1198.6,67215,0
2026-06-05T14:35:00+05:30,1198.9,1199.0,1194.5,1194.9,361941,0
2026-06-05T14:40:00+05:30,1194.9,1199.0,1194.3,1197.7,131458,0
2026-06-05T14:45:00+05:30,1197.5,1199.7,1197.5,1198.0,103348,0
2026-06-05T14:50:00+05:30,1198.1,1200.0,1197.8,1198.5,69663,0
2026-06-05T14:55:00+05:30,1198.6,1199.4,1197.6,1198.8,66216,0
2026-06-05T15:00:00+05:30,1198.6,1199.3,1195.1,1198.6,209888,0
2026-06-05T15:05:00+05:30,1198.5,1198.7,1195.3,1195.9,399032,0
2026-06-05T15:10:00+05:30,1195.9,1198.5,1195.9,1197.3,623188,0
2026-06-05T15:15:00+05:30,1197.4,1199.1,1196.8,1197.4,386483,0
2026-06-05T15:20:00+05:30,1197.5,1197.9,1196.6,1196.7,362790,0
2026-06-05T15:25:00+05:30,1196.7,1199.5,1196.6,1199.0,464400,0
2026-06-08T09:15:00+05:30,1177.5,1187.5,1177.5,1181.5,533654,0
2026-06-08T09:20:00+05:30,1181.4,1183.4,1177.2,1177.7,252695,0
2026-06-08T09:25:00+05:30,1177.6,1179.8,1176.5,1178.8,156108,0
2026-06-08T09:30:00+05:30,1178.8,1181.7,1178.2,1179.6,90068,0
2026-06-08T09:35:00+05:30,1179.5,1179.8,1177.2,1179.3,94379,0
2026-06-08T09:40:00+05:30,1179.3,1180.0,1176.7,1179.6,93907,0
2026-06-08T09:45:00+05:30,1179.6,1182.9,1179.3,1181.7,88926,0
2026-06-08T09:50:00+05:30,1181.7,1184.6,1181.0,1184.3,86725,0
2026-06-08T09:55:00+05:30,1184.2,1187.1,1183.9,1186.4,118051,0
2026-06-08T10:00:00+05:30,1186.4,1191.0,1186.0,1189.0,274261,0
2026-06-08T10:05:00+05:30,1189.3,1189.6,1187.0,1188.0,65336,0
2026-06-08T10:10:00+05:30,1188.0,1189.0,1187.1,1187.5,60051,0
2026-06-08T10:15:00+05:30,1187.5,1187.5,1185.6,1187.0,46006,0
2026-06-08T10:20:00+05:30,1187.0,1188.9,1186.6,1188.1,33328,0
2026-06-08T10:25:00+05:30,1188.1,1188.4,1186.4,1187.5,32068,0
2026-06-08T10:30:00+05:30,1187.5,1192.0,1187.0,1190.5,87477,0
2026-06-08T10:35:00+05:30,1190.9,1192.5,1190.0,1192.5,43883,0
2026-06-08T10:40:00+05:30,1192.5,1197.6,1192.0,1197.3,429936,0
2026-06-08T10:45:00+05:30,1197.3,1198.1,1195.0,1196.8,206095,0
2026-06-08T10:50:00+05:30,1196.8,1200.2,1194.7,1196.8,405365,0
2026-06-08T10:55:00+05:30,1196.8,1199.4,1196.5,1199.2,103352,0
2026-06-08T11:00:00+05:30,1199.2,1200.7,1196.1,1198.1,155510,0
2026-06-08T11:05:00+05:30,1198.1,1198.2,1195.0,1195.3,94991,0
2026-06-08T11:10:00+05:30,1195.3,1195.9,1192.9,1194.0,94175,0
2026-06-08T11:15:00+05:30,1194.0,1194.4,1191.0,1193.0,97175,0
2026-06-08T11:20:00+05:30,1193.0,1194.1,1190.1,1192.4,101795,0
2026-06-08T11:25:00+05:30,1192.4,1193.0,1190.8,1192.9,91766,0
2026-06-08T11:30:00+05:30,1192.9,1196.2,1192.7,1195.2,112900,0
2026-06-08T11:35:00+05:30,1195.2,1195.7,1193.5,1195.5,77156,0
2026-06-08T11:40:00+05:30,1195.5,1195.7,1194.0,1194.8,48329,0
2026-06-08T11:45:00+05:30,1194.8,1197.6,1193.5,1197.5,65907,0
2026-06-08T11:50:00+05:30,1197.5,1198.0,1194.4,1195.4,88644,0
2026-06-08T11:55:00+05:30,1195.4,1196.6,1195.0,1196.1,28635,0
2026-06-08T12:00:00+05:30,1196.1,1197.1,1195.5,1196.8,27874,0
2026-06-08T12:05:00+05:30,1196.8,1197.4,1194.5,1195.7,62541,0
2026-06-08T12:10:00+05:30,1195.7,1195.8,1194.5,1195.2,26010,0
2026-06-08T12:15:00+05:30,1195.2,1195.7,1194.1,1195.5,36505,0
2026-06-08T12:20:00+05:30,1195.5,1195.8,1194.5,1195.2,42859,0
2026-06-08T12:25:00+05:30,1195.2,1195.4,1194.1,1195.1,54496,0
2026-06-08T12:30:00+05:30,1195.1,1195.2,1193.0,1193.3,107115,0
2026-06-08T12:35:00+05:30,1193.3,1193.5,1191.6,1192.7,48668,0
2026-06-08T12:40:00+05:30,1192.7,1193.2,1191.7,1192.3,28896,0
2026-06-08T12:45:00+05:30,1192.3,1193.7,1192.0,1192.8,32774,0
2026-06-08T12:50:00+05:30,1192.8,1194.7,1192.5,1193.7,27469,0
2026-06-08T12:55:00+05:30,1193.7,1194.2,1191.1,1191.5,44628,0
2026-06-08T13:00:00+05:30,1191.5,1191.5,1190.0,1190.2,37967,0
2026-06-08T13:05:00+05:30,1190.2,1190.6,1188.1,1188.3,52152,0
2026-06-08T13:10:00+05:30,1188.3,1192.5,1187.5,1191.8,167776,0
2026-06-08T13:15:00+05:30,1191.8,1192.5,1190.8,1191.2,47604,0
2026-06-08T13:20:00+05:30,1191.2,1191.6,1190.8,1190.9,37195,0
2026-06-08T13:25:00+05:30,1191.1,1193.1,1190.8,1191.9,73084,0
2026-06-08T13:30:00+05:30,1191.9,1192.4,1191.1,1191.7,27845,0
2026-06-08T13:35:00+05:30,1191.7,1192.3,1191.0,1191.2,40985,0
2026-06-08T13:40:00+05:30,1191.2,1191.3,1190.7,1190.8,181774,0
2026-06-08T13:45:00+05:30,1190.7,1191.5,1190.3,1190.5,364107,0
2026-06-08T13:50:00+05:30,1190.5,1190.5,1188.5,1189.6,303950,0
2026-06-08T13:55:00+05:30,1189.6,1191.8,1189.6,1191.1,34984,0
2026-06-08T14:00:00+05:30,1191.1,1191.6,1190.1,1190.8,41235,0
2026-06-08T14:05:00+05:30,1190.8,1191.4,1188.1,1188.4,73912,0
2026-06-08T14:10:00+05:30,1188.6,1188.8,1187.9,1188.6,39951,0
2026-06-08T14:15:00+05:30,1188.6,1188.8,1187.9,1188.5,48360,0
2026-06-08T14:20:00+05:30,1188.5,1188.7,1187.1,1188.0,43926,0
2026-06-08T14:25:00+05:30,1188.0,1188.0,1186.3,1186.5,38123,0
2026-06-08T14:30:00+05:30,1186.5,1188.5,1186.1,1188.0,55328,0
2026-06-08T14:35:00+05:30,1188.0,1188.3,1187.1,1187.6,55252,0
2026-06-08T14:40:00+05:30,1187.6,1188.5,1186.6,1188.2,34782,0
2026-06-08T14:45:00+05:30,1188.2,1190.8,1187.2,1189.5,62579,0
2026-06-08T14:50:00+05:30,1189.5,1190.4,1188.8,1189.6,45527,0
2026-06-08T14:55:00+05:30,1189.6,1191.8,1189.0,1190.8,96133,0
2026-06-08T15:00:00+05:30,1190.5,1190.8,1188.2,1189.0,234913,0
2026-06-08T15:05:00+05:30,1189.1,1190.1,1185.4,1187.0,304174,0
2026-06-08T15:10:00+05:30,1187.0,1187.0,1185.2,1186.4,179869,0
2026-06-08T15:15:00+05:30,1186.0,1186.6,1184.7,1185.2,164634,0
2026-06-08T15:20:00+05:30,1185.3,1190.2,1185.0,1190.1,373504,0
2026-06-08T15:25:00+05:30,1190.0,1191.0,1186.0,1187.0,368137,0
2026-06-09T09:15:00+05:30,1193.6,1193.6,1180.0,1180.7,682014,0
2026-06-09T09:20:00+05:30,1180.7,1181.4,1177.4,1179.6,273911,0
2026-06-09T09:25:00+05:30,1179.7,1179.8,1176.2,1176.2,220301,0
2026-06-09T09:30:00+05:30,1176.2,1178.2,1175.5,1177.3,213224,0
2026-06-09T09:35:00+05:30,1177.3,1177.3,1172.2,1173.2,254405,0
2026-06-09T09:40:00+05:30,1173.1,1173.2,1171.1,1171.3,169463,0
2026-06-09T09:45:00+05:30,1171.3,1172.3,1170.1,1170.6,166604,0
2026-06-09T09:50:00+05:30,1171.0,1174.9,1170.5,1171.4,115093,0
2026-06-09T09:55:00+05:30,1171.4,1173.2,1170.2,1172.9,91433,0
2026-06-09T10:00:00+05:30,1172.8,1174.5,1172.0,1172.5,79009,0
2026-06-09T10:05:00+05:30,1172.3,1173.0,1170.5,1171.7,76224,0
2026-06-09T10:10:00+05:30,1171.3,1171.3,1167.3,1167.6,186850,0
2026-06-09T10:15:00+05:30,1167.8,1171.1,1167.6,1170.7,107646,0
2026-06-09T10:20:00+05:30,1170.7,1171.1,1169.8,1170.6,121078,0
2026-06-09T10:25:00+05:30,1170.6,1171.4,1170.0,1170.7,76526,0
2026-06-09T10:30:00+05:30,1170.7,1170.9,1170.3,1170.4,110015,0
2026-06-09T10:35:00+05:30,1170.3,1170.9,1170.3,1170.5,53171,0
2026-06-09T10:40:00+05:30,1170.5,1171.9,1170.0,1171.8,139641,0
2026-06-09T10:45:00+05:30,1171.8,1173.0,1171.2,1171.4,71375,0
2026-06-09T10:50:00+05:30,1171.2,1171.5,1170.2,1171.1,61032,0
2026-06-09T10:55:00+05:30,1171.1,1171.7,1170.6,1171.1,48303,0
2026-06-09T11:00:00+05:30,1171.1,1172.3,1170.5,1172.2,47733,0
2026-06-09T11:05:00+05:30,1172.2,1176.6,1172.0,1176.1,142305,0
2026-06-09T11:10:00+05:30,1176.1,1176.1,1174.5,1175.1,72327,0
2026-06-09T11:15:00+05:30,1175.1,1176.4,1174.4,1176.1,80452,0
2026-06-09T11:20:00+05:30,1176.2,1176.2,1173.1,1173.5,119152,0
2026-06-09T11:25:00+05:30,1173.8,1174.5,1173.2,1174.4,72595,0
2026-06-09T11:30:00+05:30,1174.3,1174.5,1173.2,1174.0,72045,0
2026-06-09T11:35:00+05:30,1174.0,1175.9,1173.6,1175.2,80196,0
2026-06-09T11:40:00+05:30,1175.0,1175.2,1173.0,1173.5,235663,0
2026-06-09T11:45:00+05:30,1173.5,1175.7,1173.0,1173.7,112768,0
2026-06-09T11:50:00+05:30,1173.7,1175.9,1173.5,1174.5,146772,0
2026-06-09T11:55:00+05:30,1174.7,1175.6,1174.5,1174.7,136126,0
2026-06-09T12:00:00+05:30,1174.6,1175.1,1174.5,1174.7,67354,0
2026-06-09T12:05:00+05:30,1174.7,1176.2,1174.6,1175.7,86976,0
2026-06-09T12:10:00+05:30,1175.8,1176.3,1175.2,1175.5,55854,0
2026-06-09T12:15:00+05:30,1175.7,1176.2,1175.3,1175.5,92536,0
2026-06-09T12:20:00+05:30,1175.5,1175.5,1175.0,1175.1,56964,0
2026-06-09T12:25:00+05:30,1175.1,1175.1,1173.8,1174.1,81508,0
2026-06-09T12:30:00+05:30,1174.1,1174.5,1173.2,1174.0,78974,0
2026-06-09T12:35:00+05:30,1174.0,1175.0,1171.0,1171.3,107689,0
2026-06-09T12:40:00+05:30,1171.3,1172.4,1169.0,1169.8,144723,0
2026-06-09T12:45:00+05:30,1169.8,1170.2,1169.0,1169.7,82677,0
2026-06-09T12:50:00+05:30,1169.7,1171.8,1169.1,1170.8,82891,0
2026-06-09T12:55:00+05:30,1171.2,1171.8,1170.3,1171.5,65758,0
2026-06-09T13:00:00+05:30,1171.5,1172.8,1170.7,1171.5,71897,0
2026-06-09T13:05:00+05:30,1171.9,1171.9,1170.5,1171.0,67105,0
2026-06-09T13:10:00+05:30,1170.7,1172.9,1170.5,1172.8,131108,0
2026-06-09T13:15:00+05:30,1172.8,1175.2,1172.0,1172.0,202462,0
2026-06-09T13:20:00+05:30,1172.3,1172.8,1170.8,1172.3,102486,0
2026-06-09T13:25:00+05:30,1172.1,1172.7,1171.7,1172.1,67563,0
2026-06-09T13:30:00+05:30,1172.1,1172.4,1171.0,1171.7,79226,0
2026-06-09T13:35:00+05:30,1171.7,1174.1,1171.4,1173.9,77851,0
2026-06-09T13:40:00+05:30,1173.9,1175.5,1172.6,1174.1,118726,0
2026-06-09T13:45:00+05:30,1174.1,1174.5,1173.0,1173.1,126687,0
2026-06-09T13:50:00+05:30,1173.3,1173.7,1172.3,1173.0,68957,0
2026-06-09T13:55:00+05:30,1173.0,1174.5,1172.5,1173.2,83649,0
2026-06-09T14:00:00+05:30,1173.1,1173.6,1172.0,1172.5,78154,0
2026-06-09T14:05:00+05:30,1172.4,1173.6,1172.1,1172.7,74209,0
2026-06-09T14:10:00+05:30,1172.7,1173.6,1172.0,1173.0,81598,0
2026-06-09T14:15:00+05:30,1173.0,1175.0,1173.0,1174.3,118159,0
2026-06-09T14:20:00+05:30,1174.3,1174.4,1173.0,1173.6,107470,0
2026-06-09T14:25:00+05:30,1173.9,1174.9,1173.2,1174.9,85737,0
2026-06-09T14:30:00+05:30,1174.4,1175.8,1174.3,1175.3,77664,0
2026-06-09T14:35:00+05:30,1175.3,1175.8,1174.0,1174.7,101785,0
2026-06-09T14:40:00+05:30,1174.6,1175.3,1173.5,1174.5,103429,0
2026-06-09T14:45:00+05:30,1174.5,1175.8,1173.9,1175.6,95570,0
2026-06-09T14:50:00+05:30,1175.5,1176.9,1175.0,1176.5,216846,0
2026-06-09T14:55:00+05:30,1176.4,1178.6,1176.4,1178.1,231324,0
2026-06-09T15:00:00+05:30,1178.0,1178.7,1176.6,1178.2,409865,0
2026-06-09T15:05:00+05:30,1178.2,1182.1,1178.1,1182.0,537390,0
2026-06-09T15:10:00+05:30,1182.0,1183.9,1180.0,1180.0,479633,0
2026-06-09T15:15:00+05:30,1180.0,1180.7,1178.9,1180.1,438748,0
2026-06-09T15:20:00+05:30,1180.1,1181.9,1180.0,1180.6,372586,0
2026-06-09T15:25:00+05:30,1180.5,1183.2,1180.5,1181.7,461204,0
2026-06-10T09:15:00+05:30,1160.1,1166.0,1159.1,1165.3,504076,0
2026-06-10T09:20:00+05:30,1165.3,1166.4,1160.1,1162.3,170360,0
2026-06-10T09:25:00+05:30,1162.2,1163.4,1161.0,1161.5,87181,0
2026-06-10T09:30:00+05:30,1161.5,1162.7,1161.0,1162.6,65973,0
2026-06-10T09:35:00+05:30,1162.5,1163.4,1160.3,1161.4,118155,0
2026-06-10T09:40:00+05:30,1161.4,1166.8,1160.0,1165.3,190016,0
2026-06-10T09:45:00+05:30,1165.3,1169.4,1164.9,1168.0,278020,0
2026-06-10T09:50:00+05:30,1168.3,1171.4,1167.0,1169.5,269358,0
2026-06-10T09:55:00+05:30,1169.5,1170.9,1167.9,1169.0,134850,0
2026-06-10T10:00:00+05:30,1168.3,1169.2,1166.5,1168.0,80439,0
2026-06-10T10:05:00+05:30,1168.2,1168.3,1167.0,1167.6,47567,0
2026-06-10T10:10:00+05:30,1167.6,1167.9,1163.0,1163.3,211896,0
2026-06-10T10:15:00+05:30,1163.4,1164.5,1163.0,1164.2,79402,0
2026-06-10T10:20:00+05:30,1164.3,1165.5,1161.0,1161.5,97978,0
2026-06-10T10:25:00+05:30,1161.5,1161.9,1160.4,1160.7,56079,0
2026-06-10T10:30:00+05:30,1160.6,1160.7,1158.5,1159.1,113277,0
2026-06-10T10:35:00+05:30,1159.3,1159.9,1157.7,1158.6,67875,0
2026-06-10T10:40:00+05:30,1158.6,1159.1,1157.5,1158.5,54088,0
2026-06-10T10:45:00+05:30,1158.5,1159.4,1158.5,1159.0,31394,0
2026-06-10T10:50:00+05:30,1159.1,1159.2,1158.0,1158.6,58807,0
2026-06-10T10:55:00+05:30,1158.6,1159.1,1157.9,1159.1,47834,0
2026-06-10T11:00:00+05:30,1159.1,1159.5,1158.0,1158.1,37067,0
2026-06-10T11:05:00+05:30,1158.3,1160.6,1158.0,1160.0,91992,0
2026-06-10T11:10:00+05:30,1160.0,1160.4,1158.2,1158.8,86831,0
2026-06-10T11:15:00+05:30,1158.8,1160.9,1156.4,1156.5,149373,0
2026-06-10T11:20:00+05:30,1156.6,1156.7,1155.0,1156.2,109786,0
2026-06-10T11:25:00+05:30,1156.3,1156.4,1154.5,1155.5,139248,0
2026-06-10T11:30:00+05:30,1155.7,1155.8,1155.0,1155.2,54432,0
2026-06-10T11:35:00+05:30,1155.1,1156.3,1155.0,1155.9,49617,0
2026-06-10T11:40:00+05:30,1155.9,1156.4,1155.1,1155.1,48933,0
2026-06-10T11:45:00+05:30,1155.1,1155.1,1152.5,1154.3,186609,0
2026-06-10T11:50:00+05:30,1154.3,1154.8,1153.6,1154.4,30772,0
2026-06-10T11:55:00+05:30,1154.4,1157.9,1154.1,1157.3,75805,0
2026-06-10T12:00:00+05:30,1157.2,1157.3,1154.6,1155.3,31014,0
2026-06-10T12:05:00+05:30,1155.2,1155.7,1153.9,1154.5,39108,0
2026-06-10T12:10:00+05:30,1154.5,1154.8,1154.0,1154.8,31200,0
2026-06-10T12:15:00+05:30,1154.8,1154.8,1153.0,1153.3,40875,0
2026-06-10T12:20:00+05:30,1153.3,1153.4,1152.0,1152.0,74696,0
2026-06-10T12:25:00+05:30,1152.2,1152.2,1150.8,1151.5,69495,0
2026-06-10T12:30:00+05:30,1151.5,1152.9,1151.4,1152.8,42231,0
2026-06-10T12:35:00+05:30,1152.7,1152.8,1151.5,1151.7,33749,0
2026-06-10T12:40:00+05:30,1151.5,1151.8,1150.9,1151.1,41933,0
2026-06-10T12:45:00+05:30,1151.1,1151.2,1150.5,1151.1,41657,0
2026-06-10T12:50:00+05:30,1151.1,1152.9,1150.7,1151.0,83024,0
2026-06-10T12:55:00+05:30,1150.9,1151.6,1150.0,1151.2,223251,0
2026-06-10T13:00:00+05:30,1151.2,1151.9,1151.0,1151.8,33764,0
2026-06-10T13:05:00+05:30,1151.8,1151.8,1150.6,1150.7,27644,0
2026-06-10T13:10:00+05:30,1150.7,1150.9,1148.7,1149.3,108700,0
2026-06-10T13:15:00+05:30,1149.3,1149.3,1148.0,1148.2,76627,0
2026-06-10T13:20:00+05:30,1148.2,1148.2,1146.5,1146.7,111126,0
2026-06-10T13:25:00+05:30,1146.7,1150.6,1146.1,1150.6,194056,0
2026-06-10T13:30:00+05:30,1150.5,1152.9,1149.6,1150.2,274870,0
2026-06-10T13:35:00+05:30,1150.1,1152.4,1149.8,1151.4,158402,0
2026-06-10T13:40:00+05:30,1151.2,1151.4,1149.1,1150.1,73410,0
2026-06-10T13:45:00+05:30,1150.4,1150.9,1148.6,1148.9,137789,0
2026-06-10T13:50:00+05:30,1148.8,1149.8,1148.5,1149.5,55199,0
2026-06-10T13:55:00+05:30,1149.6,1149.9,1148.8,1149.8,48156,0
2026-06-10T14:00:00+05:30,1149.7,1150.4,1149.0,1150.4,42533,0
2026-06-10T14:05:00+05:30,1150.4,1150.4,1149.1,1149.6,26966,0
2026-06-10T14:10:00+05:30,1149.6,1149.6,1148.6,1149.4,42724,0
2026-06-10T14:15:00+05:30,1149.4,1150.2,1148.8,1149.1,49580,0
2026-06-10T14:20:00+05:30,1149.2,1149.7,1147.6,1148.6,94584,0
2026-06-10T14:25:00+05:30,1148.6,1148.9,1147.5,1148.0,88647,0
2026-06-10T14:30:00+05:30,1148.1,1148.1,1146.1,1147.5,137558,0
2026-06-10T14:35:00+05:30,1147.6,1148.8,1147.2,1148.1,140946,0
2026-06-10T14:40:00+05:30,1148.1,1150.3,1146.3,1147.0,232029,0
2026-06-10T14:45:00+05:30,1147.0,1147.3,1145.3,1146.1,93345,0
2026-06-10T14:50:00+05:30,1146.1,1146.5,1145.0,1145.7,66479,0
2026-06-10T14:55:00+05:30,1145.7,1145.7,1145.0,1145.6,76029,0
2026-06-10T15:00:00+05:30,1145.5,1145.7,1143.3,1144.7,259976,0
2026-06-10T15:05:00+05:30,1144.8,1148.3,1144.0,1144.8,326654,0
2026-06-10T15:10:00+05:30,1144.9,1146.6,1144.2,1145.1,283495,0
2026-06-10T15:15:00+05:30,1145.0,1147.0,1144.5,1145.8,312279,0
2026-06-10T15:20:00+05:30,1145.8,1146.7,1143.4,1145.5,359796,0
2026-06-10T15:25:00+05:30,1145.7,1147.5,1143.5,1144.0,219609,0
2026-06-11T09:15:00+05:30,1129.7,1133.7,1113.9,1117.1,542945,0
2026-06-11T09:20:00+05:30,1117.1,1119.9,1114.5,1116.2,352334,0
2026-06-11T09:25:00+05:30,1116.2,1116.7,1111.1,1114.3,274523,0
2026-06-11T09:30:00+05:30,1114.8,1114.8,1109.0,1110.8,305844,0
2026-06-11T09:35:00+05:30,1110.9,1116.0,1109.6,1112.7,206618,0
2026-06-11T09:40:00+05:30,1113.0,1116.0,1111.7,1112.8,199977,0
2026-06-11T09:45:00+05:30,1112.8,1116.7,1112.5,1115.3,111704,0
2026-06-11T09:50:00+05:30,1115.7,1115.8,1110.0,1111.5,243655,0
2026-06-11T09:55:00+05:30,1111.9,1114.2,1111.3,1111.4,176671,0
2026-06-11T10:00:00+05:30,1111.8,1114.2,1110.3,1110.5,177346,0
2026-06-11T10:05:00+05:30,1110.8,1113.9,1110.3,1113.0,119022,0
2026-06-11T10:10:00+05:30,1113.1,1114.0,1111.3,1111.5,86926,0
2026-06-11T10:15:00+05:30,1111.5,1113.0,1110.0,1112.8,111305,0
2026-06-11T10:20:00+05:30,1113.0,1116.0,1112.0,1113.0,147716,0
2026-06-11T10:25:00+05:30,1113.2,1120.9,1112.5,1116.8,327030,0
2026-06-11T10:30:00+05:30,1116.8,1122.0,1116.4,1118.9,317166,0
2026-06-11T10:35:00+05:30,1118.9,1120.5,1117.5,1118.5,95575,0
2026-06-11T10:40:00+05:30,1118.5,1120.7,1117.5,1118.4,83434,0
2026-06-11T10:45:00+05:30,1118.4,1118.9,1117.5,1117.5,58574,0
2026-06-11T10:50:00+05:30,1117.6,1119.3,1116.1,1118.6,100031,0
2026-06-11T10:55:00+05:30,1118.6,1119.5,1117.8,1118.5,58332,0
2026-06-11T11:00:00+05:30,1118.7,1121.0,1118.4,1119.7,84236,0
2026-06-11T11:05:00+05:30,1119.8,1122.4,1119.7,1120.2,85080,0
2026-06-11T11:10:00+05:30,1120.5,1121.0,1118.0,1118.1,68005,0
2026-06-11T11:15:00+05:30,1118.4,1121.6,1118.0,1119.7,55477,0
2026-06-11T11:20:00+05:30,1119.7,1121.4,1116.1,1118.0,115339,0
2026-06-11T11:25:00+05:30,1118.0,1118.2,1116.1,1117.0,52924,0
2026-06-11T11:30:00+05:30,1117.0,1119.4,1116.2,1119.0,87028,0
2026-06-11T11:35:00+05:30,1119.0,1121.5,1118.0,1119.3,93733,0
2026-06-11T11:40:00+05:30,1119.3,1120.8,1118.0,1120.3,55328,0
2026-06-11T11:45:00+05:30,1120.3,1122.7,1119.8,1121.2,79235,0
2026-06-11T11:50:00+05:30,1121.2,1122.0,1120.4,1121.1,50838,0
2026-06-11T11:55:00+05:30,1121.0,1125.2,1120.5,1123.1,139998,0
2026-06-11T12:00:00+05:30,1123.1,1125.6,1123.0,1124.7,67517,0
2026-06-11T12:05:00+05:30,1124.6,1125.4,1123.1,1123.5,83913,0
2026-06-11T12:10:00+05:30,1123.8,1123.8,1121.4,1122.5,39001,0
2026-06-11T12:15:00+05:30,1122.5,1124.9,1121.7,1122.0,74973,0
2026-06-11T12:20:00+05:30,1122.0,1122.6,1120.1,1120.9,38930,0
2026-06-11T12:25:00+05:30,1121.0,1121.5,1120.0,1120.5,38193,0
2026-06-11T12:30:00+05:30,1120.8,1122.0,1120.4,1121.6,34033,0
2026-06-11T12:35:00+05:30,1121.6,1124.8,1121.0,1123.4,73099,0
2026-06-11T12:40:00+05:30,1123.4,1123.4,1119.5,1120.4,66486,0
2026-06-11T12:45:00+05:30,1120.4,1121.0,1117.2,1117.8,64643,0
2026-06-11T12:50:00+05:30,1117.9,1120.7,1117.4,1118.7,42514,0
2026-06-11T12:55:00+05:30,1118.7,1120.9,1117.8,1120.5,33927,0
2026-06-11T13:00:00+05:30,1120.5,1121.8,1119.5,1119.6,32742,0
2026-06-11T13:05:00+05:30,1119.6,1120.0,1118.1,1118.7,27501,0
2026-06-11T13:10:00+05:30,1118.7,1119.5,1118.0,1119.2,42567,0
2026-06-11T13:15:00+05:30,1119.2,1120.3,1118.6,1119.6,59476,0
2026-06-11T13:20:00+05:30,1119.6,1120.2,1118.0,1119.1,42836,0
2026-06-11T13:25:00+05:30,1119.1,1119.1,1118.0,1119.0,34220,0
2026-06-11T13:30:00+05:30,1119.0,1119.9,1117.2,1117.2,57326,0
2026-06-11T13:35:00+05:30,1117.6,1118.1,1117.0,1117.1,46768,0
2026-06-11T13:40:00+05:30,1117.1,1117.7,1115.7,1115.9,55755,0
2026-06-11T13:45:00+05:30,1115.9,1117.0,1115.3,1116.1,56931,0
2026-06-11T13:50:00+05:30,1116.1,1116.1,1114.3,1115.3,78468,0
2026-06-11T13:55:00+05:30,1115.3,1116.6,1114.7,1115.6,61819,0
2026-06-11T14:00:00+05:30,1115.6,1116.4,1114.9,1115.9,63626,0
2026-06-11T14:05:00+05:30,1115.9,1116.8,1115.0,1115.1,74246,0
2026-06-11T14:10:00+05:30,1115.5,1117.1,1115.0,1116.0,62029,0
2026-06-11T14:15:00+05:30,1116.0,1116.3,1115.5,1116.2,44267,0
2026-06-11T14:20:00+05:30,1116.2,1117.4,1115.8,1116.0,65985,0
2026-06-11T14:25:00+05:30,1116.0,1119.7,1115.7,1118.8,95713,0
2026-06-11T14:30:00+05:30,1118.8,1120.1,1118.2,1119.2,83700,0
2026-06-11T14:35:00+05:30,1119.3,1120.0,1117.5,1118.1,146211,0
2026-06-11T14:40:00+05:30,1118.4,1119.4,1116.6,1116.9,70051,0
2026-06-11T14:45:00+05:30,1116.9,1117.9,1115.5,1117.3,157830,0
2026-06-11T14:50:00+05:30,1117.5,1117.5,1115.3,1116.6,147105,0
2026-06-11T14:55:00+05:30,1116.6,1116.6,1115.2,1115.8,101238,0
2026-06-11T15:00:00+05:30,1115.8,1117.7,1112.0,1112.5,292557,0
2026-06-11T15:05:00+05:30,1112.0,1113.8,1112.0,1112.7,413884,0
2026-06-11T15:10:00+05:30,1112.7,1114.5,1112.6,1114.0,282023,0
2026-06-11T15:15:00+05:30,1114.0,1117.1,1113.7,1116.6,297356,0
2026-06-11T15:20:00+05:30,1116.5,1117.2,1115.1,1117.0,327869,0
2026-06-11T15:25:00+05:30,1117.0,1119.8,1116.0,1119.5,280504,0
2026-06-12T09:15:00+05:30,1120.0,1123.3,1115.5,1116.7,353948,0
2026-06-12T09:20:00+05:30,1117.0,1117.5,1114.3,1116.1,184001,0
2026-06-12T09:25:00+05:30,1116.1,1118.0,1115.2,1116.3,98967,0
2026-06-12T09:30:00+05:30,1116.4,1117.9,1114.3,1117.9,94375,0
2026-06-12T09:35:00+05:30,1117.8,1118.9,1116.0,1116.5,80661,0
2026-06-12T09:40:00+05:30,1116.4,1116.9,1114.8,1115.0,54303,0
2026-06-12T09:45:00+05:30,1115.0,1115.0,1113.1,1113.3,93196,0
2026-06-12T09:50:00+05:30,1113.3,1113.5,1112.0,1112.1,79425,0
2026-06-12T09:55:00+05:30,1112.1,1112.9,1111.5,1112.3,61650,0
2026-06-12T10:00:00+05:30,1112.6,1114.0,1112.3,1113.4,63991,0
2026-06-12T10:05:00+05:30,1113.2,1113.5,1111.8,1112.3,42984,0
2026-06-12T10:10:00+05:30,1112.4,1114.6,1112.3,1114.3,49226,0
2026-06-12T10:15:00+05:30,1114.4,1115.0,1113.6,1114.7,49061,0
2026-06-12T10:20:00+05:30,1114.7,1117.3,1114.5,1116.8,110462,0
2026-06-12T10:25:00+05:30,1116.8,1117.4,1116.0,1116.9,52338,0
2026-06-12T10:30:00+05:30,1116.9,1117.0,1115.2,1115.9,38943,0
2026-06-12T10:35:00+05:30,1115.9,1116.5,1115.2,1116.5,31032,0
2026-06-12T10:40:00+05:30,1116.5,1120.8,1115.7,1120.5,180170,0
2026-06-12T10:45:00+05:30,1120.6,1121.8,1119.8,1120.1,107386,0
2026-06-12T10:50:00+05:30,1120.4,1121.2,1119.2,1119.3,48276,0
2026-06-12T10:55:00+05:30,1119.4,1119.8,1118.6,1118.8,27405,0
2026-06-12T11:00:00+05:30,1118.9,1119.7,1118.5,1119.2,26930,0
2026-06-12T11:05:00+05:30,1119.2,1123.0,1119.1,1122.1,72428,0
2026-06-12T11:10:00+05:30,1122.1,1122.5,1120.5,1120.8,54260,0
2026-06-12T11:15:00+05:30,1120.8,1121.4,1120.2,1120.9,24338,0
2026-06-12T11:20:00+05:30,1120.7,1121.0,1118.2,1118.8,39920,0
2026-06-12T11:25:00+05:30,1118.8,1119.1,1117.0,1117.6,35064,0
2026-06-12T11:30:00+05:30,1117.6,1118.4,1117.4,1117.5,28592,0
2026-06-12T11:35:00+05:30,1117.7,1118.4,1117.0,1118.0,26743,0
2026-06-12T11:40:00+05:30,1118.0,1118.4,1117.5,1117.9,23385,0
2026-06-12T11:45:00+05:30,1117.9,1118.8,1117.2,1118.8,33377,0
2026-06-12T11:50:00+05:30,1118.8,1119.0,1117.8,1118.6,17985,0
2026-06-12T11:55:00+05:30,1118.6,1119.0,1118.1,1118.6,20909,0
2026-06-12T12:00:00+05:30,1118.6,1119.6,1118.3,1118.9,26850,0
2026-06-12T12:05:00+05:30,1119.0,1119.8,1118.3,1118.5,21668,0
2026-06-12T12:10:00+05:30,1118.5,1118.6,1117.7,1118.1,94342,0
2026-06-12T12:15:00+05:30,1118.1,1118.6,1117.6,1118.1,43531,0
2026-06-12T12:20:00+05:30,1118.2,1118.7,1118.1,1118.5,39807,0
2026-06-12T12:25:00+05:30,1118.6,1119.5,1118.5,1118.9,23433,0
2026-06-12T12:30:00+05:30,1119.0,1119.1,1117.5,1118.1,38547,0
2026-06-12T12:35:00+05:30,1118.2,1119.9,1117.5,1118.8,64457,0
2026-06-12T12:40:00+05:30,1118.8,1119.3,1117.2,1117.9,83703,0
2026-06-12T12:45:00+05:30,1117.9,1118.1,1116.1,1117.0,87232,0
2026-06-12T12:50:00+05:30,1117.0,1117.8,1116.6,1117.1,30727,0
2026-06-12T12:55:00+05:30,1117.1,1117.5,1116.5,1117.0,42469,0
2026-06-12T13:00:00+05:30,1117.1,1117.5,1116.8,1117.0,31327,0
2026-06-12T13:05:00+05:30,1117.0,1117.3,1115.7,1116.4,92823,0
2026-06-12T13:10:00+05:30,1116.4,1116.8,1115.4,1115.7,32608,0
2026-06-12T13:15:00+05:30,1116.0,1116.9,1115.6,1116.0,23804,0
2026-06-12T13:20:00+05:30,1116.1,1116.3,1114.6,1114.9,45964,0
2026-06-12T13:25:00+05:30,1114.9,1118.7,1114.0,1116.5,51010,0
2026-06-12T13:30:00+05:30,1116.4,1117.6,1115.7,1115.7,28747,0
2026-06-12T13:35:00+05:30,1115.8,1118.1,1115.8,1117.3,41784,0
2026-06-12T13:40:00+05:30,1117.3,1118.0,1116.2,1117.2,70948,0
2026-06-12T13:45:00+05:30,1117.2,1119.5,1117.2,1118.9,61444,0
2026-06-12T13:50:00+05:30,1118.9,1119.0,1117.6,1118.0,36121,0
2026-06-12T13:55:00+05:30,1118.1,1119.2,1117.5,1118.3,52359,0
2026-06-12T14:00:00+05:30,1118.5,1119.0,1118.2,1118.3,42363,0
2026-06-12T14:05:00+05:30,1118.4,1118.4,1117.0,1117.7,36870,0
2026-06-12T14:10:00+05:30,1117.6,1118.4,1117.3,1117.8,35192,0
2026-06-12T14:15:00+05:30,1117.7,1119.0,1117.0,1118.0,87226,0
2026-06-12T14:20:00+05:30,1118.2,1118.4,1117.1,1117.1,35394,0
2026-06-12T14:25:00+05:30,1117.2,1117.4,1113.2,1114.6,320854,0
2026-06-12T14:30:00+05:30,1114.6,1115.0,1113.3,1113.6,199638,0
2026-06-12T14:35:00+05:30,1113.6,1114.0,1112.4,1113.7,218892,0
2026-06-12T14:40:00+05:30,1113.7,1114.2,1113.3,1113.8,218887,0
2026-06-12T14:45:00+05:30,1113.8,1115.3,1113.5,1114.9,224278,0
2026-06-12T14:50:00+05:30,1115.0,1115.2,1114.3,1114.9,184116,0
2026-06-12T14:55:00+05:30,1114.9,1115.8,1114.5,1115.0,182697,0
2026-06-12T15:00:00+05:30,1115.0,1117.8,1113.8,1117.4,392096,0
2026-06-12T15:05:00+05:30,1117.4,1119.9,1116.2,1116.6,323080,0
2026-06-12T15:10:00+05:30,1116.7,1116.7,1115.6,1116.0,265243,0
2026-06-12T15:15:00+05:30,1116.0,1117.3,1114.0,1117.0,543211,0
2026-06-12T15:20:00+05:30,1117.0,1117.3,1115.2,1116.9,402806,0
2026-06-12T15:25:00+05:30,1116.9,1119.1,1115.8,1118.5,850163,0
2026-06-15T09:15:00+05:30,1130.0,1134.1,1123.0,1130.2,370196,0
2026-06-15T09:20:00+05:30,1130.7,1131.9,1128.4,1130.0,112913,0
2026-06-15T09:25:00+05:30,1130.2,1130.2,1124.5,1128.0,103226,0
2026-06-15T09:30:00+05:30,1128.0,1128.2,1124.0,1125.2,124964,0
2026-06-15T09:35:00+05:30,1125.2,1126.2,1124.1,1126.2,56522,0
2026-06-15T09:40:00+05:30,1126.4,1129.9,1125.7,1129.9,80230,0
2026-06-15T09:45:00+05:30,1129.8,1131.0,1128.4,1129.0,76936,0
2026-06-15T09:50:00+05:30,1129.0,1130.5,1128.2,1128.7,49578,0
2026-06-15T09:55:00+05:30,1129.1,1130.2,1125.5,1126.3,74172,0
2026-06-15T10:00:00+05:30,1126.3,1127.0,1125.1,1126.0,61694,0
2026-06-15T10:05:00+05:30,1126.0,1126.2,1124.5,1125.5,36108,0
2026-06-15T10:10:00+05:30,1125.5,1125.8,1125.0,1125.5,24396,0
2026-06-15T10:15:00+05:30,1125.5,1129.1,1124.6,1129.0,77949,0
2026-06-15T10:20:00+05:30,1129.0,1130.7,1128.1,1130.0,83128,0
2026-06-15T10:25:00+05:30,1130.2,1132.2,1128.8,1131.6,167072,0
2026-06-15T10:30:00+05:30,1131.8,1132.4,1130.5,1132.0,33688,0
2026-06-15T10:35:00+05:30,1132.0,1133.3,1131.5,1132.5,46568,0
2026-06-15T10:40:00+05:30,1132.5,1133.9,1130.5,1132.9,223948,0
2026-06-15T10:45:00+05:30,1132.9,1133.0,1132.1,1132.3,43619,0
2026-06-15T10:50:00+05:30,1132.3,1135.0,1132.1,1134.9,136741,0
2026-06-15T10:55:00+05:30,1135.0,1148.8,1134.3,1146.3,450464,0
2026-06-15T11:00:00+05:30,1146.3,1146.8,1140.8,1145.8,196122,0
2026-06-15T11:05:00+05:30,1145.8,1150.7,1144.5,1148.0,195203,0
2026-06-15T11:10:00+05:30,1148.0,1151.0,1146.6,1147.8,109739,0
2026-06-15T11:15:00+05:30,1147.8,1147.8,1144.7,1145.0,69476,0
2026-06-15T11:20:00+05:30,1145.4,1147.4,1144.0,1144.4,100871,0
2026-06-15T11:25:00+05:30,1144.4,1145.1,1142.8,1143.6,42392,0
2026-06-15T11:30:00+05:30,1143.9,1143.9,1140.5,1140.6,218647,0
2026-06-15T11:35:00+05:30,1141.1,1142.4,1140.5,1141.8,50019,0
2026-06-15T11:40:00+05:30,1141.8,1141.8,1137.5,1137.8,89591,0
2026-06-15T11:45:00+05:30,1137.9,1142.9,1135.7,1142.0,233782,0
2026-06-15T11:50:00+05:30,1142.0,1142.0,1139.9,1141.2,104436,0
2026-06-15T11:55:00+05:30,1141.5,1141.5,1139.9,1140.3,33209,0
2026-06-15T12:00:00+05:30,1140.7,1141.8,1140.5,1140.6,27364,0
2026-06-15T12:05:00+05:30,1140.9,1141.0,1139.2,1140.4,57702,0
2026-06-15T12:10:00+05:30,1140.6,1141.0,1139.9,1140.7,34722,0
2026-06-15T12:15:00+05:30,1140.7,1140.7,1136.0,1136.9,206932,0
2026-06-15T12:20:00+05:30,1137.0,1137.9,1135.7,1136.7,47997,0
2026-06-15T12:25:00+05:30,1136.8,1138.0,1136.4,1137.0,34452,0
2026-06-15T12:30:00+05:30,1137.0,1137.6,1136.4,1137.6,20997,0
2026-06-15T12:35:00+05:30,1137.6,1137.8,1136.4,1136.7,22812,0
2026-06-15T12:40:00+05:30,1136.9,1138.4,1136.3,1138.4,28068,0
2026-06-15T12:45:00+05:30,1138.5,1138.9,1137.2,1137.5,30830,0
2026-06-15T12:50:00+05:30,1137.7,1139.5,1137.0,1138.5,44008,0
2026-06-15T12:55:00+05:30,1138.8,1139.9,1135.3,1136.0,212448,0
2026-06-15T13:00:00+05:30,1136.0,1136.2,1135.1,1135.5,240829,0
2026-06-15T13:05:00+05:30,1135.5,1136.1,1134.8,1135.8,229326,0
2026-06-15T13:10:00+05:30,1136.0,1136.9,1135.2,1135.6,39755,0
2026-06-15T13:15:00+05:30,1135.6,1136.0,1135.0,1135.4,37419,0
2026-06-15T13:20:00+05:30,1135.5,1136.8,1135.4,1135.9,38204,0
2026-06-15T13:25:00+05:30,1136.0,1136.6,1135.7,1136.2,35068,0
2026-06-15T13:30:00+05:30,1136.6,1137.5,1136.0,1136.0,36945,0
2026-06-15T13:35:00+05:30,1136.3,1136.7,1135.8,1135.8,24197,0
2026-06-15T13:40:00+05:30,1135.9,1136.0,1134.7,1135.5,145470,0
2026-06-15T13:45:00+05:30,1135.7,1136.4,1135.3,1136.4,30497,0
2026-06-15T13:50:00+05:30,1136.5,1136.5,1134.2,1135.8,65237,0
2026-06-15T13:55:00+05:30,1135.9,1137.6,1135.7,1137.0,56295,0
2026-06-15T14:00:00+05:30,1137.2,1137.8,1136.5,1136.8,53777,0
2026-06-15T14:05:00+05:30,1137.2,1138.8,1136.7,1137.9,85684,0
2026-06-15T14:10:00+05:30,1138.0,1138.2,1137.2,1137.3,34359,0
2026-06-15T14:15:00+05:30,1137.5,1137.8,1137.0,1137.5,33964,0
2026-06-15T14:20:00+05:30,1137.8,1138.1,1134.9,1135.8,154562,0
2026-06-15T14:25:00+05:30,1135.9,1137.7,1135.8,1136.3,155679,0
2026-06-15T14:30:00+05:30,1136.7,1137.9,1136.4,1137.2,43339,0
2026-06-15T14:35:00+05:30,1137.4,1137.9,1135.6,1135.8,109701,0
2026-06-15T14:40:00+05:30,1136.2,1136.4,1135.6,1136.0,41402,0
2026-06-15T14:45:00+05:30,1136.1,1137.0,1135.2,1136.4,82858,0
2026-06-15T14:50:00+05:30,1136.6,1136.9,1135.0,1136.0,85357,0
2026-06-15T14:55:00+05:30,1136.1,1136.4,1135.3,1135.9,36574,0
2026-06-15T15:00:00+05:30,1136.0,1137.0,1133.1,1134.5,288275,0
2026-06-15T15:05:00+05:30,1134.7,1134.8,1132.6,1133.8,196901,0
2026-06-15T15:10:00+05:30,1134.0,1135.0,1133.0,1134.7,200045,0
2026-06-15T15:15:00+05:30,1134.7,1136.0,1134.4,1136.0,184553,0
2026-06-15T15:20:00+05:30,1136.0,1136.8,1135.4,1136.4,215920,0
2026-06-15T15:25:00+05:30,1136.4,1137.9,1135.0,1135.6,176729,0
2026-06-16T09:15:00+05:30,1136.9,1136.9,1123.2,1136.1,744928,0
2026-06-16T09:20:00+05:30,1136.1,1139.7,1133.2,1135.4,356193,0
2026-06-16T09:25:00+05:30,1135.9,1138.0,1134.1,1136.7,213750,0
2026-06-16T09:30:00+05:30,1136.6,1143.4,1136.0,1142.0,205867,0
2026-06-16T09:35:00+05:30,1142.2,1145.4,1140.0,1144.5,248602,0
2026-06-16T09:40:00+05:30,1144.3,1145.0,1142.1,1142.9,141435,0
2026-06-16T09:45:00+05:30,1142.6,1144.0,1140.7,1142.0,118805,0
2026-06-16T09:50:00+05:30,1142.1,1142.2,1140.2,1141.2,94611,0
2026-06-16T09:55:00+05:30,1141.4,1143.3,1141.0,1143.3,79073,0
2026-06-16T10:00:00+05:30,1143.2,1144.8,1140.3,1141.0,78847,0
2026-06-16T10:05:00+05:30,1141.0,1142.5,1140.2,1141.5,58965,0
2026-06-16T10:10:00+05:30,1141.6,1142.0,1140.2,1141.8,77020,0
2026-06-16T10:15:00+05:30,1141.9,1147.0,1141.7,1145.5,146539,0
2026-06-16T10:20:00+05:30,1146.1,1153.3,1145.9,1149.9,315935,0
2026-06-16T10:25:00+05:30,1150.3,1151.0,1148.0,1148.5,73321,0
2026-06-16T10:30:00+05:30,1148.2,1153.8,1146.7,1147.4,113325,0
2026-06-16T10:35:00+05:30,1147.4,1148.3,1145.2,1146.6,92112,0
2026-06-16T10:40:00+05:30,1146.4,1147.5,1144.8,1144.9,68802,0
2026-06-16T10:45:00+05:30,1144.9,1146.1,1144.1,1144.2,90483,0
2026-06-16T10:50:00+05:30,1144.2,1145.2,1143.4,1144.6,105641,0
2026-06-16T10:55:00+05:30,1144.7,1145.9,1144.5,1144.9,76576,0
2026-06-16T11:00:00+05:30,1144.9,1145.8,1143.0,1143.7,76117,0
2026-06-16T11:05:00+05:30,1143.8,1144.0,1143.0,1143.3,55761,0
2026-06-16T11:10:00+05:30,1143.3,1144.4,1142.0,1143.3,66813,0
2026-06-16T11:15:00+05:30,1143.2,1143.8,1140.7,1140.9,78782,0
2026-06-16T11:20:00+05:30,1141.0,1142.0,1140.3,1140.3,67023,0
2026-06-16T11:25:00+05:30,1140.4,1140.9,1135.9,1136.6,172813,0
2026-06-16T11:30:00+05:30,1136.6,1138.8,1136.1,1137.6,93108,0
2026-06-16T11:35:00+05:30,1138.0,1138.0,1135.2,1136.0,161024,0
2026-06-16T11:40:00+05:30,1135.8,1136.0,1134.8,1135.1,123344,0
2026-06-16T11:45:00+05:30,1135.1,1137.5,1134.0,1137.5,129084,0
2026-06-16T11:50:00+05:30,1137.4,1139.7,1136.8,1136.9,152641,0
2026-06-16T11:55:00+05:30,1137.3,1138.0,1135.3,1137.2,68589,0
2026-06-16T12:00:00+05:30,1137.3,1137.5,1136.4,1137.0,39733,0
2026-06-16T12:05:00+05:30,1137.0,1137.4,1136.3,1137.4,39293,0
2026-06-16T12:10:00+05:30,1137.3,1138.0,1136.6,1136.9,42829,0
2026-06-16T12:15:00+05:30,1136.9,1137.5,1136.0,1136.1,43215,0
2026-06-16T12:20:00+05:30,1136.3,1137.4,1135.8,1136.6,37126,0
2026-06-16T12:25:00+05:30,1136.6,1138.4,1136.3,1138.3,40578,0
2026-06-16T12:30:00+05:30,1138.2,1139.3,1137.0,1137.4,54564,0
2026-06-16T12:35:00+05:30,1137.7,1139.4,1137.1,1138.1,108800,0
2026-06-16T12:40:00+05:30,1138.4,1138.7,1136.5,1138.0,48081,0
2026-06-16T12:45:00+05:30,1137.8,1139.2,1137.0,1138.9,34423,0
2026-06-16T12:50:00+05:30,1139.0,1139.5,1137.3,1137.7,39374,0
2026-06-16T12:55:00+05:30,1137.7,1138.9,1137.0,1138.6,31352,0
2026-06-16T13:00:00+05:30,1138.6,1138.9,1137.4,1138.3,24328,0
2026-06-16T13:05:00+05:30,1138.3,1140.9,1138.0,1140.3,1057137,0
2026-06-16T13:10:00+05:30,1140.5,1141.3,1139.5,1140.1,39431,0
2026-06-16T13:15:00+05:30,1140.0,1140.5,1139.0,1140.0,76360,0
2026-06-16T13:20:00+05:30,1140.0,1140.8,1138.9,1140.1,69566,0
2026-06-16T13:25:00+05:30,1140.3,1142.1,1139.5,1142.0,132083,0
2026-06-16T13:30:00+05:30,1142.0,1142.6,1141.5,1142.5,60949,0
2026-06-16T13:35:00+05:30,1142.4,1142.6,1141.1,1141.4,52544,0
2026-06-16T13:40:00+05:30,1141.8,1142.4,1141.1,1141.3,77355,0
2026-06-16T13:45:00+05:30,1141.6,1141.8,1139.0,1139.6,43631,0
2026-06-16T13:50:00+05:30,1139.6,1140.3,1139.5,1140.0,38983,0
2026-06-16T13:55:00+05:30,1140.2,1141.8,1139.7,1141.0,41442,0
2026-06-16T14:00:00+05:30,1141.0,1142.0,1140.5,1141.5,71631,0
2026-06-16T14:05:00+05:30,1141.6,1142.9,1140.1,1140.7,139908,0
2026-06-16T14:10:00+05:30,1140.9,1142.8,1140.7,1142.5,209695,0
2026-06-16T14:15:00+05:30,1142.7,1143.0,1141.8,1142.3,50863,0
2026-06-16T14:20:00+05:30,1142.2,1142.9,1141.4,1142.5,80615,0
2026-06-16T14:25:00+05:30,1142.6,1143.7,1142.3,1143.0,60126,0
2026-06-16T14:30:00+05:30,1143.1,1143.5,1142.1,1143.3,60139,0
2026-06-16T14:35:00+05:30,1143.3,1144.9,1143.0,1144.5,142756,0
2026-06-16T14:40:00+05:30,1144.6,1148.6,1144.5,1145.5,181616,0
2026-06-16T14:45:00+05:30,1145.5,1147.9,1145.0,1147.1,195946,0
2026-06-16T14:50:00+05:30,1147.5,1148.0,1146.0,1146.3,128551,0
2026-06-16T14:55:00+05:30,1146.6,1147.0,1144.2,1145.5,139695,0
2026-06-16T15:00:00+05:30,1145.6,1146.4,1141.5,1142.0,395647,0
2026-06-16T15:05:00+05:30,1142.1,1144.6,1142.0,1143.6,283110,0
2026-06-16T15:10:00+05:30,1143.7,1144.0,1142.5,1143.4,271971,0
2026-06-16T15:15:00+05:30,1143.4,1144.0,1142.2,1143.7,274358,0
2026-06-16T15:20:00+05:30,1143.7,1145.0,1142.5,1142.8,396203,0
2026-06-16T15:25:00+05:30,1142.9,1146.0,1142.2,1145.0,194240,0
2026-06-17T09:15:00+05:30,1149.0,1160.5,1148.0,1158.1,446108,0
2026-06-17T09:20:00+05:30,1158.2,1159.5,1155.1,1156.9,249858,0
2026-06-17T09:25:00+05:30,1157.3,1159.0,1153.9,1158.2,131002,0
2026-06-17T09:30:00+05:30,1158.2,1161.9,1156.8,1161.3,195628,0
2026-06-17T09:35:00+05:30,1161.6,1162.5,1160.9,1161.8,136789,0
2026-06-17T09:40:00+05:30,1161.8,1162.0,1156.6,1156.8,126098,0
2026-06-17T09:45:00+05:30,1157.0,1158.5,1154.1,1157.4,148291,0
2026-06-17T09:50:00+05:30,1157.7,1158.3,1156.6,1157.6,51979,0
2026-06-17T09:55:00+05:30,1157.7,1158.6,1157.0,1158.0,56590,0
2026-06-17T10:00:00+05:30,1158.0,1158.2,1152.9,1153.9,90763,0
2026-06-17T10:05:00+05:30,1153.9,1154.9,1153.0,1153.5,53836,0
2026-06-17T10:10:00+05:30,1153.9,1154.3,1151.3,1151.8,84807,0
2026-06-17T10:15:00+05:30,1151.9,1155.6,1151.6,1155.1,71647,0
2026-06-17T10:20:00+05:30,1155.1,1155.5,1153.3,1155.2,44417,0
2026-06-17T10:25:00+05:30,1155.3,1156.9,1154.4,1154.9,44048,0
2026-06-17T10:30:00+05:30,1155.2,1157.4,1154.9,1157.4,60528,0
2026-06-17T10:35:00+05:30,1157.4,1157.8,1155.1,1155.4,53649,0
2026-06-17T10:40:00+05:30,1155.6,1158.1,1155.6,1158.0,88159,0
2026-06-17T10:45:00+05:30,1158.1,1159.0,1157.3,1158.7,87364,0
2026-06-17T10:50:00+05:30,1158.7,1161.5,1157.9,1161.1,102739,0
2026-06-17T10:55:00+05:30,1161.2,1162.5,1160.3,1160.3,103679,0
2026-06-17T11:00:00+05:30,1160.6,1161.5,1159.0,1159.8,54618,0
2026-06-17T11:05:00+05:30,1159.8,1160.5,1158.1,1158.9,43383,0
2026-06-17T11:10:00+05:30,1158.9,1159.0,1157.0,1158.4,69113,0
2026-06-17T11:15:00+05:30,1158.4,1158.5,1157.4,1158.0,40773,0
2026-06-17T11:20:00+05:30,1158.0,1158.5,1157.2,1158.3,32188,0
2026-06-17T11:25:00+05:30,1158.3,1158.4,1156.6,1157.1,47075,0
2026-06-17T11:30:00+05:30,1157.4,1159.5,1157.1,1158.3,41538,0
2026-06-17T11:35:00+05:30,1158.4,1158.6,1156.5,1156.7,48110,0
2026-06-17T11:40:00+05:30,1156.8,1156.8,1155.1,1155.7,72730,0
2026-06-17T11:45:00+05:30,1155.7,1155.7,1154.7,1155.2,81002,0
2026-06-17T11:50:00+05:30,1155.3,1155.6,1154.1,1155.0,67949,0
2026-06-17T11:55:00+05:30,1155.0,1156.8,1154.6,1155.5,45857,0
2026-06-17T12:00:00+05:30,1155.9,1156.0,1154.1,1155.4,56249,0
2026-06-17T12:05:00+05:30,1155.3,1155.5,1154.0,1155.0,56759,0
2026-06-17T12:10:00+05:30,1155.0,1156.0,1154.3,1155.5,32992,0
2026-06-17T12:15:00+05:30,1155.9,1156.3,1155.0,1156.0,34400,0
2026-06-17T12:20:00+05:30,1155.9,1156.0,1154.5,1155.0,36059,0
2026-06-17T12:25:00+05:30,1154.8,1155.3,1154.3,1154.9,46559,0
2026-06-17T12:30:00+05:30,1154.9,1155.1,1154.2,1154.7,35259,0
2026-06-17T12:35:00+05:30,1154.7,1155.2,1153.6,1155.0,61828,0
2026-06-17T12:40:00+05:30,1155.0,1155.8,1154.6,1155.5,42744,0
2026-06-17T12:45:00+05:30,1155.5,1157.4,1155.1,1156.9,71499,0
2026-06-17T12:50:00+05:30,1157.0,1158.0,1156.9,1157.6,35026,0
2026-06-17T12:55:00+05:30,1157.7,1157.9,1157.0,1157.6,25456,0
2026-06-17T13:00:00+05:30,1157.6,1157.9,1156.8,1157.5,21660,0
2026-06-17T13:05:00+05:30,1157.7,1157.7,1156.4,1156.8,24923,0
2026-06-17T13:10:00+05:30,1157.0,1157.6,1156.4,1156.9,34921,0
2026-06-17T13:15:00+05:30,1156.9,1157.8,1156.0,1157.5,41289,0
2026-06-17T13:20:00+05:30,1157.8,1158.7,1157.3,1158.2,39426,0
2026-06-17T13:25:00+05:30,1158.2,1158.5,1157.7,1158.2,21680,0
2026-06-17T13:30:00+05:30,1158.1,1158.5,1157.5,1158.1,23851,0
2026-06-17T13:35:00+05:30,1158.1,1159.0,1157.6,1158.8,28308,0
2026-06-17T13:40:00+05:30,1158.9,1159.4,1158.4,1158.7,39092,0
2026-06-17T13:45:00+05:30,1159.1,1159.5,1158.3,1158.8,29245,0
2026-06-17T13:50:00+05:30,1158.8,1158.8,1157.0,1158.0,48891,0
2026-06-17T13:55:00+05:30,1158.0,1158.0,1156.6,1157.6,62350,0
2026-06-17T14:00:00+05:30,1157.9,1160.0,1157.5,1159.7,44028,0
2026-06-17T14:05:00+05:30,1159.5,1159.9,1158.5,1158.7,28055,0
2026-06-17T14:10:00+05:30,1158.7,1158.7,1157.2,1157.4,32221,0
2026-06-17T14:15:00+05:30,1157.6,1158.5,1156.3,1157.8,71416,0
2026-06-17T14:20:00+05:30,1157.8,1158.5,1157.2,1157.5,34045,0
2026-06-17T14:25:00+05:30,1157.9,1157.9,1156.0,1156.4,37865,0
2026-06-17T14:30:00+05:30,1156.4,1156.7,1155.3,1156.0,42724,0
2026-06-17T14:35:00+05:30,1156.0,1158.7,1155.3,1158.0,74631,0
2026-06-17T14:40:00+05:30,1158.0,1159.5,1157.7,1158.9,65537,0
2026-06-17T14:45:00+05:30,1158.9,1160.5,1158.4,1159.5,420283,0
2026-06-17T14:50:00+05:30,1160.0,1160.9,1158.4,1158.8,94988,0
2026-06-17T14:55:00+05:30,1158.9,1160.6,1158.7,1159.9,94455,0
2026-06-17T15:00:00+05:30,1160.0,1160.5,1158.6,1158.9,163557,0
2026-06-17T15:05:00+05:30,1158.9,1159.7,1158.6,1159.0,126386,0
2026-06-17T15:10:00+05:30,1159.1,1159.2,1156.3,1157.0,168086,0
2026-06-17T15:15:00+05:30,1157.0,1157.5,1156.5,1156.6,146342,0
2026-06-17T15:20:00+05:30,1156.6,1156.9,1156.4,1156.5,135945,0
2026-06-17T15:25:00+05:30,1156.5,1156.6,1155.0,1156.0,152287,0
