time,open,high,low,close,volume,open_interest
2026-04-20T09:15:00+05:30,1359.5,1367.4,1358.0,1363.4,312691,0
2026-04-20T09:20:00+05:30,1363.4,1367.7,1362.8,1366.2,95455,0
2026-04-20T09:25:00+05:30,1366.3,1371.3,1363.9,1370.4,124459,0
2026-04-20T09:30:00+05:30,1370.5,1371.9,1368.2,1371.2,110644,0
2026-04-20T09:35:00+05:30,1371.2,1374.0,1368.3,1369.7,112235,0
2026-04-20T09:40:00+05:30,1369.8,1371.9,1364.7,1365.6,62075,0
2026-04-20T09:45:00+05:30,1365.9,1367.2,1363.0,1365.2,46158,0
2026-04-20T09:50:00+05:30,1365.0,1367.8,1364.4,1367.8,30726,0
2026-04-20T09:55:00+05:30,1367.2,1367.8,1364.4,1364.5,37344,0
2026-04-20T10:00:00+05:30,1364.4,1368.9,1363.9,1367.9,33978,0
2026-04-20T10:05:00+05:30,1367.9,1370.8,1367.6,1368.4,44475,0
2026-04-20T10:10:00+05:30,1368.5,1369.6,1366.8,1368.2,37567,0
2026-04-20T10:15:00+05:30,1368.3,1368.8,1366.1,1366.4,30848,0
2026-04-20T10:20:00+05:30,1366.4,1369.0,1366.2,1368.2,28311,0
2026-04-20T10:25:00+05:30,1368.2,1368.8,1367.1,1367.1,31347,0
2026-04-20T10:30:00+05:30,1367.2,1368.0,1365.9,1366.4,45118,0
2026-04-20T10:35:00+05:30,1366.3,1366.4,1363.5,1364.8,56252,0
2026-04-20T10:40:00+05:30,1364.8,1366.0,1364.5,1365.3,25412,0
2026-04-20T10:45:00+05:30,1365.3,1365.5,1361.5,1364.0,58845,0
2026-04-20T10:50:00+05:30,1364.2,1364.3,1361.5,1363.8,22412,0
2026-04-20T10:55:00+05:30,1363.8,1365.4,1363.0,1365.1,31611,0
2026-04-20T11:00:00+05:30,1365.1,1366.5,1364.5,1365.7,108017,0
2026-04-20T11:05:00+05:30,1365.7,1366.5,1364.0,1364.2,65257,0
2026-04-20T11:10:00+05:30,1364.2,1365.9,1362.1,1362.2,142509,0
2026-04-20T11:15:00+05:30,1362.3,1364.4,1362.1,1362.7,38338,0
2026-04-20T11:20:00+05:30,1362.7,1364.6,1362.6,1363.9,20008,0
2026-04-20T11:25:00+05:30,1364.0,1365.0,1362.9,1364.7,27463,0
2026-04-20T11:30:00+05:30,1364.7,1365.5,1364.2,1364.2,33211,0
2026-04-20T11:35:00+05:30,1364.2,1364.9,1362.3,1362.6,24435,0
2026-04-20T11:40:00+05:30,1362.8,1362.8,1360.5,1361.0,47861,0
2026-04-20T11:45:00+05:30,1361.1,1361.7,1359.1,1359.4,46051,0
2026-04-20T11:50:00+05:30,1359.4,1362.1,1358.0,1361.5,64177,0
2026-04-20T11:55:00+05:30,1361.6,1363.6,1360.7,1363.0,66338,0
2026-04-20T12:00:00+05:30,1363.2,1363.8,1361.0,1361.3,40177,0
2026-04-20T12:05:00+05:30,1361.3,1361.6,1359.2,1359.5,25641,0
2026-04-20T12:10:00+05:30,1359.6,1359.6,1356.8,1356.8,35824,0
2026-04-20T12:15:00+05:30,1356.8,1357.4,1355.3,1356.4,38858,0
2026-04-20T12:20:00+05:30,1356.4,1358.3,1355.7,1357.8,29929,0
2026-04-20T12:25:00+05:30,1357.6,1359.2,1357.6,1358.2,29102,0
2026-04-20T12:30:00+05:30,1358.4,1359.1,1357.0,1358.8,24594,0
2026-04-20T12:35:00+05:30,1358.8,1360.1,1358.3,1359.4,27435,0
2026-04-20T12:40:00+05:30,1359.4,1360.2,1358.1,1358.6,28582,0
2026-04-20T12:45:00+05:30,1358.6,1360.0,1358.0,1358.6,28585,0
2026-04-20T12:50:00+05:30,1358.6,1360.0,1358.0,1358.4,36401,0
2026-04-20T12:55:00+05:30,1358.4,1359.6,1357.2,1357.4,39778,0
2026-04-20T13:00:00+05:30,1357.5,1357.8,1354.3,1357.3,52581,0
2026-04-20T13:05:00+05:30,1357.5,1357.8,1353.7,1354.1,63953,0
2026-04-20T13:10:00+05:30,1353.8,1355.0,1350.9,1353.2,49867,0
2026-04-20T13:15:00+05:30,1353.3,1354.4,1352.2,1353.1,41990,0
2026-04-20T13:20:00+05:30,1352.8,1353.8,1349.3,1350.6,76222,0
2026-04-20T13:25:00+05:30,1350.6,1351.7,1348.0,1351.0,69643,0
2026-04-20T13:30:00+05:30,1351.0,1351.9,1349.4,1351.8,45112,0
2026-04-20T13:35:00+05:30,1351.9,1352.0,1350.1,1350.9,35502,0
2026-04-20T13:40:00+05:30,1350.9,1353.7,1350.3,1352.3,35811,0
2026-04-20T13:45:00+05:30,1352.4,1352.4,1349.6,1349.6,52621,0
2026-04-20T13:50:00+05:30,1349.7,1352.5,1349.6,1352.4,54655,0
2026-04-20T13:55:00+05:30,1352.4,1352.9,1349.5,1352.9,66239,0
2026-04-20T14:00:00+05:30,1352.9,1353.9,1351.0,1353.3,64800,0
2026-04-20T14:05:00+05:30,1353.5,1354.0,1352.1,1354.0,31014,0
2026-04-20T14:10:00+05:30,1354.0,1357.2,1353.9,1356.8,85512,0
2026-04-20T14:15:00+05:30,1356.9,1357.9,1356.0,1356.4,42413,0
2026-04-20T14:20:00+05:30,1356.4,1359.1,1356.3,1358.3,42837,0
2026-04-20T14:25:00+05:30,1358.3,1359.2,1357.1,1357.2,69951,0
2026-04-20T14:30:00+05:30,1357.4,1357.8,1354.6,1355.1,52996,0
2026-04-20T14:35:00+05:30,1354.7,1357.4,1354.7,1356.3,44091,0
2026-04-20T14:40:00+05:30,1356.8,1357.4,1354.3,1355.9,53498,0
2026-04-20T14:45:00+05:30,1355.9,1356.0,1352.5,1354.5,57494,0
2026-04-20T14:50:00+05:30,1354.6,1355.7,1353.7,1354.8,30048,0
2026-04-20T14:55:00+05:30,1354.8,1356.2,1354.0,1355.4,68958,0
2026-04-20T15:00:00+05:30,1355.3,1356.9,1355.1,1356.7,115509,0
2026-04-20T15:05:00+05:30,1356.8,1357.0,1355.0,1355.1,124921,0
2026-04-20T15:10:00+05:30,1355.1,1356.8,1355.0,1355.4,154934,0
2026-04-20T15:15:00+05:30,1355.4,1355.4,1351.6,1351.8,165890,0
2026-04-20T15:20:00+05:30,1352.4,1354.2,1351.2,1351.9,221290,0
2026-04-20T15:25:00+05:30,1351.9,1357.8,1351.7,1355.0,301646,0
2026-04-21T09:15:00+05:30,1361.0,1371.0,1354.7,1370.1,271020,0
2026-04-21T09:20:00+05:30,1370.1,1374.0,1370.1,1371.3,108487,0
2026-04-21T09:25:00+05:30,1371.4,1372.8,1369.4,1369.7,73751,0
2026-04-21T09:30:00+05:30,1369.3,1373.0,1369.0,1371.4,47196,0
2026-04-21T09:35:00+05:30,1371.5,1373.7,1370.6,1372.0,74689,0
2026-04-21T09:40:00+05:30,1372.0,1372.4,1370.1,1371.4,34514,0
2026-04-21T09:45:00+05:30,1371.3,1374.9,1371.1,1374.6,63098,0
2026-04-21T09:50:00+05:30,1374.9,1376.5,1373.8,1374.2,59924,0
2026-04-21T09:55:00+05:30,1374.2,1375.0,1373.2,1374.4,30974,0
2026-04-21T10:00:00+05:30,1374.7,1376.1,1372.2,1373.4,67047,0
2026-04-21T10:05:00+05:30,1373.3,1373.9,1371.2,1372.7,41764,0
2026-04-21T10:10:00+05:30,1372.8,1373.6,1371.6,1373.1,25685,0
2026-04-21T10:15:00+05:30,1373.1,1374.5,1368.2,1368.8,84615,0
2026-04-21T10:20:00+05:30,1368.8,1370.7,1368.2,1370.1,42274,0
2026-04-21T10:25:00+05:30,1370.1,1372.0,1369.6,1370.2,51422,0
2026-04-21T10:30:00+05:30,1370.2,1372.5,1369.0,1372.2,70906,0
2026-04-21T10:35:00+05:30,1372.2,1373.4,1371.2,1373.0,31287,0
2026-04-21T10:40:00+05:30,1372.7,1373.0,1370.3,1372.1,29907,0
2026-04-21T10:45:00+05:30,1372.1,1373.7,1372.1,1373.3,17980,0
2026-04-21T10:50:00+05:30,1373.3,1373.9,1372.9,1373.9,26134,0
2026-04-21T10:55:00+05:30,1373.6,1373.9,1372.1,1372.5,49572,0
2026-04-21T11:00:00+05:30,1372.5,1373.0,1371.0,1371.4,42633,0
2026-04-21T11:05:00+05:30,1371.4,1371.5,1369.2,1369.8,64293,0
2026-04-21T11:10:00+05:30,1369.8,1370.2,1368.6,1369.2,31662,0
2026-04-21T11:15:00+05:30,1369.2,1369.7,1368.2,1369.3,26630,0
2026-04-21T11:20:00+05:30,1369.3,1369.6,1368.7,1369.4,22903,0
2026-04-21T11:25:00+05:30,1369.5,1370.7,1368.1,1370.3,39505,0
2026-04-21T11:30:00+05:30,1370.6,1371.0,1368.5,1368.9,36793,0
2026-04-21T11:35:00+05:30,1368.9,1369.4,1368.2,1368.9,37377,0
2026-04-21T11:40:00+05:30,1368.9,1369.0,1368.2,1368.2,47911,0
2026-04-21T11:45:00+05:30,1368.2,1368.3,1365.8,1366.1,74721,0
2026-04-21T11:50:00+05:30,1366.0,1366.2,1365.0,1365.5,26130,0
2026-04-21T11:55:00+05:30,1365.5,1366.6,1365.5,1366.3,21100,0
2026-04-21T12:00:00+05:30,1366.6,1369.2,1365.0,1369.1,71351,0
2026-04-21T12:05:00+05:30,1368.8,1370.4,1368.5,1369.8,22789,0
2026-04-21T12:10:00+05:30,1369.8,1372.0,1368.9,1371.6,72311,0
2026-04-21T12:15:00+05:30,1371.6,1371.7,1369.2,1371.5,34899,0
2026-04-21T12:20:00+05:30,1371.5,1373.6,1371.0,1372.8,53373,0
2026-04-21T12:25:00+05:30,1372.1,1372.8,1371.2,1371.7,39813,0
2026-04-21T12:30:00+05:30,1371.9,1372.7,1369.4,1370.1,19276,0
2026-04-21T12:35:00+05:30,1369.8,1372.9,1369.4,1372.8,37453,0
2026-04-21T12:40:00+05:30,1372.8,1372.9,1371.7,1372.9,30986,0
2026-04-21T12:45:00+05:30,1372.9,1372.9,1370.8,1372.7,37059,0
2026-04-21T12:50:00+05:30,1372.8,1373.3,1370.3,1372.0,95106,0
2026-04-21T12:55:00+05:30,1371.9,1374.0,1371.9,1372.7,77372,0
2026-04-21T13:00:00+05:30,1372.7,1374.0,1371.6,1371.9,74819,0
2026-04-21T13:05:00+05:30,1371.9,1373.2,1370.6,1371.6,78230,0
2026-04-21T13:10:00+05:30,1371.5,1373.1,1371.2,1373.1,39662,0
2026-04-21T13:15:00+05:30,1373.2,1374.9,1372.7,1374.2,180603,0
2026-04-21T13:20:00+05:30,1374.2,1374.8,1373.3,1374.7,34018,0
2026-04-21T13:25:00+05:30,1374.6,1376.8,1374.2,1375.9,74208,0
2026-04-21T13:30:00+05:30,1375.9,1377.0,1375.1,1376.8,47908,0
2026-04-21T13:35:00+05:30,1376.9,1377.3,1374.4,1375.7,88244,0
2026-04-21T13:40:00+05:30,1376.3,1376.4,1372.9,1374.6,66901,0
2026-04-21T13:45:00+05:30,1374.6,1374.9,1373.2,1374.7,63351,0
2026-04-21T13:50:00+05:30,1374.7,1376.0,1374.2,1376.0,25679,0
2026-04-21T13:55:00+05:30,1376.0,1376.6,1375.3,1376.4,28496,0
2026-04-21T14:00:00+05:30,1376.4,1377.2,1375.0,1376.0,133518,0
2026-04-21T14:05:00+05:30,1376.0,1376.0,1374.7,1375.0,45184,0
2026-04-21T14:10:00+05:30,1375.0,1376.6,1374.5,1376.5,46489,0
2026-04-21T14:15:00+05:30,1376.5,1379.0,1376.0,1377.9,134770,0
2026-04-21T14:20:00+05:30,1377.9,1379.0,1377.4,1378.4,67797,0
2026-04-21T14:25:00+05:30,1378.4,1380.3,1376.4,1376.5,186180,0
2026-04-21T14:30:00+05:30,1376.9,1376.9,1375.1,1375.6,43928,0
2026-04-21T14:35:00+05:30,1375.6,1376.2,1374.2,1376.2,51699,0
2026-04-21T14:40:00+05:30,1376.2,1376.3,1373.3,1373.7,64491,0
2026-04-21T14:45:00+05:30,1374.0,1375.8,1373.0,1375.8,44607,0
2026-04-21T14:50:00+05:30,1375.8,1377.5,1375.5,1377.4,32757,0
2026-04-21T14:55:00+05:30,1377.4,1379.4,1377.3,1378.2,79342,0
2026-04-21T15:00:00+05:30,1378.2,1379.6,1376.3,1377.9,285227,0
2026-04-21T15:05:00+05:30,1378.0,1378.7,1375.2,1377.5,142700,0
2026-04-21T15:10:00+05:30,1377.5,1378.9,1376.3,1377.9,160381,0
2026-04-21T15:15:00+05:30,1377.9,1380.1,1376.0,1376.7,180365,0
2026-04-21T15:20:00+05:30,1376.6,1378.2,1376.0,1376.8,149972,0
2026-04-21T15:25:00+05:30,1376.8,1380.0,1375.0,1375.5,76177,0
2026-04-22T09:15:00+05:30,1370.0,1377.0,1370.0,1374.6,133324,0
2026-04-22T09:20:00+05:30,1374.6,1376.9,1373.7,1375.8,83442,0
2026-04-22T09:25:00+05:30,1376.0,1376.0,1372.8,1373.5,46046,0
2026-04-22T09:30:00+05:30,1373.5,1373.5,1371.0,1373.0,52809,0
2026-04-22T09:35:00+05:30,1373.0,1374.0,1372.5,1372.9,27945,0
2026-04-22T09:40:00+05:30,1372.8,1372.8,1369.1,1369.4,56426,0
2026-04-22T09:45:00+05:30,1369.2,1370.1,1368.5,1369.3,37745,0
2026-04-22T09:50:00+05:30,1369.3,1371.9,1368.0,1370.7,50020,0
2026-04-22T09:55:00+05:30,1370.8,1371.7,1370.0,1370.3,33648,0
2026-04-22T10:00:00+05:30,1370.2,1370.7,1366.0,1369.4,56851,0
2026-04-22T10:05:00+05:30,1369.4,1370.1,1367.6,1368.3,26871,0
2026-04-22T10:10:00+05:30,1368.1,1369.4,1368.0,1368.3,28018,0
2026-04-22T10:15:00+05:30,1368.3,1371.4,1368.2,1371.0,32156,0
2026-04-22T10:20:00+05:30,1370.8,1371.1,1368.0,1368.9,30326,0
2026-04-22T10:25:00+05:30,1368.9,1370.1,1368.7,1369.5,29802,0
2026-04-22T10:30:00+05:30,1369.3,1372.0,1369.0,1371.5,32905,0
2026-04-22T10:35:00+05:30,1371.5,1374.5,1370.5,1374.5,72123,0
2026-04-22T10:40:00+05:30,1374.5,1378.4,1374.4,1376.5,74132,0
2026-04-22T10:45:00+05:30,1376.6,1379.8,1376.2,1377.1,68762,0
2026-04-22T10:50:00+05:30,1377.1,1379.4,1377.0,1379.2,52008,0
2026-04-22T10:55:00+05:30,1379.2,1382.4,1378.6,1382.2,55232,0
2026-04-22T11:00:00+05:30,1381.8,1382.7,1380.8,1382.3,34499,0
2026-04-22T11:05:00+05:30,1382.4,1382.7,1380.8,1381.5,31040,0
2026-04-22T11:10:00+05:30,1381.5,1383.0,1380.5,1383.0,38486,0
2026-04-22T11:15:00+05:30,1383.0,1387.1,1382.8,1386.7,55828,0
2026-04-22T11:20:00+05:30,1386.7,1389.0,1386.7,1387.7,43713,0
2026-04-22T11:25:00+05:30,1387.8,1389.0,1387.4,1387.7,34596,0
2026-04-22T11:30:00+05:30,1387.8,1390.5,1385.3,1390.0,218840,0
2026-04-22T11:35:00+05:30,1390.2,1390.6,1389.0,1389.1,259157,0
2026-04-22T11:40:00+05:30,1389.4,1390.2,1387.8,1387.9,37292,0
2026-04-22T11:45:00+05:30,1387.9,1388.1,1384.3,1385.1,55675,0
2026-04-22T11:50:00+05:30,1384.8,1388.9,1384.8,1388.3,35765,0
2026-04-22T11:55:00+05:30,1388.3,1388.8,1386.9,1387.4,33068,0
2026-04-22T12:00:00+05:30,1387.6,1388.0,1385.9,1387.8,33547,0
2026-04-22T12:05:00+05:30,1388.0,1389.0,1387.8,1388.7,22072,0
2026-04-22T12:10:00+05:30,1388.7,1388.7,1384.8,1385.5,37731,0
2026-04-22T12:15:00+05:30,1385.3,1387.5,1383.7,1384.5,52825,0
2026-04-22T12:20:00+05:30,1384.5,1386.4,1384.5,1385.9,27521,0
2026-04-22T12:25:00+05:30,1385.9,1388.0,1385.4,1387.8,25224,0
2026-04-22T12:30:00+05:30,1387.5,1389.1,1387.0,1387.8,34854,0
2026-04-22T12:35:00+05:30,1387.8,1388.9,1386.5,1387.9,22468,0
2026-04-22T12:40:00+05:30,1388.4,1388.8,1387.2,1388.0,20675,0
2026-04-22T12:45:00+05:30,1387.9,1388.8,1386.7,1387.3,34178,0
2026-04-22T12:50:00+05:30,1387.2,1388.5,1386.6,1388.2,19114,0
2026-04-22T12:55:00+05:30,1388.2,1388.9,1387.9,1388.7,21364,0
2026-04-22T13:00:00+05:30,1388.7,1389.1,1387.1,1388.7,28848,0
2026-04-22T13:05:00+05:30,1388.7,1389.3,1386.9,1387.0,27748,0
2026-04-22T13:10:00+05:30,1387.4,1387.4,1386.1,1387.2,23944,0
2026-04-22T13:15:00+05:30,1387.4,1387.9,1386.0,1387.0,27746,0
2026-04-22T13:20:00+05:30,1387.0,1387.7,1383.4,1384.4,67012,0
2026-04-22T13:25:00+05:30,1384.5,1387.0,1383.9,1385.7,30827,0
2026-04-22T13:30:00+05:30,1386.1,1387.0,1385.8,1386.9,27494,0
2026-04-22T13:35:00+05:30,1386.9,1388.7,1386.6,1387.0,28401,0
2026-04-22T13:40:00+05:30,1387.0,1388.7,1386.5,1387.1,26262,0
2026-04-22T13:45:00+05:30,1387.4,1389.0,1386.5,1388.5,46273,0
2026-04-22T13:50:00+05:30,1388.5,1389.0,1386.5,1387.4,35432,0
2026-04-22T13:55:00+05:30,1387.4,1390.8,1387.3,1390.1,70821,0
2026-04-22T14:00:00+05:30,1390.3,1391.0,1388.8,1389.2,87833,0
2026-04-22T14:05:00+05:30,1389.2,1389.9,1388.0,1389.2,38838,0
2026-04-22T14:10:00+05:30,1389.2,1389.5,1387.8,1388.3,29072,0
2026-04-22T14:15:00+05:30,1388.3,1388.5,1384.2,1385.8,62885,0
2026-04-22T14:20:00+05:30,1385.5,1386.6,1384.9,1386.0,26742,0
2026-04-22T14:25:00+05:30,1386.0,1388.3,1385.9,1386.9,44265,0
2026-04-22T14:30:00+05:30,1386.7,1387.0,1384.6,1386.2,76994,0
2026-04-22T14:35:00+05:30,1386.2,1387.2,1385.2,1385.9,48839,0
2026-04-22T14:40:00+05:30,1385.9,1386.9,1385.0,1385.1,49569,0
2026-04-22T14:45:00+05:30,1385.1,1385.3,1383.5,1384.0,73908,0
2026-04-22T14:50:00+05:30,1384.0,1384.0,1382.0,1382.3,84656,0
2026-04-22T14:55:00+05:30,1382.1,1383.5,1381.1,1383.4,63380,0
2026-04-22T15:00:00+05:30,1383.3,1383.3,1380.6,1380.8,83991,0
2026-04-22T15:05:00+05:30,1380.8,1381.1,1379.0,1380.1,89063,0
2026-04-22T15:10:00+05:30,1380.1,1381.4,1378.4,1379.5,113500,0
2026-04-22T15:15:00+05:30,1379.6,1380.3,1378.3,1378.5,81531,0
2026-04-22T15:20:00+05:30,1378.5,1379.5,1377.3,1377.5,81366,0
2026-04-22T15:25:00+05:30,1377.5,1378.3,1371.2,1375.0,84849,0
2026-04-23T09:15:00+05:30,1369.0,1375.5,1365.4,1371.2,190270,0
2026-04-23T09:20:00+05:30,1371.4,1376.2,1370.4,1373.4,80765,0
2026-04-23T09:25:00+05:30,1373.7,1375.7,1371.6,1375.4,58207,0
2026-04-23T09:30:00+05:30,1375.4,1378.5,1373.5,1375.1,62199,0
2026-04-23T09:35:00+05:30,1375.6,1377.1,1374.6,1376.2,55688,0
2026-04-23T09:40:00+05:30,1376.2,1379.6,1375.5,1378.8,29289,0
2026-04-23T09:45:00+05:30,1379.2,1381.4,1377.6,1380.7,56053,0
2026-04-23T09:50:00+05:30,1380.9,1382.4,1379.8,1380.1,59214,0
2026-04-23T09:55:00+05:30,1380.1,1382.8,1379.2,1379.7,63214,0
2026-04-23T10:00:00+05:30,1380.0,1382.0,1378.3,1381.2,107316,0
2026-04-23T10:05:00+05:30,1381.0,1381.8,1379.7,1380.0,123159,0
2026-04-23T10:10:00+05:30,1380.0,1381.9,1378.8,1381.3,49454,0
2026-04-23T10:15:00+05:30,1381.4,1384.0,1381.2,1383.8,57014,0
2026-04-23T10:20:00+05:30,1383.8,1384.2,1381.1,1381.1,50124,0
2026-04-23T10:25:00+05:30,1381.2,1382.4,1380.1,1380.5,32026,0
2026-04-23T10:30:00+05:30,1380.5,1381.0,1378.6,1381.0,51888,0
2026-04-23T10:35:00+05:30,1380.7,1382.0,1378.0,1378.8,64916,0
2026-04-23T10:40:00+05:30,1378.8,1379.4,1375.7,1376.0,46410,0
2026-04-23T10:45:00+05:30,1376.2,1377.9,1375.1,1376.6,69432,0
2026-04-23T10:50:00+05:30,1376.6,1377.9,1375.1,1376.0,42939,0
2026-04-23T10:55:00+05:30,1376.2,1376.2,1372.7,1373.2,49625,0
2026-04-23T11:00:00+05:30,1373.3,1375.0,1372.0,1372.4,52216,0
2026-04-23T11:05:00+05:30,1372.5,1373.4,1371.5,1371.8,32223,0
2026-04-23T11:10:00+05:30,1371.9,1372.4,1368.8,1369.0,80648,0
2026-04-23T11:15:00+05:30,1369.3,1370.9,1368.2,1369.4,38661,0
2026-04-23T11:20:00+05:30,1369.6,1371.3,1369.1,1369.5,34613,0
2026-04-23T11:25:00+05:30,1369.8,1374.1,1369.3,1372.9,48016,0
2026-04-23T11:30:00+05:30,1373.0,1374.3,1371.8,1373.9,23453,0
2026-04-23T11:35:00+05:30,1373.8,1374.1,1371.8,1372.8,39804,0
2026-04-23T11:40:00+05:30,1372.7,1373.2,1371.0,1371.7,28543,0
2026-04-23T11:45:00+05:30,1371.7,1372.7,1370.0,1370.1,27932,0
2026-04-23T11:50:00+05:30,1370.2,1374.2,1369.9,1373.7,20764,0
2026-04-23T11:55:00+05:30,1373.6,1374.0,1371.0,1372.4,60704,0
2026-04-23T12:00:00+05:30,1372.8,1373.8,1371.6,1373.0,30953,0
2026-04-23T12:05:00+05:30,1373.0,1374.4,1372.3,1373.1,22902,0
2026-04-23T12:10:00+05:30,1373.3,1374.5,1373.0,1374.0,42646,0
2026-04-23T12:15:00+05:30,1374.1,1374.5,1370.2,1371.1,35965,0
2026-04-23T12:20:00+05:30,1371.3,1374.0,1370.2,1370.7,49472,0
2026-04-23T12:25:00+05:30,1370.8,1372.8,1369.5,1370.6,45604,0
2026-04-23T12:30:00+05:30,1370.7,1370.7,1367.1,1369.4,86801,0
2026-04-23T12:35:00+05:30,1369.4,1371.6,1368.9,1371.2,24796,0
2026-04-23T12:40:00+05:30,1371.3,1373.9,1371.0,1373.4,57338,0
2026-04-23T12:45:00+05:30,1373.4,1374.4,1372.6,1373.9,59840,0
2026-04-23T12:50:00+05:30,1373.9,1377.0,1373.7,1376.9,30490,0
2026-04-23T12:55:00+05:30,1376.9,1378.8,1376.6,1378.2,64033,0
2026-04-23T13:00:00+05:30,1378.3,1378.5,1375.6,1376.8,38375,0
2026-04-23T13:05:00+05:30,1376.9,1377.0,1374.3,1376.4,86374,0
2026-04-23T13:10:00+05:30,1376.3,1378.9,1375.1,1378.9,65676,0
2026-04-23T13:15:00+05:30,1379.0,1381.5,1377.4,1381.2,85372,0
2026-04-23T13:20:00+05:30,1381.2,1382.8,1380.0,1382.2,129757,0
2026-04-23T13:25:00+05:30,1382.2,1382.6,1380.0,1381.2,86060,0
2026-04-23T13:30:00+05:30,1381.2,1381.2,1379.1,1380.4,57791,0
2026-04-23T13:35:00+05:30,1380.4,1380.8,1376.9,1377.9,109581,0
2026-04-23T13:40:00+05:30,1377.9,1378.1,1376.4,1376.8,70647,0
2026-04-23T13:45:00+05:30,1376.8,1377.7,1374.7,1375.0,91453,0
2026-04-23T13:50:00+05:30,1375.0,1375.5,1373.5,1375.0,93237,0
2026-04-23T13:55:00+05:30,1374.9,1375.5,1374.0,1374.9,67703,0
2026-04-23T14:00:00+05:30,1374.9,1376.0,1373.2,1375.0,69629,0
2026-04-23T14:05:00+05:30,1375.0,1375.0,1371.6,1372.4,83275,0
2026-04-23T14:10:00+05:30,1372.5,1374.0,1371.0,1372.5,101960,0
2026-04-23T14:15:00+05:30,1372.9,1374.4,1372.0,1372.6,90605,0
2026-04-23T14:20:00+05:30,1372.6,1374.1,1370.6,1371.1,125795,0
2026-04-23T14:25:00+05:30,1371.2,1372.1,1369.6,1369.7,96443,0
2026-04-23T14:30:00+05:30,1369.7,1370.6,1369.0,1369.6,61913,0
2026-04-23T14:35:00+05:30,1369.6,1372.5,1368.6,1372.2,100973,0
2026-04-23T14:40:00+05:30,1372.3,1372.3,1370.0,1370.3,70206,0
2026-04-23T14:45:00+05:30,1370.4,1374.5,1370.2,1373.7,89800,0
2026-04-23T14:50:00+05:30,1373.8,1374.3,1369.8,1370.3,93015,0
2026-04-23T14:55:00+05:30,1370.4,1371.2,1369.0,1369.7,73153,0
2026-04-23T15:00:00+05:30,1369.7,1371.9,1367.3,1368.6,208581,0
2026-04-23T15:05:00+05:30,1368.7,1370.4,1367.3,1369.5,273897,0
2026-04-23T15:10:00+05:30,1369.5,1370.4,1367.9,1369.7,229473,0
2026-04-23T15:15:00+05:30,1369.7,1371.4,1367.7,1369.7,217306,0
2026-04-23T15:20:00+05:30,1369.8,1372.2,1369.2,1370.9,117596,0
2026-04-23T15:25:00+05:30,1370.9,1372.5,1368.0,1369.2,103994,0
2026-04-24T09:15:00+05:30,1369.0,1374.4,1366.0,1370.5,200366,0
2026-04-24T09:20:00+05:30,1370.2,1375.0,1370.1,1371.2,56798,0
2026-04-24T09:25:00+05:30,1371.2,1371.4,1367.3,1367.5,46909,0
2026-04-24T09:30:00+05:30,1367.5,1368.4,1364.4,1365.0,39725,0
2026-04-24T09:35:00+05:30,1364.8,1366.0,1363.2,1364.3,27685,0
2026-04-24T09:40:00+05:30,1364.4,1364.7,1360.2,1360.2,28621,0
2026-04-24T09:45:00+05:30,1360.2,1360.4,1357.3,1359.4,45100,0
2026-04-24T09:50:00+05:30,1359.5,1359.9,1357.9,1358.4,19453,0
2026-04-24T09:55:00+05:30,1358.3,1358.3,1356.0,1357.5,27761,0
2026-04-24T10:00:00+05:30,1357.6,1363.0,1357.6,1361.4,88142,0
2026-04-24T10:05:00+05:30,1361.7,1361.9,1358.8,1358.9,11072,0
2026-04-24T10:10:00+05:30,1359.1,1362.0,1358.3,1360.8,23733,0
2026-04-24T10:15:00+05:30,1360.7,1361.3,1358.8,1358.8,15613,0
2026-04-24T10:20:00+05:30,1359.0,1359.7,1357.5,1358.4,25536,0
2026-04-24T10:25:00+05:30,1358.6,1360.7,1355.4,1355.6,21419,0
2026-04-24T10:30:00+05:30,1355.6,1357.0,1355.0,1356.0,17015,0
2026-04-24T10:35:00+05:30,1356.0,1356.2,1353.6,1354.9,46678,0
2026-04-24T10:40:00+05:30,1354.9,1354.9,1352.6,1353.6,19302,0
2026-04-24T10:45:00+05:30,1353.6,1354.9,1352.5,1352.9,17426,0
2026-04-24T10:50:00+05:30,1352.9,1356.1,1352.9,1356.0,99891,0
2026-04-24T10:55:00+05:30,1356.0,1356.7,1353.0,1353.3,15905,0
2026-04-24T11:00:00+05:30,1353.4,1354.1,1350.0,1351.2,39304,0
2026-04-24T11:05:00+05:30,1351.2,1352.7,1350.4,1350.7,61408,0
2026-04-24T11:10:00+05:30,1350.7,1353.9,1350.2,1353.6,27702,0
2026-04-24T11:15:00+05:30,1353.6,1355.3,1353.2,1355.2,40946,0
2026-04-24T11:20:00+05:30,1355.2,1358.3,1355.2,1356.6,29000,0
2026-04-24T11:25:00+05:30,1356.8,1360.1,1356.6,1358.2,103052,0
2026-04-24T11:30:00+05:30,1358.3,1361.9,1358.0,1360.1,31980,0
2026-04-24T11:35:00+05:30,1360.6,1361.5,1359.0,1359.0,39390,0
2026-04-24T11:40:00+05:30,1359.1,1359.7,1357.2,1357.2,38983,0
2026-04-24T11:45:00+05:30,1357.2,1357.8,1355.7,1355.9,19091,0
2026-04-24T11:50:00+05:30,1355.9,1358.1,1355.0,1357.4,31499,0
2026-04-24T11:55:00+05:30,1357.1,1358.2,1355.8,1357.2,21245,0
2026-04-24T12:00:00+05:30,1357.3,1359.9,1356.9,1358.7,28198,0
2026-04-24T12:05:00+05:30,1358.7,1359.1,1356.7,1358.8,12610,0
2026-04-24T12:10:00+05:30,1358.8,1361.8,1357.5,1360.9,20841,0
2026-04-24T12:15:00+05:30,1361.4,1361.9,1359.6,1361.1,21977,0
2026-04-24T12:20:00+05:30,1360.8,1361.4,1359.2,1360.4,28640,0
2026-04-24T12:25:00+05:30,1360.4,1361.0,1357.5,1357.5,38359,0
2026-04-24T12:30:00+05:30,1357.6,1360.3,1357.4,1359.7,33616,0
2026-04-24T12:35:00+05:30,1359.7,1362.2,1359.4,1360.3,39611,0
2026-04-24T12:40:00+05:30,1360.4,1361.4,1358.1,1358.4,30899,0
2026-04-24T12:45:00+05:30,1358.5,1359.5,1358.0,1358.5,27682,0
2026-04-24T12:50:00+05:30,1358.6,1359.6,1357.9,1358.2,46294,0
2026-04-24T12:55:00+05:30,1358.3,1359.0,1356.8,1357.7,21175,0
2026-04-24T13:00:00+05:30,1357.7,1357.9,1355.7,1356.6,36360,0
2026-04-24T13:05:00+05:30,1356.9,1359.0,1356.2,1357.2,24515,0
2026-04-24T13:10:00+05:30,1357.2,1358.0,1355.1,1357.0,15036,0
2026-04-24T13:15:00+05:30,1357.0,1358.9,1355.8,1358.7,94506,0
2026-04-24T13:20:00+05:30,1358.6,1358.8,1357.2,1358.0,12081,0
2026-04-24T13:25:00+05:30,1357.8,1359.7,1357.8,1359.7,17236,0
2026-04-24T13:30:00+05:30,1359.6,1359.9,1358.2,1358.8,16549,0
2026-04-24T13:35:00+05:30,1359.0,1360.4,1356.0,1356.7,20077,0
2026-04-24T13:40:00+05:30,1356.7,1357.0,1353.4,1354.1,17729,0
2026-04-24T13:45:00+05:30,1354.2,1356.5,1354.2,1355.6,21895,0
2026-04-24T13:50:00+05:30,1355.6,1358.1,1355.3,1358.1,46632,0
2026-04-24T13:55:00+05:30,1357.9,1357.9,1356.1,1357.4,31067,0
2026-04-24T14:00:00+05:30,1357.2,1357.3,1353.8,1355.4,37959,0
2026-04-24T14:05:00+05:30,1355.1,1357.2,1354.7,1356.4,27902,0
2026-04-24T14:10:00+05:30,1356.2,1357.8,1355.8,1356.8,28710,0
2026-04-24T14:15:00+05:30,1356.8,1361.3,1356.5,1360.9,33848,0
2026-04-24T14:20:00+05:30,1360.7,1361.4,1359.0,1360.3,44756,0
2026-04-24T14:25:00+05:30,1360.4,1361.5,1358.6,1360.6,42851,0
2026-04-24T14:30:00+05:30,1360.6,1364.6,1360.4,1364.2,63292,0
2026-04-24T14:35:00+05:30,1364.2,1365.8,1362.6,1364.6,69995,0
2026-04-24T14:40:00+05:30,1364.5,1365.8,1362.9,1365.8,79252,0
2026-04-24T14:45:00+05:30,1365.6,1367.1,1363.5,1363.8,67650,0
2026-04-24T14:50:00+05:30,1364.0,1366.8,1361.2,1366.2,81814,0
2026-04-24T14:55:00+05:30,1366.2,1369.0,1365.1,1368.4,74254,0
2026-04-24T15:00:00+05:30,1368.5,1370.3,1365.0,1365.5,141648,0
2026-04-24T15:05:00+05:30,1365.5,1369.0,1365.2,1366.1,109334,0
2026-04-24T15:10:00+05:30,1366.3,1367.4,1365.7,1366.2,96220,0
2026-04-24T15:15:00+05:30,1366.2,1369.4,1365.8,1369.1,98791,0
2026-04-24T15:20:00+05:30,1368.8,1369.5,1367.4,1368.3,84939,0
2026-04-24T15:25:00+05:30,1368.4,1369.9,1359.9,1362.0,367195,0
2026-04-27T09:15:00+05:30,1325.0,1325.0,1299.9,1310.3,1105359,0
2026-04-27T09:20:00+05:30,1310.0,1315.0,1301.2,1301.6,397052,0
2026-04-27T09:25:00+05:30,1302.2,1311.0,1300.1,1308.9,481212,0
2026-04-27T09:30:00+05:30,1308.9,1312.0,1307.0,1311.4,346838,0
2026-04-27T09:35:00+05:30,1311.3,1317.0,1311.1,1314.9,192131,0
2026-04-27T09:40:00+05:30,1315.0,1315.3,1308.3,1313.2,593029,0
2026-04-27T09:45:00+05:30,1313.1,1319.3,1310.3,1319.1,281086,0
2026-04-27T09:50:00+05:30,1318.7,1319.7,1313.9,1314.6,226821,0
2026-04-27T09:55:00+05:30,1314.6,1318.5,1309.1,1318.5,719822,0
2026-04-27T10:00:00+05:30,1318.3,1319.9,1315.8,1317.5,187325,0
2026-04-27T10:05:00+05:30,1317.5,1320.9,1316.4,1319.7,177627,0
2026-04-27T10:10:00+05:30,1319.7,1322.2,1318.6,1319.7,90020,0
2026-04-27T10:15:00+05:30,1319.6,1321.9,1319.0,1320.1,105685,0
2026-04-27T10:20:00+05:30,1320.2,1320.2,1316.2,1318.9,105576,0
2026-04-27T10:25:00+05:30,1318.8,1319.8,1315.0,1316.1,148115,0
2026-04-27T10:30:00+05:30,1316.1,1316.2,1312.2,1314.3,194631,0
2026-04-27T10:35:00+05:30,1314.3,1314.4,1311.4,1313.0,148284,0
2026-04-27T10:40:00+05:30,1313.0,1314.0,1311.6,1313.4,73733,0
2026-04-27T10:45:00+05:30,1313.3,1316.5,1313.3,1315.7,67564,0
2026-04-27T10:50:00+05:30,1315.6,1319.0,1315.1,1317.6,78733,0
2026-04-27T10:55:00+05:30,1317.6,1317.8,1315.0,1315.8,46873,0
2026-04-27T11:00:00+05:30,1315.8,1316.4,1313.6,1315.3,61610,0
2026-04-27T11:05:00+05:30,1315.3,1316.8,1315.0,1315.6,45156,0
2026-04-27T11:10:00+05:30,1315.6,1316.8,1314.3,1316.1,71248,0
2026-04-27T11:15:00+05:30,1316.1,1318.9,1315.7,1317.9,49670,0
2026-04-27T11:20:00+05:30,1317.9,1318.7,1316.7,1318.7,51274,0
2026-04-27T11:25:00+05:30,1318.5,1318.8,1315.0,1315.3,68555,0
2026-04-27T11:30:00+05:30,1315.3,1316.2,1314.4,1315.4,110177,0
2026-04-27T11:35:00+05:30,1315.4,1315.4,1313.0,1314.2,124114,0
2026-04-27T11:40:00+05:30,1314.2,1315.9,1313.4,1314.6,199805,0
2026-04-27T11:45:00+05:30,1314.8,1317.3,1314.3,1317.3,122319,0
2026-04-27T11:50:00+05:30,1317.3,1317.3,1315.0,1316.6,57941,0
2026-04-27T11:55:00+05:30,1316.6,1317.6,1316.2,1317.4,46472,0
2026-04-27T12:00:00+05:30,1317.2,1317.7,1314.2,1316.8,96111,0
2026-04-27T12:05:00+05:30,1316.7,1317.9,1315.7,1316.3,72650,0
2026-04-27T12:10:00+05:30,1316.3,1317.6,1315.9,1316.6,50804,0
2026-04-27T12:15:00+05:30,1316.6,1319.4,1316.0,1318.4,56887,0
2026-04-27T12:20:00+05:30,1318.4,1319.4,1317.3,1318.8,57406,0
2026-04-27T12:25:00+05:30,1318.7,1319.0,1317.0,1317.7,58365,0
2026-04-27T12:30:00+05:30,1317.7,1318.5,1317.0,1318.3,46670,0
2026-04-27T12:35:00+05:30,1318.1,1320.0,1317.8,1318.7,74360,0
2026-04-27T12:40:00+05:30,1318.7,1319.1,1317.4,1318.2,45612,0
2026-04-27T12:45:00+05:30,1318.2,1318.8,1316.9,1318.1,66569,0
2026-04-27T12:50:00+05:30,1318.0,1320.0,1317.5,1319.6,57397,0
2026-04-27T12:55:00+05:30,1319.6,1319.8,1318.3,1319.3,50585,0
2026-04-27T13:00:00+05:30,1319.3,1320.7,1319.0,1319.0,61907,0
2026-04-27T13:05:00+05:30,1319.0,1320.3,1318.7,1319.8,49546,0
2026-04-27T13:10:00+05:30,1319.8,1320.3,1319.0,1320.3,42866,0
2026-04-27T13:15:00+05:30,1320.3,1321.0,1319.1,1319.5,52751,0
2026-04-27T13:20:00+05:30,1319.5,1319.9,1318.3,1319.9,58118,0
2026-04-27T13:25:00+05:30,1319.9,1320.3,1319.1,1319.6,50234,0
2026-04-27T13:30:00+05:30,1319.8,1320.6,1319.5,1320.6,49727,0
2026-04-27T13:35:00+05:30,1320.5,1320.8,1319.8,1320.4,36073,0
2026-04-27T13:40:00+05:30,1320.4,1320.7,1318.7,1318.8,87516,0
2026-04-27T13:45:00+05:30,1318.8,1320.4,1318.8,1319.4,48496,0
2026-04-27T13:50:00+05:30,1319.4,1319.5,1317.2,1318.3,71665,0
2026-04-27T13:55:00+05:30,1318.3,1320.0,1317.3,1320.0,66983,0
2026-04-27T14:00:00+05:30,1320.0,1321.6,1318.7,1320.0,149700,0
2026-04-27T14:05:00+05:30,1320.5,1320.6,1319.2,1320.4,47385,0
2026-04-27T14:10:00+05:30,1320.3,1323.7,1320.0,1323.1,71785,0
2026-04-27T14:15:00+05:30,1323.1,1325.9,1322.6,1325.8,116447,0
2026-04-27T14:20:00+05:30,1325.2,1325.9,1323.1,1323.7,81667,0
2026-04-27T14:25:00+05:30,1323.7,1324.1,1322.4,1323.8,93894,0
2026-04-27T14:30:00+05:30,1323.8,1324.0,1321.7,1323.3,96764,0
2026-04-27T14:35:00+05:30,1323.2,1324.0,1322.1,1323.7,115215,0
2026-04-27T14:40:00+05:30,1323.7,1324.9,1322.6,1324.9,130122,0
2026-04-27T14:45:00+05:30,1324.9,1326.3,1323.6,1326.0,140161,0
2026-04-27T14:50:00+05:30,1326.0,1326.1,1325.3,1325.9,104374,0
2026-04-27T14:55:00+05:30,1325.8,1327.3,1324.8,1325.5,134079,0
2026-04-27T15:00:00+05:30,1325.4,1325.9,1322.2,1323.0,173944,0
2026-04-27T15:05:00+05:30,1323.0,1323.9,1322.0,1323.3,166102,0
2026-04-27T15:10:00+05:30,1323.3,1325.3,1322.6,1325.3,173003,0
2026-04-27T15:15:00+05:30,1325.0,1325.5,1324.5,1325.2,198781,0
2026-04-27T15:20:00+05:30,1325.2,1326.4,1324.0,1324.0,238519,0
2026-04-27T15:25:00+05:30,1324.2,1325.4,1322.0,1325.4,144839,0
2026-04-28T09:15:00+05:30,1312.0,1317.5,1310.2,1316.8,517750,0
2026-04-28T09:20:00+05:30,1317.0,1318.8,1316.7,1318.3,95553,0
2026-04-28T09:25:00+05:30,1318.3,1319.7,1316.9,1318.5,128757,0
2026-04-28T09:30:00+05:30,1318.5,1319.9,1317.6,1319.1,86732,0
2026-04-28T09:35:00+05:30,1319.3,1321.4,1316.6,1317.2,56583,0
2026-04-28T09:40:00+05:30,1317.2,1317.6,1314.6,1314.8,64794,0
2026-04-28T09:45:00+05:30,1315.1,1316.9,1314.6,1315.4,67250,0
2026-04-28T09:50:00+05:30,1315.4,1315.6,1313.1,1315.1,59679,0
2026-04-28T09:55:00+05:30,1315.4,1316.0,1315.0,1315.6,28234,0
2026-04-28T10:00:00+05:30,1315.6,1315.9,1313.4,1314.6,55617,0
2026-04-28T10:05:00+05:30,1314.7,1315.6,1314.1,1314.9,37216,0
2026-04-28T10:10:00+05:30,1314.9,1314.9,1311.3,1312.2,71891,0
2026-04-28T10:15:00+05:30,1312.2,1313.7,1311.1,1311.3,206223,0
2026-04-28T10:20:00+05:30,1311.3,1311.6,1309.6,1310.0,82699,0
2026-04-28T10:25:00+05:30,1310.0,1310.0,1305.8,1306.1,115298,0
2026-04-28T10:30:00+05:30,1306.5,1306.8,1304.0,1305.6,115036,0
2026-04-28T10:35:00+05:30,1305.7,1305.7,1302.1,1303.0,95728,0
2026-04-28T10:40:00+05:30,1303.0,1305.0,1302.2,1304.3,168773,0
2026-04-28T10:45:00+05:30,1304.3,1305.4,1303.7,1305.0,102897,0
2026-04-28T10:50:00+05:30,1305.0,1305.8,1303.5,1303.6,121495,0
2026-04-28T10:55:00+05:30,1304.2,1305.0,1303.7,1304.9,98849,0
2026-04-28T11:00:00+05:30,1304.9,1305.0,1302.5,1302.9,74714,0
2026-04-28T11:05:00+05:30,1302.9,1303.0,1300.9,1301.8,378751,0
2026-04-28T11:10:00+05:30,1301.9,1302.6,1301.2,1301.3,61195,0
2026-04-28T11:15:00+05:30,1301.4,1301.4,1300.1,1300.3,96110,0
2026-04-28T11:20:00+05:30,1300.4,1301.0,1295.8,1297.5,159641,0
2026-04-28T11:25:00+05:30,1297.6,1297.6,1294.1,1294.3,115275,0
2026-04-28T11:30:00+05:30,1294.5,1294.5,1290.0,1291.9,177577,0
2026-04-28T11:35:00+05:30,1291.9,1295.0,1291.0,1294.5,138614,0
2026-04-28T11:40:00+05:30,1294.6,1295.0,1293.1,1294.7,134227,0
2026-04-28T11:45:00+05:30,1294.7,1295.7,1293.1,1294.3,185300,0
2026-04-28T11:50:00+05:30,1294.3,1294.9,1294.0,1294.1,53134,0
2026-04-28T11:55:00+05:30,1294.2,1295.8,1293.4,1295.2,78249,0
2026-04-28T12:00:00+05:30,1295.2,1295.5,1294.1,1294.9,60344,0
2026-04-28T12:05:00+05:30,1294.9,1296.5,1293.6,1296.0,69861,0
2026-04-28T12:10:00+05:30,1296.0,1297.6,1295.1,1296.0,453904,0
2026-04-28T12:15:00+05:30,1296.4,1299.0,1296.0,1296.2,108488,0
2026-04-28T12:20:00+05:30,1296.2,1296.7,1293.7,1294.7,66478,0
2026-04-28T12:25:00+05:30,1294.7,1295.5,1293.5,1293.9,61041,0
2026-04-28T12:30:00+05:30,1293.9,1293.9,1292.1,1293.3,60611,0
2026-04-28T12:35:00+05:30,1293.3,1294.0,1291.5,1292.4,72426,0
2026-04-28T12:40:00+05:30,1292.4,1293.4,1292.2,1292.9,36915,0
2026-04-28T12:45:00+05:30,1293.0,1293.8,1292.7,1293.5,44273,0
2026-04-28T12:50:00+05:30,1293.5,1295.1,1291.1,1291.5,154719,0
2026-04-28T12:55:00+05:30,1291.5,1292.3,1290.5,1291.3,51207,0
2026-04-28T13:00:00+05:30,1291.3,1293.1,1291.1,1292.6,55373,0
2026-04-28T13:05:00+05:30,1292.7,1293.2,1291.6,1292.9,94082,0
2026-04-28T13:10:00+05:30,1292.9,1293.0,1291.3,1291.6,33993,0
2026-04-28T13:15:00+05:30,1291.7,1293.0,1291.5,1292.6,28681,0
2026-04-28T13:20:00+05:30,1292.6,1294.5,1292.4,1294.3,233221,0
2026-04-28T13:25:00+05:30,1294.3,1294.5,1292.0,1292.3,38026,0
2026-04-28T13:30:00+05:30,1292.3,1292.6,1291.1,1292.4,40761,0
2026-04-28T13:35:00+05:30,1292.5,1292.7,1288.8,1290.0,107771,0
2026-04-28T13:40:00+05:30,1290.5,1292.8,1290.0,1291.3,51230,0
2026-04-28T13:45:00+05:30,1291.2,1292.5,1290.4,1292.2,46436,0
2026-04-28T13:50:00+05:30,1292.2,1293.3,1291.4,1292.4,49974,0
2026-04-28T13:55:00+05:30,1292.0,1293.5,1290.5,1290.6,71755,0
2026-04-28T14:00:00+05:30,1290.9,1291.7,1290.4,1290.9,37993,0
2026-04-28T14:05:00+05:30,1290.9,1291.8,1290.1,1290.7,53285,0
2026-04-28T14:10:00+05:30,1290.7,1291.6,1290.0,1291.0,60950,0
2026-04-28T14:15:00+05:30,1291.1,1292.0,1290.0,1291.5,53063,0
2026-04-28T14:20:00+05:30,1291.4,1292.3,1290.7,1291.6,61924,0
2026-04-28T14:25:00+05:30,1291.4,1292.4,1289.9,1290.4,185387,0
2026-04-28T14:30:00+05:30,1290.4,1291.5,1289.6,1289.8,114934,0
2026-04-28T14:35:00+05:30,1290.0,1290.9,1287.7,1288.0,108519,0
2026-04-28T14:40:00+05:30,1288.4,1290.7,1287.8,1290.5,127023,0
2026-04-28T14:45:00+05:30,1290.1,1291.0,1289.0,1290.1,118267,0
2026-04-28T14:50:00+05:30,1290.1,1291.0,1289.5,1290.6,219620,0
2026-04-28T14:55:00+05:30,1290.6,1291.0,1289.1,1290.1,119584,0
2026-04-28T15:00:00+05:30,1290.0,1290.1,1287.0,1289.2,390720,0
2026-04-28T15:05:00+05:30,1289.2,1291.0,1287.5,1289.0,526983,0
2026-04-28T15:10:00+05:30,1288.8,1291.2,1288.3,1291.0,364425,0
2026-04-28T15:15:00+05:30,1291.0,1291.2,1285.5,1288.0,425313,0
2026-04-28T15:20:00+05:30,1288.0,1290.0,1286.7,1289.4,279448,0
2026-04-28T15:25:00+05:30,1289.4,1291.0,1287.9,1288.8,458924,0
2026-04-29T09:15:00+05:30,1295.0,1297.5,1279.0,1282.1,303038,0
2026-04-29T09:20:00+05:30,1282.1,1286.9,1281.5,1283.3,119987,0
2026-04-29T09:25:00+05:30,1283.3,1287.0,1283.0,1285.8,46701,0
2026-04-29T09:30:00+05:30,1285.8,1287.0,1284.7,1284.7,51245,0
2026-04-29T09:35:00+05:30,1284.8,1285.3,1283.2,1283.6,40014,0
2026-04-29T09:40:00+05:30,1283.8,1286.3,1282.1,1286.3,48333,0
2026-04-29T09:45:00+05:30,1286.3,1287.2,1284.0,1285.7,74181,0
2026-04-29T09:50:00+05:30,1285.9,1285.9,1283.6,1283.9,63586,0
2026-04-29T09:55:00+05:30,1283.9,1284.0,1281.0,1281.8,114358,0
2026-04-29T10:00:00+05:30,1282.0,1286.0,1281.5,1286.0,140100,0
2026-04-29T10:05:00+05:30,1286.2,1286.7,1284.3,1285.0,93485,0
2026-04-29T10:10:00+05:30,1285.2,1286.1,1284.2,1285.0,221135,0
2026-04-29T10:15:00+05:30,1285.0,1287.5,1284.9,1285.7,295759,0
2026-04-29T10:20:00+05:30,1286.0,1287.9,1284.9,1287.5,184279,0
2026-04-29T10:25:00+05:30,1287.5,1289.8,1286.4,1289.3,88994,0
2026-04-29T10:30:00+05:30,1289.5,1290.5,1287.2,1290.5,94337,0
2026-04-29T10:35:00+05:30,1290.5,1290.5,1287.3,1288.9,67755,0
2026-04-29T10:40:00+05:30,1288.9,1290.0,1288.0,1288.5,38482,0
2026-04-29T10:45:00+05:30,1288.5,1291.4,1287.4,1290.8,158928,0
2026-04-29T10:50:00+05:30,1291.2,1291.5,1289.3,1289.9,34862,0
2026-04-29T10:55:00+05:30,1289.9,1290.3,1288.2,1289.9,54745,0
2026-04-29T11:00:00+05:30,1290.0,1290.4,1288.8,1289.2,29569,0
2026-04-29T11:05:00+05:30,1289.2,1291.2,1289.2,1290.7,64874,0
2026-04-29T11:10:00+05:30,1290.8,1291.5,1289.8,1291.1,54068,0
2026-04-29T11:15:00+05:30,1291.2,1291.2,1288.8,1289.0,44680,0
2026-04-29T11:20:00+05:30,1289.3,1290.8,1289.0,1289.7,82737,0
2026-04-29T11:25:00+05:30,1290.0,1291.8,1289.7,1291.0,98675,0
2026-04-29T11:30:00+05:30,1291.1,1296.0,1291.1,1295.3,239842,0
2026-04-29T11:35:00+05:30,1295.3,1295.5,1293.7,1295.0,83936,0
2026-04-29T11:40:00+05:30,1295.0,1295.5,1293.3,1293.8,58662,0
2026-04-29T11:45:00+05:30,1293.6,1294.3,1290.8,1291.5,38387,0
2026-04-29T11:50:00+05:30,1291.5,1292.4,1291.1,1292.0,22487,0
2026-04-29T11:55:00+05:30,1292.0,1293.0,1291.5,1292.8,29772,0
2026-04-29T12:00:00+05:30,1293.0,1295.0,1292.6,1294.7,33462,0
2026-04-29T12:05:00+05:30,1294.8,1295.2,1293.7,1295.2,54942,0
2026-04-29T12:10:00+05:30,1295.2,1297.2,1294.1,1295.6,131832,0
2026-04-29T12:15:00+05:30,1295.7,1296.6,1295.4,1296.4,21068,0
2026-04-29T12:20:00+05:30,1296.5,1299.0,1296.2,1298.8,55001,0
2026-04-29T12:25:00+05:30,1298.9,1300.0,1297.6,1298.6,76912,0
2026-04-29T12:30:00+05:30,1299.1,1299.8,1298.3,1299.7,88499,0
2026-04-29T12:35:00+05:30,1299.8,1305.9,1299.8,1305.6,131897,0
2026-04-29T12:40:00+05:30,1305.6,1307.8,1304.1,1307.4,47786,0
2026-04-29T12:45:00+05:30,1307.4,1309.2,1306.2,1308.0,62097,0
2026-04-29T12:50:00+05:30,1308.1,1308.2,1305.2,1305.7,44878,0
2026-04-29T12:55:00+05:30,1305.7,1306.0,1303.5,1303.9,34610,0
2026-04-29T13:00:00+05:30,1304.0,1307.0,1303.2,1306.9,37547,0
2026-04-29T13:05:00+05:30,1307.0,1307.3,1304.7,1305.1,27987,0
2026-04-29T13:10:00+05:30,1305.2,1307.7,1303.1,1304.4,87282,0
2026-04-29T13:15:00+05:30,1304.4,1305.3,1303.0,1304.8,24722,0
2026-04-29T13:20:00+05:30,1304.9,1305.2,1302.6,1303.8,25208,0
2026-04-29T13:25:00+05:30,1304.0,1304.7,1301.1,1302.4,37088,0
2026-04-29T13:30:00+05:30,1302.6,1304.0,1302.4,1303.7,22882,0
2026-04-29T13:35:00+05:30,1303.8,1303.9,1301.4,1302.7,77516,0
2026-04-29T13:40:00+05:30,1302.8,1305.2,1301.2,1303.7,398689,0
2026-04-29T13:45:00+05:30,1303.7,1304.1,1301.9,1302.5,21733,0
2026-04-29T13:50:00+05:30,1302.6,1304.0,1301.0,1301.6,112363,0
2026-04-29T13:55:00+05:30,1301.7,1302.4,1299.8,1299.9,31308,0
2026-04-29T14:00:00+05:30,1299.6,1301.1,1296.0,1297.3,64125,0
2026-04-29T14:05:00+05:30,1297.4,1298.0,1296.3,1296.7,64086,0
2026-04-29T14:10:00+05:30,1296.8,1297.5,1294.4,1296.6,37695,0
2026-04-29T14:15:00+05:30,1296.6,1297.4,1295.1,1295.5,30841,0
2026-04-29T14:20:00+05:30,1295.7,1299.2,1295.7,1298.3,35990,0
2026-04-29T14:25:00+05:30,1298.5,1299.1,1297.5,1298.2,24318,0
2026-04-29T14:30:00+05:30,1298.4,1299.7,1298.1,1299.4,25547,0
2026-04-29T14:35:00+05:30,1299.4,1299.9,1298.0,1299.1,27472,0
2026-04-29T14:40:00+05:30,1299.3,1300.6,1298.3,1300.6,36782,0
2026-04-29T14:45:00+05:30,1300.6,1300.8,1298.4,1299.0,50819,0
2026-04-29T14:50:00+05:30,1299.0,1299.1,1297.6,1297.9,32822,0
2026-04-29T14:55:00+05:30,1297.9,1298.0,1297.1,1297.5,38576,0
2026-04-29T15:00:00+05:30,1297.7,1298.6,1297.0,1297.0,181303,0
2026-04-29T15:05:00+05:30,1297.1,1300.3,1296.4,1299.1,203394,0
2026-04-29T15:10:00+05:30,1299.1,1299.3,1295.2,1296.0,125782,0
2026-04-29T15:15:00+05:30,1296.0,1296.7,1294.4,1294.4,147704,0
2026-04-29T15:20:00+05:30,1294.4,1295.0,1293.1,1293.4,107875,0
2026-04-29T15:25:00+05:30,1293.4,1296.2,1290.3,1290.6,84577,0
2026-04-30T09:15:00+05:30,1288.0,1288.0,1266.6,1273.6,961984,0
2026-04-30T09:20:00+05:30,1273.4,1274.1,1265.0,1265.1,202886,0
2026-04-30T09:25:00+05:30,1265.2,1268.2,1264.0,1265.9,152848,0
2026-04-30T09:30:00+05:30,1265.8,1272.3,1265.1,1270.6,309407,0
2026-04-30T09:35:00+05:30,1270.6,1271.6,1267.2,1271.3,681815,0
2026-04-30T09:40:00+05:30,1271.3,1273.5,1269.6,1272.3,123711,0
2026-04-30T09:45:00+05:30,1272.3,1272.8,1268.9,1269.2,62252,0
2026-04-30T09:50:00+05:30,1269.2,1269.2,1262.9,1263.4,185067,0
2026-04-30T09:55:00+05:30,1263.3,1264.6,1262.5,1263.1,87051,0
2026-04-30T10:00:00+05:30,1263.1,1263.4,1261.1,1262.2,91767,0
2026-04-30T10:05:00+05:30,1262.1,1264.0,1261.1,1263.2,110710,0
2026-04-30T10:10:00+05:30,1263.0,1264.6,1262.3,1263.9,1239183,0
2026-04-30T10:15:00+05:30,1263.9,1264.4,1262.0,1263.0,148061,0
2026-04-30T10:20:00+05:30,1263.1,1263.6,1260.0,1260.8,382131,0
2026-04-30T10:25:00+05:30,1260.8,1261.6,1257.5,1261.2,125673,0
2026-04-30T10:30:00+05:30,1261.3,1262.3,1260.3,1262.0,124607,0
2026-04-30T10:35:00+05:30,1262.0,1264.4,1261.0,1264.2,637502,0
2026-04-30T10:40:00+05:30,1264.2,1264.9,1261.8,1262.8,75024,0
2026-04-30T10:45:00+05:30,1262.9,1262.9,1261.3,1262.2,118110,0
2026-04-30T10:50:00+05:30,1262.1,1262.2,1260.5,1260.8,74923,0
2026-04-30T10:55:00+05:30,1260.6,1262.0,1259.9,1261.5,122398,0
2026-04-30T11:00:00+05:30,1261.5,1262.1,1258.0,1259.0,275602,0
2026-04-30T11:05:00+05:30,1259.0,1259.3,1257.3,1258.7,110363,0
2026-04-30T11:10:00+05:30,1258.9,1260.0,1258.7,1259.8,67453,0
2026-04-30T11:15:00+05:30,1259.7,1260.0,1258.8,1259.2,46250,0
2026-04-30T11:20:00+05:30,1259.1,1260.0,1258.2,1259.3,41204,0
2026-04-30T11:25:00+05:30,1259.3,1260.0,1259.2,1259.9,74657,0
2026-04-30T11:30:00+05:30,1259.9,1262.0,1259.4,1261.8,392920,0
2026-04-30T11:35:00+05:30,1261.8,1262.8,1260.0,1260.5,99054,0
2026-04-30T11:40:00+05:30,1260.6,1261.2,1259.5,1260.2,1148467,0
2026-04-30T11:45:00+05:30,1260.1,1261.7,1259.9,1261.0,84522,0
2026-04-30T11:50:00+05:30,1261.0,1261.0,1258.1,1259.0,76871,0
2026-04-30T11:55:00+05:30,1259.0,1260.0,1258.8,1259.5,67549,0
2026-04-30T12:00:00+05:30,1259.5,1261.4,1259.2,1261.0,519348,0
2026-04-30T12:05:00+05:30,1261.3,1264.4,1260.4,1264.3,170423,0
2026-04-30T12:10:00+05:30,1264.2,1266.0,1262.7,1266.0,105119,0
2026-04-30T12:15:00+05:30,1265.9,1266.3,1261.7,1261.7,84799,0
2026-04-30T12:20:00+05:30,1261.7,1264.3,1260.2,1264.3,94785,0
2026-04-30T12:25:00+05:30,1264.2,1266.0,1263.5,1264.0,104375,0
2026-04-30T12:30:00+05:30,1264.0,1265.1,1263.4,1264.8,96888,0
2026-04-30T12:35:00+05:30,1264.7,1264.8,1262.0,1262.1,84798,0
2026-04-30T12:40:00+05:30,1262.1,1263.6,1261.1,1261.8,95108,0
2026-04-30T12:45:00+05:30,1261.8,1263.6,1261.7,1261.8,52128,0
2026-04-30T12:50:00+05:30,1262.0,1262.9,1261.4,1262.7,58012,0
2026-04-30T12:55:00+05:30,1262.7,1265.5,1262.1,1264.9,107163,0
2026-04-30T13:00:00+05:30,1264.9,1267.2,1264.8,1265.3,120168,0
2026-04-30T13:05:00+05:30,1265.3,1267.2,1265.0,1266.2,84425,0
2026-04-30T13:10:00+05:30,1266.5,1267.5,1265.4,1265.6,95736,0
2026-04-30T13:15:00+05:30,1265.7,1265.7,1264.2,1264.4,82789,0
2026-04-30T13:20:00+05:30,1264.2,1267.1,1264.2,1266.5,84874,0
2026-04-30T13:25:00+05:30,1266.5,1267.8,1265.7,1267.2,109888,0
2026-04-30T13:30:00+05:30,1267.1,1267.7,1265.9,1266.7,61372,0
2026-04-30T13:35:00+05:30,1266.7,1271.6,1266.6,1270.7,351827,0
2026-04-30T13:40:00+05:30,1270.6,1275.0,1268.7,1275.0,308298,0
2026-04-30T13:45:00+05:30,1274.9,1275.3,1272.1,1274.1,204824,0
2026-04-30T13:50:00+05:30,1274.1,1275.0,1270.4,1271.3,141219,0
2026-04-30T13:55:00+05:30,1271.3,1273.3,1271.1,1272.9,82787,0
2026-04-30T14:00:00+05:30,1272.9,1274.8,1272.5,1273.6,89079,0
2026-04-30T14:05:00+05:30,1273.6,1274.2,1271.4,1273.9,92613,0
2026-04-30T14:10:00+05:30,1273.9,1274.2,1271.1,1272.1,127152,0
2026-04-30T14:15:00+05:30,1272.1,1272.5,1269.5,1270.7,116582,0
2026-04-30T14:20:00+05:30,1270.7,1272.9,1269.2,1271.3,145035,0
2026-04-30T14:25:00+05:30,1271.7,1272.7,1270.8,1271.7,121798,0
2026-04-30T14:30:00+05:30,1271.6,1273.9,1271.1,1273.7,113552,0
2026-04-30T14:35:00+05:30,1273.8,1275.0,1272.5,1274.5,173200,0
2026-04-30T14:40:00+05:30,1274.6,1275.0,1272.9,1273.7,166050,0
2026-04-30T14:45:00+05:30,1273.7,1274.1,1271.5,1272.0,114607,0
2026-04-30T14:50:00+05:30,1272.2,1274.0,1271.2,1272.3,225698,0
2026-04-30T14:55:00+05:30,1272.3,1274.0,1271.4,1273.7,128272,0
2026-04-30T15:00:00+05:30,1273.7,1273.9,1269.0,1269.2,392546,0
2026-04-30T15:05:00+05:30,1269.2,1269.5,1266.4,1266.9,461353,0
2026-04-30T15:10:00+05:30,1266.9,1267.6,1264.4,1266.8,602107,0
2026-04-30T15:15:00+05:30,1266.6,1272.1,1265.3,1269.4,576301,0
2026-04-30T15:20:00+05:30,1269.6,1271.3,1267.5,1269.6,549564,0
2026-04-30T15:25:00+05:30,1269.7,1275.5,1268.1,1275.5,436707,0
2026-05-04T09:15:00+05:30,1268.3,1286.9,1268.3,1274.0,871686,0
2026-05-04T09:20:00+05:30,1273.7,1278.8,1273.7,1276.6,376328,0
2026-05-04T09:25:00+05:30,1276.6,1286.4,1276.3,1285.7,666038,0
2026-05-04T09:30:00+05:30,1285.2,1290.9,1285.0,1289.0,312407,0
2026-05-04T09:35:00+05:30,1289.0,1292.2,1287.2,1289.5,269214,0
2026-05-04T09:40:00+05:30,1289.6,1294.4,1289.1,1290.2,242603,0
2026-05-04T09:45:00+05:30,1290.2,1291.4,1288.7,1289.7,122672,0
2026-05-04T09:50:00+05:30,1289.4,1289.8,1279.7,1280.6,186013,0
2026-05-04T09:55:00+05:30,1280.6,1283.5,1279.6,1282.2,83304,0
2026-05-04T10:00:00+05:30,1282.2,1283.0,1280.7,1281.4,87465,0
2026-05-04T10:05:00+05:30,1281.8,1283.4,1281.3,1282.3,137826,0
2026-05-04T10:10:00+05:30,1282.5,1282.6,1278.5,1279.4,91151,0
2026-05-04T10:15:00+05:30,1279.3,1280.0,1278.1,1279.7,49234,0
2026-05-04T10:20:00+05:30,1279.6,1280.0,1277.3,1278.1,85547,0
2026-05-04T10:25:00+05:30,1278.6,1280.0,1277.8,1279.4,84351,0
2026-05-04T10:30:00+05:30,1279.7,1283.0,1279.2,1279.8,113498,0
2026-05-04T10:35:00+05:30,1279.8,1281.4,1277.3,1277.6,137968,0
2026-05-04T10:40:00+05:30,1277.6,1278.1,1273.8,1276.6,120052,0
2026-05-04T10:45:00+05:30,1276.6,1278.4,1275.2,1277.1,154995,0
2026-05-04T10:50:00+05:30,1277.1,1278.2,1276.7,1277.5,49527,0
2026-05-04T10:55:00+05:30,1277.5,1277.7,1274.5,1274.5,49221,0
2026-05-04T11:00:00+05:30,1274.6,1275.9,1272.3,1274.5,121415,0
2026-05-04T11:05:00+05:30,1274.9,1277.2,1273.5,1276.3,112648,0
2026-05-04T11:10:00+05:30,1276.7,1278.6,1276.2,1278.5,38056,0
2026-05-04T11:15:00+05:30,1278.5,1278.7,1277.2,1278.3,227342,0
2026-05-04T11:20:00+05:30,1278.6,1280.8,1277.8,1279.8,36343,0
2026-05-04T11:25:00+05:30,1279.9,1282.2,1278.2,1281.2,366022,0
2026-05-04T11:30:00+05:30,1281.2,1282.2,1280.1,1281.5,72166,0
2026-05-04T11:35:00+05:30,1281.5,1281.5,1279.0,1279.6,109799,0
2026-05-04T11:40:00+05:30,1279.7,1279.8,1276.6,1277.7,55825,0
2026-05-04T11:45:00+05:30,1278.0,1279.8,1277.7,1278.3,41812,0
2026-05-04T11:50:00+05:30,1278.4,1279.5,1278.0,1279.0,14941,0
2026-05-04T11:55:00+05:30,1279.2,1279.4,1274.5,1275.1,47942,0
2026-05-04T12:00:00+05:30,1275.1,1275.8,1274.2,1275.5,34513,0
2026-05-04T12:05:00+05:30,1275.1,1275.8,1274.4,1275.2,42353,0
2026-05-04T12:10:00+05:30,1275.2,1275.3,1270.0,1270.5,112458,0
2026-05-04T12:15:00+05:30,1270.5,1271.5,1269.0,1270.6,121522,0
2026-05-04T12:20:00+05:30,1270.5,1271.4,1268.6,1270.0,47794,0
2026-05-04T12:25:00+05:30,1270.1,1270.9,1269.3,1269.4,161465,0
2026-05-04T12:30:00+05:30,1269.9,1270.9,1266.8,1267.6,95067,0
2026-05-04T12:35:00+05:30,1267.6,1269.4,1264.7,1269.4,146891,0
2026-05-04T12:40:00+05:30,1268.9,1270.3,1267.1,1267.5,54034,0
2026-05-04T12:45:00+05:30,1267.5,1269.5,1266.5,1267.3,65606,0
2026-05-04T12:50:00+05:30,1267.3,1269.3,1266.6,1268.3,64623,0
2026-05-04T12:55:00+05:30,1268.4,1270.6,1267.6,1267.7,170000,0
2026-05-04T13:00:00+05:30,1268.2,1269.2,1267.0,1268.9,53396,0
2026-05-04T13:05:00+05:30,1269.0,1269.7,1268.0,1269.6,62739,0
2026-05-04T13:10:00+05:30,1269.6,1270.4,1268.6,1269.3,34569,0
2026-05-04T13:15:00+05:30,1269.4,1270.0,1268.0,1269.8,33360,0
2026-05-04T13:20:00+05:30,1269.8,1269.9,1267.6,1268.8,38989,0
2026-05-04T13:25:00+05:30,1268.8,1270.0,1266.0,1266.4,47383,0
2026-05-04T13:30:00+05:30,1266.0,1267.1,1264.5,1265.6,44658,0
2026-05-04T13:35:00+05:30,1265.7,1267.7,1264.9,1267.6,36820,0
2026-05-04T13:40:00+05:30,1267.6,1270.5,1267.4,1270.0,76110,0
2026-05-04T13:45:00+05:30,1270.0,1272.0,1269.3,1271.2,114484,0
2026-05-04T13:50:00+05:30,1271.6,1272.9,1269.9,1271.9,148740,0
2026-05-04T13:55:00+05:30,1271.9,1272.7,1268.8,1270.1,105373,0
2026-05-04T14:00:00+05:30,1270.6,1271.2,1269.0,1270.3,26417,0
2026-05-04T14:05:00+05:30,1270.3,1271.2,1269.8,1271.1,28073,0
2026-05-04T14:10:00+05:30,1271.1,1272.8,1270.7,1271.8,62220,0
2026-05-04T14:15:00+05:30,1271.3,1275.1,1269.9,1274.9,136558,0
2026-05-04T14:20:00+05:30,1275.0,1275.0,1273.5,1273.7,32370,0
2026-05-04T14:25:00+05:30,1273.6,1274.8,1272.2,1272.9,50207,0
2026-05-04T14:30:00+05:30,1272.9,1273.6,1270.1,1271.1,157982,0
2026-05-04T14:35:00+05:30,1271.1,1272.6,1270.8,1272.3,128902,0
2026-05-04T14:40:00+05:30,1272.6,1273.9,1271.4,1272.9,101918,0
2026-05-04T14:45:00+05:30,1272.4,1273.2,1271.4,1272.4,100618,0
2026-05-04T14:50:00+05:30,1272.4,1273.4,1270.8,1272.5,153477,0
2026-05-04T14:55:00+05:30,1273.0,1274.2,1271.9,1272.8,106083,0
2026-05-04T15:00:00+05:30,1272.8,1274.7,1271.5,1272.8,172973,0
2026-05-04T15:05:00+05:30,1273.3,1277.3,1272.7,1276.2,223326,0
2026-05-04T15:10:00+05:30,1276.4,1277.0,1274.9,1275.1,199262,0
2026-05-04T15:15:00+05:30,1275.1,1276.7,1274.5,1276.0,185822,0
2026-05-04T15:20:00+05:30,1276.1,1277.1,1273.1,1274.3,201903,0
2026-05-04T15:25:00+05:30,1274.0,1277.5,1273.8,1277.5,138420,0
2026-05-05T09:15:00+05:30,1268.0,1270.9,1263.1,1270.7,145931,0
2026-05-05T09:20:00+05:30,1270.8,1271.5,1265.6,1267.5,112665,0
2026-05-05T09:25:00+05:30,1267.5,1267.6,1263.9,1265.1,112659,0
2026-05-05T09:30:00+05:30,1265.1,1271.8,1264.1,1271.4,83205,0
2026-05-05T09:35:00+05:30,1271.4,1271.7,1267.5,1268.1,86922,0
2026-05-05T09:40:00+05:30,1268.2,1269.3,1266.0,1268.1,99774,0
2026-05-05T09:45:00+05:30,1268.1,1270.4,1267.2,1269.0,558083,0
2026-05-05T09:50:00+05:30,1269.5,1270.1,1268.2,1269.4,95217,0
2026-05-05T09:55:00+05:30,1269.4,1270.0,1268.5,1270.0,32404,0
2026-05-05T10:00:00+05:30,1270.0,1270.1,1267.0,1267.0,68731,0
2026-05-05T10:05:00+05:30,1267.0,1267.9,1263.5,1263.9,72597,0
2026-05-05T10:10:00+05:30,1264.0,1264.2,1260.6,1261.1,77219,0
2026-05-05T10:15:00+05:30,1261.1,1265.2,1260.2,1264.6,62393,0
2026-05-05T10:20:00+05:30,1264.7,1265.0,1262.9,1264.6,42729,0
2026-05-05T10:25:00+05:30,1264.6,1264.8,1261.4,1262.3,36874,0
2026-05-05T10:30:00+05:30,1262.5,1263.7,1261.8,1262.0,32982,0
2026-05-05T10:35:00+05:30,1262.3,1263.2,1261.4,1262.4,37893,0
2026-05-05T10:40:00+05:30,1262.5,1263.7,1261.5,1263.0,19409,0
2026-05-05T10:45:00+05:30,1263.0,1263.8,1262.1,1262.6,12004,0
2026-05-05T10:50:00+05:30,1263.1,1263.5,1260.1,1262.3,43311,0
2026-05-05T10:55:00+05:30,1262.3,1262.4,1260.3,1260.9,48423,0
2026-05-05T11:00:00+05:30,1261.0,1262.7,1260.0,1262.7,85471,0
2026-05-05T11:05:00+05:30,1262.1,1262.8,1260.7,1261.7,171649,0
2026-05-05T11:10:00+05:30,1261.6,1262.6,1260.6,1261.9,125854,0
2026-05-05T11:15:00+05:30,1261.9,1263.6,1261.4,1261.4,73444,0
2026-05-05T11:20:00+05:30,1261.8,1262.4,1260.8,1261.7,36608,0
2026-05-05T11:25:00+05:30,1261.7,1261.8,1260.8,1261.2,25477,0
2026-05-05T11:30:00+05:30,1261.4,1263.1,1261.0,1262.3,142956,0
2026-05-05T11:35:00+05:30,1262.3,1263.1,1261.7,1263.0,86779,0
2026-05-05T11:40:00+05:30,1263.0,1263.0,1261.6,1262.2,30440,0
2026-05-05T11:45:00+05:30,1262.2,1262.2,1261.0,1261.6,27097,0
2026-05-05T11:50:00+05:30,1261.7,1262.5,1260.2,1260.4,46438,0
2026-05-05T11:55:00+05:30,1260.4,1261.5,1260.1,1260.7,28436,0
2026-05-05T12:00:00+05:30,1260.9,1262.4,1260.5,1260.7,42999,0
2026-05-05T12:05:00+05:30,1261.0,1261.5,1260.5,1260.9,21019,0
2026-05-05T12:10:00+05:30,1261.0,1262.6,1260.3,1261.8,45055,0
2026-05-05T12:15:00+05:30,1262.0,1262.7,1261.7,1262.7,29939,0
2026-05-05T12:20:00+05:30,1262.7,1263.7,1262.4,1263.5,62699,0
2026-05-05T12:25:00+05:30,1263.4,1263.6,1261.1,1261.4,48771,0
2026-05-05T12:30:00+05:30,1261.9,1262.7,1260.7,1261.6,204938,0
2026-05-05T12:35:00+05:30,1261.6,1263.3,1261.4,1262.9,105647,0
2026-05-05T12:40:00+05:30,1262.9,1263.7,1261.7,1262.9,78457,0
2026-05-05T12:45:00+05:30,1262.7,1264.0,1262.5,1262.9,79735,0
2026-05-05T12:50:00+05:30,1262.9,1267.1,1262.9,1265.3,586515,0
2026-05-05T12:55:00+05:30,1265.4,1268.0,1265.0,1267.9,90570,0
2026-05-05T13:00:00+05:30,1268.0,1270.9,1264.0,1268.8,355700,0
2026-05-05T13:05:00+05:30,1269.0,1273.3,1267.2,1272.8,164625,0
2026-05-05T13:10:00+05:30,1272.5,1273.7,1267.3,1270.0,269892,0
2026-05-05T13:15:00+05:30,1270.0,1272.7,1265.6,1266.1,384376,0
2026-05-05T13:20:00+05:30,1266.3,1267.6,1264.5,1266.5,105646,0
2026-05-05T13:25:00+05:30,1266.5,1270.6,1265.5,1268.2,156988,0
2026-05-05T13:30:00+05:30,1268.8,1270.4,1265.5,1269.7,720069,0
2026-05-05T13:35:00+05:30,1270.0,1270.8,1267.9,1268.3,81231,0
2026-05-05T13:40:00+05:30,1268.5,1270.4,1266.8,1270.0,134292,0
2026-05-05T13:45:00+05:30,1269.7,1270.2,1266.6,1266.6,129434,0
2026-05-05T13:50:00+05:30,1267.2,1268.4,1265.9,1266.3,86385,0
2026-05-05T13:55:00+05:30,1266.8,1268.2,1265.3,1266.1,155996,0
2026-05-05T14:00:00+05:30,1266.1,1266.9,1265.2,1265.7,44470,0
2026-05-05T14:05:00+05:30,1266.3,1266.7,1264.4,1265.6,24452,0
2026-05-05T14:10:00+05:30,1265.8,1266.6,1265.0,1265.9,56833,0
2026-05-05T14:15:00+05:30,1266.0,1267.9,1265.4,1267.8,101808,0
2026-05-05T14:20:00+05:30,1267.8,1268.4,1265.5,1266.6,544781,0
2026-05-05T14:25:00+05:30,1266.7,1267.9,1265.6,1267.1,61498,0
2026-05-05T14:30:00+05:30,1267.5,1267.9,1265.7,1266.2,77132,0
2026-05-05T14:35:00+05:30,1266.8,1267.3,1264.5,1265.6,187438,0
2026-05-05T14:40:00+05:30,1265.8,1266.3,1264.2,1265.5,61697,0
2026-05-05T14:45:00+05:30,1265.6,1267.9,1261.5,1261.8,98391,0
2026-05-05T14:50:00+05:30,1262.2,1263.9,1260.1,1260.6,158466,0
2026-05-05T14:55:00+05:30,1261.0,1262.6,1260.5,1261.3,62014,0
2026-05-05T15:00:00+05:30,1261.3,1261.8,1258.8,1260.8,204402,0
2026-05-05T15:05:00+05:30,1260.4,1262.3,1259.1,1262.1,249140,0
2026-05-05T15:10:00+05:30,1261.4,1263.9,1260.0,1263.0,219953,0
2026-05-05T15:15:00+05:30,1263.0,1265.3,1261.0,1261.1,116572,0
2026-05-05T15:20:00+05:30,1261.3,1262.6,1258.0,1258.3,830428,0
2026-05-05T15:25:00+05:30,1258.8,1259.7,1252.0,1257.8,148952,0
2026-05-06T09:15:00+05:30,1275.0,1286.3,1269.4,1272.3,711463,0
2026-05-06T09:20:00+05:30,1272.4,1276.3,1271.0,1273.4,206411,0
2026-05-06T09:25:00+05:30,1273.4,1275.4,1272.0,1272.9,60647,0
2026-05-06T09:30:00+05:30,1272.9,1273.6,1270.8,1271.2,36953,0
2026-05-06T09:35:00+05:30,1271.2,1274.6,1270.2,1273.6,90398,0
2026-05-06T09:40:00+05:30,1273.6,1274.2,1270.6,1271.2,54919,0
2026-05-06T09:45:00+05:30,1271.2,1271.2,1267.9,1268.9,59564,0
2026-05-06T09:50:00+05:30,1268.9,1268.9,1265.3,1267.9,44411,0
2026-05-06T09:55:00+05:30,1268.2,1269.3,1266.7,1267.1,47659,0
2026-05-06T10:00:00+05:30,1267.1,1267.1,1265.6,1266.1,46726,0
2026-05-06T10:05:00+05:30,1266.1,1266.3,1264.3,1265.2,38528,0
2026-05-06T10:10:00+05:30,1265.2,1267.4,1265.0,1266.7,37608,0
2026-05-06T10:15:00+05:30,1266.7,1268.8,1266.1,1268.7,49075,0
2026-05-06T10:20:00+05:30,1268.7,1271.1,1268.2,1269.8,50741,0
2026-05-06T10:25:00+05:30,1269.8,1270.2,1266.8,1266.9,40541,0
2026-05-06T10:30:00+05:30,1267.4,1268.0,1266.2,1266.9,45099,0
2026-05-06T10:35:00+05:30,1266.9,1267.7,1265.7,1267.3,30641,0
2026-05-06T10:40:00+05:30,1267.3,1269.8,1266.9,1268.5,57609,0
2026-05-06T10:45:00+05:30,1268.5,1269.0,1267.2,1267.7,43907,0
2026-05-06T10:50:00+05:30,1267.7,1267.8,1264.1,1264.1,34111,0
2026-05-06T10:55:00+05:30,1264.3,1266.3,1263.8,1265.9,90449,0
2026-05-06T11:00:00+05:30,1265.9,1266.9,1263.1,1263.6,76921,0
2026-05-06T11:05:00+05:30,1263.6,1264.3,1263.0,1263.8,33041,0
2026-05-06T11:10:00+05:30,1263.9,1264.3,1261.5,1261.9,45402,0
2026-05-06T11:15:00+05:30,1261.9,1261.9,1259.8,1260.0,40135,0
2026-05-06T11:20:00+05:30,1260.0,1261.6,1259.7,1260.2,61053,0
2026-05-06T11:25:00+05:30,1260.2,1261.8,1259.7,1260.7,41816,0
2026-05-06T11:30:00+05:30,1260.7,1262.6,1260.5,1262.2,155312,0
2026-05-06T11:35:00+05:30,1262.2,1263.6,1260.2,1261.9,89801,0
2026-05-06T11:40:00+05:30,1261.9,1263.0,1260.5,1261.8,30871,0
2026-05-06T11:45:00+05:30,1261.8,1262.4,1261.1,1261.9,18371,0
2026-05-06T11:50:00+05:30,1262.0,1262.0,1260.5,1261.8,17136,0
2026-05-06T11:55:00+05:30,1261.8,1262.2,1260.1,1260.6,28748,0
2026-05-06T12:00:00+05:30,1260.5,1261.7,1258.7,1261.1,110693,0
2026-05-06T12:05:00+05:30,1261.1,1261.3,1259.2,1259.5,30539,0
2026-05-06T12:10:00+05:30,1259.5,1260.2,1257.9,1258.9,49302,0
2026-05-06T12:15:00+05:30,1258.9,1260.7,1258.4,1260.4,48757,0
2026-05-06T12:20:00+05:30,1260.4,1260.5,1256.7,1258.0,84814,0
2026-05-06T12:25:00+05:30,1258.1,1258.9,1256.2,1258.0,33628,0
2026-05-06T12:30:00+05:30,1258.0,1258.6,1257.3,1258.1,20301,0
2026-05-06T12:35:00+05:30,1258.1,1258.1,1256.1,1256.6,38088,0
2026-05-06T12:40:00+05:30,1256.5,1258.3,1256.0,1258.2,71666,0
2026-05-06T12:45:00+05:30,1258.1,1258.5,1255.7,1255.8,55852,0
2026-05-06T12:50:00+05:30,1256.4,1256.9,1255.3,1255.4,48957,0
2026-05-06T12:55:00+05:30,1255.8,1257.1,1255.2,1256.1,52581,0
2026-05-06T13:00:00+05:30,1256.4,1257.3,1255.2,1256.1,51454,0
2026-05-06T13:05:00+05:30,1256.1,1259.4,1255.6,1258.7,57851,0
2026-05-06T13:10:00+05:30,1258.7,1259.2,1258.0,1258.8,27412,0
2026-05-06T13:15:00+05:30,1258.8,1261.5,1258.3,1260.7,65854,0
2026-05-06T13:20:00+05:30,1260.7,1262.7,1260.2,1262.4,40481,0
2026-05-06T13:25:00+05:30,1262.4,1265.0,1261.7,1264.5,150412,0
2026-05-06T13:30:00+05:30,1264.9,1268.9,1264.4,1268.7,81818,0
2026-05-06T13:35:00+05:30,1268.7,1270.7,1268.2,1269.0,47919,0
2026-05-06T13:40:00+05:30,1268.9,1269.5,1268.0,1268.2,23452,0
2026-05-06T13:45:00+05:30,1268.2,1270.9,1268.1,1270.8,49618,0
2026-05-06T13:50:00+05:30,1270.8,1276.7,1270.4,1276.5,85623,0
2026-05-06T13:55:00+05:30,1276.5,1277.5,1275.0,1276.1,123814,0
2026-05-06T14:00:00+05:30,1276.1,1278.9,1275.8,1276.1,83258,0
2026-05-06T14:05:00+05:30,1276.1,1276.1,1273.2,1275.3,90663,0
2026-05-06T14:10:00+05:30,1275.3,1278.0,1275.0,1278.0,55145,0
2026-05-06T14:15:00+05:30,1278.0,1279.5,1277.1,1277.7,49231,0
2026-05-06T14:20:00+05:30,1277.7,1290.9,1277.1,1289.7,222999,0
2026-05-06T14:25:00+05:30,1290.2,1294.9,1289.7,1292.8,168100,0
2026-05-06T14:30:00+05:30,1293.0,1295.9,1292.4,1295.5,163735,0
2026-05-06T14:35:00+05:30,1295.5,1297.6,1290.6,1291.3,191943,0
2026-05-06T14:40:00+05:30,1291.8,1294.9,1291.3,1293.7,128610,0
2026-05-06T14:45:00+05:30,1293.7,1295.2,1292.9,1294.6,196298,0
2026-05-06T14:50:00+05:30,1294.6,1295.5,1289.2,1289.6,196219,0
2026-05-06T14:55:00+05:30,1289.6,1291.6,1287.9,1291.3,264945,0
2026-05-06T15:00:00+05:30,1291.2,1293.4,1287.5,1293.2,306504,0
2026-05-06T15:05:00+05:30,1292.9,1293.3,1288.4,1289.3,211136,0
2026-05-06T15:10:00+05:30,1289.3,1295.0,1289.1,1294.3,242814,0
2026-05-06T15:15:00+05:30,1294.2,1299.1,1294.0,1299.1,248329,0
2026-05-06T15:20:00+05:30,1299.1,1300.0,1295.2,1299.1,311851,0
2026-05-06T15:25:00+05:30,1299.5,1301.0,1296.2,1300.6,165089,0
2026-05-07T09:15:00+05:30,1299.0,1308.1,1285.2,1295.0,396309,0
2026-05-07T09:20:00+05:30,1294.7,1299.0,1294.0,1297.8,101165,0
2026-05-07T09:25:00+05:30,1297.8,1300.8,1294.4,1299.7,99671,0
2026-05-07T09:30:00+05:30,1299.8,1301.9,1298.3,1300.5,76525,0
2026-05-07T09:35:00+05:30,1300.5,1304.1,1300.3,1303.0,80174,0
2026-05-07T09:40:00+05:30,1303.3,1306.3,1302.9,1304.9,97563,0
2026-05-07T09:45:00+05:30,1304.9,1305.4,1301.3,1301.8,85944,0
2026-05-07T09:50:00+05:30,1302.0,1305.1,1300.5,1304.7,349838,0
2026-05-07T09:55:00+05:30,1304.6,1305.0,1302.0,1303.1,83660,0
2026-05-07T10:00:00+05:30,1303.2,1304.6,1302.6,1302.7,77888,0
2026-05-07T10:05:00+05:30,1302.7,1303.0,1297.6,1298.9,62044,0
2026-05-07T10:10:00+05:30,1298.7,1299.0,1296.9,1298.5,50563,0
2026-05-07T10:15:00+05:30,1298.6,1298.9,1296.7,1297.8,45901,0
2026-05-07T10:20:00+05:30,1297.8,1298.5,1297.0,1298.3,43173,0
2026-05-07T10:25:00+05:30,1298.3,1298.9,1297.0,1297.5,40109,0
2026-05-07T10:30:00+05:30,1297.6,1300.0,1297.1,1299.6,47774,0
2026-05-07T10:35:00+05:30,1299.6,1300.0,1299.0,1300.0,40360,0
2026-05-07T10:40:00+05:30,1300.0,1300.0,1299.2,1300.0,40599,0
2026-05-07T10:45:00+05:30,1300.0,1300.0,1298.3,1299.0,33482,0
2026-05-07T10:50:00+05:30,1298.9,1300.9,1297.3,1300.9,272673,0
2026-05-07T10:55:00+05:30,1300.8,1300.8,1299.3,1300.6,78617,0
2026-05-07T11:00:00+05:30,1300.6,1300.6,1297.8,1298.3,32277,0
2026-05-07T11:05:00+05:30,1298.3,1298.3,1295.1,1295.8,45914,0
2026-05-07T11:10:00+05:30,1295.9,1296.8,1294.9,1296.2,41150,0
2026-05-07T11:15:00+05:30,1296.2,1296.9,1295.4,1296.1,39166,0
2026-05-07T11:20:00+05:30,1296.0,1296.1,1295.1,1295.7,23241,0
2026-05-07T11:25:00+05:30,1295.7,1295.7,1293.2,1293.7,18795,0
2026-05-07T11:30:00+05:30,1293.7,1294.4,1292.2,1292.7,36549,0
2026-05-07T11:35:00+05:30,1292.6,1294.0,1291.8,1293.2,60606,0
2026-05-07T11:40:00+05:30,1293.1,1293.9,1291.0,1291.1,22870,0
2026-05-07T11:45:00+05:30,1291.1,1291.7,1290.1,1290.3,34121,0
2026-05-07T11:50:00+05:30,1290.2,1291.5,1288.6,1289.1,91945,0
2026-05-07T11:55:00+05:30,1289.1,1290.0,1288.2,1289.3,97365,0
2026-05-07T12:00:00+05:30,1289.3,1291.5,1289.0,1289.9,52359,0
2026-05-07T12:05:00+05:30,1289.9,1290.0,1287.5,1287.7,94825,0
2026-05-07T12:10:00+05:30,1287.7,1288.6,1287.0,1287.7,49959,0
2026-05-07T12:15:00+05:30,1287.8,1289.2,1287.3,1288.3,44528,0
2026-05-07T12:20:00+05:30,1288.2,1289.9,1287.6,1289.4,61320,0
2026-05-07T12:25:00+05:30,1289.4,1290.0,1288.3,1288.3,30806,0
2026-05-07T12:30:00+05:30,1288.3,1288.7,1285.2,1286.6,31501,0
2026-05-07T12:35:00+05:30,1286.6,1294.5,1285.2,1294.5,230347,0
2026-05-07T12:40:00+05:30,1294.5,1298.2,1293.7,1296.0,130542,0
2026-05-07T12:45:00+05:30,1296.4,1297.2,1294.0,1294.4,36771,0
2026-05-07T12:50:00+05:30,1294.0,1294.9,1288.2,1290.2,44146,0
2026-05-07T12:55:00+05:30,1290.2,1290.6,1287.6,1289.3,60359,0
2026-05-07T13:00:00+05:30,1289.3,1290.2,1287.5,1289.4,27130,0
2026-05-07T13:05:00+05:30,1289.4,1290.1,1287.8,1288.0,43458,0
2026-05-07T13:10:00+05:30,1288.0,1288.2,1286.5,1287.4,24476,0
2026-05-07T13:15:00+05:30,1287.4,1288.0,1282.1,1283.6,57594,0
2026-05-07T13:20:00+05:30,1283.9,1285.0,1281.7,1282.3,56937,0
2026-05-07T13:25:00+05:30,1282.8,1283.7,1281.3,1282.5,27470,0
2026-05-07T13:30:00+05:30,1282.5,1283.9,1282.2,1283.5,27111,0
2026-05-07T13:35:00+05:30,1283.2,1283.8,1281.3,1281.4,23245,0
2026-05-07T13:40:00+05:30,1281.4,1283.8,1281.2,1283.0,25155,0
2026-05-07T13:45:00+05:30,1282.8,1285.5,1281.5,1285.0,91405,0
2026-05-07T13:50:00+05:30,1285.0,1285.4,1283.5,1284.7,35923,0
2026-05-07T13:55:00+05:30,1284.7,1285.5,1284.1,1285.5,27790,0
2026-05-07T14:00:00+05:30,1285.5,1287.1,1284.8,1285.1,33380,0
2026-05-07T14:05:00+05:30,1285.1,1290.0,1284.2,1289.1,113827,0
2026-05-07T14:10:00+05:30,1288.6,1291.3,1288.5,1290.6,137877,0
2026-05-07T14:15:00+05:30,1290.7,1291.0,1289.1,1290.1,99010,0
2026-05-07T14:20:00+05:30,1290.1,1291.5,1287.1,1291.4,118223,0
2026-05-07T14:25:00+05:30,1291.4,1293.5,1290.5,1293.3,173506,0
2026-05-07T14:30:00+05:30,1293.0,1294.2,1291.6,1293.0,153061,0
2026-05-07T14:35:00+05:30,1293.0,1293.3,1292.4,1293.0,58998,0
2026-05-07T14:40:00+05:30,1293.0,1293.1,1289.6,1290.8,72627,0
2026-05-07T14:45:00+05:30,1290.4,1292.3,1289.6,1291.3,83252,0
2026-05-07T14:50:00+05:30,1291.2,1293.0,1290.8,1292.5,68747,0
2026-05-07T14:55:00+05:30,1292.2,1296.9,1292.2,1296.6,133178,0
2026-05-07T15:00:00+05:30,1296.3,1296.6,1292.6,1293.2,299714,0
2026-05-07T15:05:00+05:30,1293.3,1294.9,1290.4,1291.5,254276,0
2026-05-07T15:10:00+05:30,1291.6,1291.6,1289.8,1290.7,214266,0
2026-05-07T15:15:00+05:30,1291.0,1293.9,1290.6,1292.1,326711,0
2026-05-07T15:20:00+05:30,1292.1,1293.0,1291.1,1292.8,166934,0
2026-05-07T15:25:00+05:30,1292.7,1296.0,1292.4,1296.0,166593,0
2026-05-08T09:15:00+05:30,1280.0,1282.0,1272.3,1276.6,334901,0
2026-05-08T09:20:00+05:30,1276.2,1280.6,1275.0,1277.6,81160,0
2026-05-08T09:25:00+05:30,1277.6,1279.0,1275.0,1277.4,216686,0
2026-05-08T09:30:00+05:30,1277.4,1277.9,1274.0,1275.6,77975,0
2026-05-08T09:35:00+05:30,1275.6,1275.6,1274.0,1274.9,26064,0
2026-05-08T09:40:00+05:30,1274.9,1275.0,1273.2,1273.6,35450,0
2026-05-08T09:45:00+05:30,1273.6,1276.7,1272.1,1276.0,63836,0
2026-05-08T09:50:00+05:30,1276.0,1276.8,1274.3,1275.8,26681,0
2026-05-08T09:55:00+05:30,1275.8,1276.8,1275.0,1275.4,21982,0
2026-05-08T10:00:00+05:30,1275.4,1275.6,1273.5,1274.0,24353,0
2026-05-08T10:05:00+05:30,1274.2,1275.0,1271.2,1271.7,55189,0
2026-05-08T10:10:00+05:30,1272.0,1273.0,1270.3,1273.0,43391,0
2026-05-08T10:15:00+05:30,1273.0,1273.1,1270.0,1271.8,68034,0
2026-05-08T10:20:00+05:30,1271.9,1273.2,1271.1,1272.9,51146,0
2026-05-08T10:25:00+05:30,1273.1,1274.8,1272.9,1274.5,26795,0
2026-05-08T10:30:00+05:30,1274.5,1274.7,1271.6,1273.2,45045,0
2026-05-08T10:35:00+05:30,1273.2,1274.0,1272.6,1273.0,26524,0
2026-05-08T10:40:00+05:30,1273.1,1274.0,1272.7,1272.8,21045,0
2026-05-08T10:45:00+05:30,1272.9,1273.4,1272.2,1272.7,21778,0
2026-05-08T10:50:00+05:30,1272.5,1272.7,1271.0,1271.1,34054,0
2026-05-08T10:55:00+05:30,1271.1,1271.9,1271.0,1271.3,22691,0
2026-05-08T11:00:00+05:30,1271.3,1273.4,1271.0,1273.4,40671,0
2026-05-08T11:05:00+05:30,1273.4,1274.8,1273.1,1273.7,43814,0
2026-05-08T11:10:00+05:30,1273.7,1274.4,1273.0,1273.7,31795,0
2026-05-08T11:15:00+05:30,1273.8,1274.5,1273.1,1273.4,19312,0
2026-05-08T11:20:00+05:30,1273.4,1273.9,1272.0,1273.4,36291,0
2026-05-08T11:25:00+05:30,1273.5,1273.9,1271.9,1273.6,39702,0
2026-05-08T11:30:00+05:30,1273.6,1274.3,1272.7,1273.8,26363,0
2026-05-08T11:35:00+05:30,1273.8,1274.4,1273.6,1273.7,22183,0
2026-05-08T11:40:00+05:30,1273.7,1274.7,1273.6,1273.8,127076,0
2026-05-08T11:45:00+05:30,1273.8,1274.2,1272.7,1272.8,33296,0
2026-05-08T11:50:00+05:30,1272.8,1273.6,1272.5,1273.2,20106,0
2026-05-08T11:55:00+05:30,1273.2,1275.4,1272.4,1275.0,110150,0
2026-05-08T12:00:00+05:30,1275.0,1277.8,1274.4,1275.7,70099,0
2026-05-08T12:05:00+05:30,1275.7,1275.8,1273.4,1273.4,25038,0
2026-05-08T12:10:00+05:30,1273.7,1275.8,1273.2,1275.4,35585,0
2026-05-08T12:15:00+05:30,1275.5,1275.5,1273.0,1273.7,42873,0
2026-05-08T12:20:00+05:30,1273.7,1275.2,1273.6,1274.4,34431,0
2026-05-08T12:25:00+05:30,1274.4,1275.8,1274.1,1275.0,26162,0
2026-05-08T12:30:00+05:30,1275.0,1275.1,1271.1,1272.2,66324,0
2026-05-08T12:35:00+05:30,1272.5,1273.4,1270.3,1270.5,68434,0
2026-05-08T12:40:00+05:30,1271.0,1271.1,1268.2,1268.2,105937,0
2026-05-08T12:45:00+05:30,1268.5,1269.1,1267.5,1268.3,74863,0
2026-05-08T12:50:00+05:30,1268.4,1268.9,1267.2,1268.1,46385,0
2026-05-08T12:55:00+05:30,1268.2,1269.9,1267.2,1268.5,37523,0
2026-05-08T13:00:00+05:30,1268.7,1270.0,1268.5,1269.0,30862,0
2026-05-08T13:05:00+05:30,1269.2,1270.8,1268.8,1270.5,30053,0
2026-05-08T13:10:00+05:30,1270.5,1270.8,1269.1,1270.1,38448,0
2026-05-08T13:15:00+05:30,1269.6,1270.0,1267.6,1268.5,33152,0
2026-05-08T13:20:00+05:30,1268.6,1272.1,1268.5,1269.3,443156,0
2026-05-08T13:25:00+05:30,1269.3,1272.8,1269.1,1272.3,34583,0
2026-05-08T13:30:00+05:30,1272.4,1272.9,1270.2,1270.3,332678,0
2026-05-08T13:35:00+05:30,1270.4,1270.8,1268.1,1268.9,37054,0
2026-05-08T13:40:00+05:30,1269.1,1269.9,1268.3,1268.5,37181,0
2026-05-08T13:45:00+05:30,1268.5,1269.3,1267.2,1268.0,62104,0
2026-05-08T13:50:00+05:30,1267.5,1268.1,1265.8,1267.2,63949,0
2026-05-08T13:55:00+05:30,1267.3,1268.0,1265.5,1265.7,107281,0
2026-05-08T14:00:00+05:30,1265.9,1266.9,1264.6,1266.7,110657,0
2026-05-08T14:05:00+05:30,1266.7,1268.9,1266.5,1267.6,68016,0
2026-05-08T14:10:00+05:30,1267.7,1268.8,1265.1,1265.5,56467,0
2026-05-08T14:15:00+05:30,1265.5,1268.4,1265.3,1267.7,59957,0
2026-05-08T14:20:00+05:30,1267.5,1268.5,1266.1,1267.2,131727,0
2026-05-08T14:25:00+05:30,1267.6,1268.8,1266.2,1266.8,76285,0
2026-05-08T14:30:00+05:30,1266.9,1269.0,1266.6,1268.1,82064,0
2026-05-08T14:35:00+05:30,1268.0,1269.4,1267.4,1268.0,70496,0
2026-05-08T14:40:00+05:30,1268.0,1271.1,1268.0,1270.0,177612,0
2026-05-08T14:45:00+05:30,1270.0,1271.0,1269.1,1269.7,70776,0
2026-05-08T14:50:00+05:30,1269.8,1270.8,1269.2,1270.0,57981,0
2026-05-08T14:55:00+05:30,1270.4,1272.0,1269.2,1269.7,88095,0
2026-05-08T15:00:00+05:30,1269.7,1269.8,1266.1,1267.7,243985,0
2026-05-08T15:05:00+05:30,1267.7,1268.8,1265.8,1266.7,238741,0
2026-05-08T15:10:00+05:30,1266.7,1268.0,1265.9,1267.8,224123,0
2026-05-08T15:15:00+05:30,1268.0,1270.2,1267.5,1269.9,236847,0
2026-05-08T15:20:00+05:30,1269.9,1270.1,1268.0,1269.3,278312,0
2026-05-08T15:25:00+05:30,1269.2,1271.0,1269.0,1270.0,170625,0
2026-05-11T09:15:00+05:30,1258.7,1261.5,1252.1,1259.3,128597,0
2026-05-11T09:20:00+05:30,1259.3,1262.1,1257.6,1260.6,97647,0
2026-05-11T09:25:00+05:30,1260.8,1262.4,1259.4,1260.0,53010,0
2026-05-11T09:30:00+05:30,1260.0,1260.3,1256.2,1257.0,58593,0
2026-05-11T09:35:00+05:30,1257.3,1257.4,1253.4,1254.8,59139,0
2026-05-11T09:40:00+05:30,1254.8,1255.1,1251.7,1252.6,61710,0
2026-05-11T09:45:00+05:30,1252.5,1255.4,1252.3,1254.6,49217,0
2026-05-11T09:50:00+05:30,1254.6,1256.0,1252.7,1254.0,55923,0
2026-05-11T09:55:00+05:30,1254.0,1254.5,1252.4,1253.0,44126,0
2026-05-11T10:00:00+05:30,1253.0,1254.9,1252.2,1254.0,55554,0
2026-05-11T10:05:00+05:30,1254.3,1255.1,1253.2,1254.6,41923,0
2026-05-11T10:10:00+05:30,1254.6,1255.4,1253.8,1254.9,44785,0
2026-05-11T10:15:00+05:30,1254.8,1257.6,1254.8,1256.5,45857,0
2026-05-11T10:20:00+05:30,1256.5,1259.9,1256.0,1259.6,48932,0
2026-05-11T10:25:00+05:30,1259.7,1261.1,1259.2,1260.7,54961,0
2026-05-11T10:30:00+05:30,1260.9,1261.9,1260.3,1261.5,49065,0
2026-05-11T10:35:00+05:30,1261.5,1262.2,1260.6,1261.4,75435,0
2026-05-11T10:40:00+05:30,1261.4,1263.4,1261.3,1263.0,63227,0
2026-05-11T10:45:00+05:30,1263.1,1265.0,1262.8,1264.8,80734,0
2026-05-11T10:50:00+05:30,1264.9,1269.6,1264.6,1269.3,114386,0
2026-05-11T10:55:00+05:30,1269.5,1271.0,1268.5,1269.7,119451,0
2026-05-11T11:00:00+05:30,1269.8,1271.7,1269.0,1269.7,125698,0
2026-05-11T11:05:00+05:30,1269.7,1270.9,1268.5,1268.8,89500,0
2026-05-11T11:10:00+05:30,1268.9,1271.2,1268.4,1270.6,89929,0
2026-05-11T11:15:00+05:30,1270.6,1271.5,1269.7,1271.2,78499,0
2026-05-11T11:20:00+05:30,1271.2,1273.1,1271.1,1272.1,91226,0
2026-05-11T11:25:00+05:30,1272.2,1273.6,1271.3,1272.0,105199,0
2026-05-11T11:30:00+05:30,1271.9,1273.7,1270.4,1271.2,193672,0
2026-05-11T11:35:00+05:30,1270.9,1275.2,1269.7,1274.6,259175,0
2026-05-11T11:40:00+05:30,1274.6,1276.8,1273.8,1276.1,182953,0
2026-05-11T11:45:00+05:30,1276.1,1277.1,1275.0,1275.1,162911,0
2026-05-11T11:50:00+05:30,1275.2,1276.7,1275.1,1276.2,78518,0
2026-05-11T11:55:00+05:30,1276.2,1276.8,1275.0,1276.4,101497,0
2026-05-11T12:00:00+05:30,1276.4,1279.9,1276.4,1278.4,199654,0
2026-05-11T12:05:00+05:30,1278.3,1279.5,1277.6,1277.8,94489,0
2026-05-11T12:10:00+05:30,1277.7,1277.8,1275.6,1276.2,132158,0
2026-05-11T12:15:00+05:30,1276.3,1276.9,1274.9,1275.5,109700,0
2026-05-11T12:20:00+05:30,1275.8,1276.0,1274.4,1274.7,75114,0
2026-05-11T12:25:00+05:30,1274.9,1275.8,1273.0,1273.6,88714,0
2026-05-11T12:30:00+05:30,1273.8,1275.4,1270.9,1274.8,212667,0
2026-05-11T12:35:00+05:30,1275.0,1276.2,1274.8,1275.8,69531,0
2026-05-11T12:40:00+05:30,1275.8,1278.3,1275.2,1277.9,57269,0
2026-05-11T12:45:00+05:30,1277.9,1278.5,1276.8,1277.9,62980,0
2026-05-11T12:50:00+05:30,1278.2,1278.8,1276.6,1276.9,63263,0
2026-05-11T12:55:00+05:30,1276.9,1279.0,1276.9,1277.9,107406,0
2026-05-11T13:00:00+05:30,1277.9,1279.4,1276.6,1277.4,107147,0
2026-05-11T13:05:00+05:30,1277.7,1278.2,1275.4,1276.3,137902,0
2026-05-11T13:10:00+05:30,1276.4,1277.2,1276.2,1276.6,64280,0
2026-05-11T13:15:00+05:30,1276.6,1277.4,1276.1,1276.7,77580,0
2026-05-11T13:20:00+05:30,1276.7,1277.2,1276.1,1276.4,67090,0
2026-05-11T13:25:00+05:30,1276.3,1279.6,1275.6,1278.2,79436,0
2026-05-11T13:30:00+05:30,1278.0,1278.5,1277.3,1278.0,55554,0
2026-05-11T13:35:00+05:30,1278.0,1280.9,1277.9,1278.5,142323,0
2026-05-11T13:40:00+05:30,1278.5,1281.0,1278.5,1280.0,70641,0
2026-05-11T13:45:00+05:30,1279.7,1283.0,1279.5,1282.2,159112,0
2026-05-11T13:50:00+05:30,1282.2,1282.5,1280.8,1282.0,82303,0
2026-05-11T13:55:00+05:30,1282.1,1282.7,1280.7,1281.0,80781,0
2026-05-11T14:00:00+05:30,1281.0,1282.1,1280.3,1280.7,56267,0
2026-05-11T14:05:00+05:30,1280.8,1282.4,1280.4,1280.8,58064,0
2026-05-11T14:10:00+05:30,1280.9,1281.6,1279.8,1280.1,47577,0
2026-05-11T14:15:00+05:30,1280.1,1281.0,1279.1,1280.1,59079,0
2026-05-11T14:20:00+05:30,1280.2,1282.0,1280.1,1281.0,57780,0
2026-05-11T14:25:00+05:30,1281.3,1281.5,1279.7,1279.7,60056,0
2026-05-11T14:30:00+05:30,1279.7,1280.2,1278.7,1279.0,97618,0
2026-05-11T14:35:00+05:30,1278.9,1279.2,1276.2,1276.7,88666,0
2026-05-11T14:40:00+05:30,1276.7,1278.0,1276.4,1277.3,72816,0
2026-05-11T14:45:00+05:30,1277.3,1277.9,1273.5,1274.0,107055,0
2026-05-11T14:50:00+05:30,1274.1,1277.5,1274.0,1276.8,62209,0
2026-05-11T14:55:00+05:30,1276.8,1277.6,1276.5,1277.3,62645,0
2026-05-11T15:00:00+05:30,1277.3,1277.3,1272.7,1275.6,370911,0
2026-05-11T15:05:00+05:30,1275.9,1276.8,1272.9,1273.4,254558,0
2026-05-11T15:10:00+05:30,1273.4,1273.4,1269.4,1269.8,138377,0
2026-05-11T15:15:00+05:30,1269.7,1271.5,1267.4,1267.8,130144,0
2026-05-11T15:20:00+05:30,1267.8,1269.6,1266.4,1267.2,155541,0
2026-05-11T15:25:00+05:30,1267.2,1268.0,1266.2,1267.9,82366,0
2026-05-12T09:15:00+05:30,1270.4,1272.3,1265.5,1269.8,292922,0
2026-05-12T09:20:00+05:30,1270.1,1271.6,1267.8,1268.7,106696,0
2026-05-12T09:25:00+05:30,1268.7,1268.7,1263.2,1264.0,141993,0
2026-05-12T09:30:00+05:30,1264.0,1264.4,1261.0,1263.9,102235,0
2026-05-12T09:35:00+05:30,1264.4,1267.8,1263.9,1265.2,240284,0
2026-05-12T09:40:00+05:30,1265.5,1267.9,1264.6,1266.2,48340,0
2026-05-12T09:45:00+05:30,1266.2,1266.5,1264.5,1265.7,45790,0
2026-05-12T09:50:00+05:30,1265.7,1267.5,1264.9,1266.2,57030,0
2026-05-12T09:55:00+05:30,1266.6,1267.9,1266.1,1267.0,48166,0
2026-05-12T10:00:00+05:30,1267.0,1268.2,1265.2,1268.2,42161,0
2026-05-12T10:05:00+05:30,1268.2,1269.2,1267.2,1268.4,45774,0
2026-05-12T10:10:00+05:30,1268.4,1270.0,1267.8,1269.5,58944,0
2026-05-12T10:15:00+05:30,1269.8,1272.6,1268.4,1272.2,67962,0
2026-05-12T10:20:00+05:30,1272.6,1274.0,1270.3,1270.7,55739,0
2026-05-12T10:25:00+05:30,1270.7,1270.7,1268.0,1269.0,54545,0
2026-05-12T10:30:00+05:30,1269.0,1269.6,1268.0,1268.5,28643,0
2026-05-12T10:35:00+05:30,1268.5,1269.1,1266.8,1267.8,49400,0
2026-05-12T10:40:00+05:30,1267.8,1270.6,1267.7,1269.3,41618,0
2026-05-12T10:45:00+05:30,1269.4,1270.3,1267.6,1267.9,53373,0
2026-05-12T10:50:00+05:30,1268.3,1269.2,1267.3,1268.7,43652,0
2026-05-12T10:55:00+05:30,1268.6,1269.6,1267.4,1267.5,40689,0
2026-05-12T11:00:00+05:30,1267.6,1268.0,1264.2,1266.1,58224,0
2026-05-12T11:05:00+05:30,1266.1,1267.4,1263.9,1265.4,65048,0
2026-05-12T11:10:00+05:30,1265.5,1266.4,1264.7,1265.6,37683,0
2026-05-12T11:15:00+05:30,1265.6,1267.0,1264.2,1266.1,62989,0
2026-05-12T11:20:00+05:30,1266.4,1267.3,1264.2,1264.5,81205,0
2026-05-12T11:25:00+05:30,1264.5,1264.8,1262.1,1262.7,64832,0
2026-05-12T11:30:00+05:30,1262.7,1265.7,1262.0,1265.5,55362,0
2026-05-12T11:35:00+05:30,1265.6,1266.9,1264.1,1266.4,39345,0
2026-05-12T11:40:00+05:30,1266.4,1267.0,1265.4,1266.7,30101,0
2026-05-12T11:45:00+05:30,1266.7,1267.3,1264.9,1266.3,50423,0
2026-05-12T11:50:00+05:30,1266.3,1268.7,1265.5,1268.0,22898,0
2026-05-12T11:55:00+05:30,1268.0,1268.8,1266.7,1267.4,48036,0
2026-05-12T12:00:00+05:30,1267.6,1267.7,1266.5,1267.5,39166,0
2026-05-12T12:05:00+05:30,1267.6,1267.6,1266.2,1267.5,42290,0
2026-05-12T12:10:00+05:30,1267.5,1268.9,1266.3,1267.9,61451,0
2026-05-12T12:15:00+05:30,1267.9,1269.4,1266.4,1268.2,65253,0
2026-05-12T12:20:00+05:30,1268.3,1269.5,1267.6,1269.1,78628,0
2026-05-12T12:25:00+05:30,1269.1,1269.2,1267.8,1267.9,75903,0
2026-05-12T12:30:00+05:30,1268.0,1268.0,1265.0,1265.7,62325,0
2026-05-12T12:35:00+05:30,1265.7,1266.1,1263.6,1264.7,63576,0
2026-05-12T12:40:00+05:30,1264.7,1265.6,1263.2,1264.2,43940,0
2026-05-12T12:45:00+05:30,1264.5,1265.3,1262.0,1262.8,92518,0
2026-05-12T12:50:00+05:30,1262.8,1264.3,1262.1,1263.2,38413,0
2026-05-12T12:55:00+05:30,1263.2,1264.6,1263.1,1264.3,39243,0
2026-05-12T13:00:00+05:30,1264.3,1266.5,1264.1,1266.1,35502,0
2026-05-12T13:05:00+05:30,1266.2,1266.4,1265.4,1265.7,44712,0
2026-05-12T13:10:00+05:30,1265.7,1266.8,1264.4,1266.4,102877,0
2026-05-12T13:15:00+05:30,1266.9,1268.2,1266.4,1267.0,39048,0
2026-05-12T13:20:00+05:30,1267.2,1268.2,1266.4,1267.0,77850,0
2026-05-12T13:25:00+05:30,1267.0,1268.5,1266.4,1267.8,98925,0
2026-05-12T13:30:00+05:30,1267.8,1269.3,1267.5,1267.5,72935,0
2026-05-12T13:35:00+05:30,1267.7,1268.0,1266.2,1266.9,55331,0
2026-05-12T13:40:00+05:30,1266.7,1267.0,1265.0,1266.1,46634,0
2026-05-12T13:45:00+05:30,1266.1,1266.4,1264.4,1265.1,38407,0
2026-05-12T13:50:00+05:30,1265.4,1266.1,1265.1,1265.4,30077,0
2026-05-12T13:55:00+05:30,1265.5,1265.5,1261.2,1261.5,83787,0
2026-05-12T14:00:00+05:30,1261.5,1262.3,1259.5,1260.2,65226,0
2026-05-12T14:05:00+05:30,1260.1,1260.9,1259.0,1260.9,58494,0
2026-05-12T14:10:00+05:30,1260.8,1261.5,1260.2,1260.6,35733,0
2026-05-12T14:15:00+05:30,1260.7,1261.9,1260.2,1261.3,40186,0
2026-05-12T14:20:00+05:30,1261.3,1263.6,1261.2,1263.6,29664,0
2026-05-12T14:25:00+05:30,1263.4,1264.6,1263.3,1264.0,59248,0
2026-05-12T14:30:00+05:30,1264.0,1264.1,1260.9,1261.0,60456,0
2026-05-12T14:35:00+05:30,1261.0,1263.1,1260.7,1262.9,44926,0
2026-05-12T14:40:00+05:30,1263.1,1263.2,1261.9,1262.6,38298,0
2026-05-12T14:45:00+05:30,1262.6,1264.0,1262.5,1263.2,86022,0
2026-05-12T14:50:00+05:30,1263.3,1264.3,1262.7,1263.0,107673,0
2026-05-12T14:55:00+05:30,1263.2,1263.2,1261.1,1261.3,57605,0
2026-05-12T15:00:00+05:30,1261.5,1261.7,1258.9,1259.3,278039,0
2026-05-12T15:05:00+05:30,1259.4,1260.3,1257.6,1258.7,356797,0
2026-05-12T15:10:00+05:30,1258.7,1259.9,1256.9,1259.3,235522,0
2026-05-12T15:15:00+05:30,1259.4,1263.3,1259.2,1262.9,193523,0
2026-05-12T15:20:00+05:30,1262.8,1263.1,1262.0,1262.9,130923,0
2026-05-12T15:25:00+05:30,1263.0,1263.8,1259.1,1263.5,111162,0
2026-05-13T09:15:00+05:30,1256.1,1266.2,1254.8,1254.9,152951,0
2026-05-13T09:20:00+05:30,1254.9,1256.5,1252.0,1255.6,104730,0
2026-05-13T09:25:00+05:30,1255.5,1256.2,1253.6,1254.3,129226,0
2026-05-13T09:30:00+05:30,1254.3,1255.1,1251.4,1251.5,73387,0
2026-05-13T09:35:00+05:30,1251.4,1251.9,1248.2,1249.4,97824,0
2026-05-13T09:40:00+05:30,1249.3,1250.0,1247.5,1249.0,66512,0
2026-05-13T09:45:00+05:30,1249.0,1250.8,1248.4,1249.0,55851,0
2026-05-13T09:50:00+05:30,1249.0,1251.2,1248.5,1250.8,51902,0
2026-05-13T09:55:00+05:30,1250.9,1252.5,1250.1,1252.5,74017,0
2026-05-13T10:00:00+05:30,1252.4,1259.4,1251.0,1259.4,102702,0
2026-05-13T10:05:00+05:30,1259.4,1262.6,1257.3,1260.3,167310,0
2026-05-13T10:10:00+05:30,1260.3,1260.6,1257.9,1259.0,57647,0
2026-05-13T10:15:00+05:30,1259.0,1262.3,1258.3,1260.7,59252,0
2026-05-13T10:20:00+05:30,1260.8,1264.0,1257.4,1260.0,130403,0
2026-05-13T10:25:00+05:30,1260.2,1263.0,1260.0,1260.4,45791,0
2026-05-13T10:30:00+05:30,1260.4,1263.7,1260.1,1263.7,42367,0
2026-05-13T10:35:00+05:30,1263.1,1263.5,1260.1,1260.3,42650,0
2026-05-13T10:40:00+05:30,1260.2,1264.0,1260.2,1263.8,90308,0
2026-05-13T10:45:00+05:30,1263.8,1265.0,1261.2,1261.2,36849,0
2026-05-13T10:50:00+05:30,1261.2,1261.8,1258.4,1259.3,52813,0
2026-05-13T10:55:00+05:30,1259.2,1259.3,1254.9,1255.1,51510,0
2026-05-13T11:00:00+05:30,1255.3,1257.8,1254.6,1256.7,40615,0
2026-05-13T11:05:00+05:30,1256.6,1257.6,1255.4,1256.4,251801,0
2026-05-13T11:10:00+05:30,1256.4,1257.9,1255.7,1257.9,40323,0
2026-05-13T11:15:00+05:30,1257.9,1258.5,1256.3,1256.8,37918,0
2026-05-13T11:20:00+05:30,1256.8,1258.0,1256.0,1257.5,33571,0
2026-05-13T11:25:00+05:30,1257.5,1257.7,1255.9,1257.0,30976,0
2026-05-13T11:30:00+05:30,1256.8,1258.8,1256.7,1257.4,31735,0
2026-05-13T11:35:00+05:30,1257.4,1264.3,1257.3,1264.2,77400,0
2026-05-13T11:40:00+05:30,1264.2,1267.2,1263.0,1267.1,83320,0
2026-05-13T11:45:00+05:30,1267.2,1269.8,1266.6,1267.6,105032,0
2026-05-13T11:50:00+05:30,1267.6,1269.6,1266.9,1268.0,79915,0
2026-05-13T11:55:00+05:30,1268.0,1272.8,1267.4,1272.2,150833,0
2026-05-13T12:00:00+05:30,1272.3,1274.3,1272.0,1272.6,74744,0
2026-05-13T12:05:00+05:30,1272.6,1273.6,1272.0,1273.0,47924,0
2026-05-13T12:10:00+05:30,1273.0,1273.7,1272.0,1273.7,49225,0
2026-05-13T12:15:00+05:30,1273.7,1275.3,1271.2,1273.7,126581,0
2026-05-13T12:20:00+05:30,1273.7,1273.9,1271.6,1272.1,46660,0
2026-05-13T12:25:00+05:30,1272.2,1272.2,1270.6,1270.9,72227,0
2026-05-13T12:30:00+05:30,1271.0,1271.2,1268.0,1269.1,88379,0
2026-05-13T12:35:00+05:30,1269.1,1270.0,1266.0,1266.5,78204,0
2026-05-13T12:40:00+05:30,1266.5,1266.6,1262.2,1263.9,92867,0
2026-05-13T12:45:00+05:30,1263.9,1266.5,1263.4,1266.5,65322,0
2026-05-13T12:50:00+05:30,1266.5,1269.3,1266.4,1269.1,46358,0
2026-05-13T12:55:00+05:30,1269.1,1274.4,1269.1,1274.2,70390,0
2026-05-13T13:00:00+05:30,1274.2,1274.4,1272.1,1272.5,51173,0
2026-05-13T13:05:00+05:30,1272.7,1273.1,1270.2,1271.6,43617,0
2026-05-13T13:10:00+05:30,1271.6,1271.8,1270.0,1270.5,36888,0
2026-05-13T13:15:00+05:30,1270.5,1270.8,1267.9,1268.5,71504,0
2026-05-13T13:20:00+05:30,1269.1,1269.9,1268.4,1269.2,39072,0
2026-05-13T13:25:00+05:30,1269.2,1269.9,1266.4,1267.4,45022,0
2026-05-13T13:30:00+05:30,1267.4,1271.1,1267.0,1270.3,166077,0
2026-05-13T13:35:00+05:30,1270.3,1270.4,1267.4,1269.0,108140,0
2026-05-13T13:40:00+05:30,1269.0,1269.1,1266.7,1268.0,51230,0
2026-05-13T13:45:00+05:30,1268.0,1269.4,1266.9,1268.0,48803,0
2026-05-13T13:50:00+05:30,1268.0,1268.7,1266.6,1267.0,35560,0
2026-05-13T13:55:00+05:30,1267.0,1267.2,1264.7,1265.9,61585,0
2026-05-13T14:00:00+05:30,1265.9,1266.4,1263.8,1264.6,36988,0
2026-05-13T14:05:00+05:30,1264.6,1266.1,1264.0,1266.1,38353,0
2026-05-13T14:10:00+05:30,1266.1,1266.8,1265.0,1266.0,36222,0
2026-05-13T14:15:00+05:30,1266.0,1266.4,1262.7,1263.0,40901,0
2026-05-13T14:20:00+05:30,1263.1,1265.4,1262.0,1264.8,54621,0
2026-05-13T14:25:00+05:30,1264.4,1265.0,1262.5,1263.4,51221,0
2026-05-13T14:30:00+05:30,1263.4,1264.1,1262.6,1263.7,39935,0
2026-05-13T14:35:00+05:30,1264.0,1264.3,1262.7,1264.1,42456,0
2026-05-13T14:40:00+05:30,1264.1,1264.1,1260.4,1260.9,66625,0
2026-05-13T14:45:00+05:30,1260.9,1262.5,1258.5,1262.2,86536,0
2026-05-13T14:50:00+05:30,1262.2,1262.7,1260.4,1260.9,55531,0
2026-05-13T14:55:00+05:30,1260.9,1260.9,1259.2,1259.9,50683,0
2026-05-13T15:00:00+05:30,1259.7,1259.8,1256.2,1257.4,158397,0
2026-05-13T15:05:00+05:30,1257.3,1257.4,1255.0,1257.0,189869,0
2026-05-13T15:10:00+05:30,1256.9,1257.1,1253.6,1256.8,207573,0
2026-05-13T15:15:00+05:30,1256.8,1257.0,1254.1,1254.5,257692,0
2026-05-13T15:20:00+05:30,1254.4,1255.7,1253.4,1255.7,226504,0
2026-05-13T15:25:00+05:30,1255.0,1258.4,1254.9,1255.2,117775,0
2026-05-14T09:15:00+05:30,1256.6,1265.1,1256.6,1262.0,133726,0
2026-05-14T09:20:00+05:30,1261.5,1265.2,1261.5,1265.0,46280,0
2026-05-14T09:25:00+05:30,1264.8,1267.7,1263.0,1263.4,51941,0
2026-05-14T09:30:00+05:30,1263.4,1263.8,1258.3,1258.3,79587,0
2026-05-14T09:35:00+05:30,1258.3,1259.2,1255.6,1257.0,171083,0
2026-05-14T09:40:00+05:30,1257.0,1257.5,1250.8,1251.4,84846,0
2026-05-14T09:45:00+05:30,1251.9,1254.5,1251.2,1252.3,33928,0
2026-05-14T09:50:00+05:30,1252.5,1253.8,1250.8,1251.1,47892,0
2026-05-14T09:55:00+05:30,1251.2,1251.6,1249.6,1250.8,61471,0
2026-05-14T10:00:00+05:30,1251.0,1253.0,1250.5,1252.5,43479,0
2026-05-14T10:05:00+05:30,1252.8,1252.9,1250.2,1252.1,23615,0
2026-05-14T10:10:00+05:30,1252.1,1253.0,1251.2,1252.6,16802,0
2026-05-14T10:15:00+05:30,1252.7,1254.9,1251.5,1254.9,29710,0
2026-05-14T10:20:00+05:30,1254.8,1254.8,1251.3,1252.7,24923,0
2026-05-14T10:25:00+05:30,1252.9,1254.0,1252.3,1253.4,14750,0
2026-05-14T10:30:00+05:30,1253.4,1254.9,1252.5,1254.4,17778,0
2026-05-14T10:35:00+05:30,1254.8,1254.9,1253.3,1253.6,16000,0
2026-05-14T10:40:00+05:30,1253.7,1254.4,1251.6,1252.1,21115,0
2026-05-14T10:45:00+05:30,1252.1,1252.1,1238.6,1239.0,900666,0
2026-05-14T10:50:00+05:30,1239.0,1242.4,1237.9,1241.4,161831,0
2026-05-14T10:55:00+05:30,1241.6,1243.3,1235.8,1236.9,132010,0
2026-05-14T11:00:00+05:30,1237.4,1239.2,1236.4,1237.7,39083,0
2026-05-14T11:05:00+05:30,1237.7,1239.3,1236.3,1238.0,32796,0
2026-05-14T11:10:00+05:30,1237.7,1241.5,1237.5,1241.2,68854,0
2026-05-14T11:15:00+05:30,1241.2,1244.1,1240.7,1244.0,45768,0
2026-05-14T11:20:00+05:30,1244.0,1247.4,1242.6,1246.3,75198,0
2026-05-14T11:25:00+05:30,1246.3,1251.8,1246.0,1250.6,68804,0
2026-05-14T11:30:00+05:30,1250.9,1255.3,1250.9,1255.3,74061,0
2026-05-14T11:35:00+05:30,1255.3,1262.5,1255.1,1261.0,244608,0
2026-05-14T11:40:00+05:30,1261.4,1263.0,1258.3,1262.6,122110,0
2026-05-14T11:45:00+05:30,1263.0,1264.0,1260.3,1263.3,85405,0
2026-05-14T11:50:00+05:30,1263.5,1267.3,1262.4,1264.0,103594,0
2026-05-14T11:55:00+05:30,1264.3,1266.4,1263.3,1265.6,29861,0
2026-05-14T12:00:00+05:30,1265.9,1266.0,1262.8,1263.3,28688,0
2026-05-14T12:05:00+05:30,1263.3,1266.2,1262.1,1265.0,36683,0
2026-05-14T12:10:00+05:30,1265.2,1266.0,1263.7,1265.6,20425,0
2026-05-14T12:15:00+05:30,1265.8,1269.0,1265.4,1267.7,30002,0
2026-05-14T12:20:00+05:30,1267.6,1268.0,1265.1,1267.2,21805,0
2026-05-14T12:25:00+05:30,1267.3,1267.9,1265.5,1266.1,23598,0
2026-05-14T12:30:00+05:30,1266.1,1266.4,1264.3,1265.4,18816,0
2026-05-14T12:35:00+05:30,1265.3,1266.9,1263.6,1264.3,18668,0
2026-05-14T12:40:00+05:30,1264.8,1265.1,1263.1,1264.6,32638,0
2026-05-14T12:45:00+05:30,1264.6,1264.8,1262.2,1263.5,20123,0
2026-05-14T12:50:00+05:30,1263.5,1264.2,1260.8,1261.9,83378,0
2026-05-14T12:55:00+05:30,1262.1,1264.3,1261.5,1263.0,12382,0
2026-05-14T13:00:00+05:30,1263.4,1265.9,1262.4,1265.7,15676,0
2026-05-14T13:05:00+05:30,1265.9,1267.3,1263.4,1263.4,47655,0
2026-05-14T13:10:00+05:30,1263.9,1264.7,1261.9,1263.6,20350,0
2026-05-14T13:15:00+05:30,1263.6,1264.3,1262.6,1263.5,29885,0
2026-05-14T13:20:00+05:30,1263.5,1263.5,1261.6,1262.1,18700,0
2026-05-14T13:25:00+05:30,1262.1,1264.0,1262.0,1262.4,21158,0
2026-05-14T13:30:00+05:30,1262.9,1263.5,1262.1,1262.4,18191,0
2026-05-14T13:35:00+05:30,1262.8,1263.3,1261.6,1262.0,24291,0
2026-05-14T13:40:00+05:30,1262.0,1263.0,1261.4,1261.7,33368,0
2026-05-14T13:45:00+05:30,1262.2,1262.2,1257.4,1257.5,58727,0
2026-05-14T13:50:00+05:30,1258.0,1258.2,1256.0,1257.6,72494,0
2026-05-14T13:55:00+05:30,1258.0,1259.8,1256.4,1259.1,25213,0
2026-05-14T14:00:00+05:30,1259.1,1259.5,1258.0,1258.8,22573,0
2026-05-14T14:05:00+05:30,1259.0,1260.3,1257.5,1257.9,70438,0
2026-05-14T14:10:00+05:30,1258.4,1260.0,1257.5,1259.1,50089,0
2026-05-14T14:15:00+05:30,1258.9,1262.0,1258.5,1259.7,85142,0
2026-05-14T14:20:00+05:30,1259.7,1260.0,1258.1,1259.0,65722,0
2026-05-14T14:25:00+05:30,1259.0,1262.0,1258.7,1261.4,29147,0
2026-05-14T14:30:00+05:30,1261.4,1262.0,1258.1,1260.6,101942,0
2026-05-14T14:35:00+05:30,1260.6,1261.1,1258.6,1259.4,109115,0
2026-05-14T14:40:00+05:30,1259.4,1260.1,1256.9,1257.5,85137,0
2026-05-14T14:45:00+05:30,1257.5,1257.7,1254.6,1256.0,85610,0
2026-05-14T14:50:00+05:30,1255.9,1257.3,1255.1,1255.9,105499,0
2026-05-14T14:55:00+05:30,1255.9,1257.9,1255.4,1256.5,66722,0
2026-05-14T15:00:00+05:30,1256.1,1256.9,1254.0,1255.5,225403,0
2026-05-14T15:05:00+05:30,1255.6,1256.8,1253.4,1255.6,190164,0
2026-05-14T15:10:00+05:30,1255.6,1255.6,1252.7,1254.2,159726,0
2026-05-14T15:15:00+05:30,1253.6,1255.8,1252.3,1255.4,137034,0
2026-05-14T15:20:00+05:30,1255.4,1255.4,1252.4,1254.0,175970,0
2026-05-14T15:25:00+05:30,1253.5,1259.2,1253.5,1255.1,194983,0
2026-05-15T09:15:00+05:30,1259.6,1259.9,1244.1,1249.6,169148,0
2026-05-15T09:20:00+05:30,1249.4,1251.0,1245.6,1246.7,76745,0
2026-05-15T09:25:00+05:30,1246.8,1252.3,1246.5,1252.0,67984,0
2026-05-15T09:30:00+05:30,1252.0,1253.0,1248.0,1250.0,70499,0
2026-05-15T09:35:00+05:30,1249.9,1251.6,1247.8,1251.4,32903,0
2026-05-15T09:40:00+05:30,1251.5,1255.1,1251.5,1255.1,39766,0
2026-05-15T09:45:00+05:30,1255.1,1256.0,1252.8,1254.4,40182,0
2026-05-15T09:50:00+05:30,1253.9,1254.8,1249.6,1251.2,47274,0
2026-05-15T09:55:00+05:30,1251.4,1253.3,1251.4,1252.3,31367,0
2026-05-15T10:00:00+05:30,1252.6,1252.6,1248.6,1250.0,42923,0
2026-05-15T10:05:00+05:30,1250.0,1251.0,1248.3,1249.2,33776,0
2026-05-15T10:10:00+05:30,1249.1,1252.9,1248.6,1252.8,24326,0
2026-05-15T10:15:00+05:30,1252.9,1253.9,1251.0,1251.9,53791,0
2026-05-15T10:20:00+05:30,1251.8,1252.3,1250.2,1250.9,43416,0
2026-05-15T10:25:00+05:30,1251.1,1253.1,1250.9,1251.9,27822,0
2026-05-15T10:30:00+05:30,1252.0,1252.7,1250.3,1252.7,32785,0
2026-05-15T10:35:00+05:30,1252.6,1253.5,1251.3,1252.1,31667,0
2026-05-15T10:40:00+05:30,1252.1,1253.3,1251.8,1252.3,27026,0
2026-05-15T10:45:00+05:30,1252.3,1253.9,1252.1,1253.8,25932,0
2026-05-15T10:50:00+05:30,1253.8,1254.8,1252.1,1252.4,50703,0
2026-05-15T10:55:00+05:30,1252.6,1253.0,1248.8,1250.9,71025,0
2026-05-15T11:00:00+05:30,1250.9,1251.2,1248.0,1248.7,34877,0
2026-05-15T11:05:00+05:30,1248.5,1248.6,1245.5,1245.9,42043,0
2026-05-15T11:10:00+05:30,1246.0,1247.8,1245.4,1246.6,40140,0
2026-05-15T11:15:00+05:30,1246.6,1248.9,1245.4,1247.9,82390,0
2026-05-15T11:20:00+05:30,1247.9,1248.6,1246.0,1246.5,61345,0
2026-05-15T11:25:00+05:30,1246.9,1247.1,1245.2,1245.8,36974,0
2026-05-15T11:30:00+05:30,1245.8,1247.5,1243.1,1247.0,61555,0
2026-05-15T11:35:00+05:30,1246.8,1248.4,1245.2,1247.8,32997,0
2026-05-15T11:40:00+05:30,1248.0,1249.2,1245.9,1249.2,33763,0
2026-05-15T11:45:00+05:30,1249.2,1251.7,1249.0,1250.3,32084,0
2026-05-15T11:50:00+05:30,1250.4,1251.6,1249.9,1250.6,19809,0
2026-05-15T11:55:00+05:30,1250.4,1251.7,1249.9,1251.1,26401,0
2026-05-15T12:00:00+05:30,1251.3,1254.8,1249.9,1254.7,29919,0
2026-05-15T12:05:00+05:30,1254.7,1256.9,1254.4,1255.3,41313,0
2026-05-15T12:10:00+05:30,1255.5,1256.0,1253.4,1253.6,26927,0
2026-05-15T12:15:00+05:30,1254.0,1255.0,1253.1,1254.4,35462,0
2026-05-15T12:20:00+05:30,1254.5,1254.6,1253.1,1254.3,24702,0
2026-05-15T12:25:00+05:30,1254.3,1254.9,1252.4,1252.8,170024,0
2026-05-15T12:30:00+05:30,1253.0,1253.6,1251.9,1252.8,40102,0
2026-05-15T12:35:00+05:30,1252.8,1254.5,1252.4,1254.4,47222,0
2026-05-15T12:40:00+05:30,1254.5,1257.7,1254.1,1256.4,83033,0
2026-05-15T12:45:00+05:30,1256.6,1258.0,1256.4,1257.7,44625,0
2026-05-15T12:50:00+05:30,1257.9,1259.0,1257.3,1257.7,62814,0
2026-05-15T12:55:00+05:30,1257.8,1258.8,1257.2,1257.8,41656,0
2026-05-15T13:00:00+05:30,1258.0,1260.4,1257.9,1259.5,60043,0
2026-05-15T13:05:00+05:30,1259.4,1261.4,1259.4,1260.9,42125,0
2026-05-15T13:10:00+05:30,1260.8,1261.2,1259.4,1260.6,35052,0
2026-05-15T13:15:00+05:30,1260.7,1263.0,1260.0,1263.0,50985,0
2026-05-15T13:20:00+05:30,1263.0,1263.4,1261.2,1261.5,43462,0
2026-05-15T13:25:00+05:30,1261.4,1261.5,1257.4,1258.5,68411,0
2026-05-15T13:30:00+05:30,1258.3,1258.9,1257.3,1258.5,45667,0
2026-05-15T13:35:00+05:30,1258.5,1258.9,1256.1,1256.2,49453,0
2026-05-15T13:40:00+05:30,1256.3,1256.8,1255.5,1256.0,40562,0
2026-05-15T13:45:00+05:30,1256.1,1257.5,1254.8,1255.3,34594,0
2026-05-15T13:50:00+05:30,1255.5,1257.4,1254.8,1257.0,245430,0
2026-05-15T13:55:00+05:30,1256.9,1257.4,1255.1,1255.9,34761,0
2026-05-15T14:00:00+05:30,1255.9,1256.1,1253.7,1254.2,49311,0
2026-05-15T14:05:00+05:30,1254.3,1255.0,1253.9,1254.4,42589,0
2026-05-15T14:10:00+05:30,1254.4,1255.0,1253.7,1254.8,55330,0
2026-05-15T14:15:00+05:30,1255.0,1255.3,1253.3,1254.3,99733,0
2026-05-15T14:20:00+05:30,1254.3,1254.8,1253.2,1254.2,49273,0
2026-05-15T14:25:00+05:30,1254.2,1254.4,1253.0,1254.4,58218,0
2026-05-15T14:30:00+05:30,1254.0,1254.7,1251.1,1251.9,207012,0
2026-05-15T14:35:00+05:30,1251.9,1252.7,1250.2,1250.6,88107,0
2026-05-15T14:40:00+05:30,1250.6,1252.6,1250.6,1251.1,74914,0
2026-05-15T14:45:00+05:30,1251.1,1251.1,1247.0,1247.0,93846,0
2026-05-15T14:50:00+05:30,1247.0,1247.0,1244.5,1246.3,131433,0
2026-05-15T14:55:00+05:30,1246.3,1247.5,1245.0,1246.6,88184,0
2026-05-15T15:00:00+05:30,1246.5,1247.5,1244.5,1247.1,147012,0
2026-05-15T15:05:00+05:30,1246.8,1247.1,1244.2,1244.4,113984,0
2026-05-15T15:10:00+05:30,1244.4,1245.5,1244.2,1245.1,125506,0
2026-05-15T15:15:00+05:30,1244.9,1245.2,1242.0,1244.7,164380,0
2026-05-15T15:20:00+05:30,1244.7,1245.2,1242.5,1243.9,180438,0
2026-05-15T15:25:00+05:30,1244.2,1247.4,1243.9,1245.5,86163,0
2026-05-18T09:15:00+05:30,1239.0,1239.0,1230.0,1232.8,84989,0
2026-05-18T09:20:00+05:30,1233.2,1235.7,1231.2,1235.0,38409,0
2026-05-18T09:25:00+05:30,1235.7,1235.9,1231.5,1232.6,26422,0
2026-05-18T09:30:00+05:30,1232.6,1237.2,1232.6,1235.9,22648,0
2026-05-18T09:35:00+05:30,1235.7,1235.9,1231.8,1232.5,26700,0
2026-05-18T09:40:00+05:30,1232.6,1233.1,1231.1,1232.0,23726,0
2026-05-18T09:45:00+05:30,1232.4,1233.1,1228.8,1230.4,30373,0
2026-05-18T09:50:00+05:30,1230.3,1231.3,1229.1,1229.9,16471,0
2026-05-18T09:55:00+05:30,1229.9,1232.9,1229.8,1231.9,23279,0
2026-05-18T10:00:00+05:30,1231.9,1232.5,1230.6,1231.7,23078,0
2026-05-18T10:05:00+05:30,1231.7,1231.9,1231.0,1231.4,26413,0
2026-05-18T10:10:00+05:30,1231.4,1231.9,1230.5,1231.4,24369,0
2026-05-18T10:15:00+05:30,1231.4,1234.3,1230.4,1233.2,35374,0
2026-05-18T10:20:00+05:30,1233.3,1234.2,1231.8,1232.5,24510,0
2026-05-18T10:25:00+05:30,1232.7,1232.9,1231.7,1232.1,48115,0
2026-05-18T10:30:00+05:30,1232.1,1233.7,1230.3,1233.4,58803,0
2026-05-18T10:35:00+05:30,1233.7,1234.6,1232.8,1233.0,28919,0
2026-05-18T10:40:00+05:30,1233.1,1233.8,1232.0,1232.7,18267,0
2026-05-18T10:45:00+05:30,1232.8,1234.0,1232.0,1233.4,24572,0
2026-05-18T10:50:00+05:30,1233.6,1235.2,1233.3,1235.2,16901,0
2026-05-18T10:55:00+05:30,1235.1,1237.0,1234.3,1236.3,23943,0
2026-05-18T11:00:00+05:30,1236.2,1236.8,1233.9,1233.9,23765,0
2026-05-18T11:05:00+05:30,1233.9,1235.5,1233.7,1235.0,21683,0
2026-05-18T11:10:00+05:30,1235.1,1235.1,1233.2,1234.3,25117,0
2026-05-18T11:15:00+05:30,1234.4,1235.0,1233.2,1233.7,36188,0
2026-05-18T11:20:00+05:30,1233.8,1235.9,1233.0,1235.1,55768,0
2026-05-18T11:25:00+05:30,1235.2,1235.6,1233.3,1233.6,22890,0
2026-05-18T11:30:00+05:30,1233.6,1238.8,1233.6,1237.8,110726,0
2026-05-18T11:35:00+05:30,1237.8,1238.1,1235.9,1237.5,22578,0
2026-05-18T11:40:00+05:30,1237.5,1237.7,1234.0,1235.5,19020,0
2026-05-18T11:45:00+05:30,1235.8,1235.8,1232.0,1232.9,41416,0
2026-05-18T11:50:00+05:30,1233.0,1233.0,1229.6,1229.7,78257,0
2026-05-18T11:55:00+05:30,1229.7,1230.7,1227.1,1227.1,75168,0
2026-05-18T12:00:00+05:30,1227.2,1227.4,1223.9,1224.0,181931,0
2026-05-18T12:05:00+05:30,1224.1,1225.2,1222.1,1223.5,160271,0
2026-05-18T12:10:00+05:30,1223.6,1226.2,1223.5,1225.6,135996,0
2026-05-18T12:15:00+05:30,1225.3,1225.8,1223.1,1224.1,201391,0
2026-05-18T12:20:00+05:30,1224.1,1226.8,1223.7,1226.1,72758,0
2026-05-18T12:25:00+05:30,1226.4,1228.6,1225.5,1228.5,176925,0
2026-05-18T12:30:00+05:30,1228.5,1229.4,1227.4,1227.7,96001,0
2026-05-18T12:35:00+05:30,1227.7,1229.5,1227.7,1228.7,92206,0
2026-05-18T12:40:00+05:30,1228.7,1229.5,1227.1,1228.4,92586,0
2026-05-18T12:45:00+05:30,1228.4,1230.9,1228.0,1230.0,162898,0
2026-05-18T12:50:00+05:30,1230.2,1231.7,1230.0,1231.5,52598,0
2026-05-18T12:55:00+05:30,1231.5,1235.5,1231.5,1234.3,263420,0
2026-05-18T13:00:00+05:30,1234.2,1235.8,1233.9,1234.0,258663,0
2026-05-18T13:05:00+05:30,1234.1,1235.1,1232.0,1232.8,140715,0
2026-05-18T13:10:00+05:30,1232.8,1235.6,1231.1,1235.5,108845,0
2026-05-18T13:15:00+05:30,1235.6,1237.7,1235.1,1237.1,36265,0
2026-05-18T13:20:00+05:30,1237.1,1237.2,1233.7,1236.2,168166,0
2026-05-18T13:25:00+05:30,1236.2,1236.7,1234.3,1235.7,27468,0
2026-05-18T13:30:00+05:30,1236.1,1238.0,1235.8,1237.4,49777,0
2026-05-18T13:35:00+05:30,1237.6,1237.7,1234.8,1235.6,31375,0
2026-05-18T13:40:00+05:30,1235.5,1236.7,1234.0,1235.7,68633,0
2026-05-18T13:45:00+05:30,1235.9,1236.0,1234.2,1235.6,42436,0
2026-05-18T13:50:00+05:30,1235.8,1238.0,1234.9,1237.4,40060,0
2026-05-18T13:55:00+05:30,1237.2,1239.4,1237.2,1238.5,63404,0
2026-05-18T14:00:00+05:30,1238.6,1241.0,1237.9,1240.3,101869,0
2026-05-18T14:05:00+05:30,1240.4,1240.4,1238.4,1238.9,78496,0
2026-05-18T14:10:00+05:30,1239.0,1240.1,1238.6,1240.0,82161,0
2026-05-18T14:15:00+05:30,1240.0,1240.0,1238.4,1240.0,44961,0
2026-05-18T14:20:00+05:30,1239.7,1240.0,1238.0,1238.6,57178,0
2026-05-18T14:25:00+05:30,1238.5,1240.1,1237.9,1238.6,153391,0
2026-05-18T14:30:00+05:30,1239.1,1239.3,1237.5,1238.0,66512,0
2026-05-18T14:35:00+05:30,1237.9,1238.0,1236.0,1236.0,59130,0
2026-05-18T14:40:00+05:30,1236.1,1239.1,1235.5,1238.6,50281,0
2026-05-18T14:45:00+05:30,1238.8,1238.8,1235.5,1235.5,62465,0
2026-05-18T14:50:00+05:30,1235.5,1236.9,1234.3,1236.6,78542,0
2026-05-18T14:55:00+05:30,1236.6,1236.7,1235.0,1236.0,112863,0
2026-05-18T15:00:00+05:30,1236.0,1242.0,1235.6,1240.9,248377,0
2026-05-18T15:05:00+05:30,1240.7,1241.5,1237.3,1238.0,238256,0
2026-05-18T15:10:00+05:30,1238.0,1239.0,1237.7,1238.5,195336,0
2026-05-18T15:15:00+05:30,1238.5,1238.5,1233.1,1233.2,241933,0
2026-05-18T15:20:00+05:30,1233.7,1236.2,1233.7,1236.2,151416,0
2026-05-18T15:25:00+05:30,1236.1,1236.2,1233.1,1234.9,104605,0
2026-05-19T09:15:00+05:30,1238.5,1242.2,1236.2,1238.0,353000,0
2026-05-19T09:20:00+05:30,1238.2,1240.0,1234.9,1239.6,218297,0
2026-05-19T09:25:00+05:30,1240.0,1241.3,1238.1,1238.7,154811,0
2026-05-19T09:30:00+05:30,1238.9,1239.3,1234.0,1234.8,74919,0
2026-05-19T09:35:00+05:30,1234.8,1239.0,1231.3,1238.4,117022,0
2026-05-19T09:40:00+05:30,1238.4,1244.4,1238.2,1242.3,145879,0
2026-05-19T09:45:00+05:30,1242.9,1244.8,1239.0,1239.5,72006,0
2026-05-19T09:50:00+05:30,1239.6,1241.5,1235.3,1236.6,94373,0
2026-05-19T09:55:00+05:30,1236.8,1237.1,1234.6,1234.7,68188,0
2026-05-19T10:00:00+05:30,1234.8,1238.8,1234.4,1235.2,135522,0
2026-05-19T10:05:00+05:30,1235.4,1240.0,1234.9,1239.3,95321,0
2026-05-19T10:10:00+05:30,1239.3,1242.3,1238.8,1241.1,66769,0
2026-05-19T10:15:00+05:30,1241.2,1243.1,1241.0,1241.1,70660,0
2026-05-19T10:20:00+05:30,1241.2,1242.9,1240.8,1242.4,51808,0
2026-05-19T10:25:00+05:30,1242.4,1245.0,1242.2,1244.0,61308,0
2026-05-19T10:30:00+05:30,1244.0,1245.1,1242.2,1242.5,99943,0
2026-05-19T10:35:00+05:30,1242.6,1246.0,1242.4,1244.9,136387,0
2026-05-19T10:40:00+05:30,1245.0,1245.9,1243.6,1245.8,132980,0
2026-05-19T10:45:00+05:30,1245.7,1246.3,1244.8,1245.7,70403,0
2026-05-19T10:50:00+05:30,1245.8,1247.7,1243.4,1245.0,126599,0
2026-05-19T10:55:00+05:30,1245.2,1249.8,1244.7,1248.5,79302,0
2026-05-19T11:00:00+05:30,1248.6,1249.0,1246.8,1247.4,74656,0
2026-05-19T11:05:00+05:30,1247.4,1247.4,1244.6,1244.8,69764,0
2026-05-19T11:10:00+05:30,1244.9,1245.5,1242.7,1242.8,70368,0
2026-05-19T11:15:00+05:30,1242.8,1244.1,1241.8,1243.9,64585,0
2026-05-19T11:20:00+05:30,1244.0,1244.8,1243.6,1244.1,56720,0
2026-05-19T11:25:00+05:30,1244.2,1244.7,1242.7,1244.2,62343,0
2026-05-19T11:30:00+05:30,1244.7,1244.7,1241.7,1243.1,75089,0
2026-05-19T11:35:00+05:30,1243.1,1243.3,1242.0,1242.7,56398,0
2026-05-19T11:40:00+05:30,1242.7,1244.9,1242.7,1243.8,100019,0
2026-05-19T11:45:00+05:30,1243.9,1245.1,1243.2,1243.9,58350,0
2026-05-19T11:50:00+05:30,1243.9,1245.4,1243.7,1244.2,46220,0
2026-05-19T11:55:00+05:30,1244.6,1246.0,1243.4,1243.5,55868,0
2026-05-19T12:00:00+05:30,1243.5,1243.7,1241.2,1242.6,98427,0
2026-05-19T12:05:00+05:30,1242.6,1244.7,1242.4,1244.0,60310,0
2026-05-19T12:10:00+05:30,1244.1,1244.8,1243.5,1244.2,48626,0
2026-05-19T12:15:00+05:30,1244.2,1244.2,1241.5,1243.1,57769,0
2026-05-19T12:20:00+05:30,1243.2,1244.0,1241.3,1241.8,77280,0
2026-05-19T12:25:00+05:30,1241.9,1243.0,1241.0,1242.0,144633,0
2026-05-19T12:30:00+05:30,1242.4,1243.5,1241.9,1242.2,50292,0
2026-05-19T12:35:00+05:30,1242.2,1242.2,1241.3,1241.6,62533,0
2026-05-19T12:40:00+05:30,1241.7,1242.0,1240.1,1241.4,84937,0
2026-05-19T12:45:00+05:30,1241.4,1243.2,1241.0,1242.2,84910,0
2026-05-19T12:50:00+05:30,1242.2,1242.2,1240.1,1241.1,109067,0
2026-05-19T12:55:00+05:30,1241.1,1241.2,1240.0,1240.2,58969,0
2026-05-19T13:00:00+05:30,1240.3,1240.8,1238.8,1239.1,66926,0
2026-05-19T13:05:00+05:30,1239.2,1240.6,1238.6,1240.1,86846,0
2026-05-19T13:10:00+05:30,1240.1,1240.4,1238.3,1239.1,72995,0
2026-05-19T13:15:00+05:30,1239.1,1241.4,1238.6,1240.7,88066,0
2026-05-19T13:20:00+05:30,1240.8,1241.4,1240.0,1241.0,59579,0
2026-05-19T13:25:00+05:30,1241.1,1243.6,1240.9,1242.2,96258,0
2026-05-19T13:30:00+05:30,1242.8,1244.6,1242.2,1243.2,110079,0
2026-05-19T13:35:00+05:30,1243.2,1243.9,1240.6,1242.6,127391,0
2026-05-19T13:40:00+05:30,1242.6,1242.7,1241.2,1241.5,52026,0
2026-05-19T13:45:00+05:30,1241.5,1243.8,1241.2,1242.3,116505,0
2026-05-19T13:50:00+05:30,1242.3,1242.9,1235.0,1238.3,254693,0
2026-05-19T13:55:00+05:30,1238.2,1238.2,1234.0,1237.3,309203,0
2026-05-19T14:00:00+05:30,1237.4,1239.9,1236.5,1238.0,282692,0
2026-05-19T14:05:00+05:30,1238.2,1239.0,1235.4,1235.5,136862,0
2026-05-19T14:10:00+05:30,1235.9,1239.8,1235.1,1238.9,169450,0
2026-05-19T14:15:00+05:30,1239.0,1242.0,1238.8,1239.3,98796,0
2026-05-19T14:20:00+05:30,1239.4,1241.0,1238.0,1240.0,156733,0
2026-05-19T14:25:00+05:30,1240.3,1242.1,1239.6,1239.9,166834,0
2026-05-19T14:30:00+05:30,1239.9,1240.6,1238.4,1238.9,108994,0
2026-05-19T14:35:00+05:30,1238.9,1239.6,1237.2,1237.2,78153,0
2026-05-19T14:40:00+05:30,1237.7,1237.7,1235.0,1235.2,99756,0
2026-05-19T14:45:00+05:30,1235.3,1236.1,1232.6,1235.2,196552,0
2026-05-19T14:50:00+05:30,1235.2,1237.4,1233.4,1235.9,313443,0
2026-05-19T14:55:00+05:30,1235.9,1241.0,1235.8,1240.0,192243,0
2026-05-19T15:00:00+05:30,1239.9,1240.9,1237.8,1238.4,393272,0
2026-05-19T15:05:00+05:30,1238.4,1243.8,1237.0,1238.7,408821,0
2026-05-19T15:10:00+05:30,1238.9,1239.0,1236.4,1237.1,194277,0
2026-05-19T15:15:00+05:30,1237.0,1237.5,1234.6,1236.4,218138,0
2026-05-19T15:20:00+05:30,1236.4,1237.9,1234.6,1237.2,225770,0
2026-05-19T15:25:00+05:30,1237.5,1240.0,1235.3,1237.9,139288,0
2026-05-20T09:15:00+05:30,1234.0,1234.0,1226.6,1231.7,166207,0
2026-05-20T09:20:00+05:30,1231.7,1234.0,1230.6,1233.1,53633,0
2026-05-20T09:25:00+05:30,1233.4,1236.0,1232.2,1235.4,56636,0
2026-05-20T09:30:00+05:30,1235.4,1238.1,1234.3,1236.6,44586,0
2026-05-20T09:35:00+05:30,1236.7,1236.7,1234.4,1234.8,42087,0
2026-05-20T09:40:00+05:30,1234.8,1236.3,1233.0,1234.8,39368,0
2026-05-20T09:45:00+05:30,1234.8,1235.7,1233.0,1234.1,46192,0
2026-05-20T09:50:00+05:30,1234.2,1235.9,1233.8,1235.1,21907,0
2026-05-20T09:55:00+05:30,1235.2,1237.6,1234.3,1237.2,24508,0
2026-05-20T10:00:00+05:30,1237.2,1237.3,1235.7,1236.6,23351,0
2026-05-20T10:05:00+05:30,1236.6,1238.5,1236.0,1238.0,31425,0
2026-05-20T10:10:00+05:30,1238.0,1240.0,1237.8,1238.4,44064,0
2026-05-20T10:15:00+05:30,1238.0,1238.4,1235.6,1236.8,44041,0
2026-05-20T10:20:00+05:30,1236.5,1236.8,1233.5,1233.5,32441,0
2026-05-20T10:25:00+05:30,1233.5,1235.8,1233.0,1235.8,25653,0
2026-05-20T10:30:00+05:30,1235.8,1240.5,1235.7,1239.8,49238,0
2026-05-20T10:35:00+05:30,1239.8,1241.0,1238.7,1239.0,39695,0
2026-05-20T10:40:00+05:30,1239.4,1240.0,1238.6,1238.7,18417,0
2026-05-20T10:45:00+05:30,1238.9,1238.9,1237.1,1237.1,32218,0
2026-05-20T10:50:00+05:30,1237.3,1239.0,1237.0,1238.7,29194,0
2026-05-20T10:55:00+05:30,1238.7,1239.7,1238.2,1239.7,19871,0
2026-05-20T11:00:00+05:30,1239.7,1242.9,1239.6,1242.1,46058,0
2026-05-20T11:05:00+05:30,1242.1,1245.8,1242.0,1244.5,73906,0
2026-05-20T11:10:00+05:30,1244.5,1245.7,1243.5,1244.2,38698,0
2026-05-20T11:15:00+05:30,1244.2,1244.6,1242.5,1243.4,35839,0
2026-05-20T11:20:00+05:30,1243.4,1246.6,1243.1,1244.1,51384,0
2026-05-20T11:25:00+05:30,1244.6,1247.9,1244.1,1247.2,38059,0
2026-05-20T11:30:00+05:30,1247.2,1248.2,1245.7,1248.0,37769,0
2026-05-20T11:35:00+05:30,1247.9,1249.0,1247.2,1248.3,52507,0
2026-05-20T11:40:00+05:30,1248.3,1248.5,1246.6,1248.0,35118,0
2026-05-20T11:45:00+05:30,1248.0,1249.8,1248.0,1249.0,42037,0
2026-05-20T11:50:00+05:30,1249.4,1249.9,1247.8,1249.4,37427,0
2026-05-20T11:55:00+05:30,1249.4,1249.6,1247.8,1248.6,32397,0
2026-05-20T12:00:00+05:30,1248.7,1249.0,1247.2,1247.6,29154,0
2026-05-20T12:05:00+05:30,1247.9,1247.9,1245.4,1245.4,28869,0
2026-05-20T12:10:00+05:30,1245.3,1247.0,1245.2,1245.5,35463,0
2026-05-20T12:15:00+05:30,1245.5,1246.6,1242.6,1242.9,37349,0
2026-05-20T12:20:00+05:30,1242.9,1245.0,1242.4,1244.8,29557,0
2026-05-20T12:25:00+05:30,1244.9,1244.9,1241.4,1242.0,32000,0
2026-05-20T12:30:00+05:30,1242.4,1243.1,1241.6,1242.5,23666,0
2026-05-20T12:35:00+05:30,1242.5,1243.7,1242.1,1243.3,19987,0
2026-05-20T12:40:00+05:30,1243.4,1243.9,1242.1,1242.4,27127,0
2026-05-20T12:45:00+05:30,1242.5,1243.6,1242.0,1242.3,21236,0
2026-05-20T12:50:00+05:30,1242.5,1243.0,1241.3,1241.8,27654,0
2026-05-20T12:55:00+05:30,1241.9,1243.0,1241.5,1242.4,24395,0
2026-05-20T13:00:00+05:30,1242.5,1242.6,1240.0,1240.3,33963,0
2026-05-20T13:05:00+05:30,1240.5,1242.0,1240.1,1241.9,19512,0
2026-05-20T13:10:00+05:30,1242.0,1243.1,1241.1,1242.1,40256,0
2026-05-20T13:15:00+05:30,1242.1,1242.4,1240.2,1240.9,32721,0
2026-05-20T13:20:00+05:30,1240.9,1242.4,1240.5,1241.0,27611,0
2026-05-20T13:25:00+05:30,1241.1,1242.1,1239.1,1241.0,26207,0
2026-05-20T13:30:00+05:30,1241.0,1242.9,1239.8,1242.6,40724,0
2026-05-20T13:35:00+05:30,1242.4,1245.7,1242.1,1243.8,83926,0
2026-05-20T13:40:00+05:30,1244.1,1244.5,1242.9,1243.5,17231,0
2026-05-20T13:45:00+05:30,1243.6,1244.1,1242.2,1242.9,23857,0
2026-05-20T13:50:00+05:30,1243.1,1246.0,1243.1,1246.0,29523,0
2026-05-20T13:55:00+05:30,1246.0,1248.4,1245.1,1248.4,42457,0
2026-05-20T14:00:00+05:30,1248.6,1251.4,1248.3,1250.0,52314,0
2026-05-20T14:05:00+05:30,1250.4,1252.5,1248.9,1251.9,53075,0
2026-05-20T14:10:00+05:30,1251.9,1252.3,1249.7,1250.5,28286,0
2026-05-20T14:15:00+05:30,1250.5,1251.5,1250.4,1250.9,33732,0
2026-05-20T14:20:00+05:30,1250.9,1253.9,1250.6,1253.1,64346,0
2026-05-20T14:25:00+05:30,1253.1,1253.1,1251.5,1252.1,32576,0
2026-05-20T14:30:00+05:30,1252.3,1254.1,1251.5,1252.6,42887,0
2026-05-20T14:35:00+05:30,1252.6,1253.7,1251.7,1253.3,59111,0
2026-05-20T14:40:00+05:30,1253.3,1254.0,1252.1,1252.2,39364,0
2026-05-20T14:45:00+05:30,1252.2,1252.9,1251.2,1252.2,63455,0
2026-05-20T14:50:00+05:30,1252.2,1252.9,1251.1,1252.6,51319,0
2026-05-20T14:55:00+05:30,1252.9,1253.8,1252.0,1252.7,56999,0
2026-05-20T15:00:00+05:30,1252.5,1252.7,1248.5,1249.5,132677,0
2026-05-20T15:05:00+05:30,1249.4,1250.7,1249.0,1249.9,136259,0
2026-05-20T15:10:00+05:30,1249.8,1250.6,1248.4,1250.0,137340,0
2026-05-20T15:15:00+05:30,1250.0,1251.0,1248.4,1249.1,144220,0
2026-05-20T15:20:00+05:30,1249.0,1251.6,1248.0,1250.0,145858,0
2026-05-20T15:25:00+05:30,1250.0,1252.0,1248.5,1251.2,99824,0
2026-05-21T09:15:00+05:30,1256.9,1260.6,1252.3,1253.0,174426,0
2026-05-21T09:20:00+05:30,1253.0,1254.6,1251.6,1252.7,93344,0
2026-05-21T09:25:00+05:30,1252.6,1256.0,1252.2,1254.0,61324,0
2026-05-21T09:30:00+05:30,1254.0,1254.9,1252.4,1253.1,38969,0
2026-05-21T09:35:00+05:30,1253.1,1256.9,1252.5,1256.8,38859,0
2026-05-21T09:40:00+05:30,1256.8,1258.6,1255.5,1258.0,58357,0
2026-05-21T09:45:00+05:30,1258.3,1259.9,1257.8,1259.4,42181,0
2026-05-21T09:50:00+05:30,1259.4,1262.7,1259.2,1261.8,58725,0
2026-05-21T09:55:00+05:30,1262.1,1262.4,1258.8,1258.8,44502,0
2026-05-21T10:00:00+05:30,1259.1,1260.9,1258.6,1259.9,41222,0
2026-05-21T10:05:00+05:30,1259.9,1259.9,1255.8,1257.6,38040,0
2026-05-21T10:10:00+05:30,1257.6,1258.4,1256.4,1257.9,20470,0
2026-05-21T10:15:00+05:30,1258.2,1259.5,1257.7,1258.6,20884,0
2026-05-21T10:20:00+05:30,1258.8,1260.4,1258.6,1259.9,25193,0
2026-05-21T10:25:00+05:30,1259.8,1260.6,1258.7,1260.3,34021,0
2026-05-21T10:30:00+05:30,1260.3,1261.8,1258.9,1259.7,59421,0
2026-05-21T10:35:00+05:30,1259.7,1259.7,1255.7,1256.5,52683,0
2026-05-21T10:40:00+05:30,1256.5,1258.8,1256.5,1258.6,33044,0
2026-05-21T10:45:00+05:30,1258.6,1260.0,1258.3,1259.7,51281,0
2026-05-21T10:50:00+05:30,1259.8,1260.0,1256.2,1258.7,57063,0
2026-05-21T10:55:00+05:30,1258.7,1258.8,1256.1,1257.3,39211,0
2026-05-21T11:00:00+05:30,1257.3,1257.3,1254.8,1255.1,64556,0
2026-05-21T11:05:00+05:30,1255.2,1256.6,1254.7,1256.5,36343,0
2026-05-21T11:10:00+05:30,1256.6,1256.8,1254.8,1255.4,40181,0
2026-05-21T11:15:00+05:30,1255.4,1255.8,1253.0,1255.5,59933,0
2026-05-21T11:20:00+05:30,1255.5,1258.8,1255.2,1258.4,38830,0
2026-05-21T11:25:00+05:30,1258.4,1260.0,1257.6,1260.0,46862,0
2026-05-21T11:30:00+05:30,1260.0,1260.7,1259.0,1260.1,44935,0
2026-05-21T11:35:00+05:30,1260.1,1260.2,1258.1,1258.5,18269,0
2026-05-21T11:40:00+05:30,1258.5,1259.6,1258.0,1259.6,30038,0
2026-05-21T11:45:00+05:30,1259.6,1259.8,1258.1,1258.4,20900,0
2026-05-21T11:50:00+05:30,1258.4,1260.5,1258.1,1259.1,130732,0
2026-05-21T11:55:00+05:30,1259.2,1260.0,1258.0,1258.8,54450,0
2026-05-21T12:00:00+05:30,1258.8,1259.8,1258.4,1259.1,28328,0
2026-05-21T12:05:00+05:30,1259.1,1260.5,1258.0,1260.2,92715,0
2026-05-21T12:10:00+05:30,1260.2,1260.9,1258.8,1259.4,201911,0
2026-05-21T12:15:00+05:30,1259.4,1260.2,1258.0,1259.3,65642,0
2026-05-21T12:20:00+05:30,1259.3,1260.3,1258.0,1258.0,173613,0
2026-05-21T12:25:00+05:30,1258.3,1258.3,1253.8,1255.2,109344,0
2026-05-21T12:30:00+05:30,1255.2,1255.6,1253.7,1255.3,59127,0
2026-05-21T12:35:00+05:30,1255.3,1255.3,1250.1,1250.5,110949,0
2026-05-21T12:40:00+05:30,1250.7,1250.8,1246.7,1249.2,89566,0
2026-05-21T12:45:00+05:30,1249.2,1249.4,1247.1,1249.4,30370,0
2026-05-21T12:50:00+05:30,1249.4,1250.4,1248.7,1249.6,27196,0
2026-05-21T12:55:00+05:30,1249.7,1249.8,1247.1,1247.8,29466,0
2026-05-21T13:00:00+05:30,1247.8,1248.3,1244.8,1246.9,84697,0
2026-05-21T13:05:00+05:30,1246.9,1248.4,1246.0,1248.0,29182,0
2026-05-21T13:10:00+05:30,1248.1,1249.7,1248.0,1248.7,20615,0
2026-05-21T13:15:00+05:30,1248.8,1249.5,1248.2,1248.8,28146,0
2026-05-21T13:20:00+05:30,1248.8,1249.8,1247.7,1247.8,44709,0
2026-05-21T13:25:00+05:30,1248.0,1248.3,1247.3,1247.6,53475,0
2026-05-21T13:30:00+05:30,1247.6,1250.0,1246.0,1249.9,60818,0
2026-05-21T13:35:00+05:30,1249.9,1251.6,1249.4,1250.7,102098,0
2026-05-21T13:40:00+05:30,1250.7,1252.0,1250.3,1251.6,27537,0
2026-05-21T13:45:00+05:30,1251.6,1252.7,1250.4,1250.9,50864,0
2026-05-21T13:50:00+05:30,1251.1,1251.1,1249.0,1250.1,48473,0
2026-05-21T13:55:00+05:30,1250.5,1251.5,1249.2,1251.1,36762,0
2026-05-21T14:00:00+05:30,1251.3,1251.3,1249.1,1249.4,27385,0
2026-05-21T14:05:00+05:30,1249.4,1250.6,1249.1,1250.6,28216,0
2026-05-21T14:10:00+05:30,1250.6,1251.7,1249.7,1251.1,107370,0
2026-05-21T14:15:00+05:30,1251.1,1251.1,1249.7,1250.7,23318,0
2026-05-21T14:20:00+05:30,1250.7,1252.3,1250.6,1251.9,27788,0
2026-05-21T14:25:00+05:30,1251.9,1253.0,1250.3,1250.6,40314,0
2026-05-21T14:30:00+05:30,1250.6,1252.7,1250.2,1252.7,43468,0
2026-05-21T14:35:00+05:30,1252.7,1253.4,1250.9,1252.5,89792,0
2026-05-21T14:40:00+05:30,1252.6,1255.2,1251.6,1252.8,64232,0
2026-05-21T14:45:00+05:30,1252.8,1254.3,1252.1,1253.2,65384,0
2026-05-21T14:50:00+05:30,1253.2,1254.6,1252.5,1253.7,64963,0
2026-05-21T14:55:00+05:30,1253.7,1255.0,1253.0,1254.4,77488,0
2026-05-21T15:00:00+05:30,1254.4,1255.9,1253.4,1254.5,200947,0
2026-05-21T15:05:00+05:30,1254.6,1255.5,1252.4,1253.6,255927,0
2026-05-21T15:10:00+05:30,1253.6,1255.8,1251.2,1252.0,283228,0
2026-05-21T15:15:00+05:30,1251.9,1252.8,1250.5,1251.9,180524,0
2026-05-21T15:20:00+05:30,1251.6,1253.2,1251.5,1252.4,137414,0
2026-05-21T15:25:00+05:30,1252.4,1254.1,1250.0,1252.0,153665,0
2026-05-22T09:15:00+05:30,1254.1,1259.5,1254.1,1258.0,73016,0
2026-05-22T09:20:00+05:30,1258.0,1263.8,1258.0,1263.1,64871,0
2026-05-22T09:25:00+05:30,1263.2,1264.4,1261.9,1262.1,34896,0
2026-05-22T09:30:00+05:30,1262.4,1267.2,1262.4,1266.2,50051,0
2026-05-22T09:35:00+05:30,1266.6,1267.0,1263.5,1265.5,38490,0
2026-05-22T09:40:00+05:30,1265.6,1267.9,1264.1,1267.0,38950,0
2026-05-22T09:45:00+05:30,1267.0,1269.6,1266.8,1268.6,55876,0
2026-05-22T09:50:00+05:30,1268.7,1271.3,1268.6,1271.0,54034,0
2026-05-22T09:55:00+05:30,1271.3,1271.8,1269.3,1271.0,42647,0
2026-05-22T10:00:00+05:30,1271.4,1272.7,1270.0,1272.3,76521,0
2026-05-22T10:05:00+05:30,1272.3,1272.6,1271.0,1271.8,53737,0
2026-05-22T10:10:00+05:30,1272.3,1276.0,1272.0,1275.9,74551,0
2026-05-22T10:15:00+05:30,1275.9,1276.4,1274.4,1275.0,38654,0
2026-05-22T10:20:00+05:30,1275.4,1276.9,1274.5,1275.3,44679,0
2026-05-22T10:25:00+05:30,1275.3,1275.9,1274.3,1275.9,30022,0
2026-05-22T10:30:00+05:30,1275.3,1276.5,1274.9,1276.2,28498,0
2026-05-22T10:35:00+05:30,1276.2,1278.5,1276.1,1277.7,39004,0
2026-05-22T10:40:00+05:30,1277.7,1280.4,1277.5,1279.8,46895,0
2026-05-22T10:45:00+05:30,1279.8,1280.2,1277.5,1278.7,46109,0
2026-05-22T10:50:00+05:30,1278.8,1279.0,1277.3,1278.6,79323,0
2026-05-22T10:55:00+05:30,1278.6,1278.7,1277.3,1277.7,51199,0
2026-05-22T11:00:00+05:30,1277.7,1278.4,1276.4,1278.4,32518,0
2026-05-22T11:05:00+05:30,1278.4,1278.5,1275.4,1276.2,48171,0
2026-05-22T11:10:00+05:30,1275.9,1276.2,1275.0,1275.1,58500,0
2026-05-22T11:15:00+05:30,1275.3,1275.8,1273.6,1274.5,161378,0
2026-05-22T11:20:00+05:30,1274.6,1276.6,1274.0,1276.5,102263,0
2026-05-22T11:25:00+05:30,1276.5,1276.7,1274.0,1275.3,133649,0
2026-05-22T11:30:00+05:30,1275.0,1276.9,1274.4,1276.3,36566,0
2026-05-22T11:35:00+05:30,1276.3,1276.6,1275.2,1276.5,22788,0
2026-05-22T11:40:00+05:30,1276.5,1278.4,1276.0,1278.0,27215,0
2026-05-22T11:45:00+05:30,1278.0,1279.0,1277.3,1278.9,18684,0
2026-05-22T11:50:00+05:30,1278.9,1278.9,1277.4,1278.0,22596,0
2026-05-22T11:55:00+05:30,1278.0,1278.1,1275.9,1276.2,21242,0
2026-05-22T12:00:00+05:30,1276.3,1277.6,1276.1,1277.4,30049,0
2026-05-22T12:05:00+05:30,1277.4,1279.0,1276.6,1278.6,27142,0
2026-05-22T12:10:00+05:30,1278.6,1280.0,1278.0,1279.7,31931,0
2026-05-22T12:15:00+05:30,1279.7,1281.0,1279.1,1280.1,67127,0
2026-05-22T12:20:00+05:30,1280.1,1280.5,1278.7,1279.2,94754,0
2026-05-22T12:25:00+05:30,1279.4,1280.6,1279.0,1279.2,36738,0
2026-05-22T12:30:00+05:30,1279.1,1279.5,1277.8,1279.1,33700,0
2026-05-22T12:35:00+05:30,1279.1,1280.5,1279.1,1280.4,28695,0
2026-05-22T12:40:00+05:30,1280.3,1281.7,1280.0,1281.6,39651,0
2026-05-22T12:45:00+05:30,1281.6,1283.1,1281.1,1282.6,135105,0
2026-05-22T12:50:00+05:30,1282.6,1286.5,1282.5,1285.9,106673,0
2026-05-22T12:55:00+05:30,1285.9,1285.9,1283.1,1284.1,77971,0
2026-05-22T13:00:00+05:30,1284.3,1284.5,1282.4,1284.0,141226,0
2026-05-22T13:05:00+05:30,1284.0,1287.1,1283.6,1286.5,161214,0
2026-05-22T13:10:00+05:30,1286.5,1287.1,1285.3,1286.0,52110,0
2026-05-22T13:15:00+05:30,1286.0,1286.6,1285.3,1285.6,36387,0
2026-05-22T13:20:00+05:30,1285.6,1286.6,1285.0,1285.1,55520,0
2026-05-22T13:25:00+05:30,1285.6,1286.0,1285.0,1285.4,37521,0
2026-05-22T13:30:00+05:30,1285.4,1286.7,1285.0,1286.3,42278,0
2026-05-22T13:35:00+05:30,1286.3,1286.4,1285.3,1285.8,43397,0
2026-05-22T13:40:00+05:30,1285.8,1287.0,1285.6,1286.2,86056,0
2026-05-22T13:45:00+05:30,1286.0,1287.4,1285.9,1286.0,62448,0
2026-05-22T13:50:00+05:30,1286.0,1286.9,1283.5,1284.7,86770,0
2026-05-22T13:55:00+05:30,1284.7,1285.5,1283.7,1284.9,74273,0
2026-05-22T14:00:00+05:30,1284.9,1286.3,1283.1,1283.9,74802,0
2026-05-22T14:05:00+05:30,1283.9,1285.2,1282.2,1284.8,67367,0
2026-05-22T14:10:00+05:30,1284.8,1285.0,1283.1,1284.4,69109,0
2026-05-22T14:15:00+05:30,1284.3,1286.8,1284.3,1286.1,70217,0
2026-05-22T14:20:00+05:30,1286.1,1286.2,1284.7,1284.7,43573,0
2026-05-22T14:25:00+05:30,1284.7,1285.2,1283.2,1283.4,41763,0
2026-05-22T14:30:00+05:30,1283.4,1284.5,1282.0,1284.2,65764,0
2026-05-22T14:35:00+05:30,1284.2,1284.3,1282.0,1283.0,60402,0
2026-05-22T14:40:00+05:30,1283.0,1283.1,1281.5,1281.9,64022,0
2026-05-22T14:45:00+05:30,1281.9,1284.2,1281.5,1283.8,55660,0
2026-05-22T14:50:00+05:30,1283.8,1284.9,1283.7,1284.5,39633,0
2026-05-22T14:55:00+05:30,1284.5,1285.0,1283.6,1284.3,59470,0
2026-05-22T15:00:00+05:30,1284.3,1284.9,1282.8,1284.3,130340,0
2026-05-22T15:05:00+05:30,1284.3,1284.5,1283.0,1283.1,148826,0
2026-05-22T15:10:00+05:30,1283.1,1285.3,1283.0,1285.0,144574,0
2026-05-22T15:15:00+05:30,1285.0,1286.7,1284.9,1286.4,197699,0
2026-05-22T15:20:00+05:30,1286.0,1288.8,1286.0,1288.6,171689,0
2026-05-22T15:25:00+05:30,1288.0,1288.6,1285.0,1287.0,167999,0
2026-05-25T09:15:00+05:30,1300.4,1304.5,1295.6,1299.2,288340,0
2026-05-25T09:20:00+05:30,1299.2,1302.2,1297.6,1301.1,85263,0
2026-05-25T09:25:00+05:30,1301.4,1301.5,1297.9,1298.2,99863,0
2026-05-25T09:30:00+05:30,1298.2,1299.8,1297.5,1297.7,102562,0
2026-05-25T09:35:00+05:30,1297.7,1298.9,1296.3,1296.7,102216,0
2026-05-25T09:40:00+05:30,1296.7,1298.0,1295.9,1297.8,82469,0
2026-05-25T09:45:00+05:30,1297.9,1298.5,1293.9,1296.7,151658,0
2026-05-25T09:50:00+05:30,1296.7,1298.0,1296.0,1298.0,65352,0
2026-05-25T09:55:00+05:30,1298.0,1300.5,1298.0,1300.2,47300,0
2026-05-25T10:00:00+05:30,1300.2,1303.0,1299.6,1302.3,63596,0
2026-05-25T10:05:00+05:30,1302.3,1303.0,1301.1,1301.8,46259,0
2026-05-25T10:10:00+05:30,1301.8,1304.9,1300.0,1303.3,89105,0
2026-05-25T10:15:00+05:30,1303.3,1303.6,1301.1,1302.0,38248,0
2026-05-25T10:20:00+05:30,1302.0,1302.3,1300.7,1301.3,30266,0
2026-05-25T10:25:00+05:30,1301.3,1302.9,1301.1,1302.0,21732,0
2026-05-25T10:30:00+05:30,1302.0,1305.8,1301.7,1305.5,184537,0
2026-05-25T10:35:00+05:30,1305.6,1306.0,1304.7,1305.2,86592,0
2026-05-25T10:40:00+05:30,1305.2,1306.4,1304.8,1305.6,133779,0
2026-05-25T10:45:00+05:30,1305.6,1306.0,1303.7,1304.8,99653,0
2026-05-25T10:50:00+05:30,1304.8,1305.1,1303.3,1303.7,62128,0
2026-05-25T10:55:00+05:30,1303.7,1303.8,1302.2,1303.5,49641,0
2026-05-25T11:00:00+05:30,1303.5,1304.1,1302.5,1303.8,87688,0
2026-05-25T11:05:00+05:30,1303.8,1304.0,1302.0,1303.3,76265,0
2026-05-25T11:10:00+05:30,1303.1,1304.0,1302.4,1303.5,52380,0
2026-05-25T11:15:00+05:30,1303.5,1304.0,1302.6,1302.8,48902,0
2026-05-25T11:20:00+05:30,1302.8,1303.0,1302.0,1302.4,50345,0
2026-05-25T11:25:00+05:30,1302.4,1302.7,1301.2,1302.6,91224,0
2026-05-25T11:30:00+05:30,1302.6,1302.7,1301.6,1302.2,78669,0
2026-05-25T11:35:00+05:30,1302.2,1304.0,1301.6,1303.9,80943,0
2026-05-25T11:40:00+05:30,1303.9,1305.2,1303.1,1305.2,61883,0
2026-05-25T11:45:00+05:30,1305.2,1305.5,1303.2,1303.9,88580,0
2026-05-25T11:50:00+05:30,1303.9,1304.5,1302.0,1302.4,66597,0
2026-05-25T11:55:00+05:30,1302.4,1303.3,1301.1,1303.0,60692,0
2026-05-25T12:00:00+05:30,1303.0,1303.2,1301.3,1301.5,37458,0
2026-05-25T12:05:00+05:30,1301.8,1301.8,1299.7,1300.1,60209,0
2026-05-25T12:10:00+05:30,1300.1,1301.0,1299.9,1300.8,23627,0
2026-05-25T12:15:00+05:30,1300.8,1301.7,1300.3,1301.5,29079,0
2026-05-25T12:20:00+05:30,1301.5,1301.7,1300.6,1301.4,23541,0
2026-05-25T12:25:00+05:30,1301.4,1301.9,1301.1,1301.2,40776,0
2026-05-25T12:30:00+05:30,1301.2,1302.6,1301.1,1302.6,44400,0
2026-05-25T12:35:00+05:30,1302.6,1302.7,1302.0,1302.2,40301,0
2026-05-25T12:40:00+05:30,1302.2,1302.6,1302.0,1302.6,34490,0
2026-05-25T12:45:00+05:30,1302.6,1303.3,1301.6,1302.3,77533,0
2026-05-25T12:50:00+05:30,1302.3,1304.0,1301.6,1303.9,45927,0
2026-05-25T12:55:00+05:30,1303.9,1305.0,1303.3,1305.0,32578,0
2026-05-25T13:00:00+05:30,1305.0,1307.0,1304.1,1306.3,89949,0
2026-05-25T13:05:00+05:30,1306.3,1306.5,1305.2,1305.9,50945,0
2026-05-25T13:10:00+05:30,1305.9,1306.3,1304.9,1305.0,42916,0
2026-05-25T13:15:00+05:30,1305.4,1305.4,1302.9,1303.7,46198,0
2026-05-25T13:20:00+05:30,1303.7,1305.6,1303.6,1305.2,33665,0
2026-05-25T13:25:00+05:30,1305.2,1306.4,1305.1,1306.4,34808,0
2026-05-25T13:30:00+05:30,1306.4,1307.0,1305.6,1306.4,41341,0
2026-05-25T13:35:00+05:30,1306.4,1306.5,1305.3,1305.7,37808,0
2026-05-25T13:40:00+05:30,1305.7,1305.8,1304.8,1305.3,23066,0
2026-05-25T13:45:00+05:30,1305.3,1306.0,1305.2,1305.8,31079,0
2026-05-25T13:50:00+05:30,1306.0,1306.6,1305.5,1306.3,26554,0
2026-05-25T13:55:00+05:30,1306.3,1306.3,1305.0,1305.2,32413,0
2026-05-25T14:00:00+05:30,1305.3,1305.5,1304.5,1305.2,32444,0
2026-05-25T14:05:00+05:30,1305.2,1305.5,1304.6,1305.1,43424,0
2026-05-25T14:10:00+05:30,1305.2,1305.7,1303.8,1303.9,70876,0
2026-05-25T14:15:00+05:30,1304.0,1305.9,1303.8,1305.4,64426,0
2026-05-25T14:20:00+05:30,1305.4,1306.9,1304.5,1306.7,47790,0
2026-05-25T14:25:00+05:30,1306.7,1308.3,1306.5,1307.4,111624,0
2026-05-25T14:30:00+05:30,1307.5,1307.7,1307.0,1307.5,62685,0
2026-05-25T14:35:00+05:30,1307.7,1308.9,1307.2,1308.4,163759,0
2026-05-25T14:40:00+05:30,1308.4,1309.3,1308.0,1309.2,90179,0
2026-05-25T14:45:00+05:30,1309.3,1311.6,1309.0,1310.5,185529,0
2026-05-25T14:50:00+05:30,1310.6,1311.4,1309.4,1310.3,119688,0
2026-05-25T14:55:00+05:30,1310.3,1311.5,1309.9,1311.5,169880,0
2026-05-25T15:00:00+05:30,1311.5,1311.6,1310.3,1311.0,138547,0
2026-05-25T15:05:00+05:30,1311.0,1311.4,1310.4,1310.8,86147,0
2026-05-25T15:10:00+05:30,1310.8,1312.0,1310.5,1311.4,111139,0
2026-05-25T15:15:00+05:30,1311.6,1312.0,1310.7,1311.1,122534,0
2026-05-25T15:20:00+05:30,1311.1,1311.7,1310.0,1311.2,143200,0
2026-05-25T15:25:00+05:30,1311.1,1314.5,1310.0,1311.0,103820,0
2026-05-26T09:15:00+05:30,1309.8,1310.9,1304.0,1307.1,104796,0
2026-05-26T09:20:00+05:30,1307.5,1308.9,1306.4,1308.7,69674,0
2026-05-26T09:25:00+05:30,1308.5,1310.7,1307.9,1310.7,64118,0
2026-05-26T09:30:00+05:30,1310.9,1312.5,1309.1,1310.0,57613,0
2026-05-26T09:35:00+05:30,1310.0,1316.6,1309.3,1315.9,54140,0
2026-05-26T09:40:00+05:30,1315.9,1317.0,1313.3,1315.0,55626,0
2026-05-26T09:45:00+05:30,1315.1,1315.6,1314.0,1314.0,27734,0
2026-05-26T09:50:00+05:30,1314.1,1314.8,1306.0,1308.8,199875,0
2026-05-26T09:55:00+05:30,1308.8,1308.8,1303.9,1306.9,76207,0
2026-05-26T10:00:00+05:30,1307.0,1310.3,1305.4,1307.8,55818,0
2026-05-26T10:05:00+05:30,1307.8,1310.3,1307.0,1308.8,53259,0
2026-05-26T10:10:00+05:30,1308.8,1312.4,1308.8,1312.1,53383,0
2026-05-26T10:15:00+05:30,1312.1,1312.4,1309.9,1311.4,55774,0
2026-05-26T10:20:00+05:30,1311.5,1312.7,1309.7,1312.3,85283,0
2026-05-26T10:25:00+05:30,1312.6,1313.2,1308.9,1310.4,60940,0
2026-05-26T10:30:00+05:30,1310.4,1310.6,1309.1,1310.2,46173,0
2026-05-26T10:35:00+05:30,1310.2,1311.5,1308.0,1308.5,142976,0
2026-05-26T10:40:00+05:30,1309.1,1309.6,1308.1,1309.5,53331,0
2026-05-26T10:45:00+05:30,1309.3,1309.9,1309.0,1309.5,36667,0
2026-05-26T10:50:00+05:30,1309.3,1309.9,1308.3,1309.2,82133,0
2026-05-26T10:55:00+05:30,1309.2,1309.6,1307.6,1308.2,64935,0
2026-05-26T11:00:00+05:30,1308.6,1309.4,1307.8,1309.0,60213,0
2026-05-26T11:05:00+05:30,1309.0,1309.4,1304.0,1304.5,114590,0
2026-05-26T11:10:00+05:30,1304.5,1307.6,1302.6,1307.4,95753,0
2026-05-26T11:15:00+05:30,1307.3,1308.0,1305.9,1306.2,44628,0
2026-05-26T11:20:00+05:30,1306.1,1306.9,1304.9,1305.0,96541,0
2026-05-26T11:25:00+05:30,1305.0,1305.9,1303.3,1303.3,57193,0
2026-05-26T11:30:00+05:30,1303.6,1304.5,1302.3,1304.1,44451,0
2026-05-26T11:35:00+05:30,1304.1,1304.7,1302.4,1302.7,72676,0
2026-05-26T11:40:00+05:30,1302.7,1302.7,1302.2,1302.6,49275,0
2026-05-26T11:45:00+05:30,1302.6,1302.6,1301.0,1302.0,53011,0
2026-05-26T11:50:00+05:30,1302.5,1302.9,1301.2,1302.8,57174,0
2026-05-26T11:55:00+05:30,1302.8,1303.4,1301.0,1301.5,68264,0
2026-05-26T12:00:00+05:30,1301.5,1301.9,1299.8,1301.9,42591,0
2026-05-26T12:05:00+05:30,1302.0,1302.8,1300.0,1300.2,30582,0
2026-05-26T12:10:00+05:30,1300.6,1301.4,1300.1,1300.8,26030,0
2026-05-26T12:15:00+05:30,1300.8,1301.7,1299.4,1301.5,57955,0
2026-05-26T12:20:00+05:30,1301.5,1302.0,1297.7,1298.3,57006,0
2026-05-26T12:25:00+05:30,1298.4,1298.8,1296.0,1297.0,50758,0
2026-05-26T12:30:00+05:30,1297.0,1300.0,1295.9,1296.6,66203,0
2026-05-26T12:35:00+05:30,1296.6,1298.2,1295.2,1298.2,41852,0
2026-05-26T12:40:00+05:30,1298.2,1298.5,1296.2,1296.9,35179,0
2026-05-26T12:45:00+05:30,1297.3,1297.4,1295.0,1296.8,55682,0
2026-05-26T12:50:00+05:30,1296.8,1296.8,1291.5,1295.9,106322,0
2026-05-26T12:55:00+05:30,1295.9,1297.2,1294.3,1296.9,43437,0
2026-05-26T13:00:00+05:30,1296.7,1297.5,1295.1,1296.2,72780,0
2026-05-26T13:05:00+05:30,1296.2,1297.4,1295.7,1296.6,25537,0
2026-05-26T13:10:00+05:30,1296.6,1298.5,1296.0,1296.9,42304,0
2026-05-26T13:15:00+05:30,1296.8,1298.5,1295.8,1298.0,39211,0
2026-05-26T13:20:00+05:30,1298.0,1298.7,1296.8,1297.9,26365,0
2026-05-26T13:25:00+05:30,1298.0,1298.7,1296.9,1297.6,41069,0
2026-05-26T13:30:00+05:30,1297.7,1298.5,1296.2,1297.8,92596,0
2026-05-26T13:35:00+05:30,1297.8,1298.0,1296.5,1296.8,26017,0
2026-05-26T13:40:00+05:30,1296.9,1298.3,1296.1,1296.9,95116,0
2026-05-26T13:45:00+05:30,1297.1,1299.1,1296.9,1299.0,68359,0
2026-05-26T13:50:00+05:30,1299.0,1299.4,1297.0,1298.4,89267,0
2026-05-26T13:55:00+05:30,1298.4,1299.8,1298.0,1298.6,193487,0
2026-05-26T14:00:00+05:30,1298.6,1299.3,1296.4,1297.4,118033,0
2026-05-26T14:05:00+05:30,1297.4,1299.2,1296.5,1298.0,115282,0
2026-05-26T14:10:00+05:30,1298.4,1300.1,1296.1,1299.5,224039,0
2026-05-26T14:15:00+05:30,1299.9,1300.7,1297.9,1300.2,156430,0
2026-05-26T14:20:00+05:30,1299.8,1300.6,1297.9,1299.4,162815,0
2026-05-26T14:25:00+05:30,1299.4,1300.5,1297.8,1299.6,96291,0
2026-05-26T14:30:00+05:30,1299.6,1299.8,1297.9,1298.5,131756,0
2026-05-26T14:35:00+05:30,1298.5,1298.9,1296.9,1298.6,90360,0
2026-05-26T14:40:00+05:30,1298.6,1298.9,1296.4,1296.5,131244,0
2026-05-26T14:45:00+05:30,1296.6,1297.3,1294.8,1296.7,126687,0
2026-05-26T14:50:00+05:30,1296.7,1297.5,1295.9,1296.4,54400,0
2026-05-26T14:55:00+05:30,1296.1,1298.3,1296.0,1297.3,35495,0
2026-05-26T15:00:00+05:30,1297.7,1300.8,1296.7,1299.4,426876,0
2026-05-26T15:05:00+05:30,1299.4,1300.3,1297.9,1299.1,291435,0
2026-05-26T15:10:00+05:30,1299.3,1300.5,1298.0,1298.9,190581,0
2026-05-26T15:15:00+05:30,1298.9,1300.6,1298.1,1299.3,173110,0
2026-05-26T15:20:00+05:30,1299.3,1300.4,1299.1,1299.4,96038,0
2026-05-26T15:25:00+05:30,1299.5,1302.1,1299.0,1301.5,83363,0
2026-05-27T09:15:00+05:30,1296.3,1307.9,1296.3,1301.0,151744,0
2026-05-27T09:20:00+05:30,1301.4,1303.3,1300.1,1301.1,42055,0
2026-05-27T09:25:00+05:30,1301.5,1301.5,1294.8,1295.5,80836,0
2026-05-27T09:30:00+05:30,1294.9,1296.1,1293.1,1295.8,48602,0
2026-05-27T09:35:00+05:30,1295.9,1297.0,1294.8,1295.7,30887,0
2026-05-27T09:40:00+05:30,1295.8,1298.4,1295.6,1298.0,26937,0
2026-05-27T09:45:00+05:30,1298.0,1298.0,1295.0,1297.0,28160,0
2026-05-27T09:50:00+05:30,1297.1,1297.2,1295.3,1296.6,28089,0
2026-05-27T09:55:00+05:30,1296.9,1297.5,1295.2,1295.8,28494,0
2026-05-27T10:00:00+05:30,1295.5,1297.8,1294.5,1297.8,66871,0
2026-05-27T10:05:00+05:30,1297.8,1301.8,1297.6,1301.2,141057,0
2026-05-27T10:10:00+05:30,1301.3,1301.9,1300.0,1301.0,33454,0
2026-05-27T10:15:00+05:30,1301.5,1308.0,1300.9,1307.4,119153,0
2026-05-27T10:20:00+05:30,1307.9,1310.1,1306.5,1310.0,79173,0
2026-05-27T10:25:00+05:30,1310.3,1314.5,1310.0,1312.5,112512,0
2026-05-27T10:30:00+05:30,1312.5,1312.9,1310.5,1311.2,35509,0
2026-05-27T10:35:00+05:30,1311.2,1312.2,1309.6,1311.5,38034,0
2026-05-27T10:40:00+05:30,1311.3,1311.8,1309.6,1309.9,29489,0
2026-05-27T10:45:00+05:30,1309.9,1310.8,1308.0,1310.6,61386,0
2026-05-27T10:50:00+05:30,1310.8,1313.6,1309.7,1313.4,31587,0
2026-05-27T10:55:00+05:30,1313.4,1314.5,1312.2,1313.0,31733,0
2026-05-27T11:00:00+05:30,1313.1,1314.0,1311.3,1311.6,30398,0
2026-05-27T11:05:00+05:30,1311.7,1313.0,1310.5,1311.6,36468,0
2026-05-27T11:10:00+05:30,1311.7,1312.0,1310.5,1311.5,25585,0
2026-05-27T11:15:00+05:30,1311.6,1313.5,1311.0,1313.3,22457,0
2026-05-27T11:20:00+05:30,1313.4,1313.8,1312.6,1312.7,18334,0
2026-05-27T11:25:00+05:30,1312.8,1313.5,1311.8,1313.3,20975,0
2026-05-27T11:30:00+05:30,1313.4,1314.0,1311.3,1313.5,149664,0
2026-05-27T11:35:00+05:30,1313.5,1314.0,1311.0,1312.0,48004,0
2026-05-27T11:40:00+05:30,1312.2,1313.0,1311.3,1311.5,17019,0
2026-05-27T11:45:00+05:30,1311.7,1311.7,1310.8,1310.8,24602,0
2026-05-27T11:50:00+05:30,1310.9,1311.7,1310.4,1311.0,25636,0
2026-05-27T11:55:00+05:30,1311.2,1312.5,1311.0,1312.3,32331,0
2026-05-27T12:00:00+05:30,1312.3,1313.5,1311.2,1311.6,33702,0
2026-05-27T12:05:00+05:30,1311.9,1312.7,1311.6,1312.0,18532,0
2026-05-27T12:10:00+05:30,1312.0,1312.1,1310.2,1311.0,27520,0
2026-05-27T12:15:00+05:30,1311.0,1312.0,1310.4,1312.0,29058,0
2026-05-27T12:20:00+05:30,1312.0,1313.1,1311.0,1313.0,23310,0
2026-05-27T12:25:00+05:30,1313.0,1313.0,1311.6,1311.7,20466,0
2026-05-27T12:30:00+05:30,1312.0,1312.0,1310.1,1310.8,26918,0
2026-05-27T12:35:00+05:30,1310.9,1312.8,1310.0,1312.7,44532,0
2026-05-27T12:40:00+05:30,1312.6,1312.8,1311.5,1312.8,11899,0
2026-05-27T12:45:00+05:30,1312.8,1312.8,1312.1,1312.4,14610,0
2026-05-27T12:50:00+05:30,1312.4,1312.5,1310.1,1311.1,18073,0
2026-05-27T12:55:00+05:30,1311.1,1311.9,1310.0,1310.2,19829,0
2026-05-27T13:00:00+05:30,1310.4,1311.6,1309.2,1311.2,30623,0
2026-05-27T13:05:00+05:30,1311.2,1311.5,1306.5,1306.5,40312,0
2026-05-27T13:10:00+05:30,1306.8,1309.3,1306.5,1307.3,857611,0
2026-05-27T13:15:00+05:30,1307.3,1307.4,1306.1,1306.4,33354,0
2026-05-27T13:20:00+05:30,1306.4,1307.2,1305.0,1307.1,27102,0
2026-05-27T13:25:00+05:30,1307.2,1307.2,1300.2,1300.8,99099,0
2026-05-27T13:30:00+05:30,1300.7,1301.0,1297.0,1299.1,1801103,0
2026-05-27T13:35:00+05:30,1299.2,1299.9,1298.5,1299.6,45629,0
2026-05-27T13:40:00+05:30,1299.9,1302.6,1299.6,1302.0,58254,0
2026-05-27T13:45:00+05:30,1302.4,1302.5,1301.2,1301.8,24197,0
2026-05-27T13:50:00+05:30,1301.8,1302.9,1301.2,1302.1,19283,0
2026-05-27T13:55:00+05:30,1302.6,1302.7,1301.3,1301.8,16591,0
2026-05-27T14:00:00+05:30,1301.5,1303.6,1299.9,1301.9,116069,0
2026-05-27T14:05:00+05:30,1302.2,1303.8,1301.3,1303.0,68494,0
2026-05-27T14:10:00+05:30,1303.0,1303.5,1302.0,1302.7,39195,0
2026-05-27T14:15:00+05:30,1302.8,1304.4,1302.0,1303.7,51611,0
2026-05-27T14:20:00+05:30,1303.7,1306.0,1303.2,1305.5,42702,0
2026-05-27T14:25:00+05:30,1305.3,1305.6,1302.6,1304.6,55800,0
2026-05-27T14:30:00+05:30,1304.6,1305.0,1302.6,1303.5,62558,0
2026-05-27T14:35:00+05:30,1303.6,1303.6,1300.3,1301.8,87478,0
2026-05-27T14:40:00+05:30,1301.8,1303.2,1300.8,1302.3,59418,0
2026-05-27T14:45:00+05:30,1302.3,1303.3,1299.7,1302.1,77499,0
2026-05-27T14:50:00+05:30,1302.1,1303.1,1299.6,1302.9,214930,0
2026-05-27T14:55:00+05:30,1302.7,1305.0,1301.9,1304.3,65315,0
2026-05-27T15:00:00+05:30,1304.3,1304.3,1301.1,1302.5,192114,0
2026-05-27T15:05:00+05:30,1302.6,1304.6,1300.9,1304.3,148812,0
2026-05-27T15:10:00+05:30,1304.4,1305.0,1301.5,1303.6,320453,0
2026-05-27T15:15:00+05:30,1303.6,1306.0,1302.5,1303.9,216448,0
2026-05-27T15:20:00+05:30,1304.0,1305.8,1303.7,1305.1,130989,0
2026-05-27T15:25:00+05:30,1305.1,1307.8,1303.5,1304.5,245590,0
2026-05-29T09:15:00+05:30,1296.1,1309.8,1296.1,1308.4,310177,0
2026-05-29T09:20:00+05:30,1308.6,1309.5,1306.5,1307.6,110329,0
2026-05-29T09:25:00+05:30,1307.7,1308.9,1304.4,1306.1,95615,0
2026-05-29T09:30:00+05:30,1306.1,1310.3,1303.5,1303.7,104737,0
2026-05-29T09:35:00+05:30,1303.8,1307.1,1302.0,1303.9,158860,0
2026-05-29T09:40:00+05:30,1304.0,1304.7,1295.9,1296.2,174469,0
2026-05-29T09:45:00+05:30,1296.2,1299.0,1296.0,1297.3,38455,0
2026-05-29T09:50:00+05:30,1297.3,1299.6,1297.0,1298.3,28723,0
2026-05-29T09:55:00+05:30,1298.4,1299.3,1296.6,1298.3,57458,0
2026-05-29T10:00:00+05:30,1298.3,1299.4,1295.2,1298.5,55316,0
2026-05-29T10:05:00+05:30,1298.6,1302.4,1298.2,1301.6,29852,0
2026-05-29T10:10:00+05:30,1301.6,1303.9,1301.3,1303.9,27631,0
2026-05-29T10:15:00+05:30,1303.9,1305.7,1303.1,1304.3,47858,0
2026-05-29T10:20:00+05:30,1304.3,1306.7,1304.0,1306.5,67684,0
2026-05-29T10:25:00+05:30,1306.5,1307.0,1304.1,1305.1,35281,0
2026-05-29T10:30:00+05:30,1305.1,1305.4,1304.1,1304.6,92513,0
2026-05-29T10:35:00+05:30,1305.1,1306.6,1304.3,1306.0,41544,0
2026-05-29T10:40:00+05:30,1306.0,1306.3,1305.4,1306.0,17174,0
2026-05-29T10:45:00+05:30,1306.0,1306.7,1304.9,1305.2,29302,0
2026-05-29T10:50:00+05:30,1305.2,1305.9,1304.7,1305.7,43139,0
2026-05-29T10:55:00+05:30,1305.7,1307.7,1305.4,1307.7,38057,0
2026-05-29T11:00:00+05:30,1307.7,1308.8,1306.8,1308.7,32058,0
2026-05-29T11:05:00+05:30,1308.7,1309.0,1307.9,1308.1,24745,0
2026-05-29T11:10:00+05:30,1308.1,1308.2,1305.5,1306.5,36279,0
2026-05-29T11:15:00+05:30,1306.5,1308.1,1305.9,1306.7,34163,0
2026-05-29T11:20:00+05:30,1306.7,1306.8,1304.8,1306.8,59007,0
2026-05-29T11:25:00+05:30,1306.8,1307.2,1306.0,1306.3,15933,0
2026-05-29T11:30:00+05:30,1306.3,1309.9,1306.3,1307.0,149333,0
2026-05-29T11:35:00+05:30,1307.0,1307.4,1305.8,1306.3,31176,0
2026-05-29T11:40:00+05:30,1306.4,1308.5,1306.0,1308.4,32833,0
2026-05-29T11:45:00+05:30,1308.4,1310.0,1307.7,1309.2,48212,0
2026-05-29T11:50:00+05:30,1309.3,1312.6,1309.2,1311.7,68291,0
2026-05-29T11:55:00+05:30,1311.6,1311.6,1308.5,1308.7,23433,0
2026-05-29T12:00:00+05:30,1308.7,1308.7,1305.1,1305.6,67101,0
2026-05-29T12:05:00+05:30,1305.6,1305.7,1304.3,1304.9,19141,0
2026-05-29T12:10:00+05:30,1305.0,1305.0,1300.7,1301.7,117112,0
2026-05-29T12:15:00+05:30,1301.7,1301.9,1299.2,1300.8,35237,0
2026-05-29T12:20:00+05:30,1301.1,1302.0,1300.0,1301.6,25995,0
2026-05-29T12:25:00+05:30,1301.6,1301.6,1299.1,1300.5,42465,0
2026-05-29T12:30:00+05:30,1300.5,1301.5,1297.8,1298.0,34330,0
2026-05-29T12:35:00+05:30,1298.0,1299.7,1297.6,1299.0,32088,0
2026-05-29T12:40:00+05:30,1299.0,1300.0,1298.5,1299.6,20307,0
2026-05-29T12:45:00+05:30,1299.6,1299.6,1298.1,1298.3,20280,0
2026-05-29T12:50:00+05:30,1298.2,1298.8,1298.0,1298.6,25914,0
2026-05-29T12:55:00+05:30,1298.5,1300.5,1298.0,1300.5,47883,0
2026-05-29T13:00:00+05:30,1300.5,1300.5,1298.5,1299.3,20027,0
2026-05-29T13:05:00+05:30,1299.3,1299.3,1296.0,1296.2,27131,0
2026-05-29T13:10:00+05:30,1296.2,1296.6,1294.1,1295.5,72753,0
2026-05-29T13:15:00+05:30,1295.1,1296.3,1293.4,1295.8,41803,0
2026-05-29T13:20:00+05:30,1295.8,1298.1,1294.5,1296.5,70563,0
2026-05-29T13:25:00+05:30,1296.5,1298.4,1294.6,1297.0,47243,0
2026-05-29T13:30:00+05:30,1297.0,1297.7,1295.1,1295.3,21363,0
2026-05-29T13:35:00+05:30,1295.3,1295.4,1294.0,1294.6,19583,0
2026-05-29T13:40:00+05:30,1294.6,1296.0,1294.2,1295.2,26662,0
2026-05-29T13:45:00+05:30,1295.2,1295.4,1293.1,1293.4,22681,0
2026-05-29T13:50:00+05:30,1293.2,1297.2,1293.0,1295.2,60620,0
2026-05-29T13:55:00+05:30,1295.2,1297.6,1295.0,1296.2,24073,0
2026-05-29T14:00:00+05:30,1296.2,1297.1,1295.2,1295.5,20972,0
2026-05-29T14:05:00+05:30,1295.5,1296.7,1294.8,1295.6,30639,0
2026-05-29T14:10:00+05:30,1295.7,1296.0,1295.2,1295.2,17086,0
2026-05-29T14:15:00+05:30,1295.3,1295.4,1292.7,1293.2,66700,0
2026-05-29T14:20:00+05:30,1293.1,1295.2,1292.7,1294.3,45195,0
2026-05-29T14:25:00+05:30,1294.3,1296.5,1293.6,1296.2,31791,0
2026-05-29T14:30:00+05:30,1296.2,1298.9,1296.1,1297.5,27580,0
2026-05-29T14:35:00+05:30,1297.5,1299.6,1297.0,1298.5,47568,0
2026-05-29T14:40:00+05:30,1298.5,1298.6,1296.4,1297.3,19301,0
2026-05-29T14:45:00+05:30,1297.3,1299.2,1296.3,1297.1,30986,0
2026-05-29T14:50:00+05:30,1297.1,1297.4,1295.8,1296.8,32389,0
2026-05-29T14:55:00+05:30,1296.8,1298.1,1295.6,1298.1,43047,0
2026-05-29T15:00:00+05:30,1298.1,1298.1,1281.2,1282.7,2698184,0
2026-05-29T15:05:00+05:30,1282.7,1285.9,1282.6,1284.4,2312963,0
2026-05-29T15:10:00+05:30,1284.4,1285.5,1283.8,1284.6,1595542,0
2026-05-29T15:15:00+05:30,1284.5,1290.3,1284.5,1289.7,2048639,0
2026-05-29T15:20:00+05:30,1289.7,1289.9,1289.6,1289.8,1608290,0
2026-05-29T15:25:00+05:30,1289.7,1296.6,1277.4,1286.5,1368466,0
2026-06-01T09:15:00+05:30,1289.0,1293.2,1275.6,1284.6,237307,0
2026-06-01T09:20:00+05:30,1284.8,1288.3,1284.8,1286.7,35142,0
2026-06-01T09:25:00+05:30,1286.7,1289.8,1285.9,1288.7,36418,0
2026-06-01T09:30:00+05:30,1288.7,1290.9,1287.4,1288.5,45573,0
2026-06-01T09:35:00+05:30,1288.5,1291.2,1287.1,1290.6,41691,0
2026-06-01T09:40:00+05:30,1290.7,1292.6,1287.1,1287.4,30323,0
2026-06-01T09:45:00+05:30,1287.7,1288.2,1284.8,1287.7,42739,0
2026-06-01T09:50:00+05:30,1287.5,1289.4,1287.4,1288.5,18603,0
2026-06-01T09:55:00+05:30,1288.5,1288.7,1284.1,1284.9,45417,0
2026-06-01T10:00:00+05:30,1284.9,1285.5,1282.0,1283.4,54583,0
2026-06-01T10:05:00+05:30,1283.2,1283.8,1282.0,1283.6,31036,0
2026-06-01T10:10:00+05:30,1283.4,1283.9,1280.7,1281.0,37211,0
2026-06-01T10:15:00+05:30,1280.7,1281.6,1278.6,1279.5,26272,0
2026-06-01T10:20:00+05:30,1279.5,1280.0,1278.0,1278.8,25556,0
2026-06-01T10:25:00+05:30,1278.8,1281.3,1278.0,1279.0,18427,0
2026-06-01T10:30:00+05:30,1278.8,1279.8,1278.0,1278.5,15676,0
2026-06-01T10:35:00+05:30,1278.5,1283.1,1278.5,1280.5,14303,0
2026-06-01T10:40:00+05:30,1280.2,1280.9,1278.5,1278.5,18181,0
2026-06-01T10:45:00+05:30,1278.5,1281.9,1278.5,1281.2,15348,0
2026-06-01T10:50:00+05:30,1281.2,1283.0,1280.6,1283.0,17724,0
2026-06-01T10:55:00+05:30,1282.9,1283.7,1281.6,1281.8,19443,0
2026-06-01T11:00:00+05:30,1281.8,1282.9,1280.2,1280.8,17465,0
2026-06-01T11:05:00+05:30,1280.8,1283.4,1280.4,1283.1,13612,0
2026-06-01T11:10:00+05:30,1283.1,1283.5,1281.7,1281.8,17984,0
2026-06-01T11:15:00+05:30,1281.8,1284.1,1281.6,1283.5,34565,0
2026-06-01T11:20:00+05:30,1283.5,1283.8,1281.4,1281.7,13193,0
2026-06-01T11:25:00+05:30,1281.4,1281.6,1280.1,1280.2,16570,0
2026-06-01T11:30:00+05:30,1280.2,1281.0,1277.0,1278.4,25396,0
2026-06-01T11:35:00+05:30,1278.4,1279.7,1277.5,1278.7,18889,0
2026-06-01T11:40:00+05:30,1278.7,1279.5,1277.0,1277.2,12609,0
2026-06-01T11:45:00+05:30,1277.1,1279.0,1276.0,1278.7,16309,0
2026-06-01T11:50:00+05:30,1278.7,1279.6,1278.2,1279.6,12331,0
2026-06-01T11:55:00+05:30,1279.5,1279.6,1275.6,1275.6,15235,0
2026-06-01T12:00:00+05:30,1275.7,1276.3,1273.3,1275.9,49425,0
2026-06-01T12:05:00+05:30,1275.9,1276.5,1272.5,1272.9,47643,0
2026-06-01T12:10:00+05:30,1272.6,1273.6,1271.1,1273.0,77548,0
2026-06-01T12:15:00+05:30,1272.7,1273.2,1272.0,1272.7,15382,0
2026-06-01T12:20:00+05:30,1272.7,1272.8,1271.2,1271.8,19713,0
2026-06-01T12:25:00+05:30,1271.8,1273.1,1271.3,1271.7,27527,0
2026-06-01T12:30:00+05:30,1271.7,1273.3,1271.7,1272.7,15808,0
2026-06-01T12:35:00+05:30,1272.7,1273.3,1271.8,1272.0,16709,0
2026-06-01T12:40:00+05:30,1271.9,1272.2,1270.4,1271.6,23701,0
2026-06-01T12:45:00+05:30,1271.5,1274.2,1271.5,1272.9,22099,0
2026-06-01T12:50:00+05:30,1272.9,1273.2,1272.0,1272.0,15827,0
2026-06-01T12:55:00+05:30,1272.0,1273.9,1269.9,1271.5,39767,0
2026-06-01T13:00:00+05:30,1271.2,1271.8,1269.7,1270.9,21358,0
2026-06-01T13:05:00+05:30,1270.5,1271.0,1269.0,1269.2,22761,0
2026-06-01T13:10:00+05:30,1269.1,1269.3,1267.0,1268.6,32613,0
2026-06-01T13:15:00+05:30,1268.5,1270.8,1267.9,1269.6,32942,0
2026-06-01T13:20:00+05:30,1269.6,1272.9,1269.5,1272.0,33400,0
2026-06-01T13:25:00+05:30,1271.9,1274.8,1270.4,1274.5,43556,0
2026-06-01T13:30:00+05:30,1274.5,1276.8,1274.0,1275.3,49732,0
2026-06-01T13:35:00+05:30,1275.3,1275.5,1273.5,1274.7,40010,0
2026-06-01T13:40:00+05:30,1274.3,1275.1,1273.4,1273.8,41554,0
2026-06-01T13:45:00+05:30,1273.8,1274.2,1272.0,1272.6,75586,0
2026-06-01T13:50:00+05:30,1272.5,1273.9,1270.9,1273.5,208075,0
2026-06-01T13:55:00+05:30,1273.5,1273.9,1271.6,1272.6,78908,0
2026-06-01T14:00:00+05:30,1272.6,1274.6,1271.8,1273.6,58322,0
2026-06-01T14:05:00+05:30,1273.6,1274.2,1272.1,1272.3,53740,0
2026-06-01T14:10:00+05:30,1272.3,1273.5,1272.1,1272.3,48998,0
2026-06-01T14:15:00+05:30,1272.1,1275.3,1271.6,1274.9,70081,0
2026-06-01T14:20:00+05:30,1274.8,1275.0,1272.5,1273.3,80593,0
2026-06-01T14:25:00+05:30,1273.0,1274.2,1272.1,1273.7,43795,0
2026-06-01T14:30:00+05:30,1273.2,1274.6,1268.7,1271.1,128434,0
2026-06-01T14:35:00+05:30,1271.1,1274.8,1271.1,1274.6,52521,0
2026-06-01T14:40:00+05:30,1274.0,1275.2,1274.0,1275.2,49280,0
2026-06-01T14:45:00+05:30,1275.2,1276.9,1274.3,1275.3,56604,0
2026-06-01T14:50:00+05:30,1275.3,1275.5,1273.0,1273.5,64887,0
2026-06-01T14:55:00+05:30,1273.4,1274.1,1271.8,1273.5,96285,0
2026-06-01T15:00:00+05:30,1273.4,1275.9,1272.3,1275.9,216381,0
2026-06-01T15:05:00+05:30,1275.8,1278.4,1275.0,1278.2,167290,0
2026-06-01T15:10:00+05:30,1278.2,1278.4,1275.8,1276.9,180393,0
2026-06-01T15:15:00+05:30,1276.9,1277.1,1272.6,1274.8,259780,0
2026-06-01T15:20:00+05:30,1274.8,1276.6,1274.1,1276.5,189678,0
2026-06-01T15:25:00+05:30,1276.5,1277.5,1273.7,1277.5,385966,0
2026-06-02T09:15:00+05:30,1263.0,1270.4,1260.1,1269.3,293272,0
2026-06-02T09:20:00+05:30,1269.8,1271.5,1266.5,1269.8,92595,0
2026-06-02T09:25:00+05:30,1270.0,1271.6,1268.7,1269.5,62095,0
2026-06-02T09:30:00+05:30,1269.5,1271.8,1267.7,1271.4,38398,0
2026-06-02T09:35:00+05:30,1271.4,1273.2,1270.9,1271.4,30573,0
2026-06-02T09:40:00+05:30,1272.0,1272.3,1268.9,1271.4,41080,0
2026-06-02T09:45:00+05:30,1271.4,1271.5,1269.1,1271.0,20789,0
2026-06-02T09:50:00+05:30,1271.0,1273.6,1269.5,1272.6,22086,0
2026-06-02T09:55:00+05:30,1272.9,1274.7,1271.8,1274.3,30917,0
2026-06-02T10:00:00+05:30,1274.4,1275.8,1273.3,1273.9,49144,0
2026-06-02T10:05:00+05:30,1273.3,1274.9,1267.6,1267.6,51274,0
2026-06-02T10:10:00+05:30,1268.0,1268.1,1263.0,1263.4,39130,0
2026-06-02T10:15:00+05:30,1263.4,1265.9,1262.0,1265.5,81867,0
2026-06-02T10:20:00+05:30,1265.5,1269.6,1265.2,1268.5,24350,0
2026-06-02T10:25:00+05:30,1268.7,1268.7,1265.7,1265.8,41948,0
2026-06-02T10:30:00+05:30,1266.2,1266.9,1261.7,1262.7,57375,0
2026-06-02T10:35:00+05:30,1263.1,1263.3,1260.0,1260.8,60914,0
2026-06-02T10:40:00+05:30,1261.0,1261.4,1259.6,1260.1,53531,0
2026-06-02T10:45:00+05:30,1260.1,1261.3,1254.2,1254.2,121864,0
2026-06-02T10:50:00+05:30,1254.2,1255.9,1252.3,1254.0,91818,0
2026-06-02T10:55:00+05:30,1253.5,1254.8,1251.4,1253.8,339623,0
2026-06-02T11:00:00+05:30,1253.5,1255.7,1251.3,1251.9,166621,0
2026-06-02T11:05:00+05:30,1251.9,1252.9,1250.8,1251.8,76164,0
2026-06-02T11:10:00+05:30,1251.9,1254.1,1251.6,1253.1,87149,0
2026-06-02T11:15:00+05:30,1253.2,1253.3,1251.4,1252.7,58570,0
2026-06-02T11:20:00+05:30,1252.6,1256.3,1251.6,1255.9,199836,0
2026-06-02T11:25:00+05:30,1255.9,1255.9,1253.0,1253.3,68950,0
2026-06-02T11:30:00+05:30,1253.4,1254.5,1252.6,1253.3,97097,0
2026-06-02T11:35:00+05:30,1253.7,1254.9,1251.0,1251.5,124361,0
2026-06-02T11:40:00+05:30,1251.6,1252.4,1251.0,1251.2,59780,0
2026-06-02T11:45:00+05:30,1251.2,1252.2,1250.2,1250.7,46825,0
2026-06-02T11:50:00+05:30,1250.7,1251.1,1248.8,1250.0,165510,0
2026-06-02T11:55:00+05:30,1250.0,1251.0,1249.5,1250.6,84353,0
2026-06-02T12:00:00+05:30,1250.6,1251.5,1249.7,1250.1,95482,0
2026-06-02T12:05:00+05:30,1250.1,1251.5,1249.0,1251.0,127003,0
2026-06-02T12:10:00+05:30,1250.9,1252.2,1247.8,1248.8,207567,0
2026-06-02T12:15:00+05:30,1248.8,1251.0,1247.7,1249.4,110674,0
2026-06-02T12:20:00+05:30,1249.2,1249.6,1247.0,1248.1,145318,0
2026-06-02T12:25:00+05:30,1248.2,1248.5,1245.9,1246.2,155712,0
2026-06-02T12:30:00+05:30,1246.2,1252.0,1244.9,1251.3,434246,0
2026-06-02T12:35:00+05:30,1250.7,1252.0,1249.8,1251.4,405819,0
2026-06-02T12:40:00+05:30,1251.4,1254.0,1251.0,1253.0,446208,0
2026-06-02T12:45:00+05:30,1253.1,1261.3,1253.0,1259.3,794316,0
2026-06-02T12:50:00+05:30,1259.8,1264.7,1259.0,1260.2,478924,0
2026-06-02T12:55:00+05:30,1260.1,1263.3,1259.4,1261.4,162731,0
2026-06-02T13:00:00+05:30,1261.6,1261.7,1259.4,1260.2,97991,0
2026-06-02T13:05:00+05:30,1260.3,1260.9,1259.2,1259.9,86292,0
2026-06-02T13:10:00+05:30,1260.2,1264.4,1259.3,1262.5,228883,0
2026-06-02T13:15:00+05:30,1262.4,1265.5,1262.4,1263.1,172939,0
2026-06-02T13:20:00+05:30,1263.1,1265.5,1262.6,1265.0,136299,0
2026-06-02T13:25:00+05:30,1265.2,1265.7,1262.4,1264.1,47646,0
2026-06-02T13:30:00+05:30,1264.1,1265.6,1262.5,1264.2,126433,0
2026-06-02T13:35:00+05:30,1264.2,1264.6,1261.7,1262.0,95005,0
2026-06-02T13:40:00+05:30,1262.0,1263.3,1261.4,1261.8,65643,0
2026-06-02T13:45:00+05:30,1261.9,1264.1,1261.7,1263.3,100736,0
2026-06-02T13:50:00+05:30,1263.0,1263.4,1261.0,1261.3,78351,0
2026-06-02T13:55:00+05:30,1261.3,1261.6,1259.1,1259.2,83262,0
2026-06-02T14:00:00+05:30,1259.5,1259.7,1256.7,1257.1,73856,0
2026-06-02T14:05:00+05:30,1257.2,1260.1,1256.5,1259.1,210040,0
2026-06-02T14:10:00+05:30,1259.2,1259.2,1257.9,1258.1,91807,0
2026-06-02T14:15:00+05:30,1258.1,1258.5,1255.3,1255.7,107105,0
2026-06-02T14:20:00+05:30,1255.7,1258.9,1255.3,1257.5,209021,0
2026-06-02T14:25:00+05:30,1257.5,1258.4,1255.3,1255.3,417101,0
2026-06-02T14:30:00+05:30,1255.3,1255.9,1253.8,1254.8,289712,0
2026-06-02T14:35:00+05:30,1254.8,1255.0,1251.5,1251.7,116220,0
2026-06-02T14:40:00+05:30,1251.9,1252.6,1250.1,1251.7,179746,0
2026-06-02T14:45:00+05:30,1251.8,1251.9,1248.0,1249.9,138119,0
2026-06-02T14:50:00+05:30,1250.0,1251.9,1248.8,1250.7,176098,0
2026-06-02T14:55:00+05:30,1250.4,1251.6,1249.5,1249.5,81623,0
2026-06-02T15:00:00+05:30,1249.7,1250.9,1246.7,1249.9,509710,0
2026-06-02T15:05:00+05:30,1249.9,1252.3,1249.8,1251.5,363282,0
2026-06-02T15:10:00+05:30,1251.5,1252.3,1250.7,1251.5,192056,0
2026-06-02T15:15:00+05:30,1251.5,1252.8,1250.9,1252.3,271686,0
2026-06-02T15:20:00+05:30,1252.3,1253.2,1251.5,1252.3,304223,0
2026-06-02T15:25:00+05:30,1252.4,1253.4,1250.4,1253.4,307524,0
2026-06-03T09:15:00+05:30,1245.1,1250.5,1236.0,1236.7,283446,0
2026-06-03T09:20:00+05:30,1236.7,1238.9,1233.4,1236.2,158359,0
2026-06-03T09:25:00+05:30,1236.2,1236.2,1232.4,1235.5,99542,0
2026-06-03T09:30:00+05:30,1235.5,1235.6,1231.8,1232.0,47676,0
2026-06-03T09:35:00+05:30,1232.0,1236.3,1231.0,1234.5,68772,0
2026-06-03T09:40:00+05:30,1234.9,1235.4,1233.1,1234.1,48630,0
2026-06-03T09:45:00+05:30,1234.3,1234.9,1232.1,1234.4,55109,0
2026-06-03T09:50:00+05:30,1234.4,1237.3,1232.1,1232.6,63669,0
2026-06-03T09:55:00+05:30,1232.5,1235.8,1231.2,1234.2,64679,0
2026-06-03T10:00:00+05:30,1234.2,1236.9,1232.9,1236.9,41852,0
2026-06-03T10:05:00+05:30,1236.9,1237.2,1234.8,1235.3,65064,0
2026-06-03T10:10:00+05:30,1235.4,1235.5,1232.2,1233.1,45110,0
2026-06-03T10:15:00+05:30,1233.1,1236.8,1232.1,1235.4,56660,0
2026-06-03T10:20:00+05:30,1235.4,1236.8,1234.0,1234.5,55152,0
2026-06-03T10:25:00+05:30,1234.5,1236.0,1233.9,1234.1,52250,0
2026-06-03T10:30:00+05:30,1234.1,1234.6,1230.3,1231.4,46287,0
2026-06-03T10:35:00+05:30,1231.5,1234.3,1231.5,1234.0,41001,0
2026-06-03T10:40:00+05:30,1233.9,1236.7,1233.3,1234.6,39320,0
2026-06-03T10:45:00+05:30,1234.6,1237.0,1233.4,1236.9,42524,0
2026-06-03T10:50:00+05:30,1236.9,1237.8,1235.4,1236.5,34164,0
2026-06-03T10:55:00+05:30,1236.5,1237.5,1235.2,1237.0,31955,0
2026-06-03T11:00:00+05:30,1237.0,1238.0,1235.8,1236.0,48168,0
2026-06-03T11:05:00+05:30,1236.0,1236.2,1234.3,1234.7,33513,0
2026-06-03T11:10:00+05:30,1234.9,1237.5,1234.7,1237.1,41128,0
2026-06-03T11:15:00+05:30,1237.2,1241.0,1236.7,1240.6,47173,0
2026-06-03T11:20:00+05:30,1240.6,1243.8,1240.1,1242.6,73625,0
2026-06-03T11:25:00+05:30,1242.9,1243.8,1241.4,1243.6,42687,0
2026-06-03T11:30:00+05:30,1243.8,1245.9,1242.6,1245.3,41377,0
2026-06-03T11:35:00+05:30,1245.3,1245.4,1243.3,1244.8,30705,0
2026-06-03T11:40:00+05:30,1244.8,1244.8,1243.0,1244.1,38288,0
2026-06-03T11:45:00+05:30,1244.1,1245.0,1243.2,1244.8,30120,0
2026-06-03T11:50:00+05:30,1244.9,1247.0,1244.8,1246.5,30684,0
2026-06-03T11:55:00+05:30,1246.5,1246.6,1244.8,1245.4,30337,0
2026-06-03T12:00:00+05:30,1245.4,1246.8,1242.1,1243.5,37301,0
2026-06-03T12:05:00+05:30,1243.5,1245.8,1243.2,1245.4,33682,0
2026-06-03T12:10:00+05:30,1245.4,1245.4,1243.6,1244.7,30405,0
2026-06-03T12:15:00+05:30,1244.7,1244.7,1241.6,1242.4,41885,0
2026-06-03T12:20:00+05:30,1242.5,1244.2,1242.2,1243.5,37838,0
2026-06-03T12:25:00+05:30,1243.5,1246.3,1241.1,1246.1,81117,0
2026-06-03T12:30:00+05:30,1246.1,1252.8,1246.0,1252.7,157903,0
2026-06-03T12:35:00+05:30,1252.8,1256.4,1250.0,1252.3,501568,0
2026-06-03T12:40:00+05:30,1252.4,1255.2,1251.0,1251.7,356869,0
2026-06-03T12:45:00+05:30,1252.0,1253.6,1249.9,1250.7,146272,0
2026-06-03T12:50:00+05:30,1250.9,1253.9,1249.5,1250.6,206684,0
2026-06-03T12:55:00+05:30,1250.6,1252.4,1250.0,1251.4,57316,0
2026-06-03T13:00:00+05:30,1251.4,1253.9,1250.9,1253.2,48536,0
2026-06-03T13:05:00+05:30,1253.5,1253.7,1249.9,1251.3,53756,0
2026-06-03T13:10:00+05:30,1251.7,1252.5,1250.4,1252.5,26176,0
2026-06-03T13:15:00+05:30,1252.7,1256.6,1252.2,1255.8,71543,0
2026-06-03T13:20:00+05:30,1255.8,1258.9,1255.4,1258.0,69159,0
2026-06-03T13:25:00+05:30,1258.0,1259.7,1256.7,1259.4,187418,0
2026-06-03T13:30:00+05:30,1259.4,1260.0,1257.3,1258.8,77805,0
2026-06-03T13:35:00+05:30,1259.4,1260.0,1257.1,1258.7,47999,0
2026-06-03T13:40:00+05:30,1259.1,1259.3,1257.0,1257.9,45581,0
2026-06-03T13:45:00+05:30,1257.9,1264.8,1257.5,1261.6,111116,0
2026-06-03T13:50:00+05:30,1261.9,1262.1,1259.6,1261.5,40754,0
2026-06-03T13:55:00+05:30,1261.6,1261.7,1259.4,1260.5,45348,0
2026-06-03T14:00:00+05:30,1260.4,1261.4,1260.3,1261.3,30156,0
2026-06-03T14:05:00+05:30,1261.4,1262.0,1258.0,1259.0,750617,0
2026-06-03T14:10:00+05:30,1259.0,1259.4,1257.1,1259.4,124276,0
2026-06-03T14:15:00+05:30,1259.5,1261.0,1258.8,1259.5,46393,0
2026-06-03T14:20:00+05:30,1259.7,1263.5,1259.1,1262.3,89037,0
2026-06-03T14:25:00+05:30,1262.3,1262.3,1258.0,1258.1,55319,0
2026-06-03T14:30:00+05:30,1258.2,1260.4,1258.1,1259.8,85646,0
2026-06-03T14:35:00+05:30,1260.0,1260.2,1257.1,1258.2,76416,0
2026-06-03T14:40:00+05:30,1258.3,1259.7,1257.7,1258.3,139027,0
2026-06-03T14:45:00+05:30,1258.3,1258.8,1257.2,1257.8,66001,0
2026-06-03T14:50:00+05:30,1258.0,1259.0,1255.6,1256.5,120269,0
2026-06-03T14:55:00+05:30,1256.6,1256.6,1252.3,1255.2,220262,0
2026-06-03T15:00:00+05:30,1255.2,1257.6,1253.1,1256.9,221300,0
2026-06-03T15:05:00+05:30,1257.0,1258.4,1251.5,1252.5,287560,0
2026-06-03T15:10:00+05:30,1252.5,1254.4,1252.2,1254.0,160643,0
2026-06-03T15:15:00+05:30,1254.0,1255.6,1253.5,1254.2,204997,0
2026-06-03T15:20:00+05:30,1254.1,1257.8,1253.7,1256.0,213852,0
2026-06-03T15:25:00+05:30,1256.0,1258.5,1250.9,1257.5,595707,0
2026-06-04T09:15:00+05:30,1246.0,1257.0,1246.0,1252.8,143077,0
2026-06-04T09:20:00+05:30,1253.1,1253.1,1248.1,1248.9,50513,0
2026-06-04T09:25:00+05:30,1248.7,1249.4,1247.2,1248.5,54087,0
2026-06-04T09:30:00+05:30,1248.5,1248.6,1246.0,1247.6,48187,0
2026-06-04T09:35:00+05:30,1247.5,1253.7,1246.9,1250.3,49546,0
2026-06-04T09:40:00+05:30,1250.7,1254.2,1249.2,1253.3,28545,0
2026-06-04T09:45:00+05:30,1253.5,1256.5,1253.2,1255.6,50038,0
2026-06-04T09:50:00+05:30,1256.1,1256.3,1254.0,1256.0,43405,0
2026-06-04T09:55:00+05:30,1256.1,1259.9,1255.3,1256.6,53461,0
2026-06-04T10:00:00+05:30,1256.7,1257.2,1254.7,1255.8,22991,0
2026-06-04T10:05:00+05:30,1255.9,1258.3,1255.8,1256.5,32204,0
2026-06-04T10:10:00+05:30,1256.5,1257.5,1255.5,1255.6,26559,0
2026-06-04T10:15:00+05:30,1256.0,1257.3,1254.5,1256.9,27521,0
2026-06-04T10:20:00+05:30,1257.1,1258.4,1256.3,1257.2,24872,0
2026-06-04T10:25:00+05:30,1257.6,1257.6,1255.3,1255.3,10917,0
2026-06-04T10:30:00+05:30,1255.8,1255.8,1250.0,1250.0,59427,0
2026-06-04T10:35:00+05:30,1250.6,1251.9,1249.2,1251.1,45368,0
2026-06-04T10:40:00+05:30,1251.5,1254.5,1251.1,1254.5,24372,0
2026-06-04T10:45:00+05:30,1254.0,1257.3,1253.6,1253.9,173743,0
2026-06-04T10:50:00+05:30,1254.0,1255.6,1252.5,1253.5,26555,0
2026-06-04T10:55:00+05:30,1253.7,1253.7,1252.2,1252.2,18062,0
2026-06-04T11:00:00+05:30,1252.6,1253.7,1250.6,1252.8,943259,0
2026-06-04T11:05:00+05:30,1252.8,1253.1,1250.1,1250.1,19969,0
2026-06-04T11:10:00+05:30,1250.1,1252.0,1250.0,1250.7,1038497,0
2026-06-04T11:15:00+05:30,1250.7,1251.4,1249.9,1250.1,49967,0
2026-06-04T11:20:00+05:30,1250.1,1251.2,1249.0,1250.5,193679,0
2026-06-04T11:25:00+05:30,1250.5,1253.0,1250.0,1252.5,47106,0
2026-06-04T11:30:00+05:30,1252.5,1253.0,1249.1,1253.0,22878,0
2026-06-04T11:35:00+05:30,1252.8,1256.5,1252.2,1256.0,51963,0
2026-06-04T11:40:00+05:30,1256.2,1256.8,1254.4,1254.8,39687,0
2026-06-04T11:45:00+05:30,1254.8,1255.4,1252.0,1252.5,72981,0
2026-06-04T11:50:00+05:30,1252.4,1253.0,1248.2,1248.3,77099,0
2026-06-04T11:55:00+05:30,1248.6,1250.0,1247.6,1249.8,41606,0
2026-06-04T12:00:00+05:30,1249.6,1253.4,1248.6,1253.0,53275,0
2026-06-04T12:05:00+05:30,1253.0,1256.5,1252.8,1256.0,83723,0
2026-06-04T12:10:00+05:30,1256.0,1257.3,1255.6,1256.7,37389,0
2026-06-04T12:15:00+05:30,1256.8,1258.0,1255.4,1256.2,30947,0
2026-06-04T12:20:00+05:30,1256.2,1256.9,1254.5,1255.5,54240,0
2026-06-04T12:25:00+05:30,1255.5,1256.2,1254.6,1256.0,31632,0
2026-06-04T12:30:00+05:30,1256.0,1256.2,1253.1,1253.6,15170,0
2026-06-04T12:35:00+05:30,1253.6,1253.6,1251.1,1253.0,20398,0
2026-06-04T12:40:00+05:30,1253.2,1253.9,1249.1,1249.3,126721,0
2026-06-04T12:45:00+05:30,1249.5,1251.3,1248.4,1250.5,150796,0
2026-06-04T12:50:00+05:30,1250.5,1251.6,1250.0,1251.2,26172,0
2026-06-04T12:55:00+05:30,1251.4,1253.2,1250.6,1252.2,88061,0
2026-06-04T13:00:00+05:30,1252.3,1252.7,1250.5,1250.9,25993,0
2026-06-04T13:05:00+05:30,1250.9,1250.9,1248.6,1250.5,31197,0
2026-06-04T13:10:00+05:30,1250.3,1252.0,1247.3,1247.5,125416,0
2026-06-04T13:15:00+05:30,1247.3,1248.3,1244.1,1246.5,87933,0
2026-06-04T13:20:00+05:30,1246.6,1250.0,1246.0,1249.3,51219,0
2026-06-04T13:25:00+05:30,1249.3,1249.5,1245.5,1246.8,44523,0
2026-06-04T13:30:00+05:30,1246.6,1247.1,1245.7,1246.9,16645,0
2026-06-04T13:35:00+05:30,1246.8,1247.5,1246.1,1246.9,72290,0
2026-06-04T13:40:00+05:30,1246.8,1247.0,1245.3,1246.2,22887,0
2026-06-04T13:45:00+05:30,1246.4,1247.0,1245.6,1246.7,21865,0
2026-06-04T13:50:00+05:30,1246.6,1247.1,1245.4,1246.2,25983,0
2026-06-04T13:55:00+05:30,1246.1,1247.0,1245.0,1246.6,20208,0
2026-06-04T14:00:00+05:30,1246.6,1251.6,1246.2,1250.0,132675,0
2026-06-04T14:05:00+05:30,1250.5,1250.8,1249.0,1250.1,22670,0
2026-06-04T14:10:00+05:30,1250.0,1251.4,1249.2,1250.8,28132,0
2026-06-04T14:15:00+05:30,1250.9,1252.5,1250.5,1251.3,49216,0
2026-06-04T14:20:00+05:30,1251.3,1253.1,1250.7,1252.1,47798,0
2026-06-04T14:25:00+05:30,1252.2,1253.3,1251.7,1252.1,18204,0
2026-06-04T14:30:00+05:30,1252.2,1253.5,1251.5,1252.0,22094,0
2026-06-04T14:35:00+05:30,1252.2,1253.7,1251.7,1253.6,22152,0
2026-06-04T14:40:00+05:30,1253.6,1254.0,1252.5,1253.6,16756,0
2026-06-04T14:45:00+05:30,1253.6,1256.1,1253.5,1254.7,46053,0
2026-06-04T14:50:00+05:30,1254.5,1254.9,1251.6,1252.3,25224,0
2026-06-04T14:55:00+05:30,1252.2,1253.2,1251.3,1253.2,32172,0
2026-06-04T15:00:00+05:30,1253.1,1253.2,1250.0,1251.9,142191,0
2026-06-04T15:05:00+05:30,1251.8,1252.9,1250.5,1250.9,128939,0
2026-06-04T15:10:00+05:30,1250.8,1253.7,1250.7,1252.8,160761,0
2026-06-04T15:15:00+05:30,1252.5,1253.7,1251.4,1252.8,158978,0
2026-06-04T15:20:00+05:30,1252.9,1259.6,1251.6,1254.0,274235,0
2026-06-04T15:25:00+05:30,1254.5,1256.2,1254.0,1255.0,153606,0
2026-06-05T09:15:00+05:30,1260.0,1262.7,1252.1,1252.1,226965,0
2026-06-05T09:20:00+05:30,1252.2,1257.1,1252.1,1254.5,189589,0
2026-06-05T09:25:00+05:30,1254.5,1255.0,1252.2,1254.0,70729,0
2026-06-05T09:30:00+05:30,1253.9,1257.4,1253.8,1256.3,35113,0
2026-06-05T09:35:00+05:30,1256.3,1258.1,1252.3,1252.5,125891,0
2026-06-05T09:40:00+05:30,1252.6,1258.0,1252.5,1257.1,45460,0
2026-06-05T09:45:00+05:30,1257.4,1257.4,1255.0,1256.0,24532,0
2026-06-05T09:50:00+05:30,1256.0,1256.8,1255.1,1256.0,47815,0
2026-06-05T09:55:00+05:30,1256.0,1257.9,1254.6,1255.8,46582,0
2026-06-05T10:00:00+05:30,1255.9,1259.2,1255.2,1258.6,62192,0
2026-06-05T10:05:00+05:30,1258.3,1262.9,1255.8,1262.3,77444,0
2026-06-05T10:10:00+05:30,1262.3,1263.4,1257.8,1258.2,87724,0
2026-06-05T10:15:00+05:30,1258.2,1266.0,1258.2,1265.0,103436,0
2026-06-05T10:20:00+05:30,1264.9,1266.9,1262.4,1266.3,70408,0
2026-06-05T10:25:00+05:30,1266.0,1272.0,1265.9,1271.1,164773,0
2026-06-05T10:30:00+05:30,1271.1,1272.0,1266.4,1266.4,54546,0
2026-06-05T10:35:00+05:30,1266.5,1267.8,1255.2,1255.8,130054,0
2026-06-05T10:40:00+05:30,1256.0,1257.2,1253.3,1255.1,77417,0
2026-06-05T10:45:00+05:30,1255.8,1256.8,1253.5,1256.0,52757,0
2026-06-05T10:50:00+05:30,1256.5,1261.0,1255.9,1257.6,109248,0
2026-06-05T10:55:00+05:30,1257.7,1263.0,1257.2,1262.3,81030,0
2026-06-05T11:00:00+05:30,1262.5,1266.5,1261.6,1266.2,73291,0
2026-06-05T11:05:00+05:30,1266.1,1269.1,1259.7,1267.8,1209149,0
2026-06-05T11:10:00+05:30,1267.9,1270.0,1264.4,1265.0,126127,0
2026-06-05T11:15:00+05:30,1264.4,1266.7,1263.3,1265.5,211245,0
2026-06-05T11:20:00+05:30,1265.4,1265.5,1261.4,1262.5,382516,0
2026-06-05T11:25:00+05:30,1263.0,1264.3,1261.3,1263.3,50289,0
2026-06-05T11:30:00+05:30,1263.3,1265.3,1262.2,1264.0,65740,0
2026-06-05T11:35:00+05:30,1264.4,1265.8,1263.8,1264.5,61034,0
2026-06-05T11:40:00+05:30,1264.5,1266.8,1264.4,1265.1,45139,0
2026-06-05T11:45:00+05:30,1265.0,1266.8,1264.8,1265.7,44150,0
2026-06-05T11:50:00+05:30,1265.7,1265.7,1263.6,1263.7,34874,0
2026-06-05T11:55:00+05:30,1263.7,1264.8,1262.6,1264.3,75821,0
2026-06-05T12:00:00+05:30,1263.8,1266.4,1263.2,1265.0,47858,0
2026-06-05T12:05:00+05:30,1265.4,1266.4,1264.7,1265.0,40459,0
2026-06-05T12:10:00+05:30,1265.4,1266.1,1263.6,1266.1,48334,0
2026-06-05T12:15:00+05:30,1266.1,1269.4,1265.0,1268.2,85302,0
2026-06-05T12:20:00+05:30,1268.3,1269.5,1267.8,1268.9,46286,0
2026-06-05T12:25:00+05:30,1269.2,1271.4,1268.9,1270.0,75237,0
2026-06-05T12:30:00+05:30,1269.8,1270.0,1266.0,1266.0,38007,0
2026-06-05T12:35:00+05:30,1266.5,1267.0,1263.7,1264.2,49750,0
2026-06-05T12:40:00+05:30,1264.5,1265.7,1262.7,1263.8,52290,0
2026-06-05T12:45:00+05:30,1263.7,1264.1,1262.1,1262.5,46710,0
2026-06-05T12:50:00+05:30,1262.4,1264.7,1261.3,1263.3,67141,0
2026-06-05T12:55:00+05:30,1263.3,1265.0,1263.0,1264.1,44044,0
2026-06-05T13:00:00+05:30,1264.3,1265.0,1263.0,1264.6,53547,0
2026-06-05T13:05:00+05:30,1264.9,1265.0,1263.1,1263.6,35975,0
2026-06-05T13:10:00+05:30,1263.6,1264.6,1262.1,1262.2,47260,0
2026-06-05T13:15:00+05:30,1262.2,1263.9,1261.5,1263.4,35043,0
2026-06-05T13:20:00+05:30,1263.5,1264.7,1262.3,1263.5,58656,0
2026-06-05T13:25:00+05:30,1263.8,1265.2,1262.2,1262.6,50883,0
2026-06-05T13:30:00+05:30,1262.5,1263.5,1261.0,1262.2,102230,0
2026-06-05T13:35:00+05:30,1262.2,1266.0,1261.6,1265.4,114003,0
2026-06-05T13:40:00+05:30,1265.4,1265.9,1261.1,1262.6,80844,0
2026-06-05T13:45:00+05:30,1262.8,1265.3,1261.1,1265.1,61556,0
2026-06-05T13:50:00+05:30,1265.2,1265.7,1264.1,1265.0,40190,0
2026-06-05T13:55:00+05:30,1265.2,1266.3,1264.5,1266.3,45883,0
2026-06-05T14:00:00+05:30,1266.3,1268.8,1266.3,1267.9,68649,0
2026-06-05T14:05:00+05:30,1268.0,1269.8,1267.9,1268.7,64433,0
2026-06-05T14:10:00+05:30,1268.7,1268.9,1264.7,1265.6,46535,0
2026-06-05T14:15:00+05:30,1265.9,1266.5,1264.3,1265.3,29909,0
2026-06-05T14:20:00+05:30,1265.3,1267.0,1264.4,1266.9,32582,0
2026-06-05T14:25:00+05:30,1267.0,1268.6,1266.8,1268.0,50189,0
2026-06-05T14:30:00+05:30,1268.0,1268.9,1264.7,1264.8,216529,0
2026-06-05T14:35:00+05:30,1264.9,1267.0,1264.2,1266.8,217144,0
2026-06-05T14:40:00+05:30,1266.6,1271.7,1265.0,1270.7,121897,0
2026-06-05T14:45:00+05:30,1270.7,1272.5,1267.1,1268.7,130190,0
2026-06-05T14:50:00+05:30,1268.7,1270.6,1268.2,1270.0,66626,0
2026-06-05T14:55:00+05:30,1269.9,1271.5,1268.5,1270.7,107437,0
2026-06-05T15:00:00+05:30,1270.8,1272.0,1266.0,1270.7,159934,0
2026-06-05T15:05:00+05:30,1271.2,1273.5,1270.4,1272.7,151404,0
2026-06-05T15:10:00+05:30,1273.0,1273.3,1271.4,1271.5,141994,0
2026-06-05T15:15:00+05:30,1271.5,1274.0,1271.2,1272.5,240402,0
2026-06-05T15:20:00+05:30,1272.6,1273.7,1272.6,1273.0,132232,0
2026-06-05T15:25:00+05:30,1273.0,1276.0,1272.2,1273.3,181536,0
2026-06-08T09:15:00+05:30,1262.0,1272.3,1262.0,1272.3,190143,0
2026-06-08T09:20:00+05:30,1272.2,1277.0,1270.3,1276.9,129010,0
2026-06-08T09:25:00+05:30,1276.8,1279.2,1274.6,1276.5,84048,0
2026-06-08T09:30:00+05:30,1276.5,1279.0,1275.8,1277.8,88688,0
2026-06-08T09:35:00+05:30,1277.8,1277.9,1272.4,1274.9,63119,0
2026-06-08T09:40:00+05:30,1274.9,1275.8,1273.0,1275.0,22686,0
2026-06-08T09:45:00+05:30,1275.0,1275.2,1271.5,1271.9,29410,0
2026-06-08T09:50:00+05:30,1271.9,1274.4,1270.6,1274.3,39406,0
2026-06-08T09:55:00+05:30,1274.2,1276.4,1273.6,1275.5,61579,0
2026-06-08T10:00:00+05:30,1275.5,1277.0,1274.0,1274.0,171175,0
2026-06-08T10:05:00+05:30,1274.3,1275.7,1272.9,1275.4,39000,0
2026-06-08T10:10:00+05:30,1275.4,1275.8,1274.4,1274.8,25725,0
2026-06-08T10:15:00+05:30,1274.8,1276.4,1274.4,1275.5,36114,0
2026-06-08T10:20:00+05:30,1275.5,1275.9,1274.4,1275.5,22277,0
2026-06-08T10:25:00+05:30,1275.5,1276.0,1274.5,1275.8,30544,0
2026-06-08T10:30:00+05:30,1275.8,1277.8,1275.1,1276.2,30093,0
2026-06-08T10:35:00+05:30,1276.1,1276.7,1275.0,1275.2,45226,0
2026-06-08T10:40:00+05:30,1275.2,1276.1,1275.0,1275.2,63504,0
2026-06-08T10:45:00+05:30,1275.2,1275.2,1272.6,1275.1,212332,0
2026-06-08T10:50:00+05:30,1275.1,1275.2,1272.8,1273.5,47625,0
2026-06-08T10:55:00+05:30,1273.5,1274.2,1271.7,1273.6,53750,0
2026-06-08T11:00:00+05:30,1273.6,1273.7,1271.6,1272.0,46952,0
2026-06-08T11:05:00+05:30,1272.0,1272.3,1270.3,1270.7,70130,0
2026-06-08T11:10:00+05:30,1270.7,1271.0,1267.3,1268.3,115464,0
2026-06-08T11:15:00+05:30,1268.3,1269.6,1266.6,1268.3,65962,0
2026-06-08T11:20:00+05:30,1268.3,1268.6,1262.8,1264.0,84046,0
2026-06-08T11:25:00+05:30,1264.0,1267.0,1263.0,1266.3,54754,0
2026-06-08T11:30:00+05:30,1266.2,1268.4,1264.9,1267.7,35062,0
2026-06-08T11:35:00+05:30,1267.7,1268.0,1266.0,1267.6,37573,0
2026-06-08T11:40:00+05:30,1267.6,1268.7,1267.2,1268.1,18945,0
2026-06-08T11:45:00+05:30,1268.1,1269.0,1267.6,1268.4,19077,0
2026-06-08T11:50:00+05:30,1268.4,1269.0,1266.8,1268.3,25165,0
2026-06-08T11:55:00+05:30,1268.3,1271.4,1267.9,1270.3,46517,0
2026-06-08T12:00:00+05:30,1270.3,1271.2,1269.6,1270.0,98655,0
2026-06-08T12:05:00+05:30,1270.0,1270.7,1269.7,1270.0,42517,0
2026-06-08T12:10:00+05:30,1270.0,1271.4,1269.8,1270.8,35457,0
2026-06-08T12:15:00+05:30,1270.8,1271.3,1270.0,1271.3,24269,0
2026-06-08T12:20:00+05:30,1271.3,1272.3,1270.5,1272.3,36875,0
2026-06-08T12:25:00+05:30,1272.3,1272.3,1271.0,1272.0,17424,0
2026-06-08T12:30:00+05:30,1272.0,1273.2,1271.1,1272.9,27391,0
2026-06-08T12:35:00+05:30,1272.9,1275.5,1272.4,1275.0,39523,0
2026-06-08T12:40:00+05:30,1275.0,1278.5,1274.5,1277.0,41167,0
2026-06-08T12:45:00+05:30,1276.9,1277.8,1275.8,1277.0,30514,0
2026-06-08T12:50:00+05:30,1276.9,1278.9,1276.3,1278.0,33553,0
2026-06-08T12:55:00+05:30,1278.0,1278.5,1276.9,1277.6,36342,0
2026-06-08T13:00:00+05:30,1277.6,1278.0,1275.2,1275.7,54516,0
2026-06-08T13:05:00+05:30,1275.7,1276.9,1274.6,1276.5,27966,0
2026-06-08T13:10:00+05:30,1276.6,1277.1,1275.0,1275.8,23886,0
2026-06-08T13:15:00+05:30,1275.8,1275.8,1274.1,1274.8,33216,0
2026-06-08T13:20:00+05:30,1274.8,1275.5,1274.0,1275.4,67625,0
2026-06-08T13:25:00+05:30,1275.4,1276.5,1274.2,1276.5,85299,0
2026-06-08T13:30:00+05:30,1276.5,1277.2,1274.3,1275.0,80365,0
2026-06-08T13:35:00+05:30,1275.0,1275.0,1272.7,1274.2,22914,0
2026-06-08T13:40:00+05:30,1274.2,1274.2,1271.0,1271.5,21408,0
2026-06-08T13:45:00+05:30,1271.6,1271.6,1269.7,1271.6,29028,0
2026-06-08T13:50:00+05:30,1271.5,1272.3,1269.5,1270.1,59667,0
2026-06-08T13:55:00+05:30,1270.1,1270.8,1269.2,1270.2,145438,0
2026-06-08T14:00:00+05:30,1270.2,1271.6,1269.5,1271.0,73337,0
2026-06-08T14:05:00+05:30,1271.0,1271.5,1269.0,1270.1,130296,0
2026-06-08T14:10:00+05:30,1270.1,1270.5,1268.0,1270.4,184328,0
2026-06-08T14:15:00+05:30,1270.4,1271.0,1268.7,1270.4,50267,0
2026-06-08T14:20:00+05:30,1270.4,1270.7,1268.0,1269.1,58898,0
2026-06-08T14:25:00+05:30,1269.1,1269.5,1268.4,1269.2,20050,0
2026-06-08T14:30:00+05:30,1269.2,1270.4,1268.2,1269.3,49329,0
2026-06-08T14:35:00+05:30,1269.3,1270.0,1265.8,1267.1,144393,0
2026-06-08T14:40:00+05:30,1267.1,1270.2,1266.7,1270.2,102567,0
2026-06-08T14:45:00+05:30,1270.2,1270.3,1268.2,1269.8,90243,0
2026-06-08T14:50:00+05:30,1269.8,1271.3,1269.1,1271.3,91303,0
2026-06-08T14:55:00+05:30,1271.3,1272.8,1269.0,1271.4,140874,0
2026-06-08T15:00:00+05:30,1271.5,1271.6,1267.9,1268.7,154190,0
2026-06-08T15:05:00+05:30,1269.1,1270.1,1266.8,1268.4,85025,0
2026-06-08T15:10:00+05:30,1268.4,1270.8,1267.5,1269.3,106812,0
2026-06-08T15:15:00+05:30,1269.2,1269.5,1267.3,1267.9,68163,0
2026-06-08T15:20:00+05:30,1267.9,1269.0,1264.0,1265.2,124757,0
2026-06-08T15:25:00+05:30,1265.2,1267.3,1264.2,1267.3,89633,0
2026-06-09T09:15:00+05:30,1275.9,1282.6,1271.5,1279.0,202149,0
2026-06-09T09:20:00+05:30,1279.0,1287.0,1278.9,1285.1,112814,0
2026-06-09T09:25:00+05:30,1285.1,1287.1,1283.4,1286.2,55793,0
2026-06-09T09:30:00+05:30,1286.2,1292.9,1285.0,1290.0,127944,0
2026-06-09T09:35:00+05:30,1289.7,1290.1,1287.4,1288.6,82799,0
2026-06-09T09:40:00+05:30,1288.6,1289.9,1285.8,1285.8,92018,0
2026-06-09T09:45:00+05:30,1286.0,1287.1,1284.0,1284.4,52963,0
2026-06-09T09:50:00+05:30,1284.4,1285.8,1282.5,1284.2,95042,0
2026-06-09T09:55:00+05:30,1284.2,1284.2,1277.6,1278.5,68083,0
2026-06-09T10:00:00+05:30,1278.5,1279.1,1276.0,1277.8,92053,0
2026-06-09T10:05:00+05:30,1277.8,1278.5,1277.1,1277.3,23668,0
2026-06-09T10:10:00+05:30,1277.5,1277.6,1276.2,1276.8,45796,0
2026-06-09T10:15:00+05:30,1276.7,1277.3,1276.1,1277.1,39198,0
2026-06-09T10:20:00+05:30,1277.4,1277.8,1275.0,1276.5,62912,0
2026-06-09T10:25:00+05:30,1276.5,1278.1,1276.1,1276.6,47492,0
2026-06-09T10:30:00+05:30,1276.9,1277.4,1275.9,1276.7,26221,0
2026-06-09T10:35:00+05:30,1276.7,1277.4,1276.0,1276.6,19196,0
2026-06-09T10:40:00+05:30,1276.9,1281.1,1276.6,1280.7,86855,0
2026-06-09T10:45:00+05:30,1280.7,1283.8,1280.0,1280.2,119493,0
2026-06-09T10:50:00+05:30,1280.4,1282.0,1279.1,1281.8,85718,0
2026-06-09T10:55:00+05:30,1282.0,1282.0,1280.6,1281.0,20578,0
2026-06-09T11:00:00+05:30,1281.0,1281.6,1278.8,1280.4,217767,0
2026-06-09T11:05:00+05:30,1280.8,1281.3,1278.0,1278.8,127851,0
2026-06-09T11:10:00+05:30,1279.0,1280.0,1276.5,1276.5,56174,0
2026-06-09T11:15:00+05:30,1276.6,1279.0,1275.5,1278.9,45255,0
2026-06-09T11:20:00+05:30,1278.9,1279.0,1275.4,1275.9,63745,0
2026-06-09T11:25:00+05:30,1275.9,1277.9,1275.9,1277.0,41922,0
2026-06-09T11:30:00+05:30,1277.1,1277.5,1276.1,1276.8,32392,0
2026-06-09T11:35:00+05:30,1276.8,1277.6,1276.1,1277.0,36763,0
2026-06-09T11:40:00+05:30,1277.1,1278.0,1276.4,1277.7,30848,0
2026-06-09T11:45:00+05:30,1277.8,1280.2,1277.7,1279.2,83094,0
2026-06-09T11:50:00+05:30,1279.3,1279.6,1277.4,1277.9,39227,0
2026-06-09T11:55:00+05:30,1278.5,1279.2,1277.1,1278.3,53554,0
2026-06-09T12:00:00+05:30,1278.6,1283.3,1278.1,1281.5,155375,0
2026-06-09T12:05:00+05:30,1281.5,1282.8,1280.4,1281.3,50761,0
2026-06-09T12:10:00+05:30,1281.3,1282.0,1280.4,1281.6,44432,0
2026-06-09T12:15:00+05:30,1281.6,1284.8,1280.9,1284.3,70352,0
2026-06-09T12:20:00+05:30,1284.4,1284.9,1282.6,1283.0,79338,0
2026-06-09T12:25:00+05:30,1283.3,1284.5,1283.1,1284.2,52442,0
2026-06-09T12:30:00+05:30,1284.2,1285.0,1283.2,1284.2,77337,0
2026-06-09T12:35:00+05:30,1284.2,1285.0,1283.0,1283.7,69726,0
2026-06-09T12:40:00+05:30,1283.7,1283.8,1281.4,1282.6,80263,0
2026-06-09T12:45:00+05:30,1282.6,1283.0,1281.4,1281.9,79377,0
2026-06-09T12:50:00+05:30,1282.0,1282.0,1280.6,1280.9,60421,0
2026-06-09T12:55:00+05:30,1280.9,1281.0,1278.1,1278.7,115121,0
2026-06-09T13:00:00+05:30,1278.7,1282.3,1278.6,1282.2,109739,0
2026-06-09T13:05:00+05:30,1282.1,1284.0,1281.6,1283.3,83744,0
2026-06-09T13:10:00+05:30,1282.8,1283.4,1282.1,1283.1,63464,0
2026-06-09T13:15:00+05:30,1283.1,1285.8,1282.9,1285.4,90046,0
2026-06-09T13:20:00+05:30,1285.3,1287.0,1284.9,1286.5,67100,0
2026-06-09T13:25:00+05:30,1286.5,1288.4,1286.3,1288.1,93072,0
2026-06-09T13:30:00+05:30,1288.1,1288.5,1285.4,1286.8,166634,0
2026-06-09T13:35:00+05:30,1286.7,1287.8,1285.3,1287.6,77959,0
2026-06-09T13:40:00+05:30,1287.6,1288.6,1286.1,1288.5,62375,0
2026-06-09T13:45:00+05:30,1288.4,1288.6,1286.8,1287.4,64864,0
2026-06-09T13:50:00+05:30,1287.0,1287.5,1285.0,1285.8,106914,0
2026-06-09T13:55:00+05:30,1285.4,1287.0,1285.0,1286.9,76146,0
2026-06-09T14:00:00+05:30,1286.8,1288.0,1285.9,1288.0,69582,0
2026-06-09T14:05:00+05:30,1288.0,1289.4,1287.5,1289.2,62633,0
2026-06-09T14:10:00+05:30,1289.2,1290.0,1287.9,1288.5,89281,0
2026-06-09T14:15:00+05:30,1288.5,1289.0,1286.8,1288.5,89557,0
2026-06-09T14:20:00+05:30,1288.5,1289.0,1287.6,1288.5,95574,0
2026-06-09T14:25:00+05:30,1288.8,1290.0,1288.5,1290.0,143379,0
2026-06-09T14:30:00+05:30,1290.0,1291.0,1288.8,1291.0,118396,0
2026-06-09T14:35:00+05:30,1291.0,1294.9,1290.2,1294.9,204244,0
2026-06-09T14:40:00+05:30,1294.9,1296.6,1294.4,1296.0,169288,0
2026-06-09T14:45:00+05:30,1296.0,1298.4,1295.4,1296.4,172253,0
2026-06-09T14:50:00+05:30,1297.0,1298.0,1296.0,1297.0,203346,0
2026-06-09T14:55:00+05:30,1296.9,1298.0,1295.6,1295.9,218617,0
2026-06-09T15:00:00+05:30,1295.9,1296.0,1291.8,1293.1,234514,0
2026-06-09T15:05:00+05:30,1293.0,1293.6,1291.5,1291.7,316507,0
2026-06-09T15:10:00+05:30,1292.2,1293.5,1290.4,1293.2,260355,0
2026-06-09T15:15:00+05:30,1293.2,1293.3,1290.4,1290.7,269046,0
2026-06-09T15:20:00+05:30,1290.3,1293.3,1290.0,1291.8,229095,0
2026-06-09T15:25:00+05:30,1291.6,1295.0,1291.2,1294.4,135593,0
2026-06-10T09:15:00+05:30,1283.5,1301.4,1283.5,1299.3,457485,0
2026-06-10T09:20:00+05:30,1299.3,1301.8,1295.0,1296.5,127453,0
2026-06-10T09:25:00+05:30,1296.3,1298.5,1294.8,1297.1,78116,0
2026-06-10T09:30:00+05:30,1297.3,1301.7,1296.2,1298.3,114759,0
2026-06-10T09:35:00+05:30,1298.4,1298.4,1294.8,1298.4,148995,0
2026-06-10T09:40:00+05:30,1298.4,1301.0,1297.3,1299.9,115065,0
2026-06-10T09:45:00+05:30,1299.9,1301.0,1298.2,1300.1,128822,0
2026-06-10T09:50:00+05:30,1300.1,1300.4,1298.5,1299.6,84097,0
2026-06-10T09:55:00+05:30,1299.6,1300.4,1298.0,1298.4,94670,0
2026-06-10T10:00:00+05:30,1298.4,1299.3,1298.4,1298.6,71073,0
2026-06-10T10:05:00+05:30,1298.6,1305.0,1297.4,1305.0,455187,0
2026-06-10T10:10:00+05:30,1305.2,1305.8,1300.8,1300.8,144071,0
2026-06-10T10:15:00+05:30,1300.9,1304.0,1298.8,1303.5,90632,0
2026-06-10T10:20:00+05:30,1303.5,1303.6,1301.7,1303.1,53688,0
2026-06-10T10:25:00+05:30,1303.0,1303.9,1302.0,1303.1,43988,0
2026-06-10T10:30:00+05:30,1303.1,1303.9,1302.0,1303.2,49876,0
2026-06-10T10:35:00+05:30,1303.6,1304.9,1302.7,1304.8,67773,0
2026-06-10T10:40:00+05:30,1304.8,1306.7,1304.0,1305.0,76009,0
2026-06-10T10:45:00+05:30,1305.0,1309.0,1304.4,1308.4,153534,0
2026-06-10T10:50:00+05:30,1308.0,1310.5,1307.6,1309.4,104811,0
2026-06-10T10:55:00+05:30,1309.5,1311.7,1308.0,1311.2,92356,0
2026-06-10T11:00:00+05:30,1311.1,1311.3,1309.5,1310.9,63483,0
2026-06-10T11:05:00+05:30,1310.7,1311.0,1309.3,1309.6,57025,0
2026-06-10T11:10:00+05:30,1309.7,1311.0,1307.7,1310.6,142637,0
2026-06-10T11:15:00+05:30,1310.6,1311.1,1308.5,1309.3,98545,0
2026-06-10T11:20:00+05:30,1309.3,1310.4,1308.7,1309.3,83863,0
2026-06-10T11:25:00+05:30,1309.3,1313.9,1309.0,1313.7,175230,0
2026-06-10T11:30:00+05:30,1313.6,1315.2,1312.1,1314.1,219900,0
2026-06-10T11:35:00+05:30,1314.7,1317.0,1313.3,1317.0,414398,0
2026-06-10T11:40:00+05:30,1316.9,1318.6,1315.3,1318.5,198781,0
2026-06-10T11:45:00+05:30,1318.5,1319.5,1317.5,1319.1,201561,0
2026-06-10T11:50:00+05:30,1319.1,1321.0,1319.0,1320.4,204051,0
2026-06-10T11:55:00+05:30,1320.4,1322.0,1320.1,1320.6,132598,0
2026-06-10T12:00:00+05:30,1320.5,1321.7,1318.5,1320.4,229140,0
2026-06-10T12:05:00+05:30,1320.4,1322.0,1320.1,1320.3,122644,0
2026-06-10T12:10:00+05:30,1320.3,1321.3,1320.1,1321.1,86696,0
2026-06-10T12:15:00+05:30,1321.1,1322.0,1320.0,1320.6,260724,0
2026-06-10T12:20:00+05:30,1320.7,1322.0,1320.0,1320.3,218992,0
2026-06-10T12:25:00+05:30,1320.4,1320.7,1319.6,1320.1,110382,0
2026-06-10T12:30:00+05:30,1320.1,1320.6,1318.8,1319.7,138173,0
2026-06-10T12:35:00+05:30,1319.9,1322.0,1319.3,1321.9,102588,0
2026-06-10T12:40:00+05:30,1321.9,1321.9,1319.8,1320.5,159573,0
2026-06-10T12:45:00+05:30,1320.5,1326.0,1317.9,1321.3,251068,0
2026-06-10T12:50:00+05:30,1321.3,1324.2,1320.7,1323.6,130370,0
2026-06-10T12:55:00+05:30,1323.7,1324.1,1321.0,1323.6,118655,0
2026-06-10T13:00:00+05:30,1323.6,1326.4,1323.1,1325.8,176788,0
2026-06-10T13:05:00+05:30,1325.9,1326.5,1324.4,1325.2,134343,0
2026-06-10T13:10:00+05:30,1325.2,1325.6,1323.0,1324.0,170564,0
2026-06-10T13:15:00+05:30,1324.4,1324.6,1321.3,1321.6,79371,0
2026-06-10T13:20:00+05:30,1321.6,1322.1,1319.9,1320.4,91722,0
2026-06-10T13:25:00+05:30,1320.4,1320.4,1319.3,1319.8,81695,0
2026-06-10T13:30:00+05:30,1320.0,1320.0,1313.7,1315.0,255859,0
2026-06-10T13:35:00+05:30,1315.0,1317.3,1314.3,1316.0,243644,0
2026-06-10T13:40:00+05:30,1316.0,1317.0,1314.1,1314.8,114084,0
2026-06-10T13:45:00+05:30,1314.9,1316.5,1314.8,1316.3,113564,0
2026-06-10T13:50:00+05:30,1316.3,1318.7,1315.5,1318.0,98012,0
2026-06-10T13:55:00+05:30,1318.0,1319.2,1317.6,1318.0,79993,0
2026-06-10T14:00:00+05:30,1318.5,1319.8,1317.8,1319.4,92995,0
2026-06-10T14:05:00+05:30,1319.4,1319.9,1317.7,1318.5,111640,0
2026-06-10T14:10:00+05:30,1318.9,1319.9,1317.5,1317.8,173934,0
2026-06-10T14:15:00+05:30,1317.8,1320.8,1317.0,1320.5,209896,0
2026-06-10T14:20:00+05:30,1320.5,1323.8,1320.0,1322.8,129027,0
2026-06-10T14:25:00+05:30,1322.9,1324.9,1322.4,1324.1,251801,0
2026-06-10T14:30:00+05:30,1324.1,1324.9,1322.1,1324.5,327753,0
2026-06-10T14:35:00+05:30,1324.5,1325.0,1321.1,1321.7,190816,0
2026-06-10T14:40:00+05:30,1321.8,1322.9,1316.7,1317.9,263578,0
2026-06-10T14:45:00+05:30,1317.8,1319.7,1316.4,1317.6,198494,0
2026-06-10T14:50:00+05:30,1317.1,1318.7,1316.2,1316.7,228224,0
2026-06-10T14:55:00+05:30,1316.7,1317.3,1315.0,1315.8,165431,0
2026-06-10T15:00:00+05:30,1316.1,1316.2,1314.1,1315.2,193243,0
2026-06-10T15:05:00+05:30,1315.0,1315.9,1314.8,1315.8,153093,0
2026-06-10T15:10:00+05:30,1315.7,1315.9,1312.7,1314.0,339557,0
2026-06-10T15:15:00+05:30,1314.0,1316.2,1313.6,1315.9,269940,0
2026-06-10T15:20:00+05:30,1315.7,1316.0,1312.1,1313.5,349795,0
2026-06-10T15:25:00+05:30,1313.5,1315.4,1312.0,1314.0,272835,0
2026-06-11T09:15:00+05:30,1308.8,1317.6,1307.3,1315.9,144237,0
2026-06-11T09:20:00+05:30,1316.0,1318.0,1314.7,1316.2,60419,0
2026-06-11T09:25:00+05:30,1316.2,1317.7,1313.7,1315.8,61923,0
2026-06-11T09:30:00+05:30,1315.8,1316.6,1314.2,1315.5,26244,0
2026-06-11T09:35:00+05:30,1315.5,1319.2,1314.8,1318.8,65604,0
2026-06-11T09:40:00+05:30,1318.7,1318.7,1313.1,1315.7,77478,0
2026-06-11T09:45:00+05:30,1315.5,1317.3,1314.8,1316.5,53522,0
2026-06-11T09:50:00+05:30,1316.4,1325.0,1316.0,1322.6,285493,0
2026-06-11T09:55:00+05:30,1322.6,1322.6,1320.0,1320.8,81870,0
2026-06-11T10:00:00+05:30,1320.9,1322.0,1318.1,1318.1,99831,0
2026-06-11T10:05:00+05:30,1318.7,1322.9,1318.0,1322.2,265902,0
2026-06-11T10:10:00+05:30,1322.2,1322.9,1320.4,1320.5,74626,0
2026-06-11T10:15:00+05:30,1320.5,1322.5,1320.3,1322.0,32104,0
2026-06-11T10:20:00+05:30,1322.5,1324.6,1320.5,1321.0,69536,0
2026-06-11T10:25:00+05:30,1321.2,1325.5,1321.0,1324.9,57514,0
2026-06-11T10:30:00+05:30,1324.9,1324.9,1323.0,1323.8,35098,0
2026-06-11T10:35:00+05:30,1323.9,1325.5,1323.2,1324.1,53849,0
2026-06-11T10:40:00+05:30,1324.4,1325.0,1321.0,1324.8,85446,0
2026-06-11T10:45:00+05:30,1324.8,1327.5,1323.6,1325.1,104442,0
2026-06-11T10:50:00+05:30,1325.3,1325.8,1322.6,1324.3,92760,0
2026-06-11T10:55:00+05:30,1324.3,1325.9,1323.6,1324.5,53634,0
2026-06-11T11:00:00+05:30,1324.5,1327.0,1324.0,1326.4,77816,0
2026-06-11T11:05:00+05:30,1326.4,1327.5,1325.0,1327.1,133682,0
2026-06-11T11:10:00+05:30,1327.3,1327.3,1325.6,1326.6,68390,0
2026-06-11T11:15:00+05:30,1326.6,1326.6,1325.5,1325.7,47249,0
2026-06-11T11:20:00+05:30,1325.8,1328.5,1325.7,1327.4,79340,0
2026-06-11T11:25:00+05:30,1327.5,1328.7,1327.1,1328.7,40749,0
2026-06-11T11:30:00+05:30,1328.7,1330.5,1327.5,1329.7,100299,0
2026-06-11T11:35:00+05:30,1329.8,1330.5,1328.6,1330.3,63110,0
2026-06-11T11:40:00+05:30,1330.4,1334.0,1330.2,1333.6,86872,0
2026-06-11T11:45:00+05:30,1333.6,1334.0,1332.4,1332.7,57353,0
2026-06-11T11:50:00+05:30,1332.7,1334.9,1332.3,1333.8,69146,0
2026-06-11T11:55:00+05:30,1333.8,1334.5,1333.1,1333.6,55863,0
2026-06-11T12:00:00+05:30,1333.6,1334.7,1333.1,1334.2,56043,0
2026-06-11T12:05:00+05:30,1334.2,1336.4,1333.5,1335.5,97914,0
2026-06-11T12:10:00+05:30,1335.5,1335.7,1333.9,1335.7,72802,0
2026-06-11T12:15:00+05:30,1335.7,1336.5,1333.0,1333.7,81848,0
2026-06-11T12:20:00+05:30,1333.7,1334.0,1331.2,1332.7,141149,0
2026-06-11T12:25:00+05:30,1333.1,1336.4,1332.2,1336.0,131991,0
2026-06-11T12:30:00+05:30,1336.0,1337.6,1335.8,1337.6,80576,0
2026-06-11T12:35:00+05:30,1337.7,1338.0,1335.9,1338.0,133813,0
2026-06-11T12:40:00+05:30,1338.0,1338.8,1337.0,1338.7,167317,0
2026-06-11T12:45:00+05:30,1338.8,1339.5,1335.1,1335.8,131378,0
2026-06-11T12:50:00+05:30,1335.8,1336.3,1334.0,1335.3,95364,0
2026-06-11T12:55:00+05:30,1335.3,1337.0,1334.3,1336.7,86705,0
2026-06-11T13:00:00+05:30,1336.8,1337.9,1335.0,1335.6,96001,0
2026-06-11T13:05:00+05:30,1335.6,1335.8,1334.0,1334.0,62551,0
2026-06-11T13:10:00+05:30,1334.2,1334.9,1330.0,1330.7,214997,0
2026-06-11T13:15:00+05:30,1330.7,1330.7,1326.2,1327.5,129836,0
2026-06-11T13:20:00+05:30,1327.8,1328.4,1324.6,1325.5,177420,0
2026-06-11T13:25:00+05:30,1325.5,1327.2,1325.3,1327.0,57638,0
2026-06-11T13:30:00+05:30,1327.1,1329.1,1325.9,1326.5,135463,0
2026-06-11T13:35:00+05:30,1326.5,1327.5,1321.9,1322.7,85812,0
2026-06-11T13:40:00+05:30,1322.7,1323.4,1319.6,1320.7,130821,0
2026-06-11T13:45:00+05:30,1321.0,1323.0,1320.2,1321.9,62767,0
2026-06-11T13:50:00+05:30,1322.0,1322.3,1320.5,1321.7,55580,0
2026-06-11T13:55:00+05:30,1321.9,1323.9,1320.6,1322.8,54819,0
2026-06-11T14:00:00+05:30,1322.6,1323.6,1322.0,1322.4,62725,0
2026-06-11T14:05:00+05:30,1322.6,1322.9,1319.3,1320.2,67667,0
2026-06-11T14:10:00+05:30,1320.2,1323.4,1319.5,1323.0,71090,0
2026-06-11T14:15:00+05:30,1323.0,1323.0,1321.5,1322.8,62059,0
2026-06-11T14:20:00+05:30,1322.8,1323.9,1322.0,1322.0,70606,0
2026-06-11T14:25:00+05:30,1322.4,1324.7,1322.2,1323.1,77819,0
2026-06-11T14:30:00+05:30,1323.4,1325.0,1322.4,1324.0,116649,0
2026-06-11T14:35:00+05:30,1324.5,1325.5,1322.2,1322.8,245420,0
2026-06-11T14:40:00+05:30,1323.3,1323.8,1318.3,1318.8,162923,0
2026-06-11T14:45:00+05:30,1319.0,1320.0,1316.5,1318.6,164501,0
2026-06-11T14:50:00+05:30,1318.9,1319.5,1317.3,1318.3,141676,0
2026-06-11T14:55:00+05:30,1318.6,1319.6,1317.7,1318.7,140044,0
2026-06-11T15:00:00+05:30,1318.7,1320.0,1317.3,1317.7,279386,0
2026-06-11T15:05:00+05:30,1317.7,1317.7,1314.6,1316.0,359047,0
2026-06-11T15:10:00+05:30,1316.0,1318.7,1315.0,1318.4,254216,0
2026-06-11T15:15:00+05:30,1318.5,1319.5,1316.7,1318.8,267963,0
2026-06-11T15:20:00+05:30,1318.4,1319.2,1317.2,1317.9,177056,0
2026-06-11T15:25:00+05:30,1318.0,1319.0,1315.0,1317.0,151309,0
2026-06-12T09:15:00+05:30,1332.0,1333.2,1327.5,1331.2,288319,0
2026-06-12T09:20:00+05:30,1331.5,1334.0,1330.0,1331.1,162639,0
2026-06-12T09:25:00+05:30,1331.1,1332.9,1330.8,1332.2,77773,0
2026-06-12T09:30:00+05:30,1333.0,1334.0,1330.2,1330.6,79945,0
2026-06-12T09:35:00+05:30,1331.2,1331.2,1329.8,1330.0,58563,0
2026-06-12T09:40:00+05:30,1330.2,1331.2,1329.9,1330.9,80074,0
2026-06-12T09:45:00+05:30,1330.9,1331.5,1330.0,1330.1,32994,0
2026-06-12T09:50:00+05:30,1330.3,1330.6,1328.7,1329.6,58168,0
2026-06-12T09:55:00+05:30,1329.6,1330.0,1325.2,1325.6,61683,0
2026-06-12T10:00:00+05:30,1325.8,1326.8,1323.3,1324.0,122950,0
2026-06-12T10:05:00+05:30,1324.0,1325.6,1323.3,1324.6,25830,0
2026-06-12T10:10:00+05:30,1325.1,1326.6,1323.8,1324.7,43947,0
2026-06-12T10:15:00+05:30,1325.0,1325.1,1321.3,1321.6,58739,0
2026-06-12T10:20:00+05:30,1321.9,1323.1,1321.5,1323.0,38975,0
2026-06-12T10:25:00+05:30,1323.1,1323.9,1322.0,1322.6,28297,0
2026-06-12T10:30:00+05:30,1323.1,1323.8,1322.0,1322.7,23649,0
2026-06-12T10:35:00+05:30,1322.7,1323.2,1321.1,1322.0,18658,0
2026-06-12T10:40:00+05:30,1322.0,1322.3,1318.7,1320.0,75815,0
2026-06-12T10:45:00+05:30,1320.0,1320.6,1318.5,1319.7,38137,0
2026-06-12T10:50:00+05:30,1319.9,1322.8,1318.6,1322.0,28448,0
2026-06-12T10:55:00+05:30,1322.4,1324.9,1322.0,1324.5,28952,0
2026-06-12T11:00:00+05:30,1324.9,1324.9,1322.8,1323.4,19813,0
2026-06-12T11:05:00+05:30,1323.7,1325.6,1323.4,1325.2,70744,0
2026-06-12T11:10:00+05:30,1325.2,1326.0,1324.4,1325.8,49452,0
2026-06-12T11:15:00+05:30,1325.9,1327.1,1325.5,1326.2,32909,0
2026-06-12T11:20:00+05:30,1326.5,1331.0,1326.0,1330.4,169256,0
2026-06-12T11:25:00+05:30,1330.8,1332.9,1330.0,1332.5,216961,0
2026-06-12T11:30:00+05:30,1332.7,1333.1,1330.9,1332.0,147305,0
2026-06-12T11:35:00+05:30,1332.1,1332.1,1330.9,1332.0,76474,0
2026-06-12T11:40:00+05:30,1332.0,1332.3,1331.3,1331.5,30532,0
2026-06-12T11:45:00+05:30,1331.5,1332.0,1330.0,1331.1,54875,0
2026-06-12T11:50:00+05:30,1331.1,1331.8,1329.5,1331.8,88951,0
2026-06-12T11:55:00+05:30,1331.8,1332.7,1331.6,1332.3,39999,0
2026-06-12T12:00:00+05:30,1332.2,1332.3,1331.4,1332.0,31846,0
2026-06-12T12:05:00+05:30,1332.3,1332.6,1331.5,1331.8,33862,0
2026-06-12T12:10:00+05:30,1331.8,1332.0,1330.0,1330.8,115090,0
2026-06-12T12:15:00+05:30,1330.8,1332.6,1330.3,1331.9,59078,0
2026-06-12T12:20:00+05:30,1332.2,1335.9,1332.0,1335.8,146109,0
2026-06-12T12:25:00+05:30,1335.8,1338.0,1335.0,1337.9,242658,0
2026-06-12T12:30:00+05:30,1337.9,1338.5,1334.5,1336.6,201128,0
2026-06-12T12:35:00+05:30,1336.7,1337.2,1335.1,1337.1,142736,0
2026-06-12T12:40:00+05:30,1337.1,1337.1,1335.0,1335.0,69532,0
2026-06-12T12:45:00+05:30,1335.4,1335.5,1333.7,1334.2,84828,0
2026-06-12T12:50:00+05:30,1334.2,1336.7,1333.7,1336.6,143124,0
2026-06-12T12:55:00+05:30,1336.4,1337.0,1334.7,1334.7,64832,0
2026-06-12T13:00:00+05:30,1335.2,1336.0,1334.2,1335.9,44780,0
2026-06-12T13:05:00+05:30,1335.8,1336.2,1334.0,1335.0,61855,0
2026-06-12T13:10:00+05:30,1335.3,1336.2,1334.8,1336.0,40525,0
2026-06-12T13:15:00+05:30,1336.1,1339.7,1335.9,1339.2,133486,0
2026-06-12T13:20:00+05:30,1339.2,1339.8,1338.1,1338.1,81724,0
2026-06-12T13:25:00+05:30,1338.4,1343.0,1338.0,1342.0,211416,0
2026-06-12T13:30:00+05:30,1342.1,1346.3,1340.9,1346.0,246202,0
2026-06-12T13:35:00+05:30,1345.9,1346.7,1341.9,1344.3,332754,0
2026-06-12T13:40:00+05:30,1344.5,1346.5,1344.0,1346.3,137119,0
2026-06-12T13:45:00+05:30,1346.3,1346.4,1342.4,1343.2,49084,0
2026-06-12T13:50:00+05:30,1343.4,1344.0,1342.0,1342.7,26698,0
2026-06-12T13:55:00+05:30,1342.7,1343.7,1341.9,1343.1,42141,0
2026-06-12T14:00:00+05:30,1343.1,1344.0,1341.7,1344.0,44579,0
2026-06-12T14:05:00+05:30,1344.0,1345.1,1343.2,1344.8,49388,0
2026-06-12T14:10:00+05:30,1344.8,1345.5,1343.2,1345.4,48961,0
2026-06-12T14:15:00+05:30,1345.4,1346.9,1345.0,1346.7,63694,0
2026-06-12T14:20:00+05:30,1346.7,1348.0,1345.6,1347.4,92035,0
2026-06-12T14:25:00+05:30,1347.6,1350.0,1346.8,1349.6,170428,0
2026-06-12T14:30:00+05:30,1349.6,1350.5,1348.4,1349.9,279311,0
2026-06-12T14:35:00+05:30,1350.0,1350.4,1348.0,1350.0,202077,0
2026-06-12T14:40:00+05:30,1350.2,1351.4,1348.9,1350.0,160520,0
2026-06-12T14:45:00+05:30,1351.2,1354.7,1351.0,1354.7,181221,0
2026-06-12T14:50:00+05:30,1354.7,1357.4,1354.5,1355.7,237982,0
2026-06-12T14:55:00+05:30,1356.1,1356.9,1354.4,1356.1,261205,0
2026-06-12T15:00:00+05:30,1355.8,1357.6,1353.6,1357.3,321279,0
2026-06-12T15:05:00+05:30,1357.3,1357.6,1355.5,1356.2,344602,0
2026-06-12T15:10:00+05:30,1356.2,1358.5,1355.0,1358.2,329767,0
2026-06-12T15:15:00+05:30,1358.3,1358.3,1356.0,1356.0,210477,0
2026-06-12T15:20:00+05:30,1356.2,1357.3,1353.4,1354.3,236046,0
2026-06-12T15:25:00+05:30,1354.3,1355.7,1352.2,1353.0,116838,0
2026-06-15T09:15:00+05:30,1372.0,1378.0,1366.0,1368.0,802232,0
2026-06-15T09:20:00+05:30,1368.0,1372.4,1366.5,1371.3,564424,0
2026-06-15T09:25:00+05:30,1371.6,1371.7,1365.0,1366.7,205591,0
2026-06-15T09:30:00+05:30,1366.7,1368.8,1363.3,1364.3,127587,0
2026-06-15T09:35:00+05:30,1364.3,1366.5,1363.8,1364.7,74560,0
2026-06-15T09:40:00+05:30,1365.0,1365.8,1361.7,1363.9,68090,0
2026-06-15T09:45:00+05:30,1363.8,1365.1,1362.2,1362.3,222530,0
2026-06-15T09:50:00+05:30,1362.3,1363.7,1361.4,1362.9,61335,0
2026-06-15T09:55:00+05:30,1362.8,1366.2,1361.4,1366.0,89366,0
2026-06-15T10:00:00+05:30,1366.0,1367.3,1363.2,1365.3,88477,0
2026-06-15T10:05:00+05:30,1365.3,1365.5,1363.6,1365.2,35588,0
2026-06-15T10:10:00+05:30,1365.2,1365.8,1364.2,1364.9,113521,0
2026-06-15T10:15:00+05:30,1365.0,1365.7,1364.1,1364.9,32625,0
2026-06-15T10:20:00+05:30,1365.0,1367.0,1363.8,1364.2,35413,0
2026-06-15T10:25:00+05:30,1364.6,1366.3,1364.0,1365.5,49421,0
2026-06-15T10:30:00+05:30,1365.9,1367.1,1365.4,1367.1,50414,0
2026-06-15T10:35:00+05:30,1367.1,1367.7,1365.5,1367.5,56726,0
2026-06-15T10:40:00+05:30,1367.6,1368.3,1367.0,1367.6,39431,0
2026-06-15T10:45:00+05:30,1367.6,1368.9,1367.0,1368.4,41661,0
2026-06-15T10:50:00+05:30,1368.8,1369.8,1367.0,1367.0,46181,0
2026-06-15T10:55:00+05:30,1367.1,1367.8,1366.1,1366.6,52647,0
2026-06-15T11:00:00+05:30,1367.0,1367.0,1365.0,1365.0,39044,0
2026-06-15T11:05:00+05:30,1365.3,1367.4,1363.8,1366.9,90005,0
2026-06-15T11:10:00+05:30,1366.9,1369.5,1365.9,1369.0,98774,0
2026-06-15T11:15:00+05:30,1369.1,1370.4,1369.0,1369.7,235244,0
2026-06-15T11:20:00+05:30,1369.7,1370.4,1368.6,1368.9,60078,0
2026-06-15T11:25:00+05:30,1368.9,1369.9,1368.8,1369.8,36641,0
2026-06-15T11:30:00+05:30,1369.8,1370.2,1369.0,1369.9,49763,0
2026-06-15T11:35:00+05:30,1369.9,1370.1,1369.5,1369.8,29691,0
2026-06-15T11:40:00+05:30,1370.0,1370.6,1369.1,1369.1,33279,0
2026-06-15T11:45:00+05:30,1369.2,1369.7,1368.4,1369.2,48577,0
2026-06-15T11:50:00+05:30,1369.2,1370.0,1369.0,1369.4,26917,0
2026-06-15T11:55:00+05:30,1369.6,1370.5,1368.5,1369.2,43232,0
2026-06-15T12:00:00+05:30,1369.2,1369.7,1366.6,1366.9,43412,0
2026-06-15T12:05:00+05:30,1366.9,1366.9,1364.0,1364.1,79656,0
2026-06-15T12:10:00+05:30,1364.5,1365.4,1363.9,1364.2,41292,0
2026-06-15T12:15:00+05:30,1364.3,1365.7,1363.4,1365.0,155771,0
2026-06-15T12:20:00+05:30,1365.2,1367.4,1365.0,1366.6,42595,0
2026-06-15T12:25:00+05:30,1366.7,1368.7,1366.2,1367.0,62421,0
2026-06-15T12:30:00+05:30,1367.0,1367.9,1365.7,1367.9,38307,0
2026-06-15T12:35:00+05:30,1368.0,1369.2,1367.9,1368.3,30209,0
2026-06-15T12:40:00+05:30,1368.3,1369.5,1367.0,1369.3,46448,0
2026-06-15T12:45:00+05:30,1369.4,1369.8,1367.5,1368.5,60437,0
2026-06-15T12:50:00+05:30,1368.6,1369.6,1367.8,1367.9,36605,0
2026-06-15T12:55:00+05:30,1368.0,1368.7,1367.3,1368.4,23253,0
2026-06-15T13:00:00+05:30,1368.7,1368.7,1367.0,1367.8,30681,0
2026-06-15T13:05:00+05:30,1367.9,1369.6,1367.8,1369.3,27761,0
2026-06-15T13:10:00+05:30,1369.4,1370.0,1369.3,1369.7,39669,0
2026-06-15T13:15:00+05:30,1369.8,1370.4,1368.6,1369.2,54844,0
2026-06-15T13:20:00+05:30,1369.2,1369.2,1367.3,1368.4,16773,0
2026-06-15T13:25:00+05:30,1368.6,1369.0,1367.3,1368.0,29475,0
2026-06-15T13:30:00+05:30,1368.0,1368.3,1367.0,1367.8,19678,0
2026-06-15T13:35:00+05:30,1367.8,1368.0,1366.8,1367.6,24467,0
2026-06-15T13:40:00+05:30,1367.8,1367.8,1365.8,1366.0,49956,0
2026-06-15T13:45:00+05:30,1366.3,1367.5,1365.3,1365.3,33184,0
2026-06-15T13:50:00+05:30,1365.5,1365.7,1363.2,1364.8,46693,0
2026-06-15T13:55:00+05:30,1365.2,1365.9,1364.1,1365.1,53660,0
2026-06-15T14:00:00+05:30,1365.5,1365.8,1363.4,1364.0,56674,0
2026-06-15T14:05:00+05:30,1364.6,1364.6,1360.6,1361.5,107098,0
2026-06-15T14:10:00+05:30,1362.0,1363.9,1361.5,1362.3,39998,0
2026-06-15T14:15:00+05:30,1362.3,1363.3,1361.4,1362.5,63184,0
2026-06-15T14:20:00+05:30,1362.5,1364.8,1361.7,1364.3,111810,0
2026-06-15T14:25:00+05:30,1364.4,1364.8,1363.4,1364.5,76067,0
2026-06-15T14:30:00+05:30,1364.5,1366.0,1364.1,1365.0,79895,0
2026-06-15T14:35:00+05:30,1365.0,1368.8,1364.8,1368.1,186460,0
2026-06-15T14:40:00+05:30,1368.2,1369.5,1365.9,1369.1,208883,0
2026-06-15T14:45:00+05:30,1369.2,1371.4,1368.0,1370.0,177143,0
2026-06-15T14:50:00+05:30,1369.9,1370.5,1366.9,1368.3,168376,0
2026-06-15T14:55:00+05:30,1368.4,1369.2,1367.0,1368.5,146662,0
2026-06-15T15:00:00+05:30,1368.5,1369.6,1367.5,1368.5,209678,0
2026-06-15T15:05:00+05:30,1368.5,1369.9,1367.5,1368.2,255170,0
2026-06-15T15:10:00+05:30,1368.2,1370.0,1367.1,1369.9,308448,0
2026-06-15T15:15:00+05:30,1369.9,1370.8,1368.1,1369.0,210350,0
2026-06-15T15:20:00+05:30,1369.3,1369.6,1366.7,1367.0,166029,0
2026-06-15T15:25:00+05:30,1367.5,1367.5,1363.1,1365.1,94982,0
2026-06-16T09:15:00+05:30,1363.5,1371.5,1360.6,1360.8,159933,0
2026-06-16T09:20:00+05:30,1360.8,1362.3,1355.0,1356.1,144472,0
2026-06-16T09:25:00+05:30,1356.7,1358.5,1355.8,1358.0,85482,0
2026-06-16T09:30:00+05:30,1358.5,1359.6,1357.0,1358.5,37280,0
2026-06-16T09:35:00+05:30,1358.5,1359.1,1353.5,1354.2,110274,0
2026-06-16T09:40:00+05:30,1354.2,1355.0,1352.1,1352.9,66989,0
2026-06-16T09:45:00+05:30,1352.8,1357.5,1352.8,1357.5,68461,0
2026-06-16T09:50:00+05:30,1357.5,1357.6,1352.0,1353.1,140124,0
2026-06-16T09:55:00+05:30,1353.1,1357.9,1353.1,1356.9,61875,0
2026-06-16T10:00:00+05:30,1357.0,1357.5,1350.7,1351.8,103083,0
2026-06-16T10:05:00+05:30,1352.3,1353.2,1349.2,1349.6,205893,0
2026-06-16T10:10:00+05:30,1349.8,1357.3,1349.2,1356.7,530667,0
2026-06-16T10:15:00+05:30,1356.8,1358.7,1356.1,1357.2,49876,0
2026-06-16T10:20:00+05:30,1357.7,1358.5,1356.9,1357.6,38761,0
2026-06-16T10:25:00+05:30,1357.6,1358.5,1356.9,1358.0,23874,0
2026-06-16T10:30:00+05:30,1358.0,1360.5,1357.5,1360.2,49945,0
2026-06-16T10:35:00+05:30,1360.2,1362.8,1360.0,1361.4,61019,0
2026-06-16T10:40:00+05:30,1361.4,1364.0,1361.0,1362.4,55555,0
2026-06-16T10:45:00+05:30,1362.2,1366.6,1361.8,1365.7,127890,0
2026-06-16T10:50:00+05:30,1365.7,1366.4,1361.1,1361.7,93925,0
2026-06-16T10:55:00+05:30,1362.0,1362.0,1359.4,1360.1,96191,0
2026-06-16T11:00:00+05:30,1360.7,1360.9,1358.3,1359.7,59790,0
2026-06-16T11:05:00+05:30,1359.3,1360.1,1358.3,1358.8,37819,0
2026-06-16T11:10:00+05:30,1359.3,1359.9,1358.0,1359.6,24659,0
2026-06-16T11:15:00+05:30,1359.2,1360.9,1358.4,1359.2,57866,0
2026-06-16T11:20:00+05:30,1359.2,1359.5,1357.3,1358.7,41819,0
2026-06-16T11:25:00+05:30,1358.9,1359.9,1358.1,1359.3,48253,0
2026-06-16T11:30:00+05:30,1359.4,1359.5,1357.4,1358.6,26867,0
2026-06-16T11:35:00+05:30,1358.8,1359.0,1357.0,1357.8,65297,0
2026-06-16T11:40:00+05:30,1357.8,1360.9,1356.1,1360.8,65355,0
2026-06-16T11:45:00+05:30,1360.7,1361.0,1358.0,1359.3,138718,0
2026-06-16T11:50:00+05:30,1359.2,1362.2,1358.8,1361.3,88149,0
2026-06-16T11:55:00+05:30,1361.8,1363.5,1360.0,1363.5,74996,0
2026-06-16T12:00:00+05:30,1363.5,1365.0,1362.5,1364.4,61085,0
2026-06-16T12:05:00+05:30,1364.9,1365.1,1363.5,1364.0,69768,0
2026-06-16T12:10:00+05:30,1364.0,1364.7,1362.4,1363.4,54240,0
2026-06-16T12:15:00+05:30,1363.6,1366.1,1362.5,1364.9,103775,0
2026-06-16T12:20:00+05:30,1365.5,1366.0,1362.9,1363.3,75609,0
2026-06-16T12:25:00+05:30,1363.0,1366.7,1362.7,1365.5,78642,0
2026-06-16T12:30:00+05:30,1366.0,1366.3,1365.0,1365.0,45405,0
2026-06-16T12:35:00+05:30,1365.3,1366.6,1363.7,1365.2,85644,0
2026-06-16T12:40:00+05:30,1365.5,1366.0,1364.0,1365.0,88498,0
2026-06-16T12:45:00+05:30,1365.0,1365.4,1364.0,1365.1,64331,0
2026-06-16T12:50:00+05:30,1365.2,1366.2,1364.0,1364.7,52911,0
2026-06-16T12:55:00+05:30,1364.7,1367.1,1364.3,1366.5,61427,0
2026-06-16T13:00:00+05:30,1366.5,1367.0,1365.0,1365.0,36984,0
2026-06-16T13:05:00+05:30,1365.1,1366.0,1365.0,1365.4,52679,0
2026-06-16T13:10:00+05:30,1366.0,1366.0,1365.0,1365.7,35346,0
2026-06-16T13:15:00+05:30,1365.7,1366.1,1363.8,1363.8,93514,0
2026-06-16T13:20:00+05:30,1364.1,1367.0,1363.8,1365.8,75162,0
2026-06-16T13:25:00+05:30,1365.9,1367.2,1365.8,1367.0,245434,0
2026-06-16T13:30:00+05:30,1367.1,1367.9,1366.0,1366.5,48976,0
2026-06-16T13:35:00+05:30,1366.7,1367.9,1366.2,1367.1,80786,0
2026-06-16T13:40:00+05:30,1367.1,1368.0,1365.8,1366.1,119848,0
2026-06-16T13:45:00+05:30,1366.2,1367.5,1366.0,1366.9,78581,0
2026-06-16T13:50:00+05:30,1366.9,1367.0,1365.4,1366.2,77278,0
2026-06-16T13:55:00+05:30,1366.2,1368.0,1366.2,1367.0,58894,0
2026-06-16T14:00:00+05:30,1367.1,1367.7,1366.1,1366.9,217042,0
2026-06-16T14:05:00+05:30,1366.9,1368.0,1365.4,1367.3,96052,0
2026-06-16T14:10:00+05:30,1367.4,1368.6,1367.1,1368.0,90344,0
2026-06-16T14:15:00+05:30,1368.1,1369.0,1366.5,1366.9,286126,0
2026-06-16T14:20:00+05:30,1367.1,1367.1,1365.0,1366.8,64209,0
2026-06-16T14:25:00+05:30,1367.0,1367.2,1365.5,1365.9,81531,0
2026-06-16T14:30:00+05:30,1366.0,1367.0,1365.2,1366.0,164124,0
2026-06-16T14:35:00+05:30,1366.1,1367.0,1365.6,1366.6,160475,0
2026-06-16T14:40:00+05:30,1366.8,1367.0,1363.9,1364.0,183356,0
2026-06-16T14:45:00+05:30,1364.2,1367.7,1363.2,1367.5,125256,0
2026-06-16T14:50:00+05:30,1367.5,1367.5,1365.0,1366.3,88767,0
2026-06-16T14:55:00+05:30,1366.3,1366.7,1364.0,1365.4,136417,0
2026-06-16T15:00:00+05:30,1365.4,1366.5,1364.8,1366.1,111071,0
2026-06-16T15:05:00+05:30,1366.2,1366.5,1365.0,1365.2,279022,0
2026-06-16T15:10:00+05:30,1365.4,1365.9,1364.7,1365.2,132135,0
2026-06-16T15:15:00+05:30,1365.2,1366.2,1364.6,1365.7,117872,0
2026-06-16T15:20:00+05:30,1365.7,1367.4,1365.3,1365.8,360150,0
2026-06-16T15:25:00+05:30,1365.8,1366.6,1363.2,1363.4,78465,0
2026-06-17T09:15:00+05:30,1364.1,1365.7,1357.3,1358.2,163610,0
2026-06-17T09:20:00+05:30,1358.5,1359.9,1355.1,1356.4,74343,0
2026-06-17T09:25:00+05:30,1356.7,1358.9,1356.0,1356.4,70513,0
2026-06-17T09:30:00+05:30,1356.6,1358.0,1355.9,1356.9,33226,0
2026-06-17T09:35:00+05:30,1357.0,1358.5,1356.3,1358.0,26350,0
2026-06-17T09:40:00+05:30,1358.0,1360.0,1357.7,1359.1,51254,0
2026-06-17T09:45:00+05:30,1359.1,1359.4,1356.7,1358.3,29133,0
2026-06-17T09:50:00+05:30,1358.3,1358.7,1357.5,1358.0,26117,0
2026-06-17T09:55:00+05:30,1358.0,1359.1,1357.0,1357.9,60851,0
2026-06-17T10:00:00+05:30,1357.9,1358.6,1357.0,1357.3,20600,0
2026-06-17T10:05:00+05:30,1357.3,1359.5,1357.3,1359.3,15690,0
2026-06-17T10:10:00+05:30,1359.4,1359.4,1357.7,1357.8,18909,0
2026-06-17T10:15:00+05:30,1357.9,1359.5,1357.8,1358.8,13924,0
2026-06-17T10:20:00+05:30,1358.9,1360.9,1358.9,1360.5,27158,0
2026-06-17T10:25:00+05:30,1360.8,1361.4,1358.2,1358.4,35231,0
2026-06-17T10:30:00+05:30,1358.5,1358.7,1356.9,1358.3,24676,0
2026-06-17T10:35:00+05:30,1358.6,1359.5,1357.9,1358.0,45565,0
2026-06-17T10:40:00+05:30,1358.0,1360.0,1357.8,1358.6,31596,0
2026-06-17T10:45:00+05:30,1358.7,1359.4,1357.3,1357.5,24342,0
2026-06-17T10:50:00+05:30,1357.6,1358.2,1357.0,1357.0,16677,0
2026-06-17T10:55:00+05:30,1357.2,1358.2,1355.3,1355.8,40848,0
2026-06-17T11:00:00+05:30,1355.8,1355.9,1354.0,1355.2,57389,0
2026-06-17T11:05:00+05:30,1355.3,1355.3,1354.0,1354.9,33506,0
2026-06-17T11:10:00+05:30,1354.9,1355.0,1354.1,1354.5,35025,0
2026-06-17T11:15:00+05:30,1354.8,1354.8,1353.0,1353.4,38296,0
2026-06-17T11:20:00+05:30,1353.4,1353.6,1351.3,1351.3,49278,0
2026-06-17T11:25:00+05:30,1351.3,1354.4,1351.3,1354.0,42609,0
2026-06-17T11:30:00+05:30,1354.3,1355.0,1354.0,1354.6,32588,0
2026-06-17T11:35:00+05:30,1354.7,1355.0,1351.0,1351.0,66694,0
2026-06-17T11:40:00+05:30,1351.6,1353.9,1351.0,1353.6,57983,0
2026-06-17T11:45:00+05:30,1353.6,1355.0,1353.3,1354.7,34360,0
2026-06-17T11:50:00+05:30,1354.6,1355.0,1352.6,1354.2,146552,0
2026-06-17T11:55:00+05:30,1354.5,1355.0,1353.5,1353.5,37032,0
2026-06-17T12:00:00+05:30,1353.6,1354.7,1353.3,1354.1,17677,0
2026-06-17T12:05:00+05:30,1354.4,1355.0,1353.3,1353.9,19986,0
2026-06-17T12:10:00+05:30,1354.0,1354.7,1353.0,1353.3,15991,0
2026-06-17T12:15:00+05:30,1353.5,1354.0,1353.0,1353.9,12143,0
2026-06-17T12:20:00+05:30,1354.0,1354.2,1351.6,1352.0,66746,0
2026-06-17T12:25:00+05:30,1352.0,1352.6,1351.5,1351.9,33152,0
2026-06-17T12:30:00+05:30,1352.5,1354.9,1351.5,1354.8,86362,0
2026-06-17T12:35:00+05:30,1354.8,1357.0,1354.7,1355.4,48298,0
2026-06-17T12:40:00+05:30,1355.6,1358.2,1354.9,1357.5,69682,0
2026-06-17T12:45:00+05:30,1357.5,1357.5,1355.0,1355.9,130287,0
2026-06-17T12:50:00+05:30,1356.0,1356.2,1355.8,1355.9,21753,0
2026-06-17T12:55:00+05:30,1356.0,1356.1,1355.6,1355.9,23835,0
2026-06-17T13:00:00+05:30,1356.0,1358.2,1355.7,1357.0,91060,0
2026-06-17T13:05:00+05:30,1357.0,1357.4,1355.5,1357.2,141187,0
2026-06-17T13:10:00+05:30,1357.4,1358.0,1355.9,1356.3,28752,0
2026-06-17T13:15:00+05:30,1356.3,1357.0,1355.5,1355.9,15812,0
2026-06-17T13:20:00+05:30,1356.3,1356.6,1355.9,1355.9,9736,0
2026-06-17T13:25:00+05:30,1356.0,1356.5,1355.6,1356.4,12707,0
2026-06-17T13:30:00+05:30,1356.5,1357.5,1356.0,1357.3,16075,0
2026-06-17T13:35:00+05:30,1357.3,1359.0,1356.9,1358.2,33016,0
2026-06-17T13:40:00+05:30,1358.3,1358.6,1356.7,1356.9,32426,0
2026-06-17T13:45:00+05:30,1357.0,1357.4,1356.8,1357.0,30890,0
2026-06-17T13:50:00+05:30,1357.0,1357.7,1356.7,1356.9,105926,0
2026-06-17T13:55:00+05:30,1357.0,1357.4,1356.9,1357.3,24992,0
2026-06-17T14:00:00+05:30,1357.0,1358.3,1356.7,1358.3,56564,0
2026-06-17T14:05:00+05:30,1358.3,1359.8,1357.7,1357.7,47275,0
2026-06-17T14:10:00+05:30,1358.0,1358.2,1357.2,1357.7,30458,0
2026-06-17T14:15:00+05:30,1357.7,1358.1,1355.4,1356.4,94381,0
2026-06-17T14:20:00+05:30,1356.4,1357.4,1356.0,1357.1,133676,0
2026-06-17T14:25:00+05:30,1357.3,1357.4,1356.2,1356.8,108837,0
2026-06-17T14:30:00+05:30,1356.8,1357.3,1356.5,1356.9,83883,0
2026-06-17T14:35:00+05:30,1357.0,1357.4,1356.6,1356.9,66023,0
2026-06-17T14:40:00+05:30,1357.0,1358.0,1356.5,1356.9,122033,0
2026-06-17T14:45:00+05:30,1357.0,1357.4,1353.6,1353.9,105671,0
2026-06-17T14:50:00+05:30,1354.0,1354.5,1352.6,1352.8,93460,0
2026-06-17T14:55:00+05:30,1353.0,1353.2,1349.8,1350.0,161690,0
2026-06-17T15:00:00+05:30,1350.0,1351.2,1349.8,1350.1,331318,0
2026-06-17T15:05:00+05:30,1350.2,1350.4,1349.8,1349.9,141219,0
2026-06-17T15:10:00+05:30,1350.0,1350.4,1349.7,1349.9,129023,0
2026-06-17T15:15:00+05:30,1349.9,1354.4,1349.3,1353.7,185737,0
2026-06-17T15:20:00+05:30,1353.7,1354.2,1351.5,1351.9,116268,0
2026-06-17T15:25:00+05:30,1352.2,1354.0,1350.9,1351.9,157377,0
